time,node_rank,rank,local_rank,epoch,batch_index,num_batches,update_step,should_step,lr,loss_total,loss_gep,loss_zero_prob,loss_gepc,loss_gepc_zero_prob,step_ms,data_load_s,to_device_s,forward_s,loss_s,backward_s,optimizer_s,grad_sync_s,samples_per_s,tokens_per_s,mfu,grad_norm_raw,grad_norm_ema,grad_clip_threshold,grad_skip_threshold,grad_skip_max,grad_hard_raw_norm_limit,grad_ema_contribution_cap,grad_action,skipped,skipped_count_cum,clipped_count_cum,consecutive_skips,consecutive_clips,cluster_loss_total_mean,cluster_loss_total_min,cluster_loss_total_max,cluster_step_ms_mean,cluster_step_ms_max,cluster_data_load_s_max,cluster_grad_sync_s_max,cluster_samples_per_s_sum,cluster_tokens_per_s_sum
2026-05-18T19:11:16,0,6,6,1,1,74816,1,True,1.3368983957219252e-10,653.6237182617188,188.712890625,0.720644474029541,462.18780517578125,2.002406120300293,809458.3630561829,647.270781993866,0.0072021484375,0.5059127807617188,1.220064640045166,0.28863024711608887,5.1058924198150635,0,0.31626086242836376,202.40695195415282,,91204840.0,91204840.0,0.5,100000000000.0,100000000000.0,100000000000.0,1000000000.0,clip,False,0,1,0,1,640.3086751302084,584.711669921875,701.3232421875,809494.5,810489.4375,768.8004150390625,0.0,7.5899224281311035,4857.55029296875
2026-05-18T19:11:22,0,6,6,1,2,74816,2,True,2.6737967914438504e-10,,,,,,7186.229228973389,647.270781993866,0.0002846717834472656,0.10562896728515625,1.383570671081543,0.22147631645202637,4.4263916015625,0,35.623689676897726,22799.161393214545,,96543344.0,91311610.08,0.5,100000000000.0,100000000000.0,100000000000.0,1000000000.0,clip,False,0,2,0,2,,,,,,,,,
2026-05-18T19:11:28,0,6,6,1,3,74816,3,True,4.0106951871657755e-10,,,,,,6290.083646774292,647.270781993866,0.00032138824462890625,1.082831859588623,0.5476429462432861,0.18545007705688477,4.471718788146973,0,40.69898182217069,26047.34836618924,,98736800.0,91460113.8784,0.5,100000000000.0,100000000000.0,100000000000.0,1000000000.0,clip,False,0,3,0,3,,,,,,,,,
2026-05-18T19:11:34,0,6,6,1,4,74816,4,True,5.347593582887701e-10,,,,,,6149.679660797119,647.270781993866,0.0002944469451904297,0.10219764709472656,1.3971672058105469,0.1811997890472412,4.465953588485718,0,41.62818457552265,26642.038128334498,,97532808.0,91581567.760832,0.5,100000000000.0,100000000000.0,100000000000.0,1000000000.0,clip,False,0,4,0,4,,,,,,,,,
2026-05-18T19:11:40,0,6,6,1,5,74816,5,True,6.684491978609625e-10,,,,,,6174.468040466309,647.270781993866,0.0003101825714111328,0.09357452392578125,1.4059510231018066,0.1807551383972168,4.4917566776275635,0,41.4610616367635,26535.079447528642,,96964872.0,91689233.84561536,0.5,100000000000.0,100000000000.0,100000000000.0,1000000000.0,clip,False,0,5,0,5,,,,,,,,,
2026-05-18T19:11:47,0,6,6,1,6,74816,6,True,8.021390374331551e-10,,,,,,6427.2871017456055,647.270781993866,0.0006623268127441406,0.1132204532623291,1.3811898231506348,0.18179011344909668,4.745899677276611,0,39.83017966172263,25491.31498350248,,98021048.0,91815870.12870306,0.5,100000000000.0,100000000000.0,100000000000.0,1000000000.0,clip,False,0,6,0,6,,,,,,,,,
2026-05-18T19:11:53,0,6,6,1,7,74816,7,True,9.358288770053475e-10,,,,,,6154.364347457886,647.270781993866,0.0003447532653808594,0.09360408782958984,1.4087088108062744,0.18311834335327148,4.466299533843994,0,41.59649730613415,26621.758275925855,,97543176.0,91930416.24612899,0.5,100000000000.0,100000000000.0,100000000000.0,1000000000.0,clip,False,0,7,0,7,,,,,,,,,
2026-05-18T19:11:59,0,6,6,1,8,74816,8,True,1.0695187165775401e-09,,,,,,6212.7227783203125,647.270781993866,0.00036835670471191406,0.09282612800598145,1.4068968296051025,0.17738962173461914,4.532864332199097,0,41.20576583480083,26371.69013427253,,98012136.0,92052050.64120641,0.5,100000000000.0,100000000000.0,100000000000.0,1000000000.0,clip,False,0,8,0,8,,,,,,,,,
2026-05-18T19:12:05,0,6,6,1,9,74816,9,True,1.2032085561497326e-09,,,,,,6151.4892578125,647.270781993866,0.00030112266540527344,0.09369540214538574,1.407240867614746,0.1771552562713623,4.470727920532227,0,41.61593872164785,26634.200781854623,,97280448.0,92156618.58838229,0.5,100000000000.0,100000000000.0,100000000000.0,1000000000.0,clip,False,0,9,0,9,,,,,,,,,
2026-05-18T19:12:12,0,6,6,1,10,74816,10,True,1.336898395721925e-09,,,,,,6155.595302581787,647.270781993866,0.00033926963806152344,0.09366536140441895,1.406723976135254,0.18184685707092285,4.470752716064453,0,41.588179114476254,26616.434633264802,,99618960.0,92305865.41661465,0.5,100000000000.0,100000000000.0,100000000000.0,1000000000.0,clip,False,0,10,0,10,,,,,,,,,
2026-05-18T19:12:18,0,6,6,1,11,74816,11,True,1.4705882352941176e-09,679.1217651367188,196.55726623535156,0.7192879319190979,479.8479309082031,1.997235894203186,6144.850492477417,647.270781993866,0.0003056526184082031,0.09174752235412598,1.40726637840271,0.1773386001586914,4.465967178344727,0,41.66089969371876,26662.975803980007,,97702480.0,92413797.70828237,0.5,100000000000.0,100000000000.0,100000000000.0,1000000000.0,clip,False,0,11,0,11,630.4042154947916,568.9302368164062,698.9390869140625,6149.360677083333,6154.24951171875,768.8004150390625,0.0,999.1285400390625,639442.25
2026-05-18T19:12:24,0,6,6,1,12,74816,12,True,1.6042780748663102e-09,,,,,,6161.030530929565,647.270781993866,0.00029850006103515625,0.09442782402038574,1.3900964260101318,0.18300247192382812,4.46107816696167,0,41.55149024417757,26592.953756273644,,97152176.0,92508565.27411671,0.5,100000000000.0,100000000000.0,100000000000.0,1000000000.0,clip,False,0,12,0,12,,,,,,,,,
2026-05-18T19:12:30,0,6,6,1,13,74816,13,True,1.7379679144385026e-09,,,,,,6151.099920272827,647.270781993866,0.00031375885009765625,0.0929865837097168,1.4093503952026367,0.17839598655700684,4.467869520187378,0,41.618572827320506,26635.886609485122,,96201584.0,92582425.64863437,0.5,100000000000.0,100000000000.0,100000000000.0,1000000000.0,clip,False,0,13,0,13,,,,,,,,,
2026-05-18T19:12:36,0,6,6,1,14,74816,14,True,1.871657754010695e-09,,,,,,6152.307748794556,647.270781993866,0.0003173351287841797,0.0964195728302002,1.405837059020996,0.18359637260437012,4.463821172714233,0,41.61040221860797,26630.6574199091,,98174080.0,92694258.7356617,0.5,100000000000.0,100000000000.0,100000000000.0,1000000000.0,clip,False,0,14,0,14,,,,,,,,,
2026-05-18T19:12:42,0,6,6,1,15,74816,15,True,2.0053475935828875e-09,,,,,,6155.604600906372,647.270781993866,0.00042700767517089844,0.09743118286132812,1.4022564888000488,0.1791245937347412,4.473872184753418,0,41.588116293614064,26616.394427913,,97234856.0,92785070.68094847,0.5,100000000000.0,100000000000.0,100000000000.0,1000000000.0,clip,False,0,15,0,15,,,,,,,,,
2026-05-18T19:12:48,0,6,6,1,16,74816,16,True,2.1390374331550803e-09,,,,,,6151.79181098938,647.270781993866,0.0004134178161621094,0.1126089096069336,1.385246753692627,0.18592071533203125,4.464292287826538,0,41.6138919952865,26632.89087698336,,96073600.0,92850841.2673295,0.5,100000000000.0,100000000000.0,100000000000.0,1000000000.0,clip,False,0,16,0,16,,,,,,,,,
2026-05-18T19:12:55,0,6,6,1,17,74816,17,True,2.2727272727272727e-09,,,,,,6152.121782302856,647.270781993866,0.00030517578125,0.09675478935241699,1.4054381847381592,0.186570405960083,4.4608705043792725,0,41.611660018890966,26631.46241209022,,97394552.0,92941715.48198292,0.5,100000000000.0,100000000000.0,100000000000.0,1000000000.0,clip,False,0,17,0,17,,,,,,,,,
2026-05-18T19:13:01,0,6,6,1,18,74816,18,True,2.406417112299465e-09,,,,,,6149.072885513306,647.270781993866,0.0003151893615722656,0.1000213623046875,1.4004900455474854,0.17995882034301758,4.466018915176392,0,41.632292341681996,26644.667098676477,,96955568.0,93021992.53234325,0.5,100000000000.0,100000000000.0,100000000000.0,1000000000.0,clip,False,0,18,0,18,,,,,,,,,
2026-05-18T19:13:07,0,6,6,1,19,74816,19,True,2.5401069518716575e-09,,,,,,6152.087211608887,647.270781993866,0.0003006458282470703,0.10106611251831055,1.4003782272338867,0.18545937538146973,4.462642431259155,0,41.611893849120385,26631.612063437045,,98589184.0,93133336.36169639,0.5,100000000000.0,100000000000.0,100000000000.0,1000000000.0,clip,False,0,19,0,19,,,,,,,,,
2026-05-18T19:13:13,0,6,6,1,20,74816,20,True,2.67379679144385e-09,,,,,,6153.428792953491,647.270781993866,0.00042891502380371094,0.10669541358947754,1.394557237625122,0.18416714668273926,4.465283393859863,0,41.602821550995216,26625.80579263694,,97469176.0,93220053.15446246,0.5,100000000000.0,100000000000.0,100000000000.0,1000000000.0,clip,False,0,20,0,20,,,,,,,,,
2026-05-18T19:13:19,0,6,6,1,21,74816,21,True,2.8074866310160428e-09,616.4182739257812,172.7244415283203,0.7183483242988586,440.97137451171875,2.004089117050171,6149.151086807251,647.270781993866,0.0003821849822998047,0.10823607444763184,1.3905198574066162,0.17768025398254395,4.469892978668213,0,41.63176288662632,26644.328247440844,,96557584.0,93286803.77137321,0.5,100000000000.0,100000000000.0,100000000000.0,1000000000.0,clip,False,0,21,0,21,627.0322265625,552.3350219726562,672.52197265625,6151.369791666667,6153.51416015625,768.8004150390625,0.0,998.802001953125,639233.25
2026-05-18T19:13:25,0,6,6,1,22,74816,22,True,2.941176470588235e-09,,,,,,6167.4981117248535,647.270781993866,0.0002827644348144531,0.10101175308227539,1.3835811614990234,0.18310761451721191,4.465502977371216,0,41.50791704554003,26565.06690914562,,96791840.0,93356904.49594574,0.5,100000000000.0,100000000000.0,100000000000.0,1000000000.0,clip,False,0,22,0,22,,,,,,,,,
2026-05-18T19:13:32,0,6,6,1,23,74816,23,True,3.074866310160428e-09,,,,,,6147.315502166748,647.270781993866,0.00030684471130371094,0.09368705749511719,1.4042768478393555,0.18345427513122559,4.463385581970215,0,41.64419410550305,26652.284227521952,,97073120.0,93431228.80602683,0.5,100000000000.0,100000000000.0,100000000000.0,1000000000.0,clip,False,0,23,0,23,,,,,,,,,
2026-05-18T19:13:38,0,6,6,1,24,74816,24,True,3.2085561497326204e-09,,,,,,6162.105321884155,647.270781993866,0.0003046989440917969,0.09255647659301758,1.4100544452667236,0.1804656982421875,4.476515293121338,0,41.54424285655088,26588.315428192567,,96462200.0,93491848.22990629,0.5,100000000000.0,100000000000.0,100000000000.0,1000000000.0,clip,False,0,24,0,24,,,,,,,,,
2026-05-18T19:13:44,0,6,6,1,25,74816,25,True,3.3422459893048124e-09,,,,,,6147.135257720947,647.270781993866,0.0004019737243652344,0.10077500343322754,1.3996777534484863,0.18563151359558105,4.45780348777771,0,41.645415184001024,26653.065717760655,,96753424.0,93557079.74530816,0.5,100000000000.0,100000000000.0,100000000000.0,1000000000.0,clip,False,0,25,0,25,,,,,,,,,
2026-05-18T19:13:50,0,6,6,1,26,74816,26,True,3.4759358288770053e-09,,,,,,6150.427341461182,647.270781993866,0.00031280517578125,0.09225106239318848,1.4094352722167969,0.17573237419128418,4.470468997955322,0,41.62312401843301,26638.799371797126,,97311880.0,93632175.750402,0.5,100000000000.0,100000000000.0,100000000000.0,1000000000.0,clip,False,0,26,0,26,,,,,,,,,
2026-05-18T19:13:56,0,6,6,1,27,74816,27,True,3.6096256684491977e-09,,,,,,6150.336265563965,647.270781993866,0.00030231475830078125,0.0981590747833252,1.4026081562042236,0.18495655059814453,4.462240934371948,0,41.623740385278865,26639.193846578473,,95252928.0,93664590.79539396,0.5,100000000000.0,100000000000.0,100000000000.0,1000000000.0,clip,False,0,27,0,27,,,,,,,,,
2026-05-18T19:14:02,0,6,6,1,28,74816,28,True,3.74331550802139e-09,,,,,,6152.069091796875,647.270781993866,0.000308990478515625,0.09888982772827148,1.4023663997650146,0.17750144004821777,4.470953702926636,0,41.612016409462726,26631.690502056143,,96178352.0,93714866.01948608,0.5,100000000000.0,100000000000.0,100000000000.0,1000000000.0,clip,False,0,28,0,28,,,,,,,,,
2026-05-18T19:14:08,0,6,6,1,29,74816,29,True,3.8770053475935825e-09,,,,,,6163.161754608154,647.270781993866,0.00033211708068847656,0.10145258903503418,1.398773193359375,0.18458771705627441,4.475894927978516,0,41.53712172304914,26583.757902751448,,95945680.0,93759482.29909638,0.5,100000000000.0,100000000000.0,100000000000.0,1000000000.0,clip,False,0,29,0,29,,,,,,,,,
2026-05-18T19:14:15,0,6,6,1,30,74816,30,True,4.010695187165775e-09,,,,,,6137.228965759277,647.270781993866,0.0003345012664794922,0.09571290016174316,1.3999414443969727,0.1800994873046875,4.458909034729004,0,41.71263634260198,26696.087259265267,,97183760.0,93827967.85311446,0.5,100000000000.0,100000000000.0,100000000000.0,1000000000.0,clip,False,0,30,0,30,,,,,,,,,
2026-05-18T19:14:21,0,6,6,1,31,74816,31,True,4.144385026737968e-09,601.4402465820312,168.47909545898438,0.7217536568641663,430.2112121582031,2.028172731399536,6151.397228240967,647.270781993866,0.0003380775451660156,0.100616455078125,1.399686574935913,0.18886971473693848,4.4595277309417725,0,41.61656132767822,26634.599249714058,,95630088.0,93864010.25605217,0.5,100000000000.0,100000000000.0,100000000000.0,1000000000.0,clip,False,0,31,0,31,616.103515625,542.1213989257812,680.8824462890625,6150.972005208333,6155.2275390625,768.8004150390625,0.0,998.8665771484375,639274.625
2026-05-18T19:14:27,0,6,6,1,32,74816,32,True,4.2780748663101606e-09,,,,,,6170.157670974731,647.270781993866,0.00029397010803222656,0.1098947525024414,1.3753674030303955,0.18254828453063965,4.4748854637146,0,41.490025644605346,26553.61641254742,,95529488.0,93897319.81093113,0.5,100000000000.0,100000000000.0,100000000000.0,1000000000.0,clip,False,0,32,0,32,,,,,,,,,
2026-05-18T19:14:33,0,6,6,1,33,74816,33,True,4.411764705882352e-09,,,,,,6151.291847229004,647.270781993866,0.0002734661102294922,0.10717606544494629,1.3934814929962158,0.19079232215881348,4.4574620723724365,0,41.617274282851874,26635.0555410252,,96741152.0,93954196.45471251,0.5,100000000000.0,100000000000.0,100000000000.0,1000000000.0,clip,False,0,33,0,33,,,,,,,,,
2026-05-18T19:14:39,0,6,6,1,34,74816,34,True,4.545454545454545e-09,,,,,,6149.669647216797,647.270781993866,0.00043511390686035156,0.11654305458068848,1.382873296737671,0.18335700035095215,4.464125633239746,0,41.62825235919134,26642.081509882457,,97046824.0,94016049.00561826,0.5,100000000000.0,100000000000.0,100000000000.0,1000000000.0,clip,False,0,34,0,34,,,,,,,,,
2026-05-18T19:14:45,0,6,6,1,35,74816,35,True,4.679144385026738e-09,,,,,,6154.463291168213,647.270781993866,0.00037479400634765625,0.09734249114990234,1.402890682220459,0.1926283836364746,4.458681344985962,0,41.595828570033966,26621.330284821735,,96501528.0,94065758.58550589,0.5,100000000000.0,100000000000.0,100000000000.0,1000000000.0,clip,False,0,35,0,35,,,,,,,,,
2026-05-18T19:14:52,0,6,6,1,36,74816,36,True,4.81283422459893e-09,,,,,,6144.058465957642,647.270781993866,0.0002968311309814453,0.09216690063476562,1.4079370498657227,0.18849873542785645,4.452968120574951,0,41.66627017278857,26666.412910584688,,95597888.0,94096401.17379577,0.5,100000000000.0,100000000000.0,100000000000.0,1000000000.0,clip,False,0,36,0,36,,,,,,,,,
2026-05-18T19:14:58,0,6,6,1,37,74816,37,True,4.946524064171123e-09,,,,,,6156.767845153809,647.270781993866,0.00028228759765625,0.09581375122070312,1.4045605659484863,0.18476581573486328,4.469175338745117,0,41.58025873941404,26611.365593224986,,94890496.0,94112283.07031986,0.5,100000000000.0,100000000000.0,100000000000.0,1000000000.0,clip,False,0,37,0,37,,,,,,,,,
2026-05-18T19:15:04,0,6,6,1,38,74816,38,True,5.080213903743315e-09,,,,,,6141.731023788452,647.270781993866,0.00030875205993652344,0.09235024452209473,1.4062821865081787,0.19160890579223633,4.448857545852661,0,41.68205983108806,26676.51829189636,,96836824.0,94166773.88891347,0.5,100000000000.0,100000000000.0,100000000000.0,1000000000.0,clip,False,0,38,0,38,,,,,,,,,
2026-05-18T19:15:10,0,6,6,1,39,74816,39,True,5.213903743315508e-09,,,,,,6152.957439422607,647.270781993866,0.00029659271240234375,0.0943748950958252,1.4067015647888184,0.18345189094543457,4.465945243835449,0,41.60600857723843,26627.845489432595,,97421760.0,94231873.6111352,0.5,100000000000.0,100000000000.0,100000000000.0,1000000000.0,clip,False,0,39,0,39,,,,,,,,,
2026-05-18T19:15:16,0,6,6,1,40,74816,40,True,5.3475935828877e-09,,,,,,6148.306608200073,647.270781993866,0.0003027915954589844,0.0984640121459961,1.4001617431640625,0.19069981575012207,4.4565393924713135,0,41.63748106813177,26647.98788360433,,95397328.0,94255182.6989125,0.5,100000000000.0,100000000000.0,100000000000.0,1000000000.0,clip,False,0,40,0,40,,,,,,,,,
2026-05-18T19:15:22,0,6,6,1,41,74816,41,True,5.481283422459893e-09,676.1150512695312,201.7347412109375,0.7211866974830627,471.66094970703125,1.9981865882873535,6149.767637252808,647.270781993866,0.00029277801513671875,0.0921025276184082,1.4063658714294434,0.19040465354919434,4.454771995544434,0,41.627589057065414,26641.656996521866,,96787872.0,94305836.48493424,0.5,100000000000.0,100000000000.0,100000000000.0,1000000000.0,clip,False,0,41,0,41,644.9625244140625,561.7142944335938,712.2764282226562,6150.124348958333,6153.1103515625,768.8004150390625,0.0,999.0042114257812,639362.75
2026-05-18T19:15:28,0,6,6,1,42,74816,42,True,5.6149732620320855e-09,,,,,,6162.563800811768,647.270781993866,0.00029158592224121094,0.09382224082946777,1.3909022808074951,0.18758177757263184,4.460706949234009,0,41.54115207152553,26586.337325776338,,95900544.0,94337730.63523555,0.5,100000000000.0,100000000000.0,100000000000.0,1000000000.0,clip,False,0,42,0,42,,,,,,,,,
2026-05-18T19:15:35,0,6,6,1,43,74816,43,True,5.748663101604277e-09,,,,,,6151.25036239624,647.270781993866,0.00031638145446777344,0.1018819808959961,1.3969693183898926,0.19091558456420898,4.458892345428467,0,41.61755495516432,26635.23517130517,,96555600.0,94382088.02253084,0.5,100000000000.0,100000000000.0,100000000000.0,1000000000.0,clip,False,0,43,0,43,,,,,,,,,
2026-05-18T19:15:41,0,6,6,1,44,74816,44,True,5.88235294117647e-09,,,,,,6151.297092437744,647.270781993866,0.00038433074951171875,0.09880280494689941,1.3990263938903809,0.18494153022766113,4.465439319610596,0,41.617238795817585,26635.032829323256,,94829768.0,94391041.62208022,0.5,100000000000.0,100000000000.0,100000000000.0,1000000000.0,clip,False,0,44,0,44,,,,,,,,,
2026-05-18T19:15:47,0,6,6,1,45,74816,45,True,6.016042780748663e-09,,,,,,6155.237197875977,647.270781993866,0.000324249267578125,0.09983277320861816,1.4009737968444824,0.18535923957824707,4.4666054248809814,0,41.59059866747936,26617.98314718679,,96611416.0,94435449.10963862,0.5,100000000000.0,100000000000.0,100000000000.0,1000000000.0,clip,False,0,45,0,45,,,,,,,,,
2026-05-18T19:15:53,0,6,6,1,46,74816,46,True,6.149732620320856e-09,,,,,,6145.114183425903,647.270781993866,0.0003223419189453125,0.09620356559753418,1.3988168239593506,0.18093013763427734,4.4666588306427,0,41.65911199672451,26661.831677903687,,96316328.0,94473066.68744585,0.5,100000000000.0,100000000000.0,100000000000.0,1000000000.0,clip,False,0,46,0,46,,,,,,,,,
2026-05-18T19:15:59,0,6,6,1,47,74816,47,True,6.283422459893048e-09,,,,,,6148.503541946411,647.270781993866,0.0003266334533691406,0.10141825675964355,1.398451805114746,0.18445897102355957,4.461638450622559,0,41.63614743872441,26647.13436078362,,95600176.0,94495608.87369692,0.5,100000000000.0,100000000000.0,100000000000.0,1000000000.0,clip,False,0,47,0,47,,,,,,,,,
2026-05-18T19:16:05,0,6,6,1,48,74816,48,True,6.417112299465241e-09,,,,,,6153.621435165405,647.270781993866,0.0002887248992919922,0.09431767463684082,1.408839225769043,0.18168354034423828,4.466365575790405,0,41.60151915375647,26624.97225840414,,96468944.0,94535075.57622297,0.5,100000000000.0,100000000000.0,100000000000.0,1000000000.0,clip,False,0,48,0,48,,,,,,,,,
2026-05-18T19:16:11,0,6,6,1,49,74816,49,True,6.550802139037433e-09,,,,,,6150.897026062012,647.270781993866,0.00035071372985839844,0.09519219398498535,1.4047491550445557,0.1824951171875,4.465950965881348,0,41.61994566244574,26636.76522396527,,95664432.0,94557662.70469852,0.5,100000000000.0,100000000000.0,100000000000.0,1000000000.0,clip,False,0,49,0,49,,,,,,,,,
2026-05-18T19:16:18,0,6,6,1,50,74816,50,True,6.684491978609625e-09,,,,,,6148.173809051514,647.270781993866,0.0003285408020019531,0.09233951568603516,1.4071598052978516,0.18641042709350586,4.45958137512207,0,41.638380428202865,26648.56347404983,,94806176.0,94562632.97060454,0.5,100000000000.0,100000000000.0,100000000000.0,1000000000.0,clip,False,0,50,0,50,,,,,,,,,
2026-05-18T19:16:24,0,6,6,1,51,74816,51,True,6.818181818181818e-09,602.344970703125,178.45236206054688,0.7204397916793823,421.1923828125,1.979820966720581,6153.803825378418,647.270781993866,0.0003020763397216797,0.09917688369750977,1.4033162593841553,0.18207979202270508,4.466919183731079,0,41.60028614241009,26624.183131142458,,95831632.0,94588012.95119245,0.5,100000000000.0,100000000000.0,100000000000.0,1000000000.0,clip,False,0,51,0,51,638.0814615885416,576.5716552734375,721.7869262695312,6150.464192708333,6153.8037109375,768.8004150390625,0.0,998.9490966796875,639327.4375
2026-05-18T19:16:30,0,6,6,1,52,74816,52,True,6.9518716577540105e-09,,,,,,6163.067817687988,647.270781993866,0.0003409385681152344,0.09830999374389648,1.3864877223968506,0.19976043701171875,4.449647903442383,0,41.537754828087515,26584.163089976006,,95770168.0,94611656.05216861,0.5,100000000000.0,100000000000.0,100000000000.0,1000000000.0,clip,False,0,52,0,52,,,,,,,,,
2026-05-18T19:16:36,0,6,6,1,53,74816,53,True,7.085561497326203e-09,,,,,,6141.81113243103,647.270781993866,0.00031876564025878906,0.09688854217529297,1.404275894165039,0.20076799392700195,4.437217950820923,0,41.68151616519523,26676.170345724946,,94406568.0,94607554.29112524,0.5,100000000000.0,100000000000.0,100000000000.0,1000000000.0,clip,False,0,53,0,53,,,,,,,,,
2026-05-18T19:16:42,0,6,6,1,54,74816,54,True,7.219251336898395e-09,,,,,,6150.711297988892,647.270781993866,0.00030112266540527344,0.09320187568664551,1.4085593223571777,0.1944282054901123,4.452192306518555,0,41.62120242640957,26637.569552902125,,95468952.0,94624782.24530274,0.5,100000000000.0,100000000000.0,100000000000.0,1000000000.0,clip,False,0,54,0,54,,,,,,,,,
2026-05-18T19:16:48,0,6,6,1,55,74816,55,True,7.352941176470588e-09,,,,,,6151.057004928589,647.270781993866,0.00031638145446777344,0.0925900936126709,1.4099514484405518,0.1974935531616211,4.448539733886719,0,41.61886319617551,26636.072445552327,,94428672.0,94620860.04039668,0.5,100000000000.0,100000000000.0,100000000000.0,1000000000.0,clip,False,0,55,0,55,,,,,,,,,
2026-05-18T19:16:55,0,6,6,1,56,74816,56,True,7.48663101604278e-09,,,,,,6152.758598327637,647.270781993866,0.00030803680419921875,0.09469819068908691,1.4072623252868652,0.1847999095916748,4.463324069976807,0,41.60735317481538,26628.70603188184,,93425232.0,94596947.47958875,0.5,100000000000.0,100000000000.0,100000000000.0,1000000000.0,clip,False,0,56,0,56,,,,,,,,,
2026-05-18T19:17:01,0,6,6,1,57,74816,57,True,7.620320855614973e-09,,,,,,6146.033048629761,647.270781993866,0.0003154277801513672,0.09296345710754395,1.4050240516662598,0.18094754219055176,4.4646594524383545,0,41.65288373401676,26657.845589770728,,96617720.0,94637362.92999698,0.5,100000000000.0,100000000000.0,100000000000.0,1000000000.0,clip,False,0,57,0,57,,,,,,,,,
2026-05-18T19:17:07,0,6,6,1,58,74816,58,True,7.754010695187165e-09,,,,,,6150.7158279418945,647.270781993866,0.0003037452697753906,0.09436392784118652,1.4078316688537598,0.17453908920288086,4.471580266952515,0,41.62117177272694,26637.54993454524,,96380424.0,94672224.15139705,0.5,100000000000.0,100000000000.0,100000000000.0,1000000000.0,clip,False,0,58,0,58,,,,,,,,,
2026-05-18T19:17:13,0,6,6,1,59,74816,59,True,7.887700534759358e-09,,,,,,6149.468183517456,647.270781993866,0.0003516674041748047,0.1019749641418457,1.3984951972961426,0.1820509433746338,4.464465618133545,0,41.62961614894797,26642.954335326696,,94942496.0,94677629.5883691,0.5,100000000000.0,100000000000.0,100000000000.0,1000000000.0,clip,False,0,59,0,59,,,,,,,,,
2026-05-18T19:17:19,0,6,6,1,60,74816,60,True,8.02139037433155e-09,,,,,,6152.079105377197,647.270781993866,0.0003204345703125,0.10139989852905273,1.400782823562622,0.18510961532592773,4.462243318557739,0,41.611948678657974,26631.647154341103,,95344072.0,94690958.43660171,0.5,100000000000.0,100000000000.0,100000000000.0,1000000000.0,clip,False,0,60,0,60,,,,,,,,,
2026-05-18T19:17:25,0,6,6,1,61,74816,61,True,8.155080213903743e-09,659.3380126953125,205.92913818359375,0.7215918302536011,450.70819091796875,1.9791010618209839,6151.650428771973,647.270781993866,0.0003859996795654297,0.10964131355285645,1.3894460201263428,0.182694673538208,4.467071294784546,0,41.61484839948946,26633.50297567326,,94183152.0,94680802.30786969,0.5,100000000000.0,100000000000.0,100000000000.0,1000000000.0,clip,False,0,61,0,61,622.8434244791666,570.582763671875,677.679931640625,6152.172526041667,6167.33642578125,768.8004150390625,0.0,998.671875,639150.0625
2026-05-18T19:17:31,0,6,6,1,62,74816,62,True,8.288770053475936e-09,,,,,,6168.835163116455,647.270781993866,0.0004813671112060547,0.10439038276672363,1.3849937915802002,0.17928028106689453,4.464053153991699,0,41.49892049809132,26559.30911877845,,95311352.0,94693413.3017123,0.5,100000000000.0,100000000000.0,100000000000.0,1000000000.0,clip,False,0,62,0,62,,,,,,,,,
2026-05-18T19:17:38,0,6,6,1,63,74816,63,True,8.422459893048128e-09,,,,,,6145.4010009765625,647.270781993866,0.0003075599670410156,0.09323668479919434,1.4039855003356934,0.17611289024353027,4.46958065032959,0,41.65716768674968,26660.587319519796,,94217216.0,94683889.35567807,0.5,100000000000.0,100000000000.0,100000000000.0,1000000000.0,clip,False,0,63,0,63,,,,,,,,,
2026-05-18T19:17:44,0,6,6,1,64,74816,64,True,8.556149732620321e-09,,,,,,6150.497198104858,647.270781993866,0.0002779960632324219,0.09269523620605469,1.4081408977508545,0.17881512641906738,4.468235492706299,0,41.6226512677513,26638.49681136083,,94706400.0,94684339.5685645,0.5,100000000000.0,100000000000.0,100000000000.0,1000000000.0,clip,False,0,64,0,64,,,,,,,,,
2026-05-18T19:17:50,0,6,6,1,65,74816,65,True,8.689839572192513e-09,,,,,,6152.540445327759,647.270781993866,0.000408172607421875,0.10721731185913086,1.3926775455474854,0.17262649536132812,4.477403163909912,0,41.6088284627867,26629.650216183487,,93153376.0,94653720.29719321,0.5,100000000000.0,100000000000.0,100000000000.0,1000000000.0,clip,False,0,65,0,65,,,,,,,,,
2026-05-18T19:17:56,0,6,6,1,66,74816,66,True,8.823529411764704e-09,,,,,,6144.84715461731,647.270781993866,0.0003058910369873047,0.09063124656677246,1.4065306186676025,0.18195843696594238,4.463164329528809,0,41.660922323778,26662.99028721792,,94022856.0,94641103.01124935,0.5,100000000000.0,100000000000.0,100000000000.0,1000000000.0,clip,False,0,66,0,66,,,,,,,,,
2026-05-18T19:18:02,0,6,6,1,67,74816,67,True,8.9572192513369e-09,,,,,,6149.846792221069,647.270781993866,0.0003237724304199219,0.09174585342407227,1.4107658863067627,0.1828899383544922,4.461970329284668,0,41.627053266402335,26641.314090497497,,93629128.0,94620863.51102436,0.5,100000000000.0,100000000000.0,100000000000.0,1000000000.0,clip,False,0,67,0,67,,,,,,,,,
2026-05-18T19:18:08,0,6,6,1,68,74816,68,True,9.09090909090909e-09,,,,,,6151.612758636475,647.270781993866,0.00030922889709472656,0.0975489616394043,1.4044137001037598,0.18077492713928223,4.466257095336914,0,41.61510323298426,26633.666069109928,,92758432.0,94583614.88080387,0.5,100000000000.0,100000000000.0,100000000000.0,1000000000.0,clip,False,0,68,0,68,,,,,,,,,
2026-05-18T19:18:15,0,6,6,1,69,74816,69,True,9.224598930481282e-09,,,,,,6150.762557983398,647.270781993866,0.0003266334533691406,0.0981295108795166,1.4027833938598633,0.18370771408081055,4.46362829208374,0,41.620855558425696,26637.347557392448,,95296480.0,94597872.1831878,0.5,100000000000.0,100000000000.0,100000000000.0,1000000000.0,clip,False,0,69,0,69,,,,,,,,,
2026-05-18T19:18:21,0,6,6,1,70,74816,70,True,9.358288770053476e-09,,,,,,6151.13377571106,647.270781993866,0.0003514289855957031,0.09950995445251465,1.401214838027954,0.17964863777160645,4.46790337562561,0,41.618343761416064,26635.740007306278,,93468272.0,94575280.17952403,0.5,100000000000.0,100000000000.0,100000000000.0,1000000000.0,clip,False,0,70,0,70,,,,,,,,,
2026-05-18T19:18:27,0,6,6,1,71,74816,71,True,9.491978609625667e-09,643.8298950195312,182.32427978515625,0.719631016254425,458.7936096191406,1.9923566579818726,6147.800922393799,647.270781993866,0.0003323554992675781,0.10144209861755371,1.398728370666504,0.18472886085510254,4.460089206695557,0,41.64090594858105,26650.17980709187,,93276976.0,94549314.09593354,0.5,100000000000.0,100000000000.0,100000000000.0,1000000000.0,clip,False,0,71,0,71,625.7650960286459,551.9337768554688,688.9147338867188,6150.05078125,6155.00830078125,768.8004150390625,0.0,999.0166015625,639370.625
2026-05-18T19:18:33,0,6,6,1,72,74816,72,True,9.62566844919786e-09,,,,,,6161.1998081207275,647.270781993866,0.0003120899200439453,0.09602761268615723,1.3883943557739258,0.18102359771728516,4.460424423217773,0,41.55034862894414,26592.223122524254,,93895952.0,94536246.85401487,0.5,100000000000.0,100000000000.0,100000000000.0,1000000000.0,clip,False,0,72,0,72,,,,,,,,,
2026-05-18T19:18:39,0,6,6,1,73,74816,73,True,9.759358288770054e-09,,,,,,6148.014545440674,647.270781993866,0.0003218650817871094,0.10034894943237305,1.399427890777588,0.17451834678649902,4.47087287902832,0,41.639459065666635,26649.253802026647,,92776712.0,94501056.15693457,0.5,100000000000.0,100000000000.0,100000000000.0,1000000000.0,clip,False,0,73,0,73,,,,,,,,,
2026-05-18T19:18:45,0,6,6,1,74,74816,74,True,9.893048128342245e-09,,,,,,6157.991409301758,647.270781993866,0.00029087066650390625,0.0966188907623291,1.404433012008667,0.17958784103393555,4.474764585494995,0,41.5719969360963,26606.07803910163,,92730248.0,94465639.99379589,0.5,100000000000.0,100000000000.0,100000000000.0,1000000000.0,clip,False,0,74,0,74,,,,,,,,,
2026-05-18T19:18:51,0,6,6,1,75,74816,75,True,1.0026737967914437e-08,,,,,,6141.819000244141,647.270781993866,0.0002994537353515625,0.09225296974182129,1.4001455307006836,0.18455123901367188,4.4623939990997314,0,41.68146277020275,26676.136172929757,,93646296.0,94449253.11391997,0.5,100000000000.0,100000000000.0,100000000000.0,1000000000.0,clip,False,0,75,0,75,,,,,,,,,
2026-05-18T19:18:58,0,6,6,1,76,74816,76,True,1.016042780748663e-08,,,,,,6152.706623077393,647.270781993866,0.000278472900390625,0.08950662612915039,1.4128577709197998,0.18488430976867676,4.463059902191162,0,41.607704654696626,26628.930979005843,,93447704.0,94429222.13164157,0.5,100000000000.0,100000000000.0,100000000000.0,1000000000.0,clip,False,0,76,0,76,,,,,,,,,
2026-05-18T19:19:04,0,6,6,1,77,74816,77,True,1.0294117647058823e-08,,,,,,6155.492305755615,647.270781993866,0.000301361083984375,0.1002957820892334,1.3992280960083008,0.18437814712524414,4.469098806381226,0,41.58887498902897,26616.879992978545,,92482904.0,94390295.76900873,0.5,100000000000.0,100000000000.0,100000000000.0,1000000000.0,clip,False,0,77,0,77,,,,,,,,,
2026-05-18T19:19:10,0,6,6,1,78,74816,78,True,1.0427807486631017e-08,,,,,,6145.1287269592285,647.270781993866,0.0003364086151123047,0.09571123123168945,1.4037747383117676,0.1953125,4.447772979736328,0,41.65901340307244,26661.768577966362,,92734624.0,94357182.33362855,0.5,100000000000.0,100000000000.0,100000000000.0,1000000000.0,clip,False,0,78,0,78,,,,,,,,,
2026-05-18T19:19:16,0,6,6,1,79,74816,79,True,1.0561497326203208e-08,,,,,,6162.28461265564,647.270781993866,0.00035190582275390625,0.09780693054199219,1.3992173671722412,0.1927478313446045,4.466454267501831,0,41.543034132867916,26587.541845035466,,94295080.0,94355940.28695598,0.5,100000000000.0,100000000000.0,100000000000.0,1000000000.0,clip,False,0,79,0,79,,,,,,,,,
2026-05-18T19:19:22,0,6,6,1,80,74816,80,True,1.06951871657754e-08,,,,,,6146.547794342041,647.270781993866,0.0003726482391357422,0.10221195220947266,1.3980820178985596,0.1879725456237793,4.455136299133301,0,41.64939549248288,26655.613115189044,,90328096.0,94275383.40121686,0.5,100000000000.0,100000000000.0,100000000000.0,1000000000.0,clip,False,0,80,0,80,,,,,,,,,
2026-05-18T19:19:28,0,6,6,1,81,74816,81,True,1.0828877005347593e-08,609.0980224609375,177.7683563232422,0.721735417842865,428.626220703125,1.981693148612976,6149.7156620025635,647.270781993866,0.00030875205993652344,0.09849834442138672,1.4039955139160156,0.18700575828552246,4.457753896713257,0,41.627940878918196,26641.882162507645,,92621048.0,94242296.69319253,0.5,100000000000.0,100000000000.0,100000000000.0,1000000000.0,clip,False,0,81,0,81,625.7777506510416,560.7505493164062,703.0800170898438,6150.2421875,6155.46484375,768.8004150390625,0.0,998.9851684570312,639350.5
2026-05-18T19:19:35,0,6,6,1,82,74816,82,True,1.0962566844919786e-08,,,,,,6163.529872894287,647.270781993866,0.0002827644348144531,0.09135246276855469,1.3929131031036377,0.17971253395080566,4.466508388519287,0,41.534640908584876,26582.170181494323,,91450808.0,94186466.91932867,0.5,100000000000.0,100000000000.0,100000000000.0,1000000000.0,clip,False,0,82,0,82,,,,,,,,,
2026-05-18T19:19:41,0,6,6,1,83,74816,83,True,1.1096256684491978e-08,,,,,,6147.838830947876,647.270781993866,0.0003161430358886719,0.09510302543640137,1.4051613807678223,0.1884174346923828,4.451696157455444,0,41.640649184118224,26650.015477835663,,92333616.0,94149409.9009421,0.5,100000000000.0,100000000000.0,100000000000.0,1000000000.0,clip,False,0,83,0,83,,,,,,,,,
2026-05-18T19:19:47,0,6,6,1,84,74816,84,True,1.1229946524064171e-08,,,,,,6149.305105209351,647.270781993866,0.00031280517578125,0.0944361686706543,1.4079387187957764,0.1797802448272705,4.464662075042725,0,41.63072015781604,26643.660901002266,,91769184.0,94101805.38292326,0.5,100000000000.0,100000000000.0,100000000000.0,1000000000.0,clip,False,0,84,0,84,,,,,,,,,
2026-05-18T19:19:53,0,6,6,1,85,74816,85,True,1.1363636363636363e-08,,,,,,6150.392770767212,647.270781993866,0.00030159950256347656,0.09335136413574219,1.409235954284668,0.1858680248260498,4.4594597816467285,0,41.623357977520854,26638.949105613345,,92992736.0,94079623.9952648,0.5,100000000000.0,100000000000.0,100000000000.0,1000000000.0,clip,False,0,85,0,85,,,,,,,,,
2026-05-18T19:19:59,0,6,6,1,86,74816,86,True,1.1497326203208554e-08,,,,,,6150.994539260864,647.270781993866,0.000308990478515625,0.09212160110473633,1.4093098640441895,0.18167567253112793,4.46528172492981,0,41.61928585141653,26636.342944906577,,90362544.0,94005282.3953595,0.5,100000000000.0,100000000000.0,100000000000.0,1000000000.0,clip,False,0,86,0,86,,,,,,,,,
2026-05-18T19:20:05,0,6,6,1,87,74816,87,True,1.1631016042780749e-08,,,,,,6150.89225769043,647.270781993866,0.00031447410583496094,0.09251594543457031,1.4090843200683594,0.1870591640472412,4.459501504898071,0,41.61997792758026,26636.785873651366,,92068928.0,93966555.3074523,0.5,100000000000.0,100000000000.0,100000000000.0,1000000000.0,clip,False,0,87,0,87,,,,,,,,,
2026-05-18T19:20:11,0,6,6,1,88,74816,88,True,1.176470588235294e-08,,,,,,6154.998540878296,647.270781993866,0.0003151893615722656,0.0915980339050293,1.4102363586425781,0.1757967472076416,4.474884271621704,0,41.59221132219306,26619.015246203555,,92162400.0,93930472.20130326,0.5,100000000000.0,100000000000.0,100000000000.0,1000000000.0,clip,False,0,88,0,88,,,,,,,,,
2026-05-18T19:20:18,0,6,6,1,89,74816,89,True,1.1898395721925132e-08,,,,,,6148.718595504761,647.270781993866,0.0003495216369628906,0.09610152244567871,1.4013664722442627,0.1777346134185791,4.470695495605469,0,41.63469120007507,26646.202368048045,,91993600.0,93891734.75727719,0.5,100000000000.0,100000000000.0,100000000000.0,1000000000.0,clip,False,0,89,0,89,,,,,,,,,
2026-05-18T19:20:24,0,6,6,1,90,74816,90,True,1.2032085561497326e-08,,,,,,6145.579814910889,647.270781993866,0.00035381317138671875,0.09459948539733887,1.400935173034668,0.1878349781036377,4.454774379730225,0,41.655955615265576,26659.811593769966,,91290376.0,93839707.58213164,0.5,100000000000.0,100000000000.0,100000000000.0,1000000000.0,clip,False,0,90,0,90,,,,,,,,,
2026-05-18T19:20:30,0,6,6,1,91,74816,91,True,1.2165775401069517e-08,608.5298461914062,187.02455139160156,0.7196009159088135,418.8053894042969,1.9802743196487427,6151.9598960876465,647.270781993866,0.00030112266540527344,0.09162354469299316,1.410851001739502,0.18046998977661133,4.466493129730225,0,41.61275501207409,26632.163207727415,,90509656.0,93773106.55048901,0.5,100000000000.0,100000000000.0,100000000000.0,1000000000.0,clip,False,0,91,0,91,623.5843912760416,548.1868286132812,696.0104370117188,6167.912109375,6582.76025390625,768.8004150390625,0.0,996.307373046875,637636.625
2026-05-18T19:20:36,0,6,6,1,92,74816,92,True,1.2299465240641712e-08,,,,,,6578.1683921813965,647.270781993866,0.00029206275939941406,0.09374237060546875,1.3907718658447266,0.18001127243041992,4.464889287948608,0,38.916607897157746,24906.629054180958,,90333960.0,93704323.61947922,0.5,100000000000.0,100000000000.0,100000000000.0,1000000000.0,clip,False,0,92,0,92,,,,,,,,,
2026-05-18T19:20:43,0,6,6,1,93,74816,93,True,1.2433155080213904e-08,,,,,,6150.230646133423,647.270781993866,0.00032329559326171875,0.09789752960205078,1.4034266471862793,0.1865215301513672,4.4597249031066895,0,41.624455200057284,26639.65132803666,,92885360.0,93687944.34708965,0.5,100000000000.0,100000000000.0,100000000000.0,1000000000.0,clip,False,0,93,0,93,,,,,,,,,
2026-05-18T19:20:49,0,6,6,1,94,74816,94,True,1.2566844919786095e-08,,,,,,6152.435779571533,647.270781993866,0.0003552436828613281,0.10320258140563965,1.3983747959136963,0.1728658676147461,4.475395917892456,0,41.609536315684764,26630.103242038247,,89635568.0,93606896.82014786,0.5,100000000000.0,100000000000.0,100000000000.0,1000000000.0,clip,False,0,94,0,94,,,,,,,,,
2026-05-18T19:20:55,0,6,6,1,95,74816,95,True,1.2700534759358288e-08,,,,,,6155.761480331421,647.270781993866,0.0003533363342285156,0.10492157936096191,1.3944735527038574,0.17440223693847656,4.479313611984253,0,41.58705642152613,26615.71610977672,,90732376.0,93549406.40374489,0.5,100000000000.0,100000000000.0,100000000000.0,1000000000.0,clip,False,0,95,0,95,,,,,,,,,
2026-05-18T19:21:02,0,6,6,1,96,74816,96,True,1.2834224598930482e-08,,,,,,6752.2618770599365,647.270781993866,0.00032806396484375,0.09947705268859863,1.3949873447418213,0.17902827262878418,5.076160669326782,0,37.913221474678245,24264.461743794076,,90878384.0,93495985.95567,0.5,100000000000.0,100000000000.0,100000000000.0,1000000000.0,clip,False,0,96,0,96,,,,,,,,,
2026-05-18T19:21:08,0,6,6,1,97,74816,97,True,1.2967914438502673e-08,,,,,,6150.740385055542,647.270781993866,0.0002987384796142578,0.09048151969909668,1.4108128547668457,0.17652201652526855,4.470446825027466,0,41.62100559828592,26637.443582902986,,90492640.0,93435919.0365566,0.5,100000000000.0,100000000000.0,100000000000.0,1000000000.0,clip,False,0,97,0,97,,,,,,,,,
2026-05-18T19:21:14,0,6,6,1,98,74816,98,True,1.3101604278074867e-08,,,,,,6148.436069488525,647.270781993866,0.00030517578125,0.09091949462890625,1.40635347366333,0.17695951461791992,4.471600770950317,0,41.63660435055903,26647.42678435778,,90247144.0,93372143.53582546,0.5,100000000000.0,100000000000.0,100000000000.0,1000000000.0,clip,False,0,98,0,98,,,,,,,,,
2026-05-18T19:21:20,0,6,6,1,99,74816,99,True,1.3235294117647058e-08,,,,,,6145.723342895508,647.270781993866,0.00031280517578125,0.09303736686706543,1.4042775630950928,0.1872875690460205,4.458601474761963,0,41.65498277691551,26659.188977225927,,90516408.0,93315028.82510895,0.5,100000000000.0,100000000000.0,100000000000.0,1000000000.0,clip,False,0,99,0,99,,,,,,,,,
2026-05-18T19:21:26,0,6,6,1,100,74816,100,True,1.336898395721925e-08,,,,,,6152.454376220703,647.270781993866,0.00039958953857421875,0.09787654876708984,1.4046547412872314,0.18114161491394043,4.465783596038818,0,41.60941054507328,26630.022748846903,,90090384.0,93250535.92860678,0.5,100000000000.0,100000000000.0,100000000000.0,1000000000.0,clip,False,0,100,0,100,,,,,,,,,
2026-05-18T19:21:32,0,6,6,1,101,74816,101,True,1.3502673796791445e-08,631.285888671875,197.86180114746094,0.7195530533790588,430.6838684082031,2.020639419555664,6147.04155921936,647.270781993866,0.0003209114074707031,0.09274601936340332,1.4079313278198242,0.1819751262664795,4.461903810501099,0,41.64604997928639,26653.471986743287,0.2736817681143239,89970568.0,93184936.57003464,0.5,100000000000.0,100000000000.0,100000000000.0,1000000000.0,clip,False,0,101,0,101,618.3015950520834,552.9642944335938,678.120849609375,6149.111979166667,6151.9765625,768.8004150390625,0.0,999.168701171875,639467.9375
2026-05-18T19:21:39,0,6,6,1,102,74816,102,True,1.3636363636363636e-08,,,,,,6160.965204238892,647.270781993866,0.0004241466522216797,0.10152935981750488,1.3830995559692383,0.17425036430358887,4.472187042236328,0,41.55193082795953,26593.235729894102,0.2736817681143239,90262088.0,93126479.59863394,0.5,100000000000.0,100000000000.0,100000000000.0,1000000000.0,clip,False,0,102,0,102,,,,,,,,,
2026-05-18T19:21:45,0,6,6,1,103,74816,103,True,1.3770053475935828e-08,,,,,,6151.62992477417,647.270781993866,0.0003170967102050781,0.9178073406219482,0.5829417705535889,0.18167781829833984,4.466362476348877,0,41.614987105941346,26633.59174780246,0.2736817681143239,90863944.0,93081228.88666126,0.5,100000000000.0,100000000000.0,100000000000.0,1000000000.0,clip,False,0,103,0,103,,,,,,,,,
2026-05-18T19:21:51,0,6,6,1,104,74816,104,True,1.3903743315508021e-08,,,,,,6142.79317855835,647.270781993866,0.0003559589385986328,0.10076427459716797,1.3968112468719482,0.18366551399230957,4.458792686462402,0,41.674852556256916,26671.905636004427,0.2736817681143239,90259768.0,93024799.66892803,0.5,100000000000.0,100000000000.0,100000000000.0,1000000000.0,clip,False,0,104,0,104,,,,,,,,,
2026-05-18T19:21:57,0,6,6,1,105,74816,105,True,1.4037433155080213e-08,,,,,,6149.8823165893555,647.270781993866,0.00032639503479003906,0.0995340347290039,1.4018025398254395,0.17888236045837402,4.466459035873413,0,41.62681281061883,26641.160198796053,0.2736817681143239,89860824.0,92961520.15554947,0.5,100000000000.0,100000000000.0,100000000000.0,1000000000.0,clip,False,0,105,0,105,,,,,,,,,
2026-05-18T19:22:04,0,6,6,1,106,74816,106,True,1.4171122994652406e-08,,,,,,6806.672096252441,647.270781993866,0.0003256797790527344,0.10230159759521484,1.3988456726074219,0.17753386497497559,5.125097274780273,0,37.610156090954675,24070.499898210994,0.2736817681143239,88961168.0,92881513.11243847,0.5,100000000000.0,100000000000.0,100000000000.0,1000000000.0,clip,False,0,106,0,106,,,,,,,,,
2026-05-18T19:22:10,0,6,6,1,107,74816,107,True,1.4304812834224599e-08,,,,,,6142.653942108154,647.270781993866,0.0003452301025390625,0.10062193870544434,1.3972954750061035,0.18317127227783203,4.458745002746582,0,41.67579720633603,26672.51021205506,0.2736817681143239,88680096.0,92797484.7701897,0.5,100000000000.0,100000000000.0,100000000000.0,1000000000.0,clip,False,0,107,0,107,,,,,,,,,
2026-05-18T19:22:16,0,6,6,1,108,74816,108,True,1.443850267379679e-08,,,,,,6151.822805404663,647.270781993866,0.00030994415283203125,0.09643697738647461,1.4059290885925293,0.17374849319458008,4.473407030105591,0,41.61368233413551,26632.756693846728,0.2736817681143239,88845048.0,92718436.03478591,0.5,100000000000.0,100000000000.0,100000000000.0,1000000000.0,clip,False,0,108,0,108,,,,,,,,,
2026-05-18T19:22:22,0,6,6,1,109,74816,109,True,1.4572192513368982e-08,,,,,,6151.070594787598,647.270781993866,0.0003094673156738281,0.0967247486114502,1.4034326076507568,0.17464041709899902,4.473897457122803,0,41.61877124559972,26636.013597183817,0.2736817681143239,88708984.0,92638246.9940902,0.5,100000000000.0,100000000000.0,100000000000.0,1000000000.0,clip,False,0,109,0,109,,,,,,,,,
2026-05-18T19:22:28,0,6,6,1,110,74816,110,True,1.4705882352941176e-08,,,,,,6151.62205696106,647.270781993866,0.00033736228942871094,0.10000133514404297,1.4015469551086426,0.180342435836792,4.466904878616333,0,41.61504033075556,26633.62581168356,0.2736817681143239,87703760.0,92539557.2542084,0.5,100000000000.0,100000000000.0,100000000000.0,1000000000.0,clip,False,0,110,0,110,,,,,,,,,
2026-05-18T19:22:35,0,6,6,1,111,74816,111,True,1.4839572192513369e-08,620.046142578125,202.4147491455078,0.7206913828849792,414.917236328125,1.9934861660003662,6146.456003189087,647.270781993866,0.00034165382385253906,0.10113716125488281,1.398946762084961,0.17911148071289062,4.464406728744507,0,41.650017484412885,26656.011190024245,0.2736817681143239,88103120.0,92450828.50912423,0.5,100000000000.0,100000000000.0,100000000000.0,1000000000.0,clip,False,0,111,0,111,616.94189453125,543.0492553710938,687.5508422851562,6150.786458333333,6159.6005859375,768.8004150390625,0.0,998.8969116210938,639294.0
2026-05-18T19:22:41,0,6,6,1,112,74816,112,True,1.497326203208556e-08,,,,,,6165.435075759888,647.270781993866,0.00028395652770996094,0.08914589881896973,1.3950769901275635,0.17472577095031738,4.472708702087402,0,41.52180614252078,26573.955931213302,0.2736817681143239,88126536.0,92364342.65894175,0.5,100000000000.0,100000000000.0,100000000000.0,1000000000.0,clip,False,0,112,0,112,,,,,,,,,
2026-05-18T19:22:47,0,6,6,1,113,74816,113,True,1.5106951871657752e-08,,,,,,6148.54621887207,647.270781993866,0.0003237724304199219,0.09190654754638672,1.4075486660003662,0.17532110214233398,4.471181869506836,0,41.63585844313005,26646.94940360323,0.2736817681143239,88726832.0,92291592.4457629,0.5,100000000000.0,100000000000.0,100000000000.0,1000000000.0,clip,False,0,113,0,113,,,,,,,,,
2026-05-18T19:22:53,0,6,6,1,114,74816,114,True,1.5240641711229947e-08,,,,,,6149.895668029785,647.270781993866,0.00032210350036621094,0.09881830215454102,1.4023401737213135,0.1839618682861328,4.462199687957764,0,41.6267224386936,26641.1023607639,0.2736817681143239,85670592.0,92159172.43684764,0.5,100000000000.0,100000000000.0,100000000000.0,1000000000.0,clip,False,0,114,0,114,,,,,,,,,
2026-05-18T19:22:59,0,6,6,1,115,74816,115,True,1.537433155080214e-08,,,,,,6150.21276473999,647.270781993866,0.0003027915954589844,0.090576171875,1.408996343612671,0.1791234016418457,4.469051361083984,0,41.62457622079076,26639.728781306087,0.2736817681143239,87739392.0,92070776.8281107,0.5,100000000000.0,100000000000.0,100000000000.0,1000000000.0,clip,False,0,115,0,115,,,,,,,,,
2026-05-18T19:23:05,0,6,6,1,116,74816,116,True,1.550802139037433e-08,,,,,,6147.367238998413,647.270781993866,0.00033211708068847656,0.09519791603088379,1.404811143875122,0.17954683303833008,4.4652040004730225,0,41.64384362397551,26652.059919344327,0.2736817681143239,87676296.0,91982887.21154848,0.5,100000000000.0,100000000000.0,100000000000.0,1000000000.0,clip,False,0,116,0,116,,,,,,,,,
2026-05-18T19:23:11,0,6,6,1,117,74816,117,True,1.5641711229946525e-08,,,,,,6156.269311904907,647.270781993866,0.0003116130828857422,0.0982370376586914,1.4031386375427246,0.18059897422790527,4.471709966659546,0,41.58362589904097,26613.520575386217,0.2736817681143239,87861312.0,91900455.7073175,0.5,100000000000.0,100000000000.0,100000000000.0,1000000000.0,clip,False,0,117,0,117,,,,,,,,,
2026-05-18T19:23:18,0,6,6,1,118,74816,118,True,1.5775401069518716e-08,,,,,,6152.22692489624,647.270781993866,0.00032448768615722656,0.09243941307067871,1.407243251800537,0.17714571952819824,4.4728827476501465,0,41.61094886861923,26631.00727591631,0.2736817681143239,88789280.0,91838232.19317114,0.5,100000000000.0,100000000000.0,100000000000.0,1000000000.0,clip,False,0,118,0,118,,,,,,,,,
2026-05-18T19:23:24,0,6,6,1,119,74816,119,True,1.5909090909090908e-08,,,,,,6142.604827880859,647.270781993866,0.0008642673492431641,0.10228371620178223,1.3951218128204346,0.18429088592529297,4.456563234329224,0,41.67613043216351,26672.723476584648,0.2736817681143239,83260888.0,91666685.30930772,0.5,100000000000.0,100000000000.0,100000000000.0,1000000000.0,clip,False,0,119,0,119,,,,,,,,,
2026-05-18T19:23:30,0,6,6,1,120,74816,120,True,1.60427807486631e-08,,,,,,6160.839796066284,647.270781993866,0.00028133392333984375,0.09022688865661621,1.412261962890625,0.17758917808532715,4.478355884552002,0,41.55277664636838,26593.77705367576,0.2736817681143239,85365064.0,91540652.88312156,0.5,100000000000.0,100000000000.0,100000000000.0,1000000000.0,clip,False,0,120,0,120,,,,,,,,,
2026-05-18T19:23:36,0,6,6,1,121,74816,121,True,1.6176470588235295e-08,631.8853149414062,202.08741760253906,0.7176129817962646,427.09234619140625,1.9879945516586304,6154.23059463501,647.270781993866,0.0003027915954589844,0.09451603889465332,1.404235601425171,0.18198943138122559,4.464866876602173,0,41.59740134260969,26622.336859270203,0.2736817681143239,87429784.0,91458435.50545914,0.5,100000000000.0,100000000000.0,100000000000.0,1000000000.0,clip,False,0,121,0,121,604.25439453125,531.1227416992188,651.5750732421875,6160.485677083333,6164.4453125,768.8004150390625,0.0,997.324462890625,638287.625
2026-05-18T19:23:42,0,6,6,1,122,74816,122,True,1.6310160427807486e-08,,,,,,6156.243085861206,647.270781993866,0.0002894401550292969,0.09366607666015625,1.3904705047607422,0.179490327835083,4.466589689254761,0,41.58380304831445,26613.633950921252,0.2736817681143239,86282168.0,91354910.15534995,0.5,100000000000.0,100000000000.0,100000000000.0,1000000000.0,clip,False,0,122,0,122,,,,,,,,,
2026-05-18T19:23:48,0,6,6,1,123,74816,123,True,1.6443850267379678e-08,,,,,,6147.811412811279,647.270781993866,0.00030040740966796875,0.09100890159606934,1.4078540802001953,0.18178153038024902,4.4646570682525635,0,41.6408348939474,26650.134332126338,0.2736817681143239,86157864.0,91250969.23224296,0.5,100000000000.0,100000000000.0,100000000000.0,1000000000.0,clip,False,0,123,0,123,,,,,,,,,
2026-05-18T19:23:55,0,6,6,1,124,74816,124,True,1.6577540106951873e-08,,,,,,6149.134397506714,647.270781993866,0.0002803802490234375,0.08879208564758301,1.412832498550415,0.1858065128326416,4.459328889846802,0,41.63187587895301,26644.400562529925,0.2736817681143239,85590424.0,91137758.3275981,0.5,100000000000.0,100000000000.0,100000000000.0,1000000000.0,clip,False,0,124,0,124,,,,,,,,,
2026-05-18T19:24:01,0,6,6,1,125,74816,125,True,1.6711229946524064e-08,,,,,,6156.682968139648,647.270781993866,0.0002803802490234375,0.08815836906433105,1.4138283729553223,0.17673993110656738,4.475610256195068,0,41.58083197149828,26611.732461758897,0.2736817681143239,86556856.0,91046140.28104614,0.5,100000000000.0,100000000000.0,100000000000.0,1000000000.0,clip,False,0,125,0,125,,,,,,,,,
2026-05-18T19:24:07,0,6,6,1,126,74816,126,True,1.6844919786096256e-08,,,,,,6151.931047439575,647.270781993866,0.0003330707550048828,0.1027677059173584,1.3942935466766357,0.20001554489135742,4.451977968215942,0,41.61295014945703,26632.288095652497,0.2736817681143239,85490960.0,90935036.67542522,0.5,100000000000.0,100000000000.0,100000000000.0,1000000000.0,clip,False,0,126,0,126,,,,,,,,,
2026-05-18T19:24:13,0,6,6,1,127,74816,127,True,1.6978609625668447e-08,,,,,,6169.209957122803,647.270781993866,0.0003445148468017578,0.10776019096374512,1.3879854679107666,0.2139286994934082,4.456599712371826,0,41.49639934112298,26557.695578318708,0.2736817681143239,86260952.0,90841554.98191671,0.5,100000000000.0,100000000000.0,100000000000.0,1000000000.0,clip,False,0,127,0,127,,,,,,,,,
2026-05-18T19:24:19,0,6,6,1,128,74816,128,True,1.7112299465240642e-08,,,,,,6124.297142028809,647.270781993866,0.000484466552734375,0.1112680435180664,1.3791067600250244,0.17938780784606934,4.449387073516846,0,41.80071509645829,26752.457661733308,0.2736817681143239,85844880.0,90741621.48227838,0.5,100000000000.0,100000000000.0,100000000000.0,1000000000.0,clip,False,0,128,0,128,,,,,,,,,
2026-05-18T19:24:25,0,6,6,1,129,74816,129,True,1.7245989304812834e-08,,,,,,6157.248735427856,647.270781993866,0.00027871131896972656,0.08937692642211914,1.4127917289733887,0.1775975227355957,4.475042819976807,0,41.57701125943079,26609.287206035708,0.2736817681143239,84174256.0,90610274.17263281,0.5,100000000000.0,100000000000.0,100000000000.0,1000000000.0,clip,False,0,129,0,129,,,,,,,,,
2026-05-18T19:24:31,0,6,6,1,130,74816,130,True,1.7379679144385025e-08,,,,,,6146.0230350494385,647.270781993866,0.0003223419189453125,0.0964667797088623,1.3993394374847412,0.17940282821655273,4.468111515045166,0,41.65295159814524,26657.889022812957,0.2736817681143239,85666664.0,90511401.96918015,0.5,100000000000.0,100000000000.0,100000000000.0,1000000000.0,clip,False,0,130,0,130,,,,,,,,,
2026-05-18T19:24:38,0,6,6,1,131,74816,131,True,1.7513368983957217e-08,607.1015014648438,199.66287231445312,0.720936119556427,404.7025451660156,2.0151095390319824,6148.770093917847,647.270781993866,0.0003342628479003906,0.09992837905883789,1.4002435207366943,0.1737818717956543,4.472137451171875,0,41.634342492855026,26645.97919542722,0.2736817681143239,86574096.0,90432655.84979655,0.5,100000000000.0,100000000000.0,100000000000.0,1000000000.0,clip,False,0,131,0,131,606.4388834635416,518.0183715820312,685.4642333984375,6151.072265625,6153.2919921875,768.8004150390625,0.0,998.850341796875,639264.125
2026-05-18T19:24:44,0,6,6,1,132,74816,132,True,1.764705882352941e-08,,,,,,6158.423185348511,647.270781993866,0.00029015541076660156,0.09904909133911133,1.3848097324371338,0.17963814735412598,4.467192888259888,0,41.56908226265596,26604.212648099816,0.2736817681143239,83844408.0,90300890.89280061,0.5,100000000000.0,100000000000.0,100000000000.0,1000000000.0,clip,False,0,132,0,132,,,,,,,,,
2026-05-18T19:24:50,0,6,6,1,133,74816,133,True,1.7780748663101607e-08,,,,,,6155.696868896484,647.270781993866,0.00032639503479003906,0.09971284866333008,1.3997547626495361,0.1895592212677002,4.463968753814697,0,41.58749292765166,26615.99547369706,0.2736817681143239,84967528.0,90194223.6349446,0.5,100000000000.0,100000000000.0,100000000000.0,1000000000.0,clip,False,0,133,0,133,,,,,,,,,
2026-05-18T19:24:56,0,6,6,1,134,74816,134,True,1.79144385026738e-08,,,,,,6144.76752281189,647.270781993866,0.0003383159637451172,0.09272217750549316,1.4088072776794434,0.18044781684875488,4.460228204727173,0,41.661462219623985,26663.33582055935,0.2736817681143239,84108736.0,90072513.8822457,0.5,100000000000.0,100000000000.0,100000000000.0,1000000000.0,clip,False,0,134,0,134,,,,,,,,,
2026-05-18T19:25:02,0,6,6,1,135,74816,135,True,1.804812834224599e-08,,,,,,6148.448467254639,647.270781993866,0.0003306865692138672,0.0909426212310791,1.4084606170654297,0.18614840507507324,4.460211515426636,0,41.63652039427555,26647.373052336352,0.2736817681143239,82765304.0,89926369.68460079,0.5,100000000000.0,100000000000.0,100000000000.0,1000000000.0,clip,False,0,135,0,135,,,,,,,,,
2026-05-18T19:25:08,0,6,6,1,136,74816,136,True,1.818181818181818e-08,,,,,,6149.523019790649,647.270781993866,0.00032639503479003906,0.09264802932739258,1.4076719284057617,0.1908113956451416,4.455792665481567,0,41.629244931050785,26642.7167558725,0.2736817681143239,84656304.0,89820968.37090877,0.5,100000000000.0,100000000000.0,100000000000.0,1000000000.0,clip,False,0,136,0,136,,,,,,,,,
2026-05-18T19:25:14,0,6,6,1,137,74816,137,True,1.8315508021390373e-08,,,,,,6155.248641967773,647.270781993866,0.0003197193145751953,0.0990302562713623,1.4027276039123535,0.18336772918701172,4.4674293994903564,0,41.59052134052529,26617.933657936188,0.2736817681143239,83023080.0,89685010.60349059,0.5,100000000000.0,100000000000.0,100000000000.0,1000000000.0,clip,False,0,137,0,137,,,,,,,,,
2026-05-18T19:25:21,0,6,6,1,138,74816,138,True,1.8449197860962565e-08,,,,,,6146.202325820923,647.270781993866,0.0003514289855957031,0.10242462158203125,1.397214651107788,0.18681859970092773,4.456725597381592,0,41.651736540548576,26657.11138595109,0.2736817681143239,84435472.0,89580019.83142078,0.5,100000000000.0,100000000000.0,100000000000.0,1000000000.0,clip,False,0,138,0,138,,,,,,,,,
2026-05-18T19:25:27,0,6,6,1,139,74816,139,True,1.858288770053476e-08,,,,,,6150.3612995147705,647.270781993866,0.00033354759216308594,0.09208154678344727,1.4099798202514648,0.18443989753723145,4.4612791538238525,0,41.62357096325333,26639.08541648213,0.2736817681143239,82931792.0,89447055.27479236,0.5,100000000000.0,100000000000.0,100000000000.0,1000000000.0,clip,False,0,139,0,139,,,,,,,,,
2026-05-18T19:25:33,0,6,6,1,140,74816,140,True,1.871657754010695e-08,,,,,,6150.313854217529,647.270781993866,0.00032711029052734375,0.09784746170043945,1.403017520904541,0.18748092651367188,4.459277629852295,0,41.62389205950035,26639.290918080223,0.2736817681143239,83515392.0,89328422.0092965,0.5,100000000000.0,100000000000.0,100000000000.0,1000000000.0,clip,False,0,140,0,140,,,,,,,,,
2026-05-18T19:25:39,0,6,6,1,141,74816,141,True,1.8850267379679143e-08,636.1708374023438,210.65975952148438,0.7196359038352966,422.81646728515625,1.9749975204467773,6150.009870529175,647.270781993866,0.0003228187561035156,0.09654021263122559,1.405134916305542,0.18343210220336914,4.462283611297607,0,41.62594945200838,26640.60764928536,0.2736817681143239,82924904.0,89200351.64911057,0.5,100000000000.0,100000000000.0,100000000000.0,1000000000.0,clip,False,0,141,0,141,604.5564778645834,510.64654541015625,682.7819213867188,6150.318359375,6162.05078125,768.8004150390625,0.0,998.9729614257812,639342.6875
2026-05-18T19:25:45,0,6,6,1,142,74816,142,True,1.8983957219251334e-08,,,,,,6177.191734313965,647.270781993866,0.00028443336486816406,0.0917363166809082,1.3976099491119385,0.18069028854370117,4.4706995487213135,0,41.44278031357419,26523.37940068748,0.2736817681143239,82198928.0,89060323.17612836,0.5,100000000000.0,100000000000.0,100000000000.0,1000000000.0,clip,False,0,142,0,142,,,,,,,,,
2026-05-18T19:25:51,0,6,6,1,143,74816,143,True,1.911764705882353e-08,,,,,,6156.653165817261,647.270781993866,0.0003230571746826172,0.09252715110778809,1.4094665050506592,0.18574881553649902,4.466349363327026,0,41.58103325055789,26611.861280357047,0.2736817681143239,81404096.0,88907198.63260579,0.5,100000000000.0,100000000000.0,100000000000.0,1000000000.0,clip,False,0,143,0,143,,,,,,,,,
2026-05-18T19:25:58,0,6,6,1,144,74816,144,True,1.925133689839572e-08,,,,,,6145.837306976318,647.270781993866,0.0003032684326171875,0.0889894962310791,1.4113924503326416,0.19139575958251953,4.451453685760498,0,41.65421035623689,26658.69462799161,0.2736817681143239,82001656.0,88769087.77995367,0.5,100000000000.0,100000000000.0,100000000000.0,1000000000.0,clip,False,0,144,0,144,,,,,,,,,
2026-05-18T19:26:04,0,6,6,1,145,74816,145,True,1.9385026737967916e-08,,,,,,6147.2814083099365,647.270781993866,0.00032591819763183594,0.10063433647155762,1.398101806640625,0.18537521362304688,4.460633277893066,0,41.64442507120911,26652.432045573834,0.2736817681143239,83126024.0,88656226.5043546,0.5,100000000000.0,100000000000.0,100000000000.0,1000000000.0,clip,False,0,145,0,145,,,,,,,,,
2026-05-18T19:26:10,0,6,6,1,146,74816,146,True,1.9518716577540107e-08,,,,,,6153.634309768677,647.270781993866,0.00031876564025878906,0.09585094451904297,1.4055089950561523,0.18402361869812012,4.465770244598389,0,41.60143211526383,26624.91655376885,0.2736817681143239,82900848.0,88541118.9342675,0.5,100000000000.0,100000000000.0,100000000000.0,1000000000.0,clip,False,0,146,0,146,,,,,,,,,
2026-05-18T19:26:16,0,6,6,1,147,74816,147,True,1.96524064171123e-08,,,,,,6150.183200836182,647.270781993866,0.00032258033752441406,0.09641599655151367,1.4023761749267578,0.18498754501342773,4.4637579917907715,0,41.624776309947016,26639.85683836609,0.2736817681143239,80059904.0,88371494.63558215,0.5,100000000000.0,100000000000.0,100000000000.0,1000000000.0,clip,False,0,147,0,147,,,,,,,,,
2026-05-18T19:26:22,0,6,6,1,148,74816,148,True,1.978609625668449e-08,,,,,,6163.4016036987305,647.270781993866,0.0004074573516845703,0.11106753349304199,1.3903369903564453,0.18857765197753906,4.469644784927368,0,41.53550530381979,26582.723394444663,0.2736817681143239,79858176.0,88201228.2628705,0.5,100000000000.0,100000000000.0,100000000000.0,1000000000.0,clip,False,0,148,0,148,,,,,,,,,
2026-05-18T19:26:28,0,6,6,1,149,74816,149,True,1.9919786096256682e-08,,,,,,6133.508205413818,647.270781993866,0.0004265308380126953,0.10985517501831055,1.3829855918884277,0.18860244750976562,4.448256492614746,0,41.737940412966005,26712.281864298242,0.2736817681143239,81465280.0,88066509.29761308,0.5,100000000000.0,100000000000.0,100000000000.0,1000000000.0,clip,False,0,149,0,149,,,,,,,,,
2026-05-18T19:26:34,0,6,6,1,150,74816,150,True,2.0053475935828874e-08,,,,,,6149.790525436401,647.270781993866,0.00031447410583496094,0.09815669059753418,1.4031920433044434,0.18695974349975586,4.458932161331177,0,41.62743412822727,26641.557842065456,0.2736817681143239,79298840.0,87891155.91166082,0.5,100000000000.0,100000000000.0,100000000000.0,1000000000.0,clip,False,0,150,0,150,,,,,,,,,
2026-05-18T19:26:41,0,6,6,1,151,74816,151,True,2.018716577540107e-08,571.1646728515625,186.92005920410156,0.7192001342773438,381.5672912597656,1.9581356048583984,6159.452676773071,647.270781993866,0.00032806396484375,0.09571409225463867,1.4057543277740479,0.18240070343017578,4.472959756851196,0,41.56213440284406,26599.7660178202,0.2736817681143239,80936384.0,87752060.47342761,0.5,100000000000.0,100000000000.0,100000000000.0,1000000000.0,clip,False,0,151,0,151,598.2009684244791,523.0301513671875,654.5228881835938,6150.462239583333,6159.45263671875,768.8004150390625,0.0,998.9495849609375,639327.75
2026-05-18T19:26:47,0,6,6,1,152,74816,152,True,2.032085561497326e-08,,,,,,6155.543565750122,647.270781993866,0.0002715587615966797,0.09057235717773438,1.3934321403503418,0.17791414260864258,4.470307111740112,0,41.588528659662494,26616.658342183993,0.2736817681143239,79546232.0,87587943.90395905,0.5,100000000000.0,100000000000.0,100000000000.0,1000000000.0,clip,False,0,152,0,152,,,,,,,,,
2026-05-18T19:26:53,0,6,6,1,153,74816,153,True,2.0454545454545455e-08,,,,,,6148.019313812256,647.270781993866,0.00029754638671875,0.09434962272644043,1.4045193195343018,0.18355965614318848,4.4631288051605225,0,41.639426770320256,26649.233133004964,0.2736817681143239,79763440.0,87431453.82587987,0.5,100000000000.0,100000000000.0,100000000000.0,1000000000.0,clip,False,0,153,0,153,,,,,,,,,
2026-05-18T19:26:59,0,6,6,1,154,74816,154,True,2.0588235294117647e-08,,,,,,6149.589061737061,647.270781993866,0.00029206275939941406,0.09039449691772461,1.410202980041504,0.1771843433380127,4.469275951385498,0,41.62879786437116,26642.430633197542,0.2736817681143239,81817760.0,87319179.94936228,0.5,100000000000.0,100000000000.0,100000000000.0,1000000000.0,clip,False,0,154,0,154,,,,,,,,,
2026-05-18T19:27:05,0,6,6,1,155,74816,155,True,2.0721925133689838e-08,,,,,,6155.171871185303,647.270781993866,0.00029349327087402344,0.09495925903320312,1.4059829711914062,0.1827096939086914,4.46903133392334,0,41.59104008101435,26618.265651849182,0.2736817681143239,79415768.0,87161111.71037503,0.5,100000000000.0,100000000000.0,100000000000.0,1000000000.0,clip,False,0,155,0,155,,,,,,,,,
2026-05-18T19:27:11,0,6,6,1,156,74816,156,True,2.0855614973262033e-08,,,,,,6146.821022033691,647.270781993866,0.0003032684326171875,0.08803534507751465,1.411644697189331,0.17899107933044434,4.465634107589722,0,41.64754416670843,26654.428266693394,0.2736817681143239,79356368.0,87005016.83616753,0.5,100000000000.0,100000000000.0,100000000000.0,1000000000.0,clip,False,0,156,0,156,,,,,,,,,
2026-05-18T19:27:18,0,6,6,1,157,74816,157,True,2.0989304812834225e-08,,,,,,6151.424407958984,647.270781993866,0.0003218650817871094,0.10247969627380371,1.3954811096191406,0.18797755241394043,4.462846755981445,0,41.6163774472748,26634.48156625587,0.2736817681143239,79976368.0,86864443.85944417,0.5,100000000000.0,100000000000.0,100000000000.0,1000000000.0,clip,False,0,157,0,157,,,,,,,,,
2026-05-18T19:27:24,0,6,6,1,158,74816,158,True,2.1122994652406416e-08,,,,,,6145.4527378082275,647.270781993866,0.00035834312438964844,0.09767532348632812,1.4021284580230713,0.17812633514404297,4.4644935131073,0,41.656816986815244,26660.362871561752,0.2736817681143239,79027056.0,86707696.10225528,0.5,100000000000.0,100000000000.0,100000000000.0,1000000000.0,clip,False,0,158,0,158,,,,,,,,,
2026-05-18T19:27:30,0,6,6,1,159,74816,159,True,2.1256684491978608e-08,,,,,,6149.619817733765,647.270781993866,0.0003380775451660156,0.09422111511230469,1.406935453414917,0.17648768424987793,4.469293832778931,0,41.628589666920284,26642.29738682898,0.2736817681143239,78324928.0,86540040.74021018,0.5,100000000000.0,100000000000.0,100000000000.0,1000000000.0,clip,False,0,159,0,159,,,,,,,,,
2026-05-18T19:27:36,0,6,6,1,160,74816,160,True,2.13903743315508e-08,,,,,,6150.676250457764,647.270781993866,0.00030875205993652344,0.09047913551330566,1.4116652011871338,0.17593669891357422,4.469940662384033,0,41.621439590638055,26637.721338008356,0.2736817681143239,78880864.0,86386857.20540597,0.5,100000000000.0,100000000000.0,100000000000.0,1000000000.0,clip,False,0,160,0,160,,,,,,,,,
2026-05-18T19:27:42,0,6,6,1,161,74816,161,True,2.152406417112299e-08,597.10400390625,203.02333068847656,0.7201599478721619,391.3518371582031,2.00866436958313,6149.629592895508,647.270781993866,0.00033974647521972656,0.09411001205444336,1.4071013927459717,0.17811346054077148,4.467817783355713,0,41.62852349607357,26642.255037487084,0.2736817681143239,76619304.0,86191506.14129785,0.5,100000000000.0,100000000000.0,100000000000.0,1000000000.0,clip,False,0,161,0,161,567.3617350260416,488.2982482910156,627.2603149414062,6150.458333333333,6156.61865234375,768.8004150390625,0.0,998.9500122070312,639328.0
2026-05-18T19:27:48,0,6,6,1,162,74816,162,True,2.1657754010695186e-08,,,,,,6161.99803352356,647.270781993866,0.00027751922607421875,0.09075450897216797,1.3936569690704346,0.1800234317779541,4.465946197509766,0,41.5449661955854,26588.778365174658,0.2736817681143239,79512184.0,86057919.69847189,0.5,100000000000.0,100000000000.0,100000000000.0,1000000000.0,clip,False,0,162,0,162,,,,,,,,,
2026-05-18T19:27:54,0,6,6,1,163,74816,163,True,2.179144385026738e-08,,,,,,6149.736642837524,647.270781993866,0.00031113624572753906,0.0920557975769043,1.408419132232666,0.17510080337524414,4.471646547317505,0,41.62779885837194,26641.791269358044,0.2736817681143239,78255984.0,85901880.98450245,0.5,100000000000.0,100000000000.0,100000000000.0,1000000000.0,clip,False,0,163,0,163,,,,,,,,,
2026-05-18T19:28:01,0,6,6,1,164,74816,164,True,2.1925133689839573e-08,,,,,,6149.763584136963,647.270781993866,0.0003190040588378906,0.09661126136779785,1.405186414718628,0.18070673942565918,4.4647276401519775,0,41.62761649250069,26641.674555200443,0.2736817681143239,78006264.0,85743968.6448124,0.5,100000000000.0,100000000000.0,100000000000.0,1000000000.0,clip,False,0,164,0,164,,,,,,,,,
2026-05-18T19:28:07,0,6,6,1,165,74816,165,True,2.2058823529411764e-08,,,,,,6154.285907745361,647.270781993866,0.00032210350036621094,0.09174776077270508,1.4100992679595947,0.18256878852844238,4.4674530029296875,0,41.597027476057946,26622.097584677085,0.2736817681143239,78427328.0,85597635.83191615,0.5,100000000000.0,100000000000.0,100000000000.0,1000000000.0,clip,False,0,165,0,165,,,,,,,,,
2026-05-18T19:28:13,0,6,6,1,166,74816,166,True,2.2192513368983956e-08,,,,,,6145.522356033325,647.270781993866,0.0003223419189453125,0.0919497013092041,1.4056181907653809,0.1762545108795166,4.469212293624878,0,41.656345086544796,26660.06085538867,0.2736817681143239,78566160.0,85457006.31527783,0.5,100000000000.0,100000000000.0,100000000000.0,1000000000.0,clip,False,0,166,0,166,,,,,,,,,
2026-05-18T19:28:19,0,6,6,1,167,74816,167,True,2.2326203208556147e-08,,,,,,6153.17702293396,647.270781993866,0.00031113624572753906,0.09787464141845703,1.4042742252349854,0.17555952072143555,4.4728171825408936,0,41.604523816858105,26626.89524278919,0.2736817681143239,75726432.0,85262394.82897227,0.5,100000000000.0,100000000000.0,100000000000.0,1000000000.0,clip,False,0,167,0,167,,,,,,,,,
2026-05-18T19:28:25,0,6,6,1,168,74816,168,True,2.2459893048128342e-08,,,,,,6148.918867111206,647.270781993866,0.0003294944763183594,0.09292888641357422,1.4007375240325928,0.18089699745178223,4.466707944869995,0,41.63333514925204,26645.334495521303,0.2736817681143239,75834472.0,85073836.37239282,0.5,100000000000.0,100000000000.0,100000000000.0,1000000000.0,clip,False,0,168,0,168,,,,,,,,,
2026-05-18T19:28:31,0,6,6,1,169,74816,169,True,2.2593582887700534e-08,,,,,,6154.011249542236,647.270781993866,0.0003948211669921875,0.09641909599304199,1.4060449600219727,0.17772483825683594,4.470885515213013,0,41.598883983035044,26623.285749142426,0.2736817681143239,76603880.0,84904437.24494496,0.5,100000000000.0,100000000000.0,100000000000.0,1000000000.0,clip,False,0,169,0,169,,,,,,,,,
2026-05-18T19:28:37,0,6,6,1,170,74816,170,True,2.2727272727272725e-08,,,,,,6144.143342971802,647.270781993866,0.0003380775451660156,0.09793448448181152,1.3999967575073242,0.18912363052368164,4.45417857170105,0,41.66569458260357,26666.044532866286,0.2736817681143239,76373072.0,84733809.94004606,0.5,100000000000.0,100000000000.0,100000000000.0,1000000000.0,clip,False,0,170,0,170,,,,,,,,,
2026-05-18T19:28:44,0,6,6,1,171,74816,171,True,2.2860962566844917e-08,578.4121704101562,189.6422576904297,0.7213412523269653,386.0457763671875,2.0028088092803955,6149.343252182007,647.270781993866,0.0003094673156738281,0.09409737586975098,1.4080181121826172,0.19894886016845703,4.445716619491577,0,41.63046190488099,26643.495619123834,0.2736817681143239,75068160.0,84540496.94124514,0.5,100000000000.0,100000000000.0,100000000000.0,1000000000.0,clip,False,0,171,0,171,565.9637858072916,514.614013671875,612.7957763671875,6150.322916666667,6153.490234375,768.8004150390625,0.0,998.9720458984375,639342.125
2026-05-18T19:28:50,0,6,6,1,172,74816,172,True,2.299465240641711e-08,,,,,,6161.085844039917,647.270781993866,0.0002796649932861328,0.08905911445617676,1.3952360153198242,0.1913013458251953,4.452174663543701,0,41.55111720244056,26592.715009561958,0.2736817681143239,75707240.0,84363831.80242023,0.5,100000000000.0,100000000000.0,100000000000.0,1000000000.0,clip,False,0,172,0,172,,,,,,,,,
2026-05-18T19:28:56,0,6,6,1,173,74816,173,True,2.3128342245989307e-08,,,,,,6153.02300453186,647.270781993866,0.00030803680419921875,0.09024524688720703,1.4108481407165527,0.20089149475097656,4.448571681976318,0,41.60556523378011,26627.561749619268,0.2736817681143239,75068920.0,84177933.56637183,0.5,100000000000.0,100000000000.0,100000000000.0,1000000000.0,clip,False,0,173,0,173,,,,,,,,,
2026-05-18T19:29:02,0,6,6,1,174,74816,174,True,2.3262032085561498e-08,,,,,,6146.822214126587,647.270781993866,0.0002982616424560547,0.09636521339416504,1.4028244018554688,0.20059657096862793,4.44446873664856,0,41.647536089731446,26654.423097428127,0.2736817681143239,74087368.0,83976122.25504439,0.5,100000000000.0,100000000000.0,100000000000.0,1000000000.0,clip,False,0,174,0,174,,,,,,,,,
2026-05-18T19:29:08,0,6,6,1,175,74816,175,True,2.339572192513369e-08,,,,,,6150.591850280762,647.270781993866,0.00029015541076660156,0.08862519264221191,1.4131441116333008,0.2041623592376709,4.442123174667358,0,41.622010731912596,26638.08686842406,0.2736817681143239,75062280.0,83797845.40994349,0.5,100000000000.0,100000000000.0,100000000000.0,1000000000.0,clip,False,0,175,0,175,,,,,,,,,
2026-05-18T19:29:14,0,6,6,1,176,74816,176,True,2.352941176470588e-08,,,,,,6149.065017700195,647.270781993866,0.000278472900390625,0.09252548217773438,1.4093191623687744,0.19376420974731445,4.451042413711548,0,41.632345610771615,26644.701190893833,0.2736817681143239,73494392.0,83591776.34174462,0.5,100000000000.0,100000000000.0,100000000000.0,1000000000.0,clip,False,0,176,0,176,,,,,,,,,
2026-05-18T19:29:21,0,6,6,1,177,74816,177,True,2.3663101604278073e-08,,,,,,6151.663064956665,647.270781993866,0.0002818107604980469,0.09687089920043945,1.4041941165924072,0.20266509056091309,4.445443391799927,0,41.61476291806684,26633.448267562773,0.2736817681143239,74524088.0,83410422.57490973,0.5,100000000000.0,100000000000.0,100000000000.0,1000000000.0,clip,False,0,177,0,177,,,,,,,,,
2026-05-18T19:29:27,0,6,6,1,178,74816,178,True,2.3796791443850265e-08,,,,,,6153.736114501953,647.270781993866,0.0002818107604980469,0.08980369567871094,1.4116075038909912,0.20058989524841309,4.449246406555176,0,41.60074387926839,26624.476082731773,0.2736817681143239,73879976.0,83219813.64341153,0.5,100000000000.0,100000000000.0,100000000000.0,1000000000.0,clip,False,0,178,0,178,,,,,,,,,
2026-05-18T19:29:33,0,6,6,1,179,74816,179,True,2.393048128342246e-08,,,,,,6150.588274002075,647.270781993866,0.0002994537353515625,0.09738469123840332,1.401555061340332,0.21030545234680176,4.438996315002441,0,41.62203493316022,26638.102357222542,0.2736817681143239,73701304.0,83029443.4505433,0.5,100000000000.0,100000000000.0,100000000000.0,1000000000.0,clip,False,0,179,0,179,,,,,,,,,
2026-05-18T19:29:39,0,6,6,1,180,74816,180,True,2.406417112299465e-08,,,,,,6149.582624435425,647.270781993866,0.0004134178161621094,0.09590530395507812,1.402841567993164,0.2050483226776123,4.442925214767456,0,41.62884144084536,26642.45852214103,0.2736817681143239,74867240.0,82866199.38153243,0.5,100000000000.0,100000000000.0,100000000000.0,1000000000.0,clip,False,0,180,0,180,,,,,,,,,
2026-05-18T19:29:45,0,6,6,1,181,74816,181,True,2.4197860962566843e-08,571.1536865234375,186.50706481933594,0.7188319563865662,381.930419921875,1.9973511695861816,6148.334264755249,647.270781993866,0.0003170967102050781,0.09371542930603027,1.4052391052246094,0.20251679420471191,4.444139719009399,0,41.63729377361541,26647.86801511386,0.2736817681143239,73833368.0,82685542.75390178,0.5,100000000000.0,100000000000.0,100000000000.0,1000000000.0,clip,False,0,181,0,181,579.659423828125,537.8135375976562,622.4334716796875,6148.453125,6152.53955078125,768.8004150390625,0.0,999.2760009765625,639536.625
2026-05-18T19:29:51,0,6,6,1,182,74816,182,True,2.4331550802139034e-08,,,,,,6157.424211502075,647.270781993866,0.00029349327087402344,0.09554767608642578,1.389054298400879,0.2073054313659668,4.438525915145874,0,41.575826385616196,26608.528886794367,0.2736817681143239,73268568.0,82497203.25882374,0.5,100000000000.0,100000000000.0,100000000000.0,1000000000.0,clip,False,0,182,0,182,,,,,,,,,
2026-05-18T19:29:57,0,6,6,1,183,74816,183,True,2.446524064171123e-08,,,,,,6153.066873550415,647.270781993866,0.0003199577331542969,0.09410285949707031,1.4061195850372314,0.2018117904663086,4.448492050170898,0,41.605268601978324,26627.371905266125,0.2736817681143239,71037512.0,82268009.43364726,0.5,100000000000.0,100000000000.0,100000000000.0,1000000000.0,clip,False,0,183,0,183,,,,,,,,,
2026-05-18T19:30:04,0,6,6,1,184,74816,184,True,2.4598930481283424e-08,,,,,,6147.512912750244,647.270781993866,0.0003352165222167969,0.10088396072387695,1.3983826637268066,0.2020561695098877,4.443562746047974,0,41.64285681597242,26651.428362222352,0.2736817681143239,70782976.0,82038308.76497431,0.5,100000000000.0,100000000000.0,100000000000.0,1000000000.0,clip,False,0,184,0,184,,,,,,,,,
2026-05-18T19:30:10,0,6,6,1,185,74816,185,True,2.4732620320855616e-08,,,,,,6156.051158905029,647.270781993866,0.0003254413604736328,0.0929105281829834,1.4069390296936035,0.19559645652770996,4.458094596862793,0,41.58509950484792,26614.46368310267,0.2736817681143239,72611600.0,81849774.58967483,0.5,100000000000.0,100000000000.0,100000000000.0,1000000000.0,clip,False,0,185,0,185,,,,,,,,,
2026-05-18T19:30:16,0,6,6,1,186,74816,186,True,2.4866310160427807e-08,,,,,,6142.231225967407,647.270781993866,0.0003495216369628906,0.1004483699798584,1.3966317176818848,0.18301606178283691,4.459444761276245,0,41.67866538754079,26674.345848026103,0.2736817681143239,72841224.0,81669603.57788134,0.5,100000000000.0,100000000000.0,100000000000.0,1000000000.0,clip,False,0,186,0,186,,,,,,,,,
2026-05-18T19:30:22,0,6,6,1,187,74816,187,True,2.5e-08,,,,,,6149.789094924927,647.270781993866,0.0003097057342529297,0.10048890113830566,1.4017081260681152,0.18506336212158203,4.45989990234375,0,41.627443811245875,26641.564039197357,0.2736817681143239,70788320.0,81451977.90632372,0.5,100000000000.0,100000000000.0,100000000000.0,1000000000.0,clip,False,0,187,0,187,,,,,,,,,
2026-05-18T19:30:28,0,6,6,1,188,74816,188,True,2.513368983957219e-08,,,,,,6150.57373046875,647.270781993866,0.0003032684326171875,0.09800219535827637,1.4043986797332764,0.20283102989196777,4.442826509475708,0,41.62213335185718,26638.165345188598,0.2736817681143239,69961304.0,81222164.42819723,0.5,100000000000.0,100000000000.0,100000000000.0,1000000000.0,clip,False,0,188,0,188,,,,,,,,,
2026-05-18T19:30:34,0,6,6,1,189,74816,189,True,2.5267379679144382e-08,,,,,,6151.551008224487,647.270781993866,0.00030994415283203125,0.09101724624633789,1.4104993343353271,0.20655393600463867,4.441004753112793,0,41.61552097312266,26633.933422798502,0.2736817681143239,71796080.0,81033642.73963328,0.5,100000000000.0,100000000000.0,100000000000.0,1000000000.0,clip,False,0,189,0,189,,,,,,,,,
2026-05-18T19:30:41,0,6,6,1,190,74816,190,True,2.5401069518716577e-08,,,,,,6148.491621017456,647.270781993866,0.0003199577331542969,0.09494948387145996,1.4052655696868896,0.20338749885559082,4.442328453063965,0,41.63622816446759,26647.18602525926,0.2736817681143239,70755848.0,80828086.84484062,0.5,100000000000.0,100000000000.0,100000000000.0,1000000000.0,clip,False,0,190,0,190,,,,,,,,,
2026-05-18T19:30:47,0,6,6,1,191,74816,191,True,2.553475935828877e-08,628.562744140625,217.95570373535156,0.7201245427131653,407.8746337890625,2.0122761726379395,6155.372619628906,647.270781993866,0.0003921985626220703,0.10478639602661133,1.3961372375488281,0.1840808391571045,4.467644691467285,0,41.589683650286254,26617.3975361832,0.2736817681143239,69595128.0,80603427.6679438,0.5,100000000000.0,100000000000.0,100000000000.0,1000000000.0,clip,False,0,191,0,191,549.2158610026041,488.6321716308594,628.562744140625,6151.795572916667,6155.37255859375,768.8004150390625,0.0,998.73291015625,639189.0
2026-05-18T19:30:53,0,6,6,1,192,74816,192,True,2.5668449197860963e-08,,,,,,6263.87619972229,647.270781993866,0.00032901763916015625,0.09577322006225586,1.3887875080108643,0.1979672908782959,4.556182146072388,0,40.86926239240645,26156.327931140127,0.2736817681143239,71075312.0,80412865.35458492,0.5,100000000000.0,100000000000.0,100000000000.0,1000000000.0,clip,False,0,192,0,192,,,,,,,,,
2026-05-18T19:30:59,0,6,6,1,193,74816,193,True,2.5802139037433155e-08,,,,,,6151.604413986206,647.270781993866,0.00031948089599609375,0.09411311149597168,1.405327558517456,0.20214009284973145,4.447523832321167,0,41.61515968386423,26633.70219767311,0.2736817681143239,68910592.0,80182819.88749322,0.5,100000000000.0,100000000000.0,100000000000.0,1000000000.0,clip,False,0,193,0,193,,,,,,,,,
2026-05-18T19:31:05,0,6,6,1,194,74816,194,True,2.5935828877005347e-08,,,,,,6149.375200271606,647.270781993866,0.00031280517578125,0.09743666648864746,1.4020211696624756,0.19744014739990234,4.449924468994141,0,41.63024562051328,26643.3571971285,0.2736817681143239,68309240.0,79945348.28974335,0.5,100000000000.0,100000000000.0,100000000000.0,1000000000.0,clip,False,0,194,0,194,,,,,,,,,
2026-05-18T19:31:11,0,6,6,1,195,74816,195,True,2.6069518716577538e-08,,,,,,6152.0586013793945,647.270781993866,0.0003066062927246094,0.1003868579864502,1.4013168811798096,0.1981949806213379,4.449483871459961,0,41.612087365780376,26631.73591409944,0.2736817681143239,68967104.0,79725783.40394849,0.5,100000000000.0,100000000000.0,100000000000.0,1000000000.0,clip,False,0,195,0,195,,,,,,,,,
2026-05-18T19:31:18,0,6,6,1,196,74816,196,True,2.6203208556149733e-08,,,,,,6147.042751312256,647.270781993866,0.0003516674041748047,0.10175490379333496,1.3968842029571533,0.18342089653015137,4.462366342544556,0,41.64604190288895,26653.46681784893,0.2736817681143239,70380296.0,79538873.65586951,0.5,100000000000.0,100000000000.0,100000000000.0,1000000000.0,clip,False,0,196,0,196,,,,,,,,,
2026-05-18T19:31:24,0,6,6,1,197,74816,197,True,2.6336898395721925e-08,,,,,,6235.736846923828,647.270781993866,0.000370025634765625,0.10054802894592285,1.4010496139526367,0.18125200271606445,4.55009126663208,0,41.053688807648804,26274.360836895234,0.2736817681143239,68922392.0,79326544.02275212,0.5,100000000000.0,100000000000.0,100000000000.0,1000000000.0,clip,False,0,197,0,197,,,,,,,,,
2026-05-18T19:31:30,0,6,6,1,198,74816,198,True,2.6470588235294116e-08,,,,,,6149.345636367798,647.270781993866,0.0003142356872558594,0.09289240837097168,1.4082763195037842,0.18826007843017578,4.457446813583374,0,41.63044576417894,26643.485289074517,0.2736817681143239,68962104.0,79119255.22229707,0.5,100000000000.0,100000000000.0,100000000000.0,1000000000.0,clip,False,0,198,0,198,,,,,,,,,
2026-05-18T19:31:36,0,6,6,1,199,74816,199,True,2.6604278074866308e-08,,,,,,6437.233924865723,647.270781993866,0.0003104209899902344,0.8557746410369873,0.6460409164428711,0.1822826862335205,4.750653505325317,0,39.768634010817,25451.925766922883,0.2736817681143239,67420672.0,78885283.55785112,0.5,100000000000.0,100000000000.0,100000000000.0,1000000000.0,clip,False,0,199,0,199,,,,,,,,,
2026-05-18T19:31:43,0,6,6,1,200,74816,200,True,2.67379679144385e-08,,,,,,6151.698589324951,647.270781993866,0.00031757354736328125,0.09616208076477051,1.405632734298706,0.18318438529968262,4.464496612548828,0,41.614522604250645,26633.294466720414,0.2736817681143239,66436436.0,78636306.6066941,0.5,100000000000.0,100000000000.0,100000000000.0,1000000000.0,clip,False,0,200,0,200,,,,,,,,,
2026-05-18T19:31:49,0,6,6,1,201,74816,201,True,2.687165775401069e-08,553.1466064453125,198.4499053955078,0.7202868461608887,351.981689453125,1.994728446006775,6150.593280792236,647.270781993866,0.0003235340118408203,0.09789395332336426,1.401813268661499,0.18001198768615723,4.4685447216033936,0,41.62200105142142,26638.08067290971,0.2736659640870449,66018268.0,78383945.83456022,0.5,7863630660.669411,100000000000.0,100000000000.0,1000000000.0,clip,False,0,201,0,201,552.5367024739584,499.5079040527344,603.2661743164062,6150.046223958333,6153.0234375,768.8004150390625,0.0,999.016845703125,639370.875
2026-05-18T19:31:55,0,6,6,1,202,74816,202,True,2.700534759358289e-08,,,,,,6170.702695846558,647.270781993866,0.00031065940856933594,0.09598016738891602,1.3883423805236816,0.18332910537719727,4.4743592739105225,0,41.48636105452159,26551.271074893815,0.2736659640870449,66378120.0,78143829.31786902,0.5,7838394583.456021,100000000000.0,100000000000.0,1000000000.0,clip,False,0,202,0,202,,,,,,,,,
2026-05-18T19:32:01,0,6,6,1,203,74816,203,True,2.713903743315508e-08,,,,,,6142.4853801727295,647.270781993866,0.000385284423828125,0.10471844673156738,1.3909351825714111,0.20688819885253906,4.4366233348846436,0,41.676940872556244,26673.242158435994,0.2736659640870449,65047664.0,77881906.01151164,0.5,7814382931.786902,100000000000.0,100000000000.0,1000000000.0,clip,False,0,203,0,203,,,,,,,,,
2026-05-18T19:32:07,0,6,6,1,204,74816,204,True,2.7272727272727272e-08,,,,,,6151.556491851807,647.270781993866,0.0003426074981689453,0.10577750205993652,1.3936452865600586,0.1974329948425293,4.45140266418457,0,41.61548387616874,26633.909680747995,0.2736659640870449,66362900.0,77651525.89128141,0.5,7788190601.151164,100000000000.0,100000000000.0,1000000000.0,clip,False,0,204,0,204,,,,,,,,,
2026-05-18T19:32:13,0,6,6,1,205,74816,205,True,2.7406417112299464e-08,,,,,,6148.955583572388,647.270781993866,0.0003447532653808594,0.10367488861083984,1.3921382427215576,0.20199298858642578,4.448266983032227,0,41.63308654951618,26645.175391690358,0.2736659640870449,67577416.0,77450043.69345579,0.5,7765152589.128141,100000000000.0,100000000000.0,1000000000.0,clip,False,0,205,0,205,,,,,,,,,
2026-05-18T19:32:19,0,6,6,1,206,74816,206,True,2.7540106951871656e-08,,,,,,6147.003889083862,647.270781993866,0.00033545494079589844,0.103973388671875,1.3917691707611084,0.19598007202148438,4.451954364776611,0,41.646305195058815,26653.635324837644,0.2736659640870449,64185820.0,77184759.21958667,0.5,7745004369.345578,100000000000.0,100000000000.0,1000000000.0,clip,False,0,206,0,206,,,,,,,,,
2026-05-18T19:32:26,0,6,6,1,207,74816,207,True,2.767379679144385e-08,,,,,,6148.623466491699,647.270781993866,0.00033473968505859375,0.10571694374084473,1.392223596572876,0.1967618465423584,4.451022148132324,0,41.63533535516191,26646.61462730362,0.2736659640870449,66562800.0,76972320.03519493,0.5,7718475921.958667,100000000000.0,100000000000.0,1000000000.0,clip,False,0,207,0,207,,,,,,,,,
2026-05-18T19:32:32,0,6,6,1,208,74816,208,True,2.7807486631016042e-08,,,,,,6231.539249420166,647.270781993866,0.0003306865692138672,0.09986996650695801,1.4047589302062988,0.19407320022583008,4.529635429382324,0,41.081342787629936,26292.059384083157,0.2736659640870449,64594580.0,76724765.23449102,0.5,7697232003.519493,100000000000.0,100000000000.0,1000000000.0,clip,False,0,208,0,208,,,,,,,,,
2026-05-18T19:32:38,0,6,6,1,209,74816,209,True,2.7941176470588234e-08,,,,,,6150.474548339844,647.270781993866,0.0003445148468017578,0.10440206527709961,1.3949532508850098,0.19844508171081543,4.4493842124938965,0,41.62280454751257,26638.594910408046,0.2736659640870449,65955304.0,76509376.0098012,0.5,7672476523.449102,100000000000.0,100000000000.0,1000000000.0,clip,False,0,209,0,209,,,,,,,,,
2026-05-18T19:32:44,0,6,6,1,210,74816,210,True,2.8074866310160425e-08,,,,,,6149.3964195251465,647.270781993866,0.0003490447998046875,0.10581851005554199,1.3903377056121826,0.2023763656616211,4.447809457778931,0,41.63010197019762,26643.265260926477,0.2736659640870449,65416528.0,76287519.04960518,0.5,7650937600.98012,100000000000.0,100000000000.0,1000000000.0,clip,False,0,210,0,210,,,,,,,,,
2026-05-18T19:32:50,0,6,6,1,211,74816,211,True,2.8208556149732617e-08,528.92822265625,187.77835083007812,0.7189183831214905,338.4229431152344,2.00801682472229,6148.370981216431,647.270781993866,0.00036263465881347656,0.10161161422729492,1.3946149349212646,0.19687843322753906,4.452461242675781,0,41.6370451266022,26647.70888102541,0.2736659640870449,63979412.0,76041356.90861307,0.5,7628751904.960518,100000000000.0,100000000000.0,1000000000.0,clip,False,0,211,0,211,552.7822672526041,493.17620849609375,607.4188232421875,6150.567057291667,6157.41796875,768.8004150390625,0.0,998.9324951171875,639316.8125
2026-05-18T19:32:56,0,6,6,1,212,74816,212,True,2.8342245989304812e-08,,,,,,6155.526638031006,647.270781993866,0.0003132820129394531,0.10281014442443848,1.382491111755371,0.1871168613433838,4.45795464515686,0,41.58864302825725,26616.73153808464,0.2736659640870449,62386404.0,75768257.8504408,0.5,7604135690.861307,100000000000.0,100000000000.0,1000000000.0,clip,False,0,212,0,212,,,,,,,,,
2026-05-18T19:33:03,0,6,6,1,213,74816,213,True,2.8475935828877007e-08,,,,,,6150.359153747559,647.270781993866,0.0002913475036621094,0.09376907348632812,1.4075353145599365,0.19095540046691895,4.455669403076172,0,41.62358548508719,26639.0947104558,0.2736659640870449,64114820.0,75535189.093432,0.5,7576825785.04408,100000000000.0,100000000000.0,1000000000.0,clip,False,0,213,0,213,,,,,,,,,
2026-05-18T19:33:09,0,6,6,1,214,74816,214,True,2.8609625668449198e-08,,,,,,6156.815052032471,647.270781993866,0.0002834796905517578,0.10202860832214355,1.3997278213500977,0.1793534755706787,4.473015069961548,0,41.579939926161984,26611.16155274367,0.2736659640870449,62101540.0,75266516.11156335,0.5,7553518909.3432,100000000000.0,100000000000.0,1000000000.0,clip,False,0,214,0,214,,,,,,,,,
2026-05-18T19:33:15,0,6,6,1,215,74816,215,True,2.874331550802139e-08,,,,,,6150.466203689575,647.270781993866,0.00033974647521972656,0.10265970230102539,1.3928074836730957,0.18967866897583008,4.462236166000366,0,41.62286101928815,26638.631052344415,0.2736659640870449,62119232.0,75003570.42933209,0.5,7526651611.156336,100000000000.0,100000000000.0,1000000000.0,clip,False,0,215,0,215,,,,,,,,,
2026-05-18T19:33:21,0,6,6,1,216,74816,216,True,2.887700534759358e-08,,,,,,6147.268295288086,647.270781993866,0.00032806396484375,0.09823870658874512,1.3962383270263672,0.18634819984436035,4.463284254074097,0,41.64451390485517,26652.488899107306,0.2736659640870449,62033536.0,74744169.74074546,0.5,7500357042.933209,100000000000.0,100000000000.0,1000000000.0,clip,False,0,216,0,216,,,,,,,,,
2026-05-18T19:33:27,0,6,6,1,217,74816,217,True,2.9010695187165773e-08,,,,,,6153.6359786987305,647.270781993866,0.0003323554992675781,0.10454273223876953,1.3926804065704346,0.18159031867980957,4.471850872039795,0,41.60142083252293,26624.909332814677,0.2736659640870449,61189772.0,74473081.78593054,0.5,7474416974.074546,100000000000.0,100000000000.0,1000000000.0,clip,False,0,217,0,217,,,,,,,,,
2026-05-18T19:33:33,0,6,6,1,218,74816,218,True,2.9144385026737965e-08,,,,,,6147.774457931519,647.270781993866,0.0003314018249511719,0.09908199310302734,1.3962736129760742,0.18596386909484863,4.4629528522491455,0,41.6410852011207,26650.294528717248,0.2736659640870449,61468856.0,74212997.27021194,0.5,7447308178.593055,100000000000.0,100000000000.0,1000000000.0,clip,False,0,218,0,218,,,,,,,,,
2026-05-18T19:33:39,0,6,6,1,219,74816,219,True,2.927807486631016e-08,,,,,,6156.277179718018,647.270781993866,0.00032520294189453125,0.10281920433044434,1.3948240280151367,0.17676711082458496,4.478964328765869,0,41.58357275455324,26613.486562914073,0.2736659640870449,60956636.0,73947870.04480769,0.5,7421299727.0211935,100000000000.0,100000000000.0,1000000000.0,clip,False,0,219,0,219,,,,,,,,,
2026-05-18T19:33:46,0,6,6,1,220,74816,220,True,2.941176470588235e-08,,,,,,6146.4643478393555,647.270781993866,0.00033974647521972656,0.09819912910461426,1.3926985263824463,0.20160913467407227,4.45108962059021,0,41.6499609389243,26655.975000911556,0.2736659640870449,60486212.0,73678636.88391152,0.5,7394787004.480769,100000000000.0,100000000000.0,1000000000.0,clip,False,0,220,0,220,,,,,,,,,
2026-05-18T19:33:52,0,6,6,1,221,74816,221,True,2.9545454545454543e-08,543.5234985351562,196.9755096435547,0.71803879737854,343.8427734375,1.9871973991394043,6143.916845321655,647.270781993866,0.0005521774291992188,0.10734939575195312,1.3873085975646973,0.18006491661071777,4.463411569595337,0,41.66723060305311,26667.02758595399,0.2736659640870449,60243380.0,73409931.74623328,0.5,7367863688.391152,100000000000.0,100000000000.0,1000000000.0,clip,False,0,221,0,221,530.5683186848959,473.00701904296875,598.6720581054688,6150.180989583333,6153.35546875,768.8004150390625,0.0,998.9950561523438,639356.8125
2026-05-18T19:33:58,0,6,6,1,222,74816,222,True,2.9679144385026738e-08,,,,,,6154.688358306885,647.270781993866,0.00030159950256347656,0.10023641586303711,1.3840641975402832,0.18541383743286133,4.4580419063568115,0,41.59430747691406,26620.356785225,0.2736659640870449,59943016.0,73140593.43130863,0.5,7340993174.623328,100000000000.0,100000000000.0,1000000000.0,clip,False,0,222,0,222,,,,,,,,,
2026-05-18T19:34:04,0,6,6,1,223,74816,223,True,2.981283422459893e-08,,,,,,6155.116081237793,647.270781993866,0.0003304481506347656,0.09567880630493164,1.4066109657287598,0.17928767204284668,4.470976829528809,0,41.59141706203507,26618.506919702446,0.2736659640870449,59706188.0,72871905.32268246,0.5,7314059343.130863,100000000000.0,100000000000.0,1000000000.0,clip,False,0,223,0,223,,,,,,,,,
2026-05-18T19:34:10,0,6,6,1,224,74816,224,True,2.994652406417112e-08,,,,,,6144.637107849121,647.270781993866,0.0003097057342529297,0.09262323379516602,1.4031288623809814,0.17745304107666016,4.468860149383545,0,41.66234645053118,26663.901728339955,0.2736659640870449,58808396.0,72590635.1362288,0.5,7287190532.268246,100000000000.0,100000000000.0,1000000000.0,clip,False,0,224,0,224,,,,,,,,,
2026-05-18T19:34:16,0,6,6,1,225,74816,225,True,3.008021390374331e-08,,,,,,6152.362823486328,647.270781993866,0.00033926963806152344,0.09058690071105957,1.4104771614074707,0.17553234100341797,4.473207473754883,0,41.61002973081061,26630.419027718788,0.2736659640870449,58940752.0,72317637.47350423,0.5,7259063513.62288,100000000000.0,100000000000.0,1000000000.0,clip,False,0,225,0,225,,,,,,,,,
2026-05-18T19:34:23,0,6,6,1,226,74816,226,True,3.0213903743315504e-08,,,,,,6149.872303009033,647.270781993866,0.00032901763916015625,0.09093642234802246,1.407604455947876,0.185011625289917,4.4633190631866455,0,41.62688058982027,26641.203577484972,0.2736659640870449,58558328.0,72042451.28403415,0.5,7231763747.350423,100000000000.0,100000000000.0,1000000000.0,clip,False,0,226,0,226,,,,,,,,,
2026-05-18T19:34:29,0,6,6,1,227,74816,227,True,3.03475935828877e-08,,,,,,6149.75643157959,647.270781993866,0.0003306865692138672,0.0921163558959961,1.407573938369751,0.1815476417541504,4.465852737426758,0,41.62766490806293,26641.705541160274,0.2736659640870449,59566752.0,71792937.29835346,0.5,7204245128.403415,100000000000.0,100000000000.0,1000000000.0,clip,False,0,227,0,227,,,,,,,,,
2026-05-18T19:34:35,0,6,6,1,228,74816,228,True,3.0481283422459894e-08,,,,,,6149.595499038696,647.270781993866,0.0003027915954589844,0.09181976318359375,1.410266399383545,0.189164400100708,4.455831289291382,0,41.62875428798819,26642.402744312443,0.2736659640870449,58321928.0,71523517.11238639,0.5,7179293729.835346,100000000000.0,100000000000.0,1000000000.0,clip,False,0,228,0,228,,,,,,,,,
2026-05-18T19:34:41,0,6,6,1,229,74816,229,True,3.0614973262032085e-08,,,,,,6152.586936950684,647.270781993866,0.00030159950256347656,0.09043121337890625,1.411431074142456,0.18623661994934082,4.46199631690979,0,41.60851404838134,26629.448990964054,0.2736659640870449,58265348.0,71258353.73013867,0.5,7152351711.238639,100000000000.0,100000000000.0,1000000000.0,clip,False,0,229,0,229,,,,,,,,,
2026-05-18T19:34:47,0,6,6,1,230,74816,230,True,3.074866310160428e-08,,,,,,6147.114992141724,647.270781993866,0.0003247261047363281,0.09444451332092285,1.4041361808776855,0.18836402893066406,4.4576826095581055,0,41.64555247905111,26653.15358659271,0.2736659640870449,58625084.0,71005688.33553591,0.5,7125835373.013867,100000000000.0,100000000000.0,1000000000.0,clip,False,0,230,0,230,,,,,,,,,
2026-05-18T19:34:53,0,6,6,1,231,74816,231,True,3.088235294117647e-08,554.4113159179688,187.11239624023438,0.7209601998329163,364.59478759765625,1.9831604957580566,6154.097557067871,647.270781993866,0.00032782554626464844,0.10274171829223633,1.397886037826538,0.18924641609191895,4.461565971374512,0,41.598300583647486,26622.912373534393,0.2736659640870449,57755080.0,70740676.1688252,0.5,7100568833.553592,100000000000.0,100000000000.0,1000000000.0,clip,False,0,231,0,231,545.0289713541666,480.7418212890625,627.37109375,6149.13671875,6154.09765625,768.8004150390625,0.0,999.164794921875,639465.4375
2026-05-18T19:34:59,0,6,6,1,232,74816,232,True,3.101604278074866e-08,,,,,,6155.65824508667,647.270781993866,0.0003185272216796875,0.09589385986328125,1.3888781070709229,0.181321382522583,4.4642884731292725,0,41.58775386926887,26616.16247633208,0.2736659640870449,56587320.0,70457609.04544869,0.5,7074067616.88252,100000000000.0,100000000000.0,1000000000.0,clip,False,0,232,0,232,,,,,,,,,
2026-05-18T19:35:06,0,6,6,1,233,74816,233,True,3.114973262032086e-08,,,,,,6150.542259216309,647.270781993866,0.00032901763916015625,0.0933680534362793,1.40621018409729,0.18532752990722656,4.463032007217407,0,41.62234632505705,26638.30164803651,0.2736659640870449,57402168.0,70196500.22453971,0.5,7045760904.544869,100000000000.0,100000000000.0,1000000000.0,clip,False,0,233,0,233,,,,,,,,,
2026-05-18T19:35:12,0,6,6,1,234,74816,234,True,3.128342245989305e-08,,,,,,6149.21498298645,647.270781993866,0.0003287792205810547,0.09220457077026367,1.4071252346038818,0.19259333610534668,4.454781770706177,0,41.63133029310192,26644.051387585227,0.2736659640870449,55297912.0,69898528.46004891,0.5,7019650022.453971,100000000000.0,100000000000.0,1000000000.0,clip,False,0,234,0,234,,,,,,,,,
2026-05-18T19:35:18,0,6,6,1,235,74816,235,True,3.141711229946524e-08,,,,,,6152.821779251099,647.270781993866,0.00033211708068847656,0.09947872161865234,1.4007554054260254,0.19001531600952148,4.459980726242065,0,41.606925925158116,26628.43259210119,0.2736659640870449,54752520.0,69595608.29084794,0.5,6989852846.004891,100000000000.0,100000000000.0,1000000000.0,clip,False,0,235,0,235,,,,,,,,,
2026-05-18T19:35:24,0,6,6,1,236,74816,236,True,3.155080213903743e-08,,,,,,6150.01368522644,647.270781993866,0.0003266334533691406,0.09982562065124512,1.3995251655578613,0.18438434600830078,4.463707208633423,0,41.62592363248932,26640.59112479316,0.2736659640870449,54630644.0,69296309.00503097,0.5,6959560829.084794,100000000000.0,100000000000.0,1000000000.0,clip,False,0,236,0,236,,,,,,,,,
2026-05-18T19:35:30,0,6,6,1,237,74816,237,True,3.1684491978609625e-08,,,,,,6149.254322052002,647.270781993866,0.0003211498260498047,0.09953904151916504,1.3997998237609863,0.18751263618469238,4.459735870361328,0,41.63106396200783,26643.88093568501,0.2736659640870449,54518588.0,69000754.58493036,0.5,6929630900.503098,100000000000.0,100000000000.0,1000000000.0,clip,False,0,237,0,237,,,,,,,,,
2026-05-18T19:35:36,0,6,6,1,238,74816,238,True,3.1818181818181816e-08,,,,,,6148.631811141968,647.270781993866,0.00032329559326171875,0.09302091598510742,1.4068279266357422,0.19528484344482422,4.450929880142212,0,41.63527884953219,26646.578463700604,0.2736659640870449,54150824.0,68703755.97323176,0.5,6900075458.493036,100000000000.0,100000000000.0,1000000000.0,clip,False,0,238,0,238,,,,,,,,,
2026-05-18T19:35:42,0,6,6,1,239,74816,239,True,3.195187165775401e-08,,,,,,6149.745225906372,647.270781993866,0.0003325939178466797,0.09291720390319824,1.406766653060913,0.18693184852600098,4.460501670837402,0,41.62774075933687,26641.754085975597,0.2736659640870449,53159048.0,68392861.81376714,0.5,6870375597.323176,100000000000.0,100000000000.0,1000000000.0,clip,False,0,239,0,239,,,,,,,,,
2026-05-18T19:35:49,0,6,6,1,240,74816,240,True,3.20855614973262e-08,,,,,,6154.662370681763,647.270781993866,0.0003294944763183594,0.0923604965209961,1.4076528549194336,0.20056962966918945,4.451383829116821,0,41.59448310592583,26620.469187792532,0.2736659640870449,54011444.0,68105233.45749179,0.5,6839286181.376714,100000000000.0,100000000000.0,1000000000.0,clip,False,0,240,0,240,,,,,,,,,
2026-05-18T19:35:55,0,6,6,1,241,74816,241,True,3.221925133689839e-08,553.4022216796875,199.61007690429688,0.7194554805755615,351.09967041015625,1.9730480909347534,6151.147127151489,647.270781993866,0.0005152225494384766,0.10453534126281738,1.3938701152801514,0.19848346710205078,4.449439525604248,0,41.618253426259706,26635.68219280621,0.2736659640870449,53774364.0,67818616.06834194,0.5,6810523345.749179,100000000000.0,100000000000.0,1000000000.0,clip,False,0,241,0,241,522.3448893229166,476.903076171875,592.1480712890625,6151.06640625,6155.68701171875,768.8004150390625,0.0,998.8511962890625,639264.8125
2026-05-18T19:36:01,0,6,6,1,242,74816,242,True,3.235294117647059e-08,,,,,,6153.911828994751,647.270781993866,0.0003254413604736328,0.09734201431274414,1.3874638080596924,0.20917701721191406,4.4358155727386475,0,41.59955604073351,26623.715866069448,0.2736659640870449,54142976.0,67545103.2669751,0.5,6781861606.834194,100000000000.0,100000000000.0,1000000000.0,clip,False,0,242,0,242,,,,,,,,,
2026-05-18T19:36:07,0,6,6,1,243,74816,243,True,3.248663101604278e-08,,,,,,6149.593830108643,647.270781993866,0.0003216266632080078,0.09973025321960449,1.399566650390625,0.20281243324279785,4.445026874542236,0,41.6287655855602,26642.409974758528,0.2736659640870449,53577656.0,67265754.3216356,0.5,6754510326.697511,100000000000.0,100000000000.0,1000000000.0,clip,False,0,243,0,243,,,,,,,,,
2026-05-18T19:36:13,0,6,6,1,244,74816,244,True,3.262032085561497e-08,,,,,,6147.8590965271,647.270781993866,0.0003173351287841797,0.09239530563354492,1.4079322814941406,0.18354487419128418,4.461457252502441,0,41.640511921396076,26649.927629693488,0.2736659640870449,53046752.0,66981374.27520289,0.5,6726575432.163561,100000000000.0,100000000000.0,1000000000.0,clip,False,0,244,0,244,,,,,,,,,
2026-05-18T19:36:19,0,6,6,1,245,74816,245,True,3.2754010695187164e-08,,,,,,6149.606943130493,647.270781993866,0.0003154277801513672,0.09143996238708496,1.4105346202850342,0.18969440460205078,4.455363988876343,0,41.62867681908816,26642.353164216427,0.2736659640870449,50884968.0,66659446.14969883,0.5,6698137427.520289,100000000000.0,100000000000.0,1000000000.0,clip,False,0,245,0,245,,,,,,,,,
2026-05-18T19:36:26,0,6,6,1,246,74816,246,True,3.2887700534759355e-08,,,,,,6149.632215499878,647.270781993866,0.0003113746643066406,0.0928497314453125,1.4088075160980225,0.1828324794769287,4.462634801864624,0,41.62850574295537,26642.243675491434,0.2736659640870449,51313892.0,66352535.066704854,0.5,6665944614.969883,100000000000.0,100000000000.0,1000000000.0,clip,False,0,246,0,246,,,,,,,,,
2026-05-18T19:36:32,0,6,6,1,247,74816,247,True,3.302139037433155e-08,,,,,,6150.480270385742,647.270781993866,0.00031757354736328125,0.09528326988220215,1.407266616821289,0.18047738075256348,4.464779615402222,0,41.62276582409789,26638.57012742265,0.2736659640870449,51964176.0,66064767.88537076,0.5,6635253506.6704855,100000000000.0,100000000000.0,1000000000.0,clip,False,0,247,0,247,,,,,,,,,
2026-05-18T19:36:38,0,6,6,1,248,74816,248,True,3.3155080213903745e-08,,,,,,6150.851011276245,647.270781993866,0.00032258033752441406,0.09025335311889648,1.4121549129486084,0.2054600715637207,4.440465450286865,0,41.62025702308181,26636.964494772357,0.2736659640870449,50410068.0,65751673.88766334,0.5,6606476788.537076,100000000000.0,100000000000.0,1000000000.0,clip,False,0,248,0,248,,,,,,,,,
2026-05-18T19:36:44,0,6,6,1,249,74816,249,True,3.328877005347593e-08,,,,,,6150.059223175049,647.270781993866,0.0003178119659423828,0.0925750732421875,1.4085664749145508,0.20026278495788574,4.446126222610474,0,41.625615414453954,26640.393865250528,0.2736659640870449,49474644.0,65426133.28991008,0.5,6575167388.766335,100000000000.0,100000000000.0,1000000000.0,clip,False,0,249,0,249,,,,,,,,,
2026-05-18T19:36:50,0,6,6,1,250,74816,250,True,3.342245989304813e-08,,,,,,6150.18367767334,647.270781993866,0.00031375885009765625,0.09835958480834961,1.4035134315490723,0.20322251319885254,4.442625045776367,0,41.6247730826873,26639.85477291987,0.2736659640870449,49363432.0,65104879.26411188,0.5,6542613328.991008,100000000000.0,100000000000.0,1000000000.0,clip,False,0,250,0,250,,,,,,,,,
2026-05-18T19:36:56,0,6,6,1,251,74816,251,True,3.355614973262032e-08,516.8184204101562,185.11476135253906,0.7191334962844849,328.9606018066406,2.023956060409546,6149.739980697632,647.270781993866,0.0003104209899902344,0.09230828285217285,1.4088044166564941,0.19885706901550293,4.447580575942993,0,41.627776264283476,26641.776809141425,0.2736659640870449,48146352.0,64765708.71882964,0.5,6510487926.411188,100000000000.0,100000000000.0,1000000000.0,clip,False,0,251,0,251,520.3386637369791,446.2673034667969,589.9898071289062,6150.311197916667,6153.888671875,768.8004150390625,0.0,998.9739379882812,639343.3125
2026-05-18T19:37:02,0,6,6,1,252,74816,252,True,3.368983957219251e-08,,,,,,6164.301156997681,647.270781993866,0.0002849102020263672,0.09194779396057129,1.3921289443969727,0.1941852569580078,4.451113224029541,0,41.529444048883015,26578.844191285127,0.2736659640870449,49608352.0,64462561.58445305,0.5,6476570871.882964,100000000000.0,100000000000.0,1000000000.0,clip,False,0,252,0,252,,,,,,,,,
2026-05-18T19:37:09,0,6,6,1,253,74816,253,True,3.38235294117647e-08,,,,,,6152.171850204468,647.270781993866,0.0003216266632080078,0.09223079681396484,1.4090909957885742,0.20413875579833984,4.443997859954834,0,41.61132137287287,26631.245678638636,0.2736659640870449,47146624.0,64116242.832763985,0.5,6446256158.445305,100000000000.0,100000000000.0,1000000000.0,clip,False,0,253,0,253,,,,,,,,,
2026-05-18T19:37:15,0,6,6,1,254,74816,254,True,3.3957219251336895e-08,,,,,,6146.700143814087,647.270781993866,0.0003523826599121094,0.09918355941772461,1.4002447128295898,0.20177721977233887,4.442514181137085,0,41.64836318843911,26654.95244060103,0.2736659640870449,49612916.0,63826176.29610871,0.5,6411624283.276399,100000000000.0,100000000000.0,1000000000.0,clip,False,0,254,0,254,,,,,,,,,
2026-05-18T19:37:21,0,6,6,1,255,74816,255,True,3.4090909090909086e-08,,,,,,6150.294780731201,647.270781993866,0.00033664703369140625,0.09362196922302246,1.4085948467254639,0.20060515403747559,4.444891452789307,0,41.62402114481486,26639.37353268151,0.2736659640870449,49165924.0,63532971.25018654,0.5,6382617629.61087,100000000000.0,100000000000.0,1000000000.0,clip,False,0,255,0,255,,,,,,,,,
2026-05-18T19:37:27,0,6,6,1,256,74816,256,True,3.4224598930481285e-08,,,,,,6148.7627029418945,647.270781993866,0.00030541419982910156,0.09175467491149902,1.4095263481140137,0.20115923881530762,4.44365930557251,0,41.63439253843965,26646.011224601374,0.2736659640870449,46894376.0,63200199.34518281,0.5,6353297125.018654,100000000000.0,100000000000.0,1000000000.0,clip,False,0,256,0,256,,,,,,,,,
2026-05-18T19:37:33,0,6,6,1,257,74816,257,True,3.4358288770053476e-08,,,,,,6150.398969650269,647.270781993866,0.0003104209899902344,0.0901646614074707,1.4116504192352295,0.19643878936767578,4.449518442153931,0,41.623316026042616,26638.922256667272,0.2736659640870449,48409764.0,62904390.638279155,0.5,6320019934.518281,100000000000.0,100000000000.0,1000000000.0,clip,False,0,257,0,257,,,,,,,,,
2026-05-18T19:37:39,0,6,6,1,258,74816,258,True,3.449197860962567e-08,,,,,,6150.13313293457,647.270781993866,0.00031280517578125,0.09087657928466797,1.410188913345337,0.19787836074829102,4.448605298995972,0,41.62511517500243,26640.073712001555,0.2736659640870449,48239144.0,62611085.705513574,0.5,6290439063.827915,100000000000.0,100000000000.0,1000000000.0,clip,False,0,258,0,258,,,,,,,,,
2026-05-18T19:37:45,0,6,6,1,259,74816,259,True,3.462566844919786e-08,,,,,,6152.233600616455,647.270781993866,0.0003147125244140625,0.09248208999633789,1.4096593856811523,0.20373964309692383,4.443841457366943,0,41.61090371704169,26630.97837890668,0.2736659640870449,45013156.0,62259127.1114033,0.5,6261108570.551357,100000000000.0,100000000000.0,1000000000.0,clip,False,0,259,0,259,,,,,,,,,
2026-05-18T19:37:52,0,6,6,1,260,74816,260,True,3.475935828877005e-08,,,,,,6147.513628005981,647.270781993866,0.00035119056701660156,0.09226799011230469,1.4075424671173096,0.20157504081726074,4.4434733390808105,0,41.642851970876656,26651.425261361062,0.2736659640870449,45055440.0,61915053.36917524,0.5,6225912711.14033,100000000000.0,100000000000.0,1000000000.0,clip,False,0,260,0,260,,,,,,,,,
2026-05-18T19:37:58,0,6,6,1,261,74816,261,True,3.489304812834225e-08,530.3460693359375,192.1475067138672,0.7193412780761719,335.5049133300781,1.9743192195892334,6150.577068328857,647.270781993866,0.00030732154846191406,0.09510183334350586,1.4066762924194336,0.19780397415161133,4.448568344116211,0,41.622110763918364,26638.150888907752,0.2736659640870449,46434240.0,61605437.10179174,0.5,6191505336.917524,100000000000.0,100000000000.0,1000000000.0,clip,False,0,261,0,261,522.0421956380209,457.58673095703125,594.9293823242188,6150.477864583333,6155.04296875,768.8004150390625,0.0,998.94677734375,639326.0
2026-05-18T19:38:04,0,6,6,1,262,74816,262,True,3.5026737967914434e-08,,,,,,6157.750368118286,647.270781993866,0.00028204917907714844,0.09836196899414062,1.385972023010254,0.20003437995910645,4.44436502456665,0,41.5736242452176,26607.119516939267,0.2736659640870449,46431572.0,61301959.7997559,0.5,6160543710.179174,100000000000.0,100000000000.0,1000000000.0,clip,False,0,262,0,262,,,,,,,,,
2026-05-18T19:38:10,0,6,6,1,263,74816,263,True,3.516042780748663e-08,,,,,,6149.555921554565,647.270781993866,0.00031375885009765625,0.09229254722595215,1.4093945026397705,0.1997547149658203,4.44562840461731,0,41.62902220349026,26642.574210233764,0.2736659640870449,44481168.0,60965543.96376078,0.5,6130195979.97559,100000000000.0,100000000000.0,1000000000.0,clip,False,0,263,0,263,,,,,,,,,
2026-05-18T19:38:16,0,6,6,1,264,74816,264,True,3.529411764705882e-08,,,,,,6149.76692199707,647.270781993866,0.0003058910369873047,0.09160137176513672,1.4109091758728027,0.1986081600189209,4.44612455368042,0,41.627593898610186,26641.66009511052,0.2736659640870449,45840460.0,60663042.28448556,0.5,6096554396.376078,100000000000.0,100000000000.0,1000000000.0,clip,False,0,264,0,264,,,,,,,,,
2026-05-18T19:38:22,0,6,6,1,265,74816,265,True,3.5427807486631015e-08,,,,,,6155.966281890869,647.270781993866,0.0003101825714111328,0.09202384948730469,1.4101946353912354,0.20306015014648438,4.448231220245361,0,41.585672870411976,26614.830637063664,0.2736659640870449,45073684.0,60351255.11879585,0.5,6066304228.448556,100000000000.0,100000000000.0,1000000000.0,clip,False,0,265,0,265,,,,,,,,,
2026-05-18T19:38:29,0,6,6,1,266,74816,266,True,3.5561497326203214e-08,,,,,,6148.990631103516,647.270781993866,0.0003228187561035156,0.09255242347717285,1.4080564975738525,0.20716452598571777,4.438466787338257,0,41.63284925253781,26645.0235216242,0.2736659640870449,43446788.0,60013165.77641993,0.5,6035125511.879585,100000000000.0,100000000000.0,1000000000.0,clip,False,0,266,0,266,,,,,,,,,
2026-05-18T19:38:35,0,6,6,1,267,74816,267,True,3.56951871657754e-08,,,,,,6147.89080619812,647.270781993866,0.000354766845703125,0.10042881965637207,1.399068832397461,0.20911312103271484,4.436081171035767,0,41.640297147423055,26649.790174350754,0.2736659640870449,43656048.0,59686023.42089153,0.5,6001316577.641993,100000000000.0,100000000000.0,1000000000.0,clip,False,0,267,0,267,,,,,,,,,
2026-05-18T19:38:41,0,6,6,1,268,74816,268,True,3.58288770053476e-08,,,,,,6148.448467254639,647.270781993866,0.00043487548828125,0.10256361961364746,1.3984451293945312,0.20087480545043945,4.443918466567993,0,41.63652039427555,26647.373052336352,0.2736659640870449,43647636.0,59365255.6724737,0.5,5968602342.089153,100000000000.0,100000000000.0,1000000000.0,clip,False,0,268,0,268,,,,,,,,,
2026-05-18T19:38:47,0,6,6,1,269,74816,269,True,3.596256684491978e-08,,,,,,6149.496793746948,647.270781993866,0.0003609657287597656,0.10064244270324707,1.4001178741455078,0.201399564743042,4.444809913635254,0,41.629422469219094,26642.830380300224,0.2736659640870449,44574280.0,59069436.15902422,0.5,5936525567.24737,100000000000.0,100000000000.0,1000000000.0,clip,False,0,269,0,269,,,,,,,,,
2026-05-18T19:38:53,0,6,6,1,270,74816,270,True,3.609625668449198e-08,,,,,,6154.762744903564,647.270781993866,0.00030803680419921875,0.10088443756103516,1.4004712104797363,0.2032146453857422,4.447822570800781,0,41.59380476720734,26620.035051012695,0.2736659640870449,42487884.0,58737805.115843736,0.5,5906943615.902422,100000000000.0,100000000000.0,1000000000.0,clip,False,0,270,0,270,,,,,,,,,
2026-05-18T19:38:59,0,6,6,1,271,74816,271,True,3.6229946524064165e-08,487.1029052734375,185.8709259033203,0.7191866040229797,298.5257568359375,1.9870156049728394,6148.1218338012695,647.270781993866,0.0003561973571777344,0.10092496871948242,1.3955798149108887,0.19992566108703613,4.4490580558776855,0,41.63873243248987,26648.788756793514,0.2736659640870449,40931880.0,58381686.61352686,0.5,5873780511.584373,100000000000.0,100000000000.0,1000000000.0,clip,False,0,271,0,271,514.5491943359375,445.29833984375,595.7996215820312,6151.416015625,6158.5341796875,768.8004150390625,0.0,998.7945556640625,639228.5625
2026-05-18T19:39:05,0,6,6,1,272,74816,272,True,3.636363636363636e-08,,,,,,6161.000490188599,647.270781993866,0.0002815723419189453,0.09529519081115723,1.3883507251739502,0.20302796363830566,4.44593071937561,0,41.551692847238094,26593.083422232383,0.2736659640870449,42326600.0,58060584.88125632,0.5,5838168661.352686,100000000000.0,100000000000.0,1000000000.0,clip,False,0,272,0,272,,,,,,,,,
2026-05-18T19:39:12,0,6,6,1,273,74816,273,True,3.6497326203208555e-08,,,,,,6159.889936447144,647.270781993866,0.0003256797790527344,0.09450078010559082,1.4047887325286865,0.20131707191467285,4.456692218780518,0,41.55918411549636,26597.877833917668,0.2736659640870449,40588204.0,57711137.26363119,0.5,5806058488.125632,100000000000.0,100000000000.0,1000000000.0,clip,False,0,273,0,273,,,,,,,,,
2026-05-18T19:39:18,0,6,6,1,274,74816,274,True,3.6631016042780746e-08,,,,,,6148.98943901062,647.270781993866,0.0003075599670410156,0.08999371528625488,1.411712408065796,0.20151185989379883,4.443352937698364,0,41.63285732381917,26645.028687244267,0.2736659640870449,41725160.0,57391417.71835857,0.5,5771113726.363119,100000000000.0,100000000000.0,1000000000.0,clip,False,0,274,0,274,,,,,,,,,
2026-05-18T19:39:24,0,6,6,1,275,74816,275,True,3.676470588235294e-08,,,,,,6150.26330947876,647.270781993866,0.00030875205993652344,0.09395194053649902,1.4075734615325928,0.20319724082946777,4.442946672439575,0,41.624234137334234,26639.509847893907,0.2736659640870449,41067544.0,57064940.2439914,0.5,5739141771.835856,100000000000.0,100000000000.0,1000000000.0,clip,False,0,275,0,275,,,,,,,,,
2026-05-18T19:39:30,0,6,6,1,276,74816,276,True,3.689839572192513e-08,,,,,,6157.071828842163,647.270781993866,0.0003192424774169922,0.09177637100219727,1.4109621047973633,0.18718504905700684,4.4646079540252686,0,41.578205860908525,26610.051750981456,0.2736659640870449,39069532.0,56705032.07911157,0.5,5706494024.399139,100000000000.0,100000000000.0,1000000000.0,clip,False,0,276,0,276,,,,,,,,,
2026-05-18T19:39:36,0,6,6,1,277,74816,277,True,3.703208556149733e-08,,,,,,6146.029710769653,647.270781993866,0.0003707408905029297,0.10101580619812012,1.3943731784820557,0.1811530590057373,4.466813325881958,0,41.65290635536835,26657.860067435744,0.2736659640870449,39422272.0,56359376.87752933,0.5,5670503207.911157,100000000000.0,100000000000.0,1000000000.0,clip,False,0,277,0,277,,,,,,,,,
2026-05-18T19:39:42,0,6,6,1,278,74816,278,True,3.716577540106952e-08,,,,,,6154.470205307007,647.270781993866,0.00035691261291503906,0.09690380096435547,1.404310941696167,0.18478822708129883,4.465460300445557,0,41.59578183988135,26621.30037752406,0.2736659640870449,37076028.0,55973709.89997874,0.5,5635937687.7529335,100000000000.0,100000000000.0,1000000000.0,clip,False,0,278,0,278,,,,,,,,,
2026-05-18T19:39:49,0,6,6,1,279,74816,279,True,3.729946524064171e-08,,,,,,6145.723819732666,647.270781993866,0.00036144256591796875,0.10288286209106445,1.3958532810211182,0.1799609661102295,4.463830232620239,0,41.654979544970146,26659.186908780895,0.2736659640870449,37477984.0,55603795.38197917,0.5,5597370989.997874,100000000000.0,100000000000.0,1000000000.0,clip,False,0,279,0,279,,,,,,,,,
2026-05-18T19:39:55,0,6,6,1,280,74816,280,True,3.74331550802139e-08,,,,,,6151.825189590454,647.270781993866,0.00035691261291503906,0.09898114204406738,1.4028072357177734,0.18109798431396484,4.466414451599121,0,41.613666206442176,26632.74637212299,0.2736659640870449,37410640.0,55239932.27433958,0.5,5560379538.197917,100000000000.0,100000000000.0,1000000000.0,clip,False,0,280,0,280,,,,,,,,,
2026-05-18T19:40:01,0,6,6,1,281,74816,281,True,3.7566844919786094e-08,448.654541015625,168.73802185058594,0.7184632420539856,277.1853332519531,2.0127298831939697,6149.588346481323,647.270781993866,0.00034165382385253906,0.09197854995727539,1.407616138458252,0.18004536628723145,4.467470169067383,0,41.62880270619712,26642.433731966157,0.2736659640870449,37701216.0,54889157.948852785,0.5,5523993227.433958,100000000000.0,100000000000.0,1000000000.0,clip,False,0,281,0,281,508.4671223958333,444.277587890625,559.5413208007812,6150.013020833333,6155.62646484375,768.8004150390625,0.0,999.0224609375,639374.375
2026-05-18T19:40:07,0,6,6,1,282,74816,282,True,3.7700534759358286e-08,,,,,,6475.244998931885,647.270781993866,0.0002834796905517578,0.09071731567382812,1.3936700820922852,0.18021249771118164,4.782996892929077,0,39.53518361733465,25302.51751509418,0.2736659640870449,38821152.0,54567797.82987573,0.5,5488915794.885279,100000000000.0,100000000000.0,1000000000.0,clip,False,0,282,0,282,,,,,,,,,
2026-05-18T19:40:13,0,6,6,1,283,74816,283,True,3.783422459893048e-08,,,,,,6157.3076248168945,647.270781993866,0.00031447410583496094,0.09192919731140137,1.4107229709625244,0.18283796310424805,4.469301462173462,0,41.57661361082522,26609.03271092814,0.2736659640870449,36798984.0,54212421.553278215,0.5,5456779782.987573,100000000000.0,100000000000.0,1000000000.0,clip,False,0,283,0,283,,,,,,,,,
2026-05-18T19:40:20,0,6,6,1,284,74816,284,True,3.796791443850267e-08,,,,,,6156.480550765991,647.270781993866,0.0003216266632080078,0.09346199035644531,1.4067034721374512,0.1786360740661621,4.475102663040161,0,41.58219909720147,26612.60742220894,0.2736659640870449,37796180.0,53884096.72221265,0.5,5421242155.327822,100000000000.0,100000000000.0,1000000000.0,clip,False,0,284,0,284,,,,,,,,,
2026-05-18T19:40:26,0,6,6,1,285,74816,285,True,3.810160427807487e-08,,,,,,6142.337083816528,647.270781993866,0.0003211498260498047,0.09989190101623535,1.394460678100586,0.18159246444702148,4.463788986206055,0,41.67794709191293,26673.886138824273,0.2736659640870449,36603848.0,53538491.747768395,0.5,5388409672.221265,100000000000.0,100000000000.0,1000000000.0,clip,False,0,285,0,285,,,,,,,,,
2026-05-18T19:40:32,0,6,6,1,286,74816,286,True,3.823529411764706e-08,,,,,,6148.941278457642,647.270781993866,0.0003180503845214844,0.09866666793823242,1.4028451442718506,0.17731666564941406,4.467610836029053,0,41.63318340620311,26645.23737996999,0.2736659640870449,34099524.0,53149712.39281303,0.5,5353849174.776839,100000000000.0,100000000000.0,1000000000.0,clip,False,0,286,0,286,,,,,,,,,
2026-05-18T19:40:38,0,6,6,1,287,74816,287,True,3.836898395721925e-08,,,,,,6149.9183177948,647.270781993866,0.0003173351287841797,0.09075069427490234,1.4106180667877197,0.18037748336791992,4.4655492305755615,0,41.62656913007503,26641.004243248022,0.2736659640870449,34955144.0,52785821.02495677,0.5,5314971239.281302,100000000000.0,100000000000.0,1000000000.0,clip,False,0,287,0,287,,,,,,,,,
2026-05-18T19:40:44,0,6,6,1,288,74816,288,True,3.850267379679144e-08,,,,,,6150.975942611694,647.270781993866,0.0002961158752441406,0.09016561508178711,1.413079023361206,0.17326116561889648,4.4720282554626465,0,41.619411681734334,26636.423476309974,0.2736659640870449,34880940.0,52427723.40445763,0.5,5278582102.495677,100000000000.0,100000000000.0,1000000000.0,clip,False,0,288,0,288,,,,,,,,,
2026-05-18T19:40:50,0,6,6,1,289,74816,289,True,3.8636363636363633e-08,,,,,,6152.303218841553,647.270781993866,0.0003108978271484375,0.09377598762512207,1.4080443382263184,0.1796886920928955,4.468470335006714,0,41.610432856429256,26630.677028114722,0.2736659640870449,35866968.0,52096508.29636847,0.5,5242772340.445763,100000000000.0,100000000000.0,1000000000.0,clip,False,0,289,0,289,,,,,,,,,
2026-05-18T19:40:57,0,6,6,1,290,74816,290,True,3.877005347593583e-08,,,,,,6149.640083312988,647.270781993866,0.0003275871276855469,0.09259343147277832,1.4073457717895508,0.18439197540283203,4.4628050327301025,0,41.6284524836916,26642.209589562626,0.2736659640870449,34597748.0,51746533.0904411,0.5,5209650829.6368475,100000000000.0,100000000000.0,1000000000.0,clip,False,0,290,0,290,,,,,,,,,
2026-05-18T19:41:03,0,6,6,1,291,74816,291,True,3.8903743315508017e-08,461.4066467285156,178.23329162597656,0.7176139950752258,280.4996643066406,1.9560904502868652,6155.210733413696,647.270781993866,0.0003612041473388672,0.09430551528930664,1.4025318622589111,0.18755245208740234,4.464881896972656,0,41.59077748716196,26618.09759178365,0.2736659640870449,34447972.0,51400561.86863227,0.5,5174653309.04411,100000000000.0,100000000000.0,1000000000.0,clip,False,0,291,0,291,502.3833821614583,429.375732421875,578.0230102539062,6152.766276041667,6167.822265625,768.8004150390625,0.0,998.5755004882812,639088.3125
2026-05-18T19:41:09,0,6,6,1,292,74816,292,True,3.9037433155080215e-08,,,,,,6162.313222885132,647.270781993866,0.0003154277801513672,0.09784460067749023,1.3868911266326904,0.1829996109008789,4.461683988571167,0,41.54284125793649,26587.41840507935,0.2736659640870449,32162550.0,51015801.63125963,0.5,5140056186.863227,100000000000.0,100000000000.0,1000000000.0,clip,False,0,292,0,292,,,,,,,,,
2026-05-18T19:41:15,0,6,6,1,293,74816,293,True,3.91711229946524e-08,,,,,,6150.594234466553,647.270781993866,0.00031280517578125,0.09940695762634277,1.400933027267456,0.17862510681152344,4.469054222106934,0,41.62199459776314,26638.07654256841,0.2736659640870449,32273194.0,50640949.47863444,0.5,5101580163.125963,100000000000.0,100000000000.0,1000000000.0,clip,False,0,293,0,293,,,,,,,,,
2026-05-18T19:41:21,0,6,6,1,294,74816,294,True,3.93048128342246e-08,,,,,,6150.038719177246,647.270781993866,0.0003273487091064453,0.09492731094360352,1.4051930904388428,0.1895754337310791,4.457662582397461,0,41.62575419269031,26640.4826833218,0.2736659640870449,32316852.0,50274467.52906175,0.5,5064094947.863444,100000000000.0,100000000000.0,1000000000.0,clip,False,0,294,0,294,,,,,,,,,
2026-05-18T19:41:27,0,6,6,1,295,74816,295,True,3.943850267379678e-08,,,,,,6149.412393569946,647.270781993866,0.0003254413604736328,0.7818505764007568,0.7174322605133057,0.18732142448425293,4.4601945877075195,0,41.629993829602824,26643.196050945808,0.2736659640870449,31991888.0,49908815.93848051,0.5,5027446752.906175,100000000000.0,100000000000.0,1000000000.0,clip,False,0,295,0,295,,,,,,,,,
2026-05-18T19:41:33,0,6,6,1,296,74816,296,True,3.957219251336898e-08,,,,,,6147.525310516357,647.270781993866,0.00032448768615722656,0.09246158599853516,1.4077818393707275,0.18659210205078125,4.458061218261719,0,41.64277283447206,26651.37461406212,0.2736659640870449,30834120.0,49527322.0197109,0.5,4990881593.848051,100000000000.0,100000000000.0,1000000000.0,clip,False,0,296,0,296,,,,,,,,,
2026-05-18T19:41:40,0,6,6,1,297,74816,297,True,3.970588235294118e-08,,,,,,6152.522802352905,647.270781993866,0.0003154277801513672,0.09189057350158691,1.4094178676605225,0.17775940895080566,4.470800399780273,0,41.60894778026635,26629.72657937046,0.2736659640870449,31128736.0,49159350.29931668,0.5,4952732201.97109,100000000000.0,100000000000.0,1000000000.0,clip,False,0,297,0,297,,,,,,,,,
2026-05-18T19:41:46,0,6,6,1,298,74816,298,True,3.9839572192513364e-08,,,,,,6146.945238113403,647.270781993866,0.00033092498779296875,0.09177088737487793,1.407688856124878,0.17912602424621582,4.465816020965576,0,41.646702562551305,26653.889640032834,0.2736659640870449,30111360.0,48778390.49333035,0.5,4915935029.931668,100000000000.0,100000000000.0,1000000000.0,clip,False,0,298,0,298,,,,,,,,,
2026-05-18T19:41:52,0,6,6,1,299,74816,299,True,3.997326203208556e-08,,,,,,6150.90012550354,647.270781993866,0.0003101825714111328,0.09517884254455566,1.4075322151184082,0.1852262020111084,4.460434675216675,0,41.61992469013512,26636.751801686478,0.2736659640870449,28917670.0,48381176.08346374,0.5,4877839049.333035,100000000000.0,100000000000.0,1000000000.0,clip,False,0,299,0,299,,,,,,,,,
2026-05-18T19:41:58,0,6,6,1,300,74816,300,True,4.010695187165775e-08,,,,,,6150.856971740723,647.270781993866,0.0003135204315185547,0.09210562705993652,1.4090344905853271,0.1787710189819336,4.468600749969482,0,41.62021669113056,26636.938682323558,0.2736659640870449,29107500.0,47995702.56179447,0.5,4838117608.3463745,100000000000.0,100000000000.0,1000000000.0,clip,False,0,300,0,300,,,,,,,,,
2026-05-18T19:42:04,0,6,6,1,301,74816,301,True,4.0240641711229946e-08,475.4905700683594,181.16261291503906,0.7197317481040955,291.6219177246094,1.9862830638885498,6148.867607116699,647.270781993866,0.00032210350036621094,0.09350419044494629,1.406770944595337,0.18466663360595703,4.46149468421936,0,41.633682225277646,26645.55662417769,0.2736594168791437,28665978.0,47609108.07055858,0.5,4799570256.179447,100000000000.0,100000000000.0,1000000000.0,clip,False,0,301,0,301,488.4320475260417,441.6407775878906,543.6531372070312,6150.780598958333,6178.2734375,768.8004150390625,0.0,998.8985595703125,639295.0625
2026-05-18T19:42:10,0,6,6,1,302,74816,302,True,4.037433155080214e-08,,,,,,6181.631088256836,647.270781993866,0.000286102294921875,0.09253644943237305,1.3911957740783691,0.17991113662719727,4.470942497253418,0,41.41301807646203,26504.3315689357,0.2736594168791437,27995016.0,47216826.229147404,0.5,4760910807.055858,100000000000.0,100000000000.0,1000000000.0,clip,False,0,302,0,302,,,,,,,,,
2026-05-18T19:42:16,0,6,6,1,303,74816,303,True,4.050802139037433e-08,,,,,,6139.290571212769,647.270781993866,0.0003902912139892578,0.09322571754455566,1.4087436199188232,0.18180322647094727,4.452933311462402,0,41.698629024074556,26687.122575407713,0.2736594168791437,28069882.0,46833887.34456445,0.5,4721682622.914741,100000000000.0,100000000000.0,1000000000.0,clip,False,0,303,0,303,,,,,,,,,
2026-05-18T19:42:23,0,6,6,1,304,74816,304,True,4.064171122994652e-08,,,,,,6151.081800460815,647.270781993866,0.00037980079650878906,0.09769582748413086,1.4039959907531738,0.18490076065063477,4.461616277694702,0,41.61869542700951,26635.96507328609,0.2736594168791437,27141168.0,46440032.95767316,0.5,4683388734.456446,100000000000.0,100000000000.0,1000000000.0,clip,False,0,304,0,304,,,,,,,,,
2026-05-18T19:42:29,0,6,6,1,305,74816,305,True,4.077540106951871e-08,,,,,,6147.563695907593,647.270781993866,0.0003497600555419922,0.09963512420654297,1.4000043869018555,0.18760371208190918,4.457596778869629,0,41.64251281697465,26651.208202863778,0.2736594168791437,26645834.0,46044148.9785197,0.5,4644003295.767316,100000000000.0,100000000000.0,1000000000.0,clip,False,0,305,0,305,,,,,,,,,
2026-05-18T19:42:35,0,6,6,1,306,74816,306,True,4.090909090909091e-08,,,,,,6149.189233779907,647.270781993866,0.0003211498260498047,0.09110522270202637,1.4105808734893799,0.18296003341674805,4.462003231048584,0,41.63150462075417,26644.162957282668,0.2736594168791437,25877594.0,45640817.87894931,0.5,4604414897.85197,100000000000.0,100000000000.0,1000000000.0,clip,False,0,306,0,306,,,,,,,,,
2026-05-18T19:42:41,0,6,6,1,307,74816,307,True,4.10427807486631e-08,,,,,,6223.18959236145,647.270781993866,0.0003192424774169922,0.09756755828857422,1.4036638736724854,0.18554925918579102,4.5338733196258545,0,41.136461648898326,26327.335455294928,0.2736594168791437,25063334.0,45229268.20137032,0.5,4564081787.894931,100000000000.0,100000000000.0,1000000000.0,clip,False,0,307,0,307,,,,,,,,,
2026-05-18T19:42:47,0,6,6,1,308,74816,308,True,4.1176470588235293e-08,,,,,,6149.255275726318,647.270781993866,0.0003380775451660156,0.10002708435058594,1.401597023010254,0.17986679077148438,4.465281248092651,0,41.63105750553876,26643.876803544812,0.2736594168791437,26303576.0,44850754.357342914,0.5,4522926820.1370325,100000000000.0,100000000000.0,1000000000.0,clip,False,0,308,0,308,,,,,,,,,
2026-05-18T19:42:53,0,6,6,1,309,74816,309,True,4.1310160427807485e-08,,,,,,6149.553060531616,647.270781993866,0.0003066062927246094,0.09066581726074219,1.41111421585083,0.18201661109924316,4.463315963745117,0,41.62904157100961,26642.586605446148,0.2736594168791437,26563452.0,44485008.31019606,0.5,4485075435.734291,100000000000.0,100000000000.0,1000000000.0,clip,False,0,309,0,309,,,,,,,,,
2026-05-18T19:43:00,0,6,6,1,310,74816,310,True,4.1443850267379677e-08,,,,,,6151.8754959106445,647.270781993866,0.00030875205993652344,0.0924839973449707,1.409137487411499,0.18805527687072754,4.45976448059082,0,41.613325915027325,26632.52858561749,0.2736594168791437,24101588.0,44077339.90399213,0.5,4448500831.019606,100000000000.0,100000000000.0,1000000000.0,clip,False,0,310,0,310,,,,,,,,,
2026-05-18T19:43:06,0,6,6,1,311,74816,311,True,4.157754010695187e-08,464.9880676269531,184.5390167236328,0.7204551696777344,277.7547607421875,1.9738541841506958,6150.596618652344,647.270781993866,0.0003314018249511719,0.10044527053833008,1.4007508754730225,0.1895599365234375,4.457202672958374,0,41.621978463626206,26638.06621672077,0.2736594168791437,25008156.0,43695956.22591229,0.5,4407733990.399213,100000000000.0,100000000000.0,1000000000.0,clip,False,0,311,0,311,477.830322265625,392.5810241699219,556.1157836914062,6151.244140625,6153.65380859375,768.8004150390625,0.0,998.8223876953125,639246.25
2026-05-18T19:43:12,0,6,6,1,312,74816,312,True,4.1711229946524066e-08,,,,,,6158.188581466675,647.270781993866,0.00028395652770996094,0.09658384323120117,1.3878023624420166,0.2035069465637207,4.440474033355713,0,41.57066588873921,26605.226168793095,0.2736594168791437,23462164.0,43291280.38139404,0.5,4369595622.5912285,100000000000.0,100000000000.0,1000000000.0,clip,False,0,312,0,312,,,,,,,,,
2026-05-18T19:43:18,0,6,6,1,313,74816,313,True,4.184491978609625e-08,,,,,,6153.963088989258,647.270781993866,0.0003123283386230469,0.09252214431762695,1.409245491027832,0.19771122932434082,4.452069282531738,0,41.599209533453035,26623.49410140994,0.2736594168791437,21730252.0,42860059.81376616,0.5,4329128038.139404,100000000000.0,100000000000.0,1000000000.0,clip,False,0,313,0,313,,,,,,,,,
2026-05-18T19:43:24,0,6,6,1,314,74816,314,True,4.197860962566845e-08,,,,,,6150.744676589966,647.270781993866,0.0003483295440673828,0.09514665603637695,1.40553879737854,0.20519638061523438,4.44172739982605,0,41.62097655822855,26637.42499726627,0.2736594168791437,22829742.0,42459453.45749084,0.5,4286005981.376616,100000000000.0,100000000000.0,1000000000.0,clip,False,0,314,0,314,,,,,,,,,
2026-05-18T19:43:30,0,6,6,1,315,74816,315,True,4.2112299465240635e-08,,,,,,6147.100925445557,647.270781993866,0.0003273487091064453,0.09462881088256836,1.4054114818572998,0.20894765853881836,4.435523271560669,0,41.64564777850048,26653.21457824031,0.2736594168791437,22873234.0,42067729.068341024,0.5,4245945345.749084,100000000000.0,100000000000.0,1000000000.0,clip,False,0,315,0,315,,,,,,,,,
2026-05-18T19:43:37,0,6,6,1,316,74816,316,True,4.224598930481283e-08,,,,,,6151.341438293457,647.270781993866,0.00031757354736328125,0.09617042541503906,1.4061462879180908,0.19556951522827148,4.45085072517395,0,41.616938771491945,26634.840813754847,0.2736594168791437,22042778.0,41667230.046974204,0.5,4206772906.8341026,100000000000.0,100000000000.0,1000000000.0,clip,False,0,316,0,316,,,,,,,,,
2026-05-18T19:43:43,0,6,6,1,317,74816,317,True,4.237967914438503e-08,,,,,,6148.148059844971,647.270781993866,0.0002918243408203125,0.09145712852478027,1.4091317653656006,0.20314908027648926,4.441739797592163,0,41.63855481490392,26648.67508153851,0.2736594168791437,21559388.0,41265073.20603472,0.5,4166723004.6974206,100000000000.0,100000000000.0,1000000000.0,clip,False,0,317,0,317,,,,,,,,,
2026-05-18T19:43:49,0,6,6,1,318,74816,318,True,4.2513368983957216e-08,,,,,,6155.9202671051025,647.270781993866,0.00031375885009765625,0.09247708320617676,1.4093124866485596,0.20664215087890625,4.445046663284302,0,41.58598371846475,26615.029579817445,0.2736594168791437,21297070.0,40865713.141914025,0.5,4126507320.6034718,100000000000.0,100000000000.0,1000000000.0,clip,False,0,318,0,318,,,,,,,,,
2026-05-18T19:43:55,0,6,6,1,319,74816,319,True,4.2647058823529414e-08,,,,,,6144.253492355347,647.270781993866,0.0003178119659423828,0.09157109260559082,1.405090093612671,0.19987988471984863,4.445274829864502,0,41.66494763253405,26665.566484821797,0.2736594168791437,20877030.0,40465939.479075745,0.5,4086571314.1914024,100000000000.0,100000000000.0,1000000000.0,clip,False,0,319,0,319,,,,,,,,,
2026-05-18T19:44:01,0,6,6,1,320,74816,320,True,4.27807486631016e-08,,,,,,6158.622980117798,647.270781993866,0.000308990478515625,0.0910484790802002,1.4156384468078613,0.1947617530822754,4.454609632492065,0,41.56773370061101,26603.349568391048,0.2736594168791437,21939292.0,40095406.52949423,0.5,4046593947.9075747,100000000000.0,100000000000.0,1000000000.0,clip,False,0,320,0,320,,,,,,,,,
2026-05-18T19:44:07,0,6,6,1,321,74816,321,True,4.29144385026738e-08,466.66278076171875,185.3663787841797,0.7182160019874573,278.59771728515625,1.9804660081863403,6152.627944946289,647.270781993866,0.0002810955047607422,0.09168767929077148,1.410590648651123,0.2015361785888672,4.4463207721710205,0,41.608236722696034,26629.27150252546,0.2736594168791437,19660710.0,39686712.59890435,0.5,4009540652.9494233,100000000000.0,100000000000.0,1000000000.0,clip,False,0,321,0,321,487.7889811197917,429.6623840332031,538.5887451171875,6150.602864583333,6154.76611328125,768.8004150390625,0.0,998.9265747070312,639313.0
2026-05-18T19:44:13,0,6,6,1,322,74816,322,True,4.304812834224598e-08,,,,,,6157.997846603394,647.270781993866,0.0003044605255126953,0.09845614433288574,1.3860695362091064,0.20816636085510254,4.438231468200684,0,41.57195347854881,26606.050226271236,0.2736594168791437,19473388.0,39282446.10692626,0.5,3968671259.8904347,100000000000.0,100000000000.0,1000000000.0,clip,False,0,322,0,322,,,,,,,,,
2026-05-18T19:44:20,0,6,6,1,323,74816,323,True,4.318181818181818e-08,,,,,,6154.961109161377,647.270781993866,0.0003230571746826172,0.09348130226135254,1.4070823192596436,0.20743060111999512,4.444457292556763,0,41.592464267394924,26619.17713113275,0.2736594168791437,18420130.0,38865199.78478774,0.5,3928244610.692626,100000000000.0,100000000000.0,1000000000.0,clip,False,0,323,0,323,,,,,,,,,
2026-05-18T19:44:26,0,6,6,1,324,74816,324,True,4.331550802139037e-08,,,,,,6148.719072341919,647.270781993866,0.00038361549377441406,0.09720015525817871,1.3994593620300293,0.18492364883422852,4.46399450302124,0,41.63468797127772,26646.20030161774,0.2736594168791437,17427232.0,38436440.42909198,0.5,3886519978.4787736,100000000000.0,100000000000.0,1000000000.0,clip,False,0,324,0,324,,,,,,,,,
2026-05-18T19:44:32,0,6,6,1,325,74816,325,True,4.3449197860962564e-08,,,,,,6144.431829452515,647.270781993866,0.0003151893615722656,0.09184074401855469,1.4044504165649414,0.18169331550598145,4.46393609046936,0,41.663738341582395,26664.79253861273,0.2736594168791437,16921604.0,38006143.70051014,0.5,3843644042.9091983,100000000000.0,100000000000.0,1000000000.0,clip,False,0,325,0,325,,,,,,,,,
2026-05-18T19:44:38,0,6,6,1,326,74816,326,True,4.358288770053476e-08,,,,,,6150.916576385498,647.270781993866,0.00031757354736328125,0.09795165061950684,1.40415358543396,0.17975711822509766,4.466533184051514,0,41.619813375917204,26636.68056058701,0.2736594168791437,18516650.0,37616353.82649993,0.5,3800614370.0510135,100000000000.0,100000000000.0,1000000000.0,clip,False,0,326,0,326,,,,,,,,,
2026-05-18T19:44:44,0,6,6,1,327,74816,327,True,4.371657754010695e-08,,,,,,6149.64485168457,647.270781993866,0.00031685829162597656,0.09452509880065918,1.4070403575897217,0.1829512119293213,4.462410926818848,0,41.628420205416255,26642.1889314664,0.2736594168791437,17368508.0,37211396.90996993,0.5,3761635382.649993,100000000000.0,100000000000.0,1000000000.0,clip,False,0,327,0,327,,,,,,,,,
2026-05-18T19:44:50,0,6,6,1,328,74816,328,True,4.3850267379679145e-08,,,,,,6150.118350982666,647.270781993866,0.0003101825714111328,0.0915076732635498,1.4112303256988525,0.18778610229492188,4.457024097442627,0,41.62521522193086,26640.137742035753,0.2736594168791437,15885966.0,36784888.29177053,0.5,3721139690.9969935,100000000000.0,100000000000.0,1000000000.0,clip,False,0,328,0,328,,,,,,,,,
2026-05-18T19:44:56,0,6,6,1,329,74816,329,True,4.3983957219251337e-08,,,,,,6150.903701782227,647.270781993866,0.0003132820129394531,0.0922996997833252,1.4086601734161377,0.18102025985717773,4.466482639312744,0,41.61990049134145,26636.736314458525,0.2736594168791437,16466709.0,36378524.70593512,0.5,3678488829.1770535,100000000000.0,100000000000.0,1000000000.0,clip,False,0,329,0,329,,,,,,,,,
2026-05-18T19:45:03,0,6,6,1,330,74816,330,True,4.411764705882353e-08,,,,,,6148.379802703857,647.270781993866,0.0003261566162109375,0.09354901313781738,1.407212257385254,0.18647313117980957,4.458592653274536,0,41.63698538717786,26647.67064779383,0.2736594168791437,14547720.0,35941908.61181641,0.5,3637852470.593512,100000000000.0,100000000000.0,1000000000.0,clip,False,0,330,0,330,,,,,,,,,
2026-05-18T19:45:09,0,6,6,1,331,74816,331,True,4.425133689839572e-08,521.1254272460938,208.32586669921875,0.720356822013855,310.1075134277344,1.9716541767120361,6152.493000030518,647.270781993866,0.0003292560577392578,0.09009408950805664,1.412593126296997,0.18545794486999512,4.461831092834473,0,41.60914933161731,26629.85557223508,0.2736594168791437,14647137.0,35516013.179580085,0.5,3594190861.1816416,100000000000.0,100000000000.0,1000000000.0,clip,False,0,331,0,331,493.268310546875,421.0826416015625,552.0288696289062,6150.5,6155.63134765625,768.8004150390625,0.0,998.943115234375,639323.5625
2026-05-18T19:45:15,0,6,6,1,332,74816,332,True,4.438502673796791e-08,,,,,,6158.256769180298,647.270781993866,0.0006761550903320312,0.09455418586730957,1.3894598484039307,0.18951725959777832,4.45754861831665,0,41.57020559473605,26604.931580631077,0.2736594168791437,16609327.0,35137879.45598848,0.5,3551601317.9580083,100000000000.0,100000000000.0,1000000000.0,clip,False,0,332,0,332,,,,,,,,,
2026-05-18T19:45:21,0,6,6,1,333,74816,333,True,4.45187165775401e-08,,,,,,6150.986194610596,647.270781993866,0.00033402442932128906,0.09364056587219238,1.4066338539123535,0.18774652481079102,4.460190057754517,0,41.61934231364451,26636.379080732488,0.2736594168791437,14749534.0,34730112.54686871,0.5,3513787945.5988483,100000000000.0,100000000000.0,1000000000.0,clip,False,0,333,0,333,,,,,,,,,
2026-05-18T19:45:27,0,6,6,1,334,74816,334,True,4.4652406417112295e-08,,,,,,6150.546550750732,647.270781993866,0.0003323554992675781,0.0957949161529541,1.404756784439087,0.18816542625427246,4.459318399429321,0,41.62231728312873,26638.283061202386,0.2736594168791437,12362726.0,34282764.81593134,0.5,3473011254.686871,100000000000.0,100000000000.0,1000000000.0,clip,False,0,334,0,334,,,,,,,,,
2026-05-18T19:45:33,0,6,6,1,335,74816,335,True,4.478609625668449e-08,,,,,,6150.721788406372,647.270781993866,0.0003192424774169922,0.09496855735778809,1.4059278964996338,0.18482065200805664,4.462456464767456,0,41.6211314390028,26637.524120961793,0.2736594168791437,12703943.0,33851188.379612714,0.5,3428276481.5931344,100000000000.0,100000000000.0,1000000000.0,clip,False,0,335,0,335,,,,,,,,,
2026-05-18T19:45:40,0,6,6,1,336,74816,336,True,4.4919786096256684e-08,,,,,,6150.650501251221,647.270781993866,0.0003199577331542969,0.09329581260681152,1.4068446159362793,0.18637847900390625,4.461667537689209,0,41.62161383546702,26637.832854698896,0.2736594168791437,13633247.0,33446829.55202046,0.5,3385118837.9612713,100000000000.0,100000000000.0,1000000000.0,clip,False,0,336,0,336,,,,,,,,,
2026-05-18T19:45:46,0,6,6,1,337,74816,337,True,4.5053475935828876e-08,,,,,,6150.153636932373,647.270781993866,0.00032973289489746094,0.0948033332824707,1.4056239128112793,0.18416404724121094,4.463064670562744,0,41.624976401026935,26639.98489665724,0.2736594168791437,11605137.0,33009995.70098005,0.5,3344682955.202046,100000000000.0,100000000000.0,1000000000.0,clip,False,0,337,0,337,,,,,,,,,
2026-05-18T19:45:52,0,6,6,1,338,74816,338,True,4.518716577540107e-08,,,,,,6149.866580963135,647.270781993866,0.0003380775451660156,0.09305000305175781,1.4077403545379639,0.18296074867248535,4.46356463432312,0,41.626919320891616,26641.228365370636,0.2736594168791437,13000839.0,32609812.566960447,0.5,3300999570.098005,100000000000.0,100000000000.0,1000000000.0,clip,False,0,338,0,338,,,,,,,,,
2026-05-18T19:45:58,0,6,6,1,339,74816,339,True,4.532085561497326e-08,,,,,,6153.505563735962,647.270781993866,0.00033473968505859375,0.10316824913024902,1.3971014022827148,0.18472862243652344,4.465835094451904,0,41.60230251657973,26625.47361061103,0.2736594168791437,12162599.0,32200868.29562124,0.5,3260981256.6960444,100000000000.0,100000000000.0,1000000000.0,clip,False,0,339,0,339,,,,,,,,,
2026-05-18T19:46:04,0,6,6,1,340,74816,340,True,4.545454545454545e-08,,,,,,6164.774417877197,647.270781993866,0.00037598609924316406,0.10291647911071777,1.3959400653839111,0.18539881706237793,4.476931571960449,0,41.526255893099176,26576.803771583473,0.2736594168791437,10830442.0,31773459.769708812,0.5,3220086829.562124,100000000000.0,100000000000.0,1000000000.0,clip,False,0,340,0,340,,,,,,,,,
2026-05-18T19:46:10,0,6,6,1,341,74816,341,True,4.558823529411765e-08,441.04168701171875,160.77545166015625,0.7190695405006409,277.579833984375,1.9673333168029785,6133.745193481445,647.270781993866,0.0003857612609863281,0.10992574691772461,1.3830056190490723,0.1922314167022705,4.445598125457764,0,41.73632779399779,26711.249788158584,0.2736594168791437,10459331.0,31347177.194314636,0.5,3177345976.9708815,100000000000.0,100000000000.0,1000000000.0,clip,False,0,341,0,341,480.501220703125,436.052001953125,569.6206665039062,6150.625,6156.19384765625,768.8004150390625,0.0,998.92333984375,639310.9375
2026-05-18T19:46:16,0,6,6,1,342,74816,342,True,4.5721925133689834e-08,,,,,,6159.830093383789,647.270781993866,0.0002846717834472656,0.09136772155761719,1.3929591178894043,0.1866288185119629,4.460196256637573,0,41.55958786508852,26598.136233656653,0.2736594168791437,9251126.0,30905256.170428343,0.5,3134717719.4314637,100000000000.0,100000000000.0,1000000000.0,clip,False,0,342,0,342,,,,,,,,,
2026-05-18T19:46:23,0,6,6,1,343,74816,343,True,4.585561497326203e-08,,,,,,6150.506973266602,647.270781993866,0.00030517578125,0.0945277214050293,1.4054250717163086,0.18228864669799805,4.465759992599487,0,41.62258511578202,26638.454474100497,0.2736594168791437,9341008.0,30473971.207019776,0.5,3090525617.0428343,100000000000.0,100000000000.0,1000000000.0,clip,False,0,343,0,343,,,,,,,,,
2026-05-18T19:46:29,0,6,6,1,344,74816,344,True,4.598930481283422e-08,,,,,,6148.2133865356445,647.270781993866,0.0003001689910888672,0.09360742568969727,1.4036288261413574,0.17732620239257812,4.470959663391113,0,41.63811239223257,26648.391931028844,0.2736594168791437,8579942.0,30036090.62287938,0.5,3047397120.7019777,100000000000.0,100000000000.0,1000000000.0,clip,False,0,344,0,344,,,,,,,,,
2026-05-18T19:46:35,0,6,6,1,345,74816,345,True,4.6122994652406415e-08,,,,,,6147.7861404418945,647.270781993866,0.0003077983856201172,0.09531784057617188,1.4036989212036133,0.2060871124267578,4.439976453781128,0,41.64100607143095,26650.24388571581,0.2736594168791437,5703405.5,29549436.92042179,0.5,3003609062.2879376,100000000000.0,100000000000.0,1000000000.0,clip,False,0,345,0,345,,,,,,,,,
2026-05-18T19:46:41,0,6,6,1,346,74816,346,True,4.6256684491978613e-08,,,,,,6151.372671127319,647.270781993866,0.0003116130828857422,0.09283018112182617,1.4083352088928223,0.18297028541564941,4.464852333068848,0,41.616727466633016,26634.705578645127,0.2736594168791437,9421759.0,29146883.362013355,0.5,2954943692.042179,100000000000.0,100000000000.0,1000000000.0,clip,False,0,346,0,346,,,,,,,,,
2026-05-18T19:46:47,0,6,6,1,347,74816,347,True,4.63903743315508e-08,,,,,,6150.198936462402,647.270781993866,0.00030231475830078125,0.09551358222961426,1.4040915966033936,0.1859426498413086,4.462124586105347,0,41.62466981064052,26639.788678809935,0.2736594168791437,7534801.5,28714641.72477309,0.5,2914688336.2013354,100000000000.0,100000000000.0,1000000000.0,clip,False,0,347,0,347,,,,,,,,,
2026-05-18T19:46:53,0,6,6,1,348,74816,348,True,4.6524064171122997e-08,,,,,,6149.868488311768,647.270781993866,0.00030231475830078125,0.0918738842010498,1.4072401523590088,0.17786693572998047,4.470390319824219,0,41.626906410526495,26641.220102736956,0.2736594168791437,6339982.5,28267148.540277626,0.5,2871464172.477309,100000000000.0,100000000000.0,1000000000.0,clip,False,0,348,0,348,,,,,,,,,
2026-05-18T19:47:00,0,6,6,1,349,74816,349,True,4.665775401069518e-08,,,,,,6157.068729400635,647.270781993866,0.00031065940856933594,0.09640073776245117,1.4033069610595703,0.18889331817626953,4.465970993041992,0,41.5782267911959,26610.065146365378,0.2736594168791437,7715086.0,27856107.289472073,0.5,2826714854.0277624,100000000000.0,100000000000.0,1000000000.0,clip,False,0,349,0,349,,,,,,,,,
2026-05-18T19:47:06,0,6,6,1,350,74816,350,True,4.679144385026738e-08,,,,,,6148.546934127808,647.270781993866,0.0002994537353515625,0.10080313682556152,1.3939976692199707,0.18550658226013184,4.465446710586548,0,41.635853599662646,26646.946303784094,0.2736594168791437,6443031.5,27427845.77368263,0.5,2785610728.9472075,100000000000.0,100000000000.0,1000000000.0,clip,False,0,350,0,350,,,,,,,,,
2026-05-18T19:47:12,0,6,6,1,351,74816,351,True,4.6925133689839565e-08,509.56109619140625,203.155029296875,0.7184137105941772,303.6842346191406,2.003403425216675,6149.7437953948975,647.270781993866,0.0003237724304199219,0.10054492950439453,1.3960814476013184,0.180894136428833,4.469527006149292,0,41.62775044249812,26641.760283198797,0.2736594168791437,6354207.5,27006373.008208975,0.5,2742784577.3682632,100000000000.0,100000000000.0,1000000000.0,clip,False,0,351,0,351,491.3892008463542,395.34490966796875,559.47998046875,6149.962239583333,6151.74462890625,768.8004150390625,0.0,999.030517578125,639379.5
2026-05-18T19:47:18,0,6,6,1,352,74816,352,True,4.705882352941176e-08,,,,,,6156.80456161499,647.270781993866,0.0003299713134765625,0.10395503044128418,1.3801743984222412,0.18077731132507324,4.469895601272583,0,41.580010773128826,26611.20689480245,0.2736594168791437,4672576.5,26559697.0780448,0.5,2700637300.8208976,100000000000.0,100000000000.0,1000000000.0,clip,False,0,352,0,352,,,,,,,,,
2026-05-18T19:47:24,0,6,6,1,353,74816,353,True,4.7192513368983955e-08,,,,,,6148.803472518921,647.270781993866,0.00033593177795410156,0.1041727066040039,1.393406629562378,0.18237733840942383,4.4661619663238525,0,41.63411648203597,26645.83454850302,0.2736594168791437,6263533.0,26153773.7964839,0.5,2655969707.8044796,100000000000.0,100000000000.0,1000000000.0,clip,False,0,353,0,353,,,,,,,,,
2026-05-18T19:47:30,0,6,6,1,354,74816,354,True,4.7326203208556146e-08,,,,,,6152.194261550903,647.270781993866,0.00033020973205566406,0.10295391082763672,1.3947021961212158,0.1829831600189209,4.468775749206543,0,41.61116979025059,26631.14866576038,0.2736594168791437,4934951.5,25729397.350554224,0.5,2615377379.64839,100000000000.0,100000000000.0,1000000000.0,clip,False,0,354,0,354,,,,,,,,,
2026-05-18T19:47:36,0,6,6,1,355,74816,355,True,4.7459893048128344e-08,,,,,,6145.081520080566,647.270781993866,0.000339508056640625,0.10528326034545898,1.390897274017334,0.18515539169311523,4.46099328994751,0,41.65933343007037,26661.973395245037,0.2736594168791437,3949054.5,25293790.49354314,0.5,2572939735.0554223,100000000000.0,100000000000.0,1000000000.0,clip,False,0,355,0,355,,,,,,,,,
2026-05-18T19:47:43,0,6,6,1,356,74816,356,True,4.759358288770053e-08,,,,,,6149.747848510742,647.270781993866,0.000308990478515625,0.09463143348693848,1.4061884880065918,0.1845235824584961,4.461621999740601,0,41.62772300688628,26641.742724407217,0.2736594168791437,2888567.0,24845686.02367228,0.5,2529379049.354314,100000000000.0,100000000000.0,1000000000.0,clip,False,0,356,0,356,,,,,,,,,
2026-05-18T19:47:49,0,6,6,1,357,74816,357,True,4.772727272727273e-08,,,,,,6154.946088790894,647.270781993866,0.0003077983856201172,0.09720492362976074,1.4027881622314453,0.18453717231750488,4.46763277053833,0,41.59256576856384,26619.242091880857,0.2736594168791437,3880360.5,24426379.513198834,0.5,2484568602.367228,100000000000.0,100000000000.0,1000000000.0,clip,False,0,357,0,357,,,,,,,,,
2026-05-18T19:47:55,0,6,6,1,358,74816,358,True,4.786096256684492e-08,,,,,,6148.359298706055,647.270781993866,0.0003535747528076172,0.10127568244934082,1.3954977989196777,0.1811683177947998,4.46748161315918,0,41.63712424123882,26647.75951439285,0.2736594168791437,3423797.25,24006327.867934857,0.5,2442637951.3198833,100000000000.0,100000000000.0,1000000000.0,clip,False,0,358,0,358,,,,,,,,,
2026-05-18T19:48:01,0,6,6,1,359,74816,359,True,4.799465240641711e-08,,,,,,6151.206731796265,647.270781993866,0.00041604042053222656,0.10037827491760254,1.4017486572265625,0.19231247901916504,4.447769641876221,0,41.617850149094785,26635.42409542066,0.2736594168791437,2049862.0,23567198.550576158,0.5,2400632786.7934856,100000000000.0,100000000000.0,1000000000.0,clip,False,0,359,0,359,,,,,,,,,
2026-05-18T19:48:07,0,6,6,1,360,74816,360,True,4.81283422459893e-08,,,,,,6148.395299911499,647.270781993866,0.00032210350036621094,0.09864497184753418,1.400951862335205,0.1869032382965088,4.459117650985718,0,41.6368804399556,26647.60348157158,0.2736594168791437,2342583.5,23142706.249564636,0.5,2356719855.0576158,100000000000.0,100000000000.0,1000000000.0,clip,False,0,360,0,360,,,,,,,,,
2026-05-18T19:48:13,0,6,6,1,361,74816,361,True,4.8262032085561494e-08,472.8828430175781,185.6785888671875,0.719356119632721,284.485595703125,1.99930739402771,6149.596929550171,647.270781993866,0.0003113746643066406,0.09654664993286133,1.4043331146240234,0.1868147850036621,4.459113121032715,0,41.628744604359916,26642.396546790347,0.2736594168791437,2009171.25,22720035.549573343,0.5,2314270624.956464,100000000000.0,100000000000.0,1000000000.0,clip,False,0,361,0,361,488.7589111328125,407.0879821777344,569.8740234375,6149.388671875,6152.240234375,768.8004150390625,0.0,999.123779296875,639439.1875
2026-05-18T19:48:19,0,6,6,1,362,74816,362,True,4.8395721925133685e-08,,,,,,6157.735824584961,647.270781993866,0.0003228187561035156,0.09516429901123047,1.389408826828003,0.18700122833251953,4.459637641906738,0,41.573722435105395,26607.182358467453,0.2736594168791437,2445125.0,22314537.338581875,0.5,2272003554.9573345,100000000000.0,100000000000.0,1000000000.0,clip,False,0,362,0,362,,,,,,,,,
2026-05-18T19:48:26,0,6,6,1,363,74816,363,True,4.8529411764705884e-08,,,,,,6149.320125579834,647.270781993866,0.00031065940856933594,0.09568309783935547,1.4046318531036377,0.18602752685546875,4.460222244262695,0,41.63061847034044,26643.59582101788,0.2736594168791437,1805772.0,21904362.03181024,0.5,2231453733.8581877,100000000000.0,100000000000.0,1000000000.0,clip,False,0,363,0,363,,,,,,,,,
2026-05-18T19:48:32,0,6,6,1,364,74816,364,True,4.866310160427807e-08,,,,,,6155.5211544036865,647.270781993866,0.00030350685119628906,0.09724998474121094,1.4036648273468018,0.18744587898254395,4.464484930038452,0,41.588680077373546,26616.75524951907,0.2736594168791437,1874630.0,21503767.391174037,0.5,2190436203.181024,100000000000.0,100000000000.0,1000000000.0,clip,False,0,364,0,364,,,,,,,,,
2026-05-18T19:48:38,0,6,6,1,365,74816,365,True,4.879679144385027e-08,,,,,,6145.2391147613525,647.270781993866,0.00027060508728027344,0.10668730735778809,1.3892219066619873,0.18796062469482422,4.458354949951172,0,41.65826507630398,26661.289648834543,0.2736594168791437,1813063.25,21109953.308350556,0.5,2150376739.1174035,100000000000.0,100000000000.0,1000000000.0,clip,False,0,365,0,365,,,,,,,,,
2026-05-18T19:48:44,0,6,6,1,366,74816,366,True,4.893048128342246e-08,,,,,,6154.164791107178,647.270781993866,0.00031948089599609375,0.09806299209594727,1.402583360671997,0.1882483959197998,4.462625980377197,0,41.59784612364008,26622.621519129654,0.2736594168791437,2727165.0,20742297.542183544,0.5,2110995330.8350556,100000000000.0,100000000000.0,1000000000.0,clip,False,0,366,0,366,,,,,,,,,
2026-05-18T19:48:50,0,6,6,1,367,74816,367,True,4.906417112299465e-08,,,,,,6148.8378047943115,647.270781993866,0.0003325939178466797,0.10194110870361328,1.3946988582611084,0.18457269668579102,4.4646031856536865,0,41.63388401632487,26645.68577044792,0.2736594168791437,1911258.375,20365676.758839875,0.5,2074229754.2183545,100000000000.0,100000000000.0,1000000000.0,clip,False,0,367,0,367,,,,,,,,,
2026-05-18T19:48:56,0,6,6,1,368,74816,368,True,4.919786096256685e-08,,,,,,6145.129919052124,647.270781993866,0.0003228187561035156,0.10273051261901855,1.3954932689666748,0.1853022575378418,4.458974838256836,0,41.65900532164625,26661.7634058536,0.2736594168791437,1772896.125,19993821.146163076,0.5,2036567675.8839874,100000000000.0,100000000000.0,1000000000.0,clip,False,0,368,0,368,,,,,,,,,
2026-05-18T19:49:03,0,6,6,1,369,74816,369,True,4.933155080213903e-08,,,,,,6149.388313293457,647.270781993866,0.0003123283386230469,0.09775066375732422,1.403357982635498,0.1867051124572754,4.4590935707092285,0,41.630156847729275,26643.30038254674,0.2736594168791437,1950284.5,19632950.413239814,0.5,1999382114.6163077,100000000000.0,100000000000.0,1000000000.0,clip,False,0,369,0,369,,,,,,,,,
2026-05-18T19:49:09,0,6,6,1,370,74816,370,True,4.946524064171123e-08,,,,,,6151.273012161255,647.270781993866,0.00030803680419921875,0.1017153263092041,1.3995046615600586,0.18541336059570312,4.461674213409424,0,41.61740171406474,26635.137097001436,0.2736594168791437,2128330.75,19282858.019975018,0.5,1963295041.3239815,100000000000.0,100000000000.0,1000000000.0,clip,False,0,370,0,370,,,,,,,,,
2026-05-18T19:49:15,0,6,6,1,371,74816,371,True,4.9598930481283416e-08,517.9326171875,206.56390380859375,0.7203764319419861,308.6465148925781,2.0018155574798584,6149.900436401367,647.270781993866,0.0003161430358886719,0.1003880500793457,1.400733232498169,0.18526077270507812,4.460055351257324,0,41.62669016310111,26641.08170438471,0.2736594168791437,1772807.375,18932657.00707552,0.5,1928285801.9975019,100000000000.0,100000000000.0,1000000000.0,clip,False,0,371,0,371,475.6385091145833,414.7314147949219,530.9563598632812,6149.959635416667,6152.31787109375,768.8004150390625,0.0,999.031005859375,639379.875
2026-05-18T19:49:21,0,6,6,1,372,74816,372,True,4.9732620320855615e-08,,,,,,6157.548427581787,647.270781993866,0.0003032684326171875,0.10064101219177246,1.3842310905456543,0.1896653175354004,4.456019639968872,0,41.57498767744766,26607.992113566503,0.2736594168791437,1918538.5,18592374.63693401,0.5,1893265700.707552,100000000000.0,100000000000.0,1000000000.0,clip,False,0,372,0,372,,,,,,,,,
2026-05-18T19:49:27,0,6,6,1,373,74816,373,True,4.98663101604278e-08,,,,,,6150.333404541016,647.270781993866,0.0003304481506347656,0.0964665412902832,1.4042668342590332,0.18726420402526855,4.459542274475098,0,41.62375974788389,26639.20623864569,0.2736594168791437,1834358.75,18257214.31919533,0.5,1859237463.6934009,100000000000.0,100000000000.0,1000000000.0,clip,False,0,373,0,373,,,,,,,,,
2026-05-18T19:49:33,0,6,6,1,374,74816,374,True,5e-08,,,,,,6155.862092971802,647.270781993866,0.00031495094299316406,0.09641480445861816,1.4038958549499512,0.18920159339904785,4.463756084442139,0,41.586376714364235,26615.281097193107,0.2736594168791437,1869805.25,17929466.137811422,0.5,1825721431.919533,100000000000.0,100000000000.0,1000000000.0,clip,False,0,374,0,374,,,,,,,,,
2026-05-18T19:49:39,0,6,6,1,375,74816,375,True,5.0133689839572196e-08,,,,,,6152.671337127686,647.270781993866,0.0003294944763183594,0.09649896621704102,1.4036803245544434,0.1975259780883789,4.451845169067383,0,41.607943277449806,26629.083697567876,0.2736594168791437,1841016.0,17607697.135055196,0.5,1792946613.7811422,100000000000.0,100000000000.0,1000000000.0,clip,False,0,375,0,375,,,,,,,,,
2026-05-18T19:49:46,0,6,6,1,376,74816,376,True,5.026737967914438e-08,,,,,,6152.183532714844,647.270781993866,0.0005164146423339844,0.11050152778625488,1.3858120441436768,0.18922638893127441,4.460084676742554,0,41.611242356261755,26631.195108007523,0.2736594168791437,1851669.125,17292576.57485409,0.5,1760769713.5055196,100000000000.0,100000000000.0,1000000000.0,clip,False,0,376,0,376,,,,,,,,,
2026-05-18T19:49:52,0,6,6,1,377,74816,377,True,5.040106951871658e-08,,,,,,6135.806322097778,647.270781993866,0.0003807544708251953,0.11020994186401367,1.3833541870117188,0.19043970108032227,4.44895601272583,0,41.72230780460421,26702.276994946697,0.2736594168791437,1790081.0,16982526.66335701,0.5,1729257657.485409,100000000000.0,100000000000.0,1000000000.0,clip,False,0,377,0,377,,,,,,,,,
2026-05-18T19:49:58,0,6,6,1,378,74816,378,True,5.0534759358288764e-08,,,,,,6531.8732261657715,647.270781993866,0.00029659271240234375,0.09465932846069336,1.4070518016815186,0.18834924697875977,4.839226484298706,0,39.19243242114678,25083.15674953394,0.2736594168791437,2009985.75,16683075.845089868,0.5,1698252666.3357008,100000000000.0,100000000000.0,1000000000.0,clip,False,0,378,0,378,,,,,,,,,
2026-05-18T19:50:04,0,6,6,1,379,74816,379,True,5.066844919786096e-08,,,,,,6149.427652359009,647.270781993866,0.0003032684326171875,0.0933384895324707,1.4078376293182373,0.18711280822753906,4.458665370941162,0,41.62989053164886,26643.129940255272,0.2736594168791437,2065843.25,16390731.19318807,0.5,1668307584.5089867,100000000000.0,100000000000.0,1000000000.0,clip,False,0,379,0,379,,,,,,,,,
2026-05-18T19:50:11,0,6,6,1,380,74816,380,True,5.0802139037433154e-08,,,,,,6150.085926055908,647.270781993866,0.00029754638671875,0.09131121635437012,1.4106481075286865,0.18771624565124512,4.457879066467285,0,41.62543468139388,26640.278196092084,0.2736594168791437,1937581.375,16101668.196824307,0.5,1639073119.318807,100000000000.0,100000000000.0,1000000000.0,clip,False,0,380,0,380,,,,,,,,,
2026-05-18T19:50:17,0,6,6,1,381,74816,381,True,5.0935828877005345e-08,515.0953979492188,207.90054321289062,0.7191120982170105,304.4848937988281,1.9908571243286133,6149.500608444214,647.270781993866,0.00028443336486816406,0.09079313278198242,1.4113821983337402,0.1893329620361328,4.455546855926514,0,41.62939664539141,26642.813853050502,0.2736594168791437,2251707.5,15824668.982887821,0.5,1610166819.6824307,100000000000.0,100000000000.0,1000000000.0,clip,False,0,381,0,381,480.5680338541667,412.36761474609375,515.8884887695312,6149.529947916667,6154.765625,768.8004150390625,0.0,999.1007690429688,639424.5
2026-05-18T19:50:23,0,6,6,1,382,74816,382,True,5.106951871657754e-08,,,,,,6159.792900085449,647.270781993866,0.0002789497375488281,0.09122848510742188,1.3931357860565186,0.1891155242919922,4.4559314250946045,0,41.559838805043064,26598.29683522756,0.2736594168791437,2410926.5,15556394.133230064,0.5,1582466898.2887821,100000000000.0,100000000000.0,1000000000.0,clip,False,0,382,0,382,,,,,,,,,
2026-05-18T19:50:29,0,6,6,1,383,74816,383,True,5.120320855614973e-08,,,,,,6148.582220077515,647.270781993866,0.00029778480529785156,0.09205198287963867,1.407696008682251,0.18966102600097656,4.454517126083374,0,41.63561465667001,26646.793380268806,0.2736594168791437,1958415.25,15284434.555565462,0.5,1555639413.3230064,100000000000.0,100000000000.0,1000000000.0,clip,False,0,383,0,383,,,,,,,,,
2026-05-18T19:50:35,0,6,6,1,384,74816,384,True,5.133689839572193e-08,,,,,,6149.611711502075,647.270781993866,0.0002930164337158203,0.09306025505065918,1.4089703559875488,0.19063639640808105,4.45450758934021,0,41.62864454046492,26642.33250589755,0.2736594168791437,1840009.75,15015546.059454152,0.5,1528443455.5565462,100000000000.0,100000000000.0,1000000000.0,clip,False,0,384,0,384,,,,,,,,,
2026-05-18T19:50:41,0,6,6,1,385,74816,385,True,5.147058823529411e-08,,,,,,6154.017210006714,647.270781993866,0.0002944469451904297,0.0933985710144043,1.409372329711914,0.1885221004486084,4.46033787727356,0,41.59884369249606,26623.25996319748,0.2736594168791437,2005012.625,14755335.390765069,0.5,1501554605.9454153,100000000000.0,100000000000.0,1000000000.0,clip,False,0,385,0,385,,,,,,,,,
2026-05-18T19:50:47,0,6,6,1,386,74816,386,True,5.160427807486631e-08,,,,,,6153.00989151001,647.270781993866,0.00030684471130371094,0.097015380859375,1.402388334274292,0.19360780715942383,4.457605361938477,0,41.605653901715904,26627.61849709818,0.2736594168791437,1907956.5,14498387.812949767,0.5,1475533539.0765069,100000000000.0,100000000000.0,1000000000.0,clip,False,0,386,0,386,,,,,,,,,
2026-05-18T19:50:54,0,6,6,1,387,74816,387,True,5.17379679144385e-08,,,,,,6149.683952331543,647.270781993866,0.0003190040588378906,0.09612727165222168,1.399348497390747,0.18930506706237793,4.462389707565308,0,41.6281555254465,26642.01953628576,0.2736594168791437,1945667.375,14247333.404190771,0.5,1449838781.2949767,100000000000.0,100000000000.0,1000000000.0,clip,False,0,387,0,387,,,,,,,,,
2026-05-18T19:51:00,0,6,6,1,388,74816,388,True,5.187165775401069e-08,,,,,,6154.863595962524,647.270781993866,0.0003247261047363281,0.09460139274597168,1.4028260707855225,0.1913619041442871,4.463623762130737,0,41.59312322825988,26619.598866086322,0.2736594168791437,1761006.75,13997606.871106956,0.5,1424733340.4190772,100000000000.0,100000000000.0,1000000000.0,clip,False,0,388,0,388,,,,,,,,,
2026-05-18T19:51:06,0,6,6,1,389,74816,389,True,5.2005347593582885e-08,,,,,,6152.266979217529,647.270781993866,0.00031685829162597656,0.09860372543334961,1.3926429748535156,0.19107890129089355,4.467480659484863,0,41.61067796062373,26630.83389479919,0.2736594168791437,1715063.875,13751956.011184817,0.5,1399760687.1106956,100000000000.0,100000000000.0,1000000000.0,clip,False,0,389,0,389,,,,,,,,,
2026-05-18T19:51:12,0,6,6,1,390,74816,390,True,5.2139037433155076e-08,,,,,,6148.179292678833,647.270781993866,0.0003147125244140625,0.10307979583740234,1.3855712413787842,0.1899394989013672,4.467185735702515,0,41.638343290482965,26648.539705909097,0.2736594168791437,2466424.0,13526245.37096112,0.5,1375195601.1184816,100000000000.0,100000000000.0,1000000000.0,clip,False,0,390,0,390,,,,,,,,,
2026-05-18T19:51:18,0,6,6,1,391,74816,391,True,5.227272727272727e-08,511.9233093261719,202.06336975097656,0.7176880836486816,307.1600646972656,1.982218861579895,6151.075839996338,647.270781993866,0.0003261566162109375,0.09774661064147949,1.3934590816497803,0.19335198402404785,4.463963985443115,0,41.61873575601246,26635.99088384798,0.2736594168791437,2134575.75,13298411.978541898,0.5,1352624537.096112,100000000000.0,100000000000.0,1000000000.0,clip,False,0,391,0,391,476.1582845052083,396.6743469238281,557.782470703125,6150.966145833333,6158.52685546875,768.8004150390625,0.0,998.86767578125,639275.25
2026-05-18T19:51:24,0,6,6,1,392,74816,392,True,5.2406417112299466e-08,,,,,,6159.184694290161,647.270781993866,0.0003421306610107422,0.09955954551696777,1.385798692703247,0.1945962905883789,4.4566943645477295,0,41.56394274672805,26600.923357905955,0.2736594168791437,2262237.75,13077688.493971061,0.5,1329841197.8541899,100000000000.0,100000000000.0,1000000000.0,clip,False,0,392,0,392,,,,,,,,,
2026-05-18T19:51:31,0,6,6,1,393,74816,393,True,5.254010695187165e-08,,,,,,6149.275541305542,647.270781993866,0.00030803680419921875,0.09541511535644531,1.3999848365783691,0.19661545753479004,4.453008651733398,0,41.63092030604455,26643.788995868515,0.2736594168791437,2868942.0,12873513.56409164,0.5,1307768849.3971062,100000000000.0,100000000000.0,1000000000.0,clip,False,0,393,0,393,,,,,,,,,
2026-05-18T19:51:37,0,6,6,1,394,74816,394,True,5.267379679144385e-08,,,,,,6157.395124435425,647.270781993866,0.00029349327087402344,0.1040656566619873,1.3914473056793213,0.19389700889587402,4.4646947383880615,0,41.57602278666058,26608.654583462772,0.2736594168791437,1815598.875,12652355.270309806,0.5,1287351356.409164,100000000000.0,100000000000.0,1000000000.0,clip,False,0,394,0,394,,,,,,,,,
2026-05-18T19:51:43,0,6,6,1,395,74816,395,True,5.280748663101604e-08,,,,,,6153.237342834473,647.270781993866,0.0003256797790527344,0.6107769012451172,0.8768153190612793,0.19159770011901855,4.47093939781189,0,41.6041159696392,26626.634220569093,0.2736594168791437,1940925.125,12438126.667403609,0.5,1265235527.0309806,100000000000.0,100000000000.0,1000000000.0,clip,False,0,395,0,395,,,,,,,,,
2026-05-18T19:51:49,0,6,6,1,396,74816,396,True,5.294117647058823e-08,,,,,,6146.75760269165,647.270781993866,0.0003383159637451172,0.09789013862609863,1.386793613433838,0.1915280818939209,4.467309951782227,0,41.64797386640043,26654.703274496274,0.2736594168791437,1931296.5,12227990.064055536,0.5,1243812666.7403607,100000000000.0,100000000000.0,1000000000.0,clip,False,0,396,0,396,,,,,,,,,
2026-05-18T19:51:55,0,6,6,1,397,74816,397,True,5.307486631016043e-08,,,,,,6150.127172470093,647.270781993866,0.0003299713134765625,0.10054326057434082,1.3867459297180176,0.1913166046142578,4.467710018157959,0,41.62515551644796,26640.099530526695,0.2736594168791437,1913020.5,12021690.672774425,0.5,1222799006.4055536,100000000000.0,100000000000.0,1000000000.0,clip,False,0,397,0,397,,,,,,,,,
2026-05-18T19:52:01,0,6,6,1,398,74816,398,True,5.3208556149732616e-08,,,,,,6149.876832962036,647.270781993866,0.00032448768615722656,0.10094189643859863,1.387143611907959,0.19607305526733398,4.462554931640625,0,41.62684992777323,26641.183953774867,0.2736594168791437,2313800.75,11827532.874318937,0.5,1202169067.2774425,100000000000.0,100000000000.0,1000000000.0,clip,False,0,398,0,398,,,,,,,,,
2026-05-18T19:52:07,0,6,6,1,399,74816,399,True,5.3342245989304814e-08,,,,,,6153.326988220215,647.270781993866,0.00032448768615722656,0.09704136848449707,1.3907084465026855,0.18973183631896973,4.472653388977051,0,41.603509855738274,26626.246307672493,0.2736594168791437,2123673.0,11633455.676832559,0.5,1182753287.4318936,100000000000.0,100000000000.0,1000000000.0,clip,False,0,399,0,399,,,,,,,,,
2026-05-18T19:52:14,0,6,6,1,400,74816,400,True,5.3475935828877e-08,,,,,,6157.297849655151,647.270781993866,0.000331878662109375,0.09877943992614746,1.387129783630371,0.19823145866394043,4.469977617263794,0,41.57667961674741,26609.074954718344,0.2736594168791437,1876730.375,11438321.170795906,0.5,1163345567.683256,100000000000.0,100000000000.0,1000000000.0,clip,False,0,400,0,400,,,,,,,,,
2026-05-18T19:52:20,0,6,6,1,401,74816,401,True,5.36096256684492e-08,463.7764587402344,187.6223602294922,0.7176806330680847,273.4317626953125,2.0046679973602295,6141.817569732666,647.270781993866,0.00033855438232421875,0.10185575485229492,1.383575201034546,0.19220304489135742,4.460577726364136,0,41.681472478373024,26676.142386158735,0.27368493030201035,1859300.25,11246740.75237999,0.5,1143832117.0795906,100000000000.0,100000000000.0,1000000000.0,clip,False,0,401,0,401,477.1020100911458,420.2447204589844,534.6539306640625,6150.674479166667,6156.46875,768.8004150390625,0.0,998.9152221679688,639305.75
2026-05-18T19:52:26,0,6,6,1,402,74816,402,True,5.374331550802138e-08,,,,,,6158.974885940552,647.270781993866,0.00032830238342285156,0.10029888153076172,1.383650302886963,0.19334959983825684,4.465922594070435,0,41.565358641806775,26601.829530756335,0.27368493030201035,2196421.5,11065734.36733239,0.5,1124674075.237999,100000000000.0,100000000000.0,1000000000.0,clip,False,0,402,0,402,,,,,,,,,
2026-05-18T19:52:32,0,6,6,1,403,74816,403,True,5.387700534759358e-08,,,,,,6150.490522384644,647.270781993866,0.0003256797790527344,0.10094094276428223,1.3875494003295898,0.20130562782287598,4.457244157791138,0,41.622696444826765,26638.525724689127,0.27368493030201035,2220988.75,10888839.454985742,0.5,1106573436.733239,100000000000.0,100000000000.0,1000000000.0,clip,False,0,403,0,403,,,,,,,,,
2026-05-18T19:52:38,0,6,6,1,404,74816,404,True,5.401069518716578e-08,,,,,,6149.361848831177,647.270781993866,0.0003364086151123047,0.09884858131408691,1.3893048763275146,0.20383882522583008,4.453858375549316,0,41.63033600773689,26643.415044951606,0.27368493030201035,2163798.75,10714338.640886026,0.5,1088883945.4985743,100000000000.0,100000000000.0,1000000000.0,clip,False,0,404,0,404,,,,,,,,,
2026-05-18T19:52:44,0,6,6,1,405,74816,405,True,5.4144385026737963e-08,,,,,,6150.201797485352,647.270781993866,0.0003235340118408203,0.10317325592041016,1.3851442337036133,0.2001793384552002,4.458438158035278,0,41.6246504471888,26639.77628620083,0.27368493030201035,2988044.75,10559812.763068303,0.5,1071433864.0886025,100000000000.0,100000000000.0,1000000000.0,clip,False,0,405,0,405,,,,,,,,,
2026-05-18T19:52:51,0,6,6,1,406,74816,406,True,5.427807486631016e-08,,,,,,6152.052879333496,647.270781993866,0.0003192424774169922,0.09662771224975586,1.3918166160583496,0.17919111251831055,4.481199741363525,0,41.61212606932836,26631.760684370154,0.27368493030201035,2198951.75,10392595.542806936,0.5,1055981276.3068304,100000000000.0,100000000000.0,1000000000.0,clip,False,0,406,0,406,,,,,,,,,
2026-05-18T19:52:57,0,6,6,1,407,74816,407,True,5.4411764705882347e-08,,,,,,6147.861480712891,647.270781993866,0.0003154277801513672,0.09700202941894531,1.388227939605713,0.17831039428710938,4.481034517288208,0,41.640495772900024,26649.917294656014,0.27368493030201035,2086925.75,10226482.146950798,0.5,1039259554.2806937,100000000000.0,100000000000.0,1000000000.0,clip,False,0,407,0,407,,,,,,,,,
2026-05-18T19:53:03,0,6,6,1,408,74816,408,True,5.4545454545454545e-08,,,,,,6149.888515472412,647.270781993866,0.000335693359375,0.09805178642272949,1.3898890018463135,0.18001508712768555,4.478802442550659,0,41.62677085217617,26641.13334539275,0.27368493030201035,2181916.75,10065590.839011783,0.5,1022648214.6950798,100000000000.0,100000000000.0,1000000000.0,clip,False,0,408,0,408,,,,,,,,,
2026-05-18T19:53:09,0,6,6,1,409,74816,409,True,5.4679144385026736e-08,,,,,,6141.517639160156,647.270781993866,0.0003590583801269531,0.1086266040802002,1.379133939743042,0.17987704277038574,4.470601320266724,0,41.683508057954164,26677.445157090664,0.27368493030201035,2115110.5,9906581.232231548,0.5,1006559083.9011782,100000000000.0,100000000000.0,1000000000.0,clip,False,0,409,0,409,,,,,,,,,
2026-05-18T19:53:15,0,6,6,1,410,74816,410,True,5.481283422459893e-08,,,,,,6150.691032409668,647.270781993866,0.0003552436828613281,0.09724044799804688,1.3979806900024414,0.18488812446594238,4.467759370803833,0,41.62133956185837,26637.657319589354,0.27368493030201035,2018638.75,9748822.382586917,0.5,990658123.2231548,100000000000.0,100000000000.0,1000000000.0,clip,False,0,410,0,410,,,,,,,,,
2026-05-18T19:53:21,0,6,6,1,411,74816,411,True,5.494652406417112e-08,482.6623840332031,190.4204864501953,0.7199163436889648,289.5473327636719,1.9746254682540894,6150.721549987793,647.270781993866,0.00030684471130371094,0.10013175010681152,1.3950233459472656,0.17944979667663574,4.473328351974487,0,41.62113305235027,26637.52515350417,0.27368493030201035,1983252.625,9593510.987435179,0.5,974882238.2586917,100000000000.0,100000000000.0,1000000000.0,clip,False,0,411,0,411,482.2058919270833,400.1653747558594,572.1884765625,6150.05078125,6153.1416015625,768.8004150390625,0.0,999.0162353515625,639370.375
2026-05-18T19:53:27,0,6,6,1,412,74816,412,True,5.508021390374331e-08,,,,,,6164.594888687134,647.270781993866,0.00031185150146484375,0.09761691093444824,1.3875339031219482,0.18062853813171387,4.476935386657715,0,41.52746524670983,26577.57775789429,0.27368493030201035,1900208.0,9439644.927686475,0.5,959351098.7435179,100000000000.0,100000000000.0,1000000000.0,clip,False,0,412,0,412,,,,,,,,,
2026-05-18T19:53:34,0,6,6,1,413,74816,413,True,5.52139037433155e-08,,,,,,6145.221710205078,647.270781993866,0.0003657341003417969,0.09767389297485352,1.3907158374786377,0.1822967529296875,4.471579074859619,0,41.658383061244635,26661.365159196564,0.27368493030201035,2434302.5,9299538.079132747,0.5,943964492.7686476,100000000000.0,100000000000.0,1000000000.0,clip,False,0,413,0,413,,,,,,,,,
2026-05-18T19:53:40,0,6,6,1,414,74816,414,True,5.53475935828877e-08,,,,,,6155.716419219971,647.270781993866,0.0003082752227783203,0.09115099906921387,1.4026007652282715,0.182830810546875,4.476567983627319,0,41.587360847340555,26615.910942297953,0.27368493030201035,2386713.5,9161281.58755009,0.5,929953807.9132746,100000000000.0,100000000000.0,1000000000.0,clip,False,0,414,0,414,,,,,,,,,
2026-05-18T19:53:46,0,6,6,1,415,74816,415,True,5.548128342245989e-08,,,,,,6143.2976722717285,647.270781993866,0.00033283233642578125,0.09075498580932617,1.3972134590148926,0.18063044548034668,4.472111225128174,0,41.67143017592599,26669.715312592634,0.27368493030201035,2126020.25,9020576.360799087,0.5,916128158.755009,100000000000.0,100000000000.0,1000000000.0,clip,False,0,415,0,415,,,,,,,,,
2026-05-18T19:53:52,0,6,6,1,416,74816,416,True,5.5614973262032084e-08,,,,,,6158.153533935547,647.270781993866,0.00030803680419921875,0.08994364738464355,1.4056944847106934,0.18154668807983398,4.478332042694092,0,41.57090247738525,26605.377585526563,0.27368493030201035,3130588.0,8902776.593583105,0.5,902057636.0799087,100000000000.0,100000000000.0,1000000000.0,clip,False,0,416,0,416,,,,,,,,,
2026-05-18T19:53:58,0,6,6,1,417,74816,417,True,5.5748663101604276e-08,,,,,,6148.57292175293,647.270781993866,0.0003426074981689453,0.10960149765014648,1.3806853294372559,0.18854546546936035,4.466514825820923,0,41.6356776211114,26646.8336775113,0.27368493030201035,2087920.375,8766479.469211444,0.5,890277659.3583105,100000000000.0,100000000000.0,1000000000.0,clip,False,0,417,0,417,,,,,,,,,
2026-05-18T19:54:04,0,6,6,1,418,74816,418,True,5.588235294117647e-08,,,,,,6157.213926315308,647.270781993866,0.0003864765167236328,0.10263919830322266,1.3889331817626953,0.18486976623535156,4.477932691574097,0,41.57724631036157,26609.437638631403,0.27368493030201035,1865511.0,8628460.099827215,0.5,876647946.9211445,100000000000.0,100000000000.0,1000000000.0,clip,False,0,418,0,418,,,,,,,,,
2026-05-18T19:54:10,0,6,6,1,419,74816,419,True,5.6016042780748665e-08,,,,,,6145.154237747192,647.270781993866,0.0003719329833984375,0.10370683670043945,1.3813645839691162,0.1859586238861084,4.471272945404053,0,41.658840461236224,26661.657895191183,0.27368493030201035,1987126.25,8495633.422830671,0.5,862846009.9827216,100000000000.0,100000000000.0,1000000000.0,clip,False,0,419,0,419,,,,,,,,,
2026-05-18T19:54:17,0,6,6,1,420,74816,420,True,5.614973262032085e-08,,,,,,6147.858381271362,647.270781993866,0.00029158592224121094,0.09654355049133301,1.3936147689819336,0.18276309967041016,4.472301959991455,0,41.64051676594733,26649.930730206295,0.27368493030201035,2355707.75,8372834.909374057,0.5,849563342.2830671,100000000000.0,100000000000.0,1000000000.0,clip,False,0,420,0,420,,,,,,,,,
2026-05-18T19:54:23,0,6,6,1,421,74816,421,True,5.628342245989305e-08,505.229248046875,208.28221130371094,0.7192004323005676,294.2462158203125,1.9816378355026245,6155.455827713013,647.270781993866,0.00036406517028808594,0.10107135772705078,1.3913307189941406,0.18632149696350098,4.473820686340332,0,41.5891214501841,26617.037728117826,0.27368493030201035,1847503.75,8242328.286186576,0.5,837283490.9374057,100000000000.0,100000000000.0,1000000000.0,clip,False,0,421,0,421,480.3531087239583,400.7298583984375,543.6072998046875,6150.263020833333,6155.4560546875,768.8004150390625,0.0,998.98193359375,639348.4375
2026-05-18T19:54:29,0,6,6,1,422,74816,422,True,5.6417112299465234e-08,,,,,,6156.64005279541,647.270781993866,0.00029349327087402344,0.10061860084533691,1.3840279579162598,0.18447113037109375,4.46815824508667,0,41.58112181396145,26611.917960935327,0.27368493030201035,2683304.75,8131147.8154628435,0.5,824232828.6186576,100000000000.0,100000000000.0,1000000000.0,clip,False,0,422,0,422,,,,,,,,,
2026-05-18T19:54:35,0,6,6,1,423,74816,423,True,5.655080213903743e-08,,,,,,6147.1192836761475,647.270781993866,0.0003178119659423828,0.09218502044677734,1.4039881229400635,0.18759822845458984,4.460664749145508,0,41.64552340472966,26653.13497902698,0.27368493030201035,2413682.0,8016798.499153586,0.5,813114781.5462843,100000000000.0,100000000000.0,1000000000.0,clip,False,0,423,0,423,,,,,,,,,
2026-05-18T19:54:41,0,6,6,1,424,74816,424,True,5.6684491978609623e-08,,,,,,6157.442331314087,647.270781993866,0.00031304359436035156,0.09193587303161621,1.4039130210876465,0.18863534927368164,4.470331907272339,0,41.575704038362616,26608.450584552073,0.27368493030201035,1801998.5,7892502.499170514,0.5,801679849.9153587,100000000000.0,100000000000.0,1000000000.0,clip,False,0,424,0,424,,,,,,,,,
2026-05-18T19:54:47,0,6,6,1,425,74816,425,True,5.6818181818181815e-08,,,,,,6143.983364105225,647.270781993866,0.0002961158752441406,0.09581851959228516,1.3936002254486084,0.18204426765441895,4.469994068145752,0,41.66677948635403,26666.738871266578,0.27368493030201035,2461779.25,7783888.034187104,0.5,789250249.9170514,100000000000.0,100000000000.0,1000000000.0,clip,False,0,425,0,425,,,,,,,,,
2026-05-18T19:54:54,0,6,6,1,426,74816,426,True,5.695187165775401e-08,,,,,,6153.650283813477,647.270781993866,0.00033783912658691406,0.0941762924194336,1.4012672901153564,0.17701077461242676,4.47839093208313,0,41.60132412356627,26624.847439082412,0.27368493030201035,3038065.75,7688971.588503362,0.5,778388803.4187104,100000000000.0,100000000000.0,1000000000.0,clip,False,0,426,0,426,,,,,,,,,
2026-05-18T19:55:00,0,6,6,1,427,74816,427,True,5.70855614973262e-08,,,,,,6143.551588058472,647.270781993866,0.00031447410583496094,0.0954127311706543,1.3984637260437012,0.17993450164794922,4.466775178909302,0,41.6697078767272,26668.613041105407,0.27368493030201035,2156152.0,7578315.196733294,0.5,768897158.8503362,100000000000.0,100000000000.0,1000000000.0,clip,False,0,427,0,427,,,,,,,,,
2026-05-18T19:55:06,0,6,6,1,428,74816,428,True,5.7219251336898396e-08,,,,,,6149.6641635894775,647.270781993866,0.00030040740966796875,0.08981537818908691,1.407423496246338,0.17876267433166504,4.471182346343994,0,41.628289478912976,26642.105266504303,0.27368493030201035,1872495.375,7464198.8002986275,0.5,757831519.6733294,100000000000.0,100000000000.0,1000000000.0,clip,False,0,428,0,428,,,,,,,,,
2026-05-18T19:55:12,0,6,6,1,429,74816,429,True,5.735294117647058e-08,,,,,,6152.217388153076,647.270781993866,0.00030040740966796875,0.09156179428100586,1.4039106369018555,0.17485857009887695,4.479418039321899,0,41.61101337104285,26631.048557467428,0.27368493030201035,1762996.875,7350174.761792655,0.5,746419880.0298628,100000000000.0,100000000000.0,1000000000.0,clip,False,0,429,0,429,,,,,,,,,
2026-05-18T19:55:18,0,6,6,1,430,74816,430,True,5.748663101604278e-08,,,,,,6149.434566497803,647.270781993866,0.00029206275939941406,0.09131336212158203,1.402425765991211,0.1820681095123291,4.471258640289307,0,41.62984372493224,26643.099983956636,0.27368493030201035,2250054.75,7248172.361556802,0.5,735017476.1792655,100000000000.0,100000000000.0,1000000000.0,clip,False,0,430,0,430,,,,,,,,,
2026-05-18T19:55:24,0,6,6,1,431,74816,431,True,5.762032085561497e-08,430.1871643066406,162.34591674804688,0.7203443050384521,265.15289306640625,1.9680085182189941,6147.955656051636,647.270781993866,0.0003409385681152344,0.09961390495300293,1.3965020179748535,0.1746363639831543,4.474686622619629,0,41.639857917324235,26649.509067087507,0.27368493030201035,2344780.5,7150104.524325666,0.5,724817236.1556802,100000000000.0,100000000000.0,1000000000.0,clip,False,0,431,0,431,470.4340006510417,415.120361328125,539.5479736328125,6150.759114583333,6155.64111328125,768.8004150390625,0.0,998.9012451171875,639296.75
2026-05-18T19:55:30,0,6,6,1,432,74816,432,True,5.775401069518716e-08,,,,,,6163.310527801514,647.270781993866,0.0002720355987548828,0.09177279472351074,1.3924040794372559,0.17920303344726562,4.4760963916778564,0,41.53611907841297,26583.116210184304,0.27368493030201035,1830411.125,7043710.656339153,0.5,715010452.4325666,100000000000.0,100000000000.0,1000000000.0,clip,False,0,432,0,432,,,,,,,,,
2026-05-18T19:55:37,0,6,6,1,433,74816,433,True,5.7887700534759354e-08,,,,,,6143.397569656372,647.270781993866,0.0003185272216796875,0.0972604751586914,1.3939237594604492,0.17906641960144043,4.470757246017456,0,41.6707525595351,26669.281638102468,0.27368493030201035,2080738.5,6944451.21321237,0.5,704371065.6339153,100000000000.0,100000000000.0,1000000000.0,clip,False,0,433,0,433,,,,,,,,,
2026-05-18T19:55:43,0,6,6,1,434,74816,434,True,5.8021390374331546e-08,,,,,,6149.175405502319,647.270781993866,0.00029397010803222656,0.09151458740234375,1.4054641723632812,0.1744706630706787,4.475294828414917,0,41.63159824176257,26644.222874728046,0.27368493030201035,2744293.25,6860448.053948123,0.5,694445121.321237,100000000000.0,100000000000.0,1000000000.0,clip,False,0,434,0,434,,,,,,,,,
2026-05-18T19:55:49,0,6,6,1,435,74816,435,True,5.8155080213903744e-08,,,,,,6150.527238845825,647.270781993866,0.00028824806213378906,0.09429740905761719,1.401815414428711,0.17488551139831543,4.477071285247803,0,41.62244797212533,26638.36670216021,0.27368493030201035,1794814.0,6759135.372869161,0.5,686044805.3948123,100000000000.0,100000000000.0,1000000000.0,clip,False,0,435,0,435,,,,,,,,,
2026-05-18T19:55:55,0,6,6,1,436,74816,436,True,5.828877005347593e-08,,,,,,6154.195070266724,647.270781993866,0.0002880096435546875,0.08971667289733887,1.406724214553833,0.17431139945983887,4.481043577194214,0,41.597641458723686,26622.49053358316,0.27368493030201035,2562083.25,6675194.330411778,0.5,675913537.2869161,100000000000.0,100000000000.0,1000000000.0,clip,False,0,436,0,436,,,,,,,,,
2026-05-18T19:56:01,0,6,6,1,437,74816,437,True,5.842245989304813e-08,,,,,,6154.980182647705,647.270781993866,0.00028967857360839844,0.09178304672241211,1.404120683670044,0.17893695831298828,4.477562189102173,0,41.59233537773565,26619.094641750817,0.27368493030201035,1689606.875,6575482.5813035425,0.5,667519433.0411777,100000000000.0,100000000000.0,1000000000.0,clip,False,0,437,0,437,,,,,,,,,
2026-05-18T19:56:07,0,6,6,1,438,74816,438,True,5.855614973262032e-08,,,,,,6143.866777420044,647.270781993866,0.0003113746643066406,0.09920096397399902,1.392519474029541,0.182708740234375,4.467074155807495,0,41.66757015970006,26667.24490220804,0.27368493030201035,1998851.0,6483949.949677472,0.5,657548258.1303543,100000000000.0,100000000000.0,1000000000.0,clip,False,0,438,0,438,,,,,,,,,
2026-05-18T19:56:13,0,6,6,1,439,74816,439,True,5.868983957219251e-08,,,,,,6151.079416275024,647.270781993866,0.0002894401550292969,0.09346485137939453,1.4021553993225098,0.17755675315856934,4.475545167922974,0,41.61871155860132,26635.975397504844,0.27368493030201035,1962764.875,6393526.248183923,0.5,648394994.9677472,100000000000.0,100000000000.0,1000000000.0,clip,False,0,439,0,439,,,,,,,,,
2026-05-18T19:56:20,0,6,6,1,440,74816,440,True,5.88235294117647e-08,,,,,,6152.151823043823,647.270781993866,0.0002930164337158203,0.09291815757751465,1.4032466411590576,0.18073344230651855,4.4728875160217285,0,41.61145683061867,26631.33237159595,0.27368493030201035,2023556.625,6306126.855720244,0.5,639352624.8183923,100000000000.0,100000000000.0,1000000000.0,clip,False,0,440,0,440,,,,,,,,,
2026-05-18T19:56:26,0,6,6,1,441,74816,441,True,5.8957219251336894e-08,494.9120788574219,195.8761444091797,0.7181800603866577,296.32110595703125,1.9966464042663574,6148.407697677612,647.270781993866,0.0002727508544921875,0.09395360946655273,1.399489164352417,0.18288016319274902,4.469611167907715,0,41.636796482558694,26647.549748837562,0.27368493030201035,1749378.625,6214991.891105839,0.5,630612685.5720245,100000000000.0,100000000000.0,1000000000.0,clip,False,0,441,0,441,475.6282552083333,405.1033935546875,528.9489135742188,6149.444661458333,6153.85107421875,768.8004150390625,0.0,999.11474609375,639433.4375
2026-05-18T19:56:32,0,6,6,1,442,74816,442,True,5.9090909090909085e-08,,,,,,6156.177043914795,647.270781993866,0.0003070831298828125,0.09604406356811523,1.3885235786437988,0.180372953414917,4.470724105834961,0,41.58424914908006,26613.919455411236,0.27368493030201035,2161814.25,6133928.338283722,0.5,621499189.1105839,100000000000.0,100000000000.0,1000000000.0,clip,False,0,442,0,442,,,,,,,,,
2026-05-18T19:56:38,0,6,6,1,443,74816,443,True,5.9224598930481283e-08,,,,,,6146.334886550903,647.270781993866,0.0002987384796142578,0.0956575870513916,1.399200677871704,0.17928528785705566,4.469802618026733,0,41.650838219076896,26656.536460209212,0.27368493030201035,2051816.75,6052286.106518048,0.5,613392833.8283722,100000000000.0,100000000000.0,1000000000.0,clip,False,0,443,0,443,,,,,,,,,
2026-05-18T19:56:44,0,6,6,1,444,74816,444,True,5.9358288770053475e-08,,,,,,6151.525497436523,647.270781993866,0.0002913475036621094,0.09169912338256836,1.4051871299743652,0.1746962070465088,4.4774181842803955,0,41.61569355547349,26634.043875503034,0.27368493030201035,1959095.875,5970422.301887687,0.5,605228610.6518048,100000000000.0,100000000000.0,1000000000.0,clip,False,0,444,0,444,,,,,,,,,
2026-05-18T19:56:50,0,6,6,1,445,74816,445,True,5.9491978609625667e-08,,,,,,6150.424480438232,647.270781993866,0.0003082752227783203,0.09199786186218262,1.4022274017333984,0.17795205116271973,4.475690126419067,0,41.62314338046459,26638.81176349734,0.27368493030201035,1746197.0,5885937.795849934,0.5,597042230.1887687,100000000000.0,100000000000.0,1000000000.0,clip,False,0,445,0,445,,,,,,,,,
2026-05-18T19:56:57,0,6,6,1,446,74816,446,True,5.962566844919786e-08,,,,,,6149.465322494507,647.270781993866,0.00028896331787109375,0.09626483917236328,1.3986272811889648,0.17795372009277344,4.4741785526275635,0,41.62963551701997,26642.966730892782,0.27368493030201035,2337456.0,5814968.159932936,0.5,588593779.5849934,100000000000.0,100000000000.0,1000000000.0,clip,False,0,446,0,446,,,,,,,,,
2026-05-18T19:57:03,0,6,6,1,447,74816,447,True,5.975935828877005e-08,,,,,,6156.9178104400635,647.270781993866,0.0002961158752441406,0.09667444229125977,1.4000940322875977,0.18123221397399902,4.476358652114868,0,41.57924596068345,26610.717414837407,0.27368493030201035,1950798.875,5737684.774234277,0.5,581496815.9932935,100000000000.0,100000000000.0,1000000000.0,clip,False,0,447,0,447,,,,,,,,,
2026-05-18T19:57:09,0,6,6,1,448,74816,448,True,5.989304812834224e-08,,,,,,6147.978067398071,647.270781993866,0.0003132820129394531,0.09552359580993652,1.3934962749481201,0.18399953842163086,4.472514390945435,0,41.63970612672396,26649.411921103336,0.27368493030201035,1874119.25,5660413.463749591,0.5,573768477.4234277,100000000000.0,100000000000.0,1000000000.0,clip,False,0,448,0,448,,,,,,,,,
2026-05-18T19:57:15,0,6,6,1,449,74816,449,True,6.002673796791443e-08,,,,,,6148.944854736328,647.270781993866,0.0003113746643066406,0.0971841812133789,1.393972635269165,0.17831850051879883,4.477064609527588,0,41.63315919198912,26645.22188287304,0.27368493030201035,2161422.5,5590433.6444745995,0.5,566041346.3749591,100000000000.0,100000000000.0,1000000000.0,clip,False,0,449,0,449,,,,,,,,,
2026-05-18T19:57:21,0,6,6,1,450,74816,450,True,6.016042780748662e-08,,,,,,6152.302265167236,647.270781993866,0.00031065940856933594,0.09649252891540527,1.3950321674346924,0.18709063529968262,4.471358299255371,0,41.61043930650264,26630.68115616169,0.27368493030201035,1892383.875,5516472.649085107,0.5,559043364.4474599,100000000000.0,100000000000.0,1000000000.0,clip,False,0,450,0,450,,,,,,,,,
2026-05-18T19:57:27,0,6,6,1,451,74816,451,True,6.029411764705882e-08,469.1917724609375,192.75242614746094,0.7181395888328552,273.71697998046875,2.004201650619507,6144.706964492798,647.270781993866,0.00026726722717285156,0.09543704986572266,1.3948614597320557,0.18273520469665527,4.469590902328491,0,41.66187280846695,26663.598597418848,0.27368493030201035,2395271.75,5454048.631103405,0.5,551647264.9085107,100000000000.0,100000000000.0,1000000000.0,clip,False,0,451,0,451,470.497802734375,413.9529113769531,524.5675048828125,6149.251302083333,6154.44580078125,768.8004150390625,0.0,999.1461791992188,639453.5625
2026-05-18T19:57:33,0,6,6,1,452,74816,452,True,6.042780748663101e-08,,,,,,6164.795637130737,647.270781993866,0.00031948089599609375,0.09503507614135742,1.3890032768249512,0.18660831451416016,4.467543363571167,0,41.52611295954481,26576.712294108678,0.27368493030201035,1967840.75,5384324.473481337,0.5,545404863.1103405,100000000000.0,100000000000.0,1000000000.0,clip,False,0,452,0,452,,,,,,,,,
2026-05-18T19:57:40,0,6,6,1,453,74816,453,True,6.056149732620321e-08,,,,,,6149.070978164673,647.270781993866,0.000270843505859375,0.09582161903381348,1.3988196849822998,0.1808466911315918,4.471212863922119,0,41.632305255388175,26644.67536344843,0.27368493030201035,2427014.25,5325178.26901171,0.5,538432447.3481337,100000000000.0,100000000000.0,1000000000.0,clip,False,0,453,0,453,,,,,,,,,
2026-05-18T19:57:46,0,6,6,1,454,74816,454,True,6.06951871657754e-08,,,,,,6148.532867431641,647.270781993866,0.0002663135528564453,0.0953969955444336,1.3981189727783203,0.18207359313964844,4.4706385135650635,0,41.63594885472835,26647.00726702614,0.27368493030201035,1849451.75,5255663.738631476,0.5,532517826.90117097,100000000000.0,100000000000.0,1000000000.0,clip,False,0,454,0,454,,,,,,,,,
2026-05-18T19:57:52,0,6,6,1,455,74816,455,True,6.08288770053476e-08,,,,,,6149.819374084473,647.270781993866,0.00026798248291015625,0.09585738182067871,1.3979079723358154,0.18414807319641113,4.469261646270752,0,41.627238854980334,26641.432867187414,0.27368493030201035,1882167.75,5188193.818858846,0.5,525566373.86314756,100000000000.0,100000000000.0,1000000000.0,clip,False,0,455,0,455,,,,,,,,,
2026-05-18T19:57:58,0,6,6,1,456,74816,456,True,6.096256684491979e-08,,,,,,6150.180101394653,647.270781993866,0.00030112266540527344,0.10226082801818848,1.3924646377563477,0.18284964561462402,4.470185041427612,0,41.62479728714739,26639.870263774326,0.27368493030201035,2146545.25,5127360.847481669,0.5,518819381.8858846,100000000000.0,100000000000.0,1000000000.0,clip,False,0,456,0,456,,,,,,,,,
2026-05-18T19:58:04,0,6,6,1,457,74816,457,True,6.109625668449198e-08,,,,,,6149.0209102630615,647.270781993866,0.0003273487091064453,0.09441161155700684,1.3987934589385986,0.174530029296875,4.478065252304077,0,41.632644243040644,26644.892315546014,0.27368493030201035,1960050.875,5064014.648032036,0.5,512736084.7481669,100000000000.0,100000000000.0,1000000000.0,clip,False,0,457,0,457,,,,,,,,,
2026-05-18T19:58:10,0,6,6,1,458,74816,458,True,6.122994652406417e-08,,,,,,6148.829460144043,647.270781993866,0.0003025531768798828,0.0946805477142334,1.401087760925293,0.17426419258117676,4.476313591003418,0,41.63394051816863,26645.721931627922,0.27368493030201035,2798537.75,5018705.110071395,0.5,506401464.8032036,100000000000.0,100000000000.0,1000000000.0,clip,False,0,458,0,458,,,,,,,,,
2026-05-18T19:58:17,0,6,6,1,459,74816,459,True,6.136363636363636e-08,,,,,,6150.180101394653,647.270781993866,0.0003273487091064453,0.09135723114013672,1.4051868915557861,0.1747725009918213,4.476294994354248,0,41.62479728714739,26639.870263774326,0.27368493030201035,1891452.75,4956160.062869966,0.5,501870511.00713944,100000000000.0,100000000000.0,1000000000.0,clip,False,0,459,0,459,,,,,,,,,
2026-05-18T19:58:23,0,6,6,1,460,74816,460,True,6.149732620320855e-08,,,,,,6149.871826171875,647.270781993866,0.00031304359436035156,0.09349513053894043,1.4033715724945068,0.17773151397705078,4.472802639007568,0,41.62688381740679,26641.20564314035,0.27368493030201035,2362625.0,4904289.361612567,0.5,495616006.2869966,100000000000.0,100000000000.0,1000000000.0,clip,False,0,460,0,460,,,,,,,,,
2026-05-18T19:58:29,0,6,6,1,461,74816,461,True,6.163101604278075e-08,520.039306640625,213.0081024169922,0.7178567051887512,304.3337097167969,1.9795840978622437,6155.059337615967,647.270781993866,0.00031876564025878906,0.09253716468811035,1.404360055923462,0.1791226863861084,4.476568222045898,0,41.59180049418601,26618.75231627905,0.27368493030201035,2082781.875,4847859.211880315,0.5,490428936.1612567,100000000000.0,100000000000.0,1000000000.0,clip,False,0,461,0,461,466.1287434895833,409.7030944824219,520.039306640625,6151.572916666667,6157.67431640625,768.8004150390625,0.0,998.7691650390625,639212.3125
2026-05-18T19:58:35,0,6,6,1,462,74816,462,True,6.176470588235294e-08,,,,,,6157.893657684326,647.270781993866,0.0003185272216796875,0.0969383716583252,1.3866984844207764,0.1878366470336914,4.466980934143066,0,41.572656858168074,26606.500389227567,0.27368493030201035,1668274.75,4784267.522642708,0.5,484785921.1880315,100000000000.0,100000000000.0,1000000000.0,clip,False,0,462,0,462,,,,,,,,,
2026-05-18T19:58:41,0,6,6,1,463,74816,463,True,6.189839572192513e-08,,,,,,6149.868011474609,647.270781993866,0.0003008842468261719,0.09809660911560059,1.393709659576416,0.18512725830078125,4.470500946044922,0,41.62690963811703,26641.222168394896,0.27368493030201035,2035278.25,4729287.7371898545,0.5,478426752.26427084,100000000000.0,100000000000.0,1000000000.0,clip,False,0,463,0,463,,,,,,,,,
2026-05-18T19:58:47,0,6,6,1,464,74816,464,True,6.203208556149732e-08,,,,,,6144.30832862854,647.270781993866,0.0002627372741699219,0.0967559814453125,1.395684003829956,0.1900622844696045,4.459429979324341,0,41.6645757842594,26665.328501926015,0.27368493030201035,1877672.0,4672255.422446058,0.5,472928773.71898544,100000000000.0,100000000000.0,1000000000.0,clip,False,0,464,0,464,,,,,,,,,
2026-05-18T19:58:53,0,6,6,1,465,74816,465,True,6.216577540106951e-08,,,,,,6154.371500015259,647.270781993866,0.0002918243408203125,0.0920870304107666,1.4050164222717285,0.17465496063232422,4.480206489562988,0,41.596448963044445,26621.727336348446,0.27368493030201035,1950801.625,4617826.346497136,0.5,467225542.24460584,100000000000.0,100000000000.0,1000000000.0,clip,False,0,465,0,465,,,,,,,,,
2026-05-18T19:59:00,0,6,6,1,466,74816,466,True,6.229946524064172e-08,,,,,,6146.900177001953,647.270781993866,0.0002677440643310547,0.09252309799194336,1.3991515636444092,0.18012261390686035,4.472749710083008,0,41.64700786223922,26654.085031833103,0.27368493030201035,1928506.25,4564039.944567193,0.5,461782634.64971364,100000000000.0,100000000000.0,1000000000.0,clip,False,0,466,0,466,,,,,,,,,
2026-05-18T19:59:06,0,6,6,1,467,74816,467,True,6.24331550802139e-08,,,,,,6148.566961288452,647.270781993866,0.00029969215393066406,0.09163761138916016,1.401885986328125,0.18015432357788086,4.472461700439453,0,41.63571798303297,26646.8595091411,0.27368493030201035,1791577.375,4508590.6931758495,0.5,456403994.45671934,100000000000.0,100000000000.0,1000000000.0,clip,False,0,467,0,467,,,,,,,,,
2026-05-18T19:59:12,0,6,6,1,468,74816,468,True,6.25668449197861e-08,,,,,,6273.947954177856,647.270781993866,0.00030684471130371094,0.10608673095703125,1.3920714855194092,0.17366528511047363,4.599546194076538,0,40.80365375513327,26114.338403285295,0.27368493030201035,1982100.875,4458060.896812333,0.5,450859069.31758493,100000000000.0,100000000000.0,1000000000.0,clip,False,0,468,0,468,,,,,,,,,
2026-05-18T19:59:18,0,6,6,1,469,74816,469,True,6.270053475935828e-08,,,,,,6153.979301452637,647.270781993866,0.00032782554626464844,0.09975361824035645,1.3947865962982178,0.17866730690002441,4.478123903274536,0,41.59909994165427,26623.423962658737,0.27368493030201035,1676478.75,4402429.253876086,0.5,445806089.6812333,100000000000.0,100000000000.0,1000000000.0,clip,False,0,469,0,469,,,,,,,,,
2026-05-18T19:59:24,0,6,6,1,470,74816,470,True,6.283422459893048e-08,,,,,,6154.767751693726,647.270781993866,0.00028514862060546875,0.09695601463317871,1.3945107460021973,0.1757194995880127,4.484955072402954,0,41.593770931413545,26620.01339610467,0.27368493030201035,1904254.875,4352465.766298565,0.5,440242925.38760865,100000000000.0,100000000000.0,1000000000.0,clip,False,0,470,0,470,,,,,,,,,
2026-05-18T19:59:31,0,6,6,1,471,74816,471,True,6.296791443850267e-08,477.328125,195.84124755859375,0.7178351879119873,278.7709045410156,1.9981297254562378,6430.598497390747,647.270781993866,0.0003325939178466797,0.0957491397857666,1.3924572467803955,0.1860826015472412,4.753403425216675,0,39.809669364970226,25478.188393580946,0.27368493030201035,1738705.125,4300190.553472593,0.5,435246576.6298565,100000000000.0,100000000000.0,1000000000.0,clip,False,0,471,0,471,476.6305338541667,412.51495361328125,527.1090698242188,6442.095052083333,6447.3916015625,768.8004150390625,0.0,953.7271728515625,610385.375
2026-05-18T19:59:37,0,6,6,1,472,74816,472,True,6.310160427807487e-08,,,,,,6158.601760864258,647.270781993866,0.00029659271240234375,0.09246134757995605,1.3921840190887451,0.17743945121765137,4.4738500118255615,0,41.56787692082799,26603.441229329914,0.27368493030201035,1920161.875,4252589.979903141,0.5,430019055.34725934,100000000000.0,100000000000.0,1000000000.0,clip,False,0,472,0,472,,,,,,,,,
2026-05-18T19:59:43,0,6,6,1,473,74816,473,True,6.323529411764706e-08,,,,,,6147.89891242981,647.270781993866,0.0003063678741455078,0.09400796890258789,1.4013938903808594,0.18048381805419922,4.469462871551514,0,41.64024224315395,26649.75503561853,0.27368493030201035,2173855.0,4211015.280305078,0.5,425258997.9903141,100000000000.0,100000000000.0,1000000000.0,clip,False,0,473,0,473,,,,,,,,,
2026-05-18T19:59:49,0,6,6,1,474,74816,474,True,6.336898395721925e-08,,,,,,6149.3072509765625,647.270781993866,0.0002944469451904297,0.09231328964233398,1.404498815536499,0.17579150199890137,4.474211931228638,0,41.630705631003394,26643.651603842172,0.27368493030201035,1859817.0,4163991.3146989765,0.5,421101528.0305078,100000000000.0,100000000000.0,1000000000.0,clip,False,0,474,0,474,,,,,,,,,
2026-05-18T19:59:55,0,6,6,1,475,74816,475,True,6.350267379679144e-08,,,,,,6151.1547565460205,647.270781993866,0.00029158592224121094,0.0926816463470459,1.4045979976654053,0.17796015739440918,4.473357677459717,0,41.61820180634643,26635.649156061714,0.27368493030201035,1623745.25,4113186.393404997,0.5,416399131.4698976,100000000000.0,100000000000.0,1000000000.0,clip,False,0,475,0,475,,,,,,,,,
2026-05-18T20:00:01,0,6,6,1,476,74816,476,True,6.363636363636363e-08,,,,,,6156.281471252441,647.270781993866,0.00031566619873046875,0.0948028564453125,1.4020256996154785,0.18351054191589355,4.473435401916504,0,41.5835437667081,26613.46801069318,0.27368493030201035,1740267.25,4065728.010536897,0.5,411318639.3404997,100000000000.0,100000000000.0,1000000000.0,clip,False,0,476,0,476,,,,,,,,,
2026-05-18T20:00:08,0,6,6,1,477,74816,477,True,6.377005347593582e-08,,,,,,6155.412912368774,647.270781993866,0.0003113746643066406,0.09511017799377441,1.396226167678833,0.18191146850585938,4.479658365249634,0,41.58941140822412,26617.223301263442,0.27368493030201035,2192220.75,4028257.865326159,0.5,406572801.0536897,100000000000.0,100000000000.0,1000000000.0,clip,False,0,477,0,477,,,,,,,,,
2026-05-18T20:00:14,0,6,6,1,478,74816,478,True,6.390374331550802e-08,,,,,,6141.554355621338,647.270781993866,0.0003120899200439453,0.09476447105407715,1.3915021419525146,0.18296146392822266,4.46979832649231,0,41.68325885867709,26677.285669553337,0.27368493030201035,1855989.25,3984812.4930196363,0.5,402825786.5326159,100000000000.0,100000000000.0,1000000000.0,clip,False,0,478,0,478,,,,,,,,,
2026-05-18T20:00:20,0,6,6,1,479,74816,479,True,6.403743315508021e-08,,,,,,6153.543710708618,647.270781993866,0.00031304359436035156,0.09568333625793457,1.3990881443023682,0.18498682975769043,4.471309661865234,0,41.60204461609651,26625.308554301766,0.27368493030201035,1819307.125,3941502.3856592434,0.5,398481249.3019636,100000000000.0,100000000000.0,1000000000.0,clip,False,0,479,0,479,,,,,,,,,
2026-05-18T20:00:26,0,6,6,1,480,74816,480,True,6.41711229946524e-08,,,,,,6149.815559387207,647.270781993866,0.0003333091735839844,0.09687399864196777,1.3945212364196777,0.1826610565185547,4.47332501411438,0,41.62726467613102,26641.44939272385,0.27368493030201035,2775959.25,3918191.522946059,0.5,394150238.56592435,100000000000.0,100000000000.0,1000000000.0,clip,False,0,480,0,480,,,,,,,,,
2026-05-18T20:00:32,0,6,6,1,481,74816,481,True,6.430481283422459e-08,420.9830627441406,158.98587036132812,0.7184095978736877,259.300048828125,1.978742003440857,6146.235704421997,647.270781993866,0.0003173351287841797,0.09649991989135742,1.3953526020050049,0.18198156356811523,4.470037937164307,0,41.65151034084442,26656.96661814043,0.27368493030201035,1832886.875,3876485.429987137,0.5,391819152.29460585,100000000000.0,100000000000.0,1000000000.0,clip,False,0,481,0,481,466.62646484375,398.2541198730469,540.8550415039062,6149.142578125,6152.6943359375,768.8004150390625,0.0,999.163818359375,639464.875
2026-05-18T20:00:38,0,6,6,1,482,74816,482,True,6.443850267379678e-08,,,,,,6156.84962272644,647.270781993866,0.00031113624572753906,0.09542274475097656,1.3891956806182861,0.18158340454101562,4.468421459197998,0,41.57970645491182,26611.01213114357,0.27368493030201035,2126098.0,3841477.681387394,0.5,387648542.99871373,100000000000.0,100000000000.0,1000000000.0,clip,False,0,482,0,482,,,,,,,,,
2026-05-18T20:00:45,0,6,6,1,483,74816,483,True,6.457219251336899e-08,,,,,,6156.140089035034,647.270781993866,0.00030732154846191406,0.09946703910827637,1.395411729812622,0.18303346633911133,4.475822925567627,0,41.58449877642853,26614.07921691426,0.27368493030201035,2208220.25,3808812.5327596464,0.5,384147768.1387394,100000000000.0,100000000000.0,1000000000.0,clip,False,0,483,0,483,,,,,,,,,
2026-05-18T20:00:51,0,6,6,1,484,74816,484,True,6.470588235294118e-08,,,,,,6141.693830490112,647.270781993866,0.00030875205993652344,0.09766149520874023,1.3916654586791992,0.18596553802490234,4.463819742202759,0,41.68231225221642,26676.679841418507,0.27368493030201035,1982956.875,3772295.4196044537,0.5,380881253.2759646,100000000000.0,100000000000.0,1000000000.0,clip,False,0,484,0,484,,,,,,,,,
2026-05-18T20:00:57,0,6,6,1,485,74816,485,True,6.483957219251337e-08,,,,,,6155.784606933594,647.270781993866,0.00030541419982910156,0.0940401554107666,1.402287244796753,0.18343353271484375,4.473358154296875,0,41.5869001835531,26615.616117473983,0.27368493030201035,1918317.75,3735215.8662123648,0.5,377229541.96044534,100000000000.0,100000000000.0,1000000000.0,clip,False,0,485,0,485,,,,,,,,,
2026-05-18T20:01:03,0,6,6,1,486,74816,486,True,6.497326203208556e-08,,,,,,6151.026010513306,647.270781993866,0.0003275871276855469,0.10069680213928223,1.3914134502410889,0.18820810317993164,4.468018293380737,0,41.619072909535085,26636.206662102457,0.27368493030201035,1750189.5,3695515.3388881176,0.5,373521586.6212365,100000000000.0,100000000000.0,1000000000.0,clip,False,0,486,0,486,,,,,,,,,
2026-05-18T20:01:09,0,6,6,1,487,74816,487,True,6.510695187165775e-08,,,,,,6143.562316894531,647.270781993866,0.00039005279541015625,0.10214424133300781,1.3876283168792725,0.19419550895690918,4.45663857460022,0,41.66963510665645,26668.566468260127,0.27368493030201035,1940920.625,3660423.4446103554,0.5,369551533.88881177,100000000000.0,100000000000.0,1000000000.0,clip,False,0,487,0,487,,,,,,,,,
2026-05-18T20:01:15,0,6,6,1,488,74816,488,True,6.524064171122994e-08,,,,,,6151.124954223633,647.270781993866,0.0003197193145751953,0.09346127510070801,1.4022448062896729,0.17956852912902832,4.472976446151733,0,41.61840344735952,26635.778206310093,0.27368493030201035,2142666.5,3630068.305718148,0.5,366042344.46103555,100000000000.0,100000000000.0,1000000000.0,clip,False,0,488,0,488,,,,,,,,,
2026-05-18T20:01:21,0,6,6,1,489,74816,489,True,6.537433155080214e-08,,,,,,6146.24285697937,647.270781993866,0.0003063678741455078,0.09412932395935059,1.401789665222168,0.18049860000610352,4.467239856719971,0,41.65146186979889,26656.935596671286,0.27368493030201035,1873451.5,3594935.9696037853,0.5,363006830.57181484,100000000000.0,100000000000.0,1000000000.0,clip,False,0,489,0,489,,,,,,,,,
2026-05-18T20:01:28,0,6,6,1,490,74816,490,True,6.550802139037433e-08,,,,,,6421.755790710449,647.270781993866,0.00029397010803222656,0.09279346466064453,1.4043488502502441,0.18806815147399902,4.733978509902954,0,39.86448696325749,25513.271656484794,0.27368493030201035,1937712.375,3561791.4977117097,0.5,359493596.9603785,100000000000.0,100000000000.0,1000000000.0,clip,False,0,490,0,490,,,,,,,,,
2026-05-18T20:01:34,0,6,6,1,491,74816,491,True,6.564171122994652e-08,455.614990234375,180.01296997070312,0.7194756865501404,272.9231262207031,1.9594051837921143,6145.2577114105225,647.270781993866,0.00030541419982910156,0.09450364112854004,1.3963303565979004,0.18315744400024414,4.4688637256622314,0,41.65813901094154,26661.208967002585,0.27368493030201035,2167973.75,3533915.1427574754,0.5,356179149.771171,100000000000.0,100000000000.0,1000000000.0,clip,False,0,491,0,491,479.71728515625,446.21881103515625,551.65234375,6149.236328125,6151.59912109375,768.8004150390625,0.0,999.1484375,639455.0
2026-05-18T20:01:40,0,6,6,1,492,74816,492,True,6.577540106951871e-08,,,,,,6155.832767486572,647.270781993866,0.00029969215393066406,0.09694027900695801,1.3877136707305908,0.17840027809143066,4.470012903213501,0,41.586574825768835,26615.407888492056,0.27368493030201035,2042119.0,3504079.219902326,0.5,353391514.27574754,100000000000.0,100000000000.0,1000000000.0,clip,False,0,492,0,492,,,,,,,,,
2026-05-18T20:01:46,0,6,6,1,493,74816,493,True,6.59090909090909e-08,,,,,,6156.188726425171,647.270781993866,0.00029206275939941406,0.09322690963745117,1.4032795429229736,0.1764695644378662,4.480711221694946,0,41.58417023525143,26613.868950560915,0.27368493030201035,1871036.5,3471418.3655042793,0.5,350407921.9902326,100000000000.0,100000000000.0,1000000000.0,clip,False,0,493,0,493,,,,,,,,,
2026-05-18T20:01:52,0,6,6,1,494,74816,494,True,6.60427807486631e-08,,,,,,6149.049520492554,647.270781993866,0.00031876564025878906,0.09646725654602051,1.394517421722412,0.18312454223632812,4.472445249557495,0,41.6324505351347,26644.768342486208,0.27368493030201035,2346169.5,3448913.3881941936,0.5,347141836.5504279,100000000000.0,100000000000.0,1000000000.0,clip,False,0,494,0,494,,,,,,,,,
2026-05-18T20:01:59,0,6,6,1,495,74816,495,True,6.61764705882353e-08,,,,,,6148.519039154053,647.270781993866,0.00032258033752441406,0.09570717811584473,1.395674705505371,0.1911628246307373,4.463606595993042,0,41.63604249572624,26647.067197264794,0.27368493030201035,2643373.0,3432802.5804303098,0.5,344891338.8194194,100000000000.0,100000000000.0,1000000000.0,clip,False,0,495,0,495,,,,,,,,,
2026-05-18T20:02:05,0,6,6,1,496,74816,496,True,6.631016042780749e-08,,,,,,6149.8823165893555,647.270781993866,0.0003025531768798828,0.09762120246887207,1.3936491012573242,0.1877000331878662,4.4686198234558105,0,41.62681281061883,26641.160198796053,0.27368493030201035,1914014.5,3402426.8188217035,0.5,343280258.043031,100000000000.0,100000000000.0,1000000000.0,clip,False,0,496,0,496,,,,,,,,,
2026-05-18T20:02:11,0,6,6,1,497,74816,497,True,6.644385026737967e-08,,,,,,6150.466442108154,647.270781993866,0.000308990478515625,0.09448719024658203,1.3962986469268799,0.18110442161560059,4.4760682582855225,0,41.62285940580672,26638.630019716304,0.27368493030201035,1730129.5,3368980.8724452695,0.5,340242681.8821704,100000000000.0,100000000000.0,1000000000.0,clip,False,0,497,0,497,,,,,,,,,
2026-05-18T20:02:17,0,6,6,1,498,74816,498,True,6.657754010695186e-08,,,,,,6149.13272857666,647.270781993866,0.000324249267578125,0.09416460990905762,1.396838665008545,0.18385887145996094,4.471866607666016,0,41.63188717821941,26644.407794060422,0.27368493030201035,2142847.75,3344458.209996364,0.5,336898087.2445269,100000000000.0,100000000000.0,1000000000.0,clip,False,0,498,0,498,,,,,,,,,
2026-05-18T20:02:23,0,6,6,1,499,74816,499,True,6.671122994652407e-08,,,,,,6150.0983238220215,647.270781993866,0.0003104209899902344,0.09651637077331543,1.3954434394836426,0.18525028228759766,4.470494270324707,0,41.62535077014948,26640.224492895668,0.27368493030201035,2524051.0,3328050.0657964367,0.5,334445820.9996364,100000000000.0,100000000000.0,1000000000.0,clip,False,0,499,0,499,,,,,,,,,
2026-05-18T20:02:29,0,6,6,1,500,74816,500,True,6.684491978609626e-08,,,,,,6151.979923248291,647.270781993866,0.0002701282501220703,0.09527587890625,1.3966593742370605,0.18624401092529297,4.471480131149292,0,41.612619545876235,26632.076509360788,0.27368493030201035,1811987.5,3297728.8144805077,0.5,332805006.57964367,100000000000.0,100000000000.0,1000000000.0,clip,False,0,500,0,500,,,,,,,,,
