time,node_rank,rank,local_rank,epoch,batch_index,num_batches,update_step,should_step,lr,loss_total,loss_gep,loss_zero_prob,loss_gepc,loss_gepc_zero_prob,step_ms,data_load_s,to_device_s,forward_s,loss_s,backward_s,optimizer_s,grad_sync_s,samples_per_s,tokens_per_s,mfu,grad_norm_raw,grad_norm_ema,grad_clip_threshold,grad_skip_threshold,grad_skip_max,grad_hard_raw_norm_limit,grad_ema_contribution_cap,grad_action,skipped,skipped_count_cum,clipped_count_cum,consecutive_skips,consecutive_clips,cluster_loss_total_mean,cluster_loss_total_min,cluster_loss_total_max,cluster_step_ms_mean,cluster_step_ms_max,cluster_data_load_s_max,cluster_grad_sync_s_max,cluster_samples_per_s_sum,cluster_tokens_per_s_sum
2026-05-18T19:11:16,0,3,3,1,1,74816,1,True,1.3368983957219252e-10,656.5562744140625,198.26324462890625,0.7195866107940674,455.5622863769531,2.011185884475708,809453.6442756653,658.6435348987579,0.002469778060913086,0.5137686729431152,1.200354814529419,0.2856926918029785,14.74234676361084,0,0.31626270609860563,202.4081319031076,,91204840.0,91204840.0,0.5,100000000000.0,100000000000.0,100000000000.0,1000000000.0,clip,False,0,1,0,1,640.3086751302084,584.711669921875,701.3232421875,809494.5,810489.4375,768.8004150390625,0.0,7.5899224281311035,4857.55029296875
2026-05-18T19:11:22,0,3,3,1,2,74816,2,True,2.6737967914438504e-10,,,,,,7186.299562454224,658.6435348987579,0.0005331039428710938,0.09735560417175293,1.393047571182251,0.2757303714752197,4.3695762157440186,0,35.62334102206176,22798.938254119523,,96543344.0,91311610.08,0.5,100000000000.0,100000000000.0,100000000000.0,1000000000.0,clip,False,0,2,0,2,,,,,,,,,
2026-05-18T19:11:28,0,3,3,1,3,74816,3,True,4.0106951871657755e-10,,,,,,6287.873029708862,658.6435348987579,0.0004086494445800781,0.09184384346008301,1.410200595855713,0.17929363250732422,4.604076147079468,0,40.71329029553467,26056.50578914219,,98736800.0,91460113.8784,0.5,100000000000.0,100000000000.0,100000000000.0,1000000000.0,clip,False,0,3,0,3,,,,,,,,,
2026-05-18T19:11:34,0,3,3,1,4,74816,4,True,5.347593582887701e-10,,,,,,6182.250261306763,658.6435348987579,0.00030303001403808594,0.09371137619018555,1.410249948501587,0.18360328674316406,4.492568254470825,0,41.40887042413072,26501.677071443657,,97532808.0,91581567.760832,0.5,100000000000.0,100000000000.0,100000000000.0,1000000000.0,clip,False,0,4,0,4,,,,,,,,,
2026-05-18T19:11:40,0,3,3,1,5,74816,5,True,6.684491978609625e-10,,,,,,6118.674755096436,658.6435348987579,0.0006437301635742188,0.8569450378417969,0.6368446350097656,0.17995572090148926,4.439859867095947,0,41.83912534111567,26777.04021831403,,96964872.0,91689233.84561536,0.5,100000000000.0,100000000000.0,100000000000.0,1000000000.0,clip,False,0,5,0,5,,,,,,,,,
2026-05-18T19:11:47,0,3,3,1,6,74816,6,True,8.021390374331551e-10,,,,,,6453.246593475342,658.6435348987579,0.00029754638671875,0.09097433090209961,1.4130079746246338,0.17316818237304688,4.7738356590271,0,39.66995469518132,25388.771004916045,,98021048.0,91815870.12870306,0.5,100000000000.0,100000000000.0,100000000000.0,1000000000.0,clip,False,0,6,0,6,,,,,,,,,
2026-05-18T19:11:53,0,3,3,1,7,74816,7,True,9.358288770053475e-10,,,,,,6152.37832069397,658.6435348987579,0.0002968311309814453,0.09111881256103516,1.412456750869751,0.17429256439208984,4.472299575805664,0,41.609924919429204,26630.35194843469,,97543176.0,91930416.24612899,0.5,100000000000.0,100000000000.0,100000000000.0,1000000000.0,clip,False,0,7,0,7,,,,,,,,,
2026-05-18T19:11:59,0,3,3,1,8,74816,8,True,1.0695187165775401e-09,,,,,,6216.736555099487,658.6435348987579,0.0003147125244140625,0.08861732482910156,1.4147393703460693,0.17487764358520508,4.536162853240967,0,41.179161724330655,26354.663503571617,,98012136.0,92052050.64120641,0.5,100000000000.0,100000000000.0,100000000000.0,1000000000.0,clip,False,0,8,0,8,,,,,,,,,
2026-05-18T19:12:05,0,3,3,1,9,74816,9,True,1.2032085561497326e-09,,,,,,6150.697946548462,658.6435348987579,0.0003178119659423828,0.09566211700439453,1.4058594703674316,0.17429637908935547,4.472565650939941,0,41.62129277436839,26637.62737559577,,97280448.0,92156618.58838229,0.5,100000000000.0,100000000000.0,100000000000.0,1000000000.0,clip,False,0,9,0,9,,,,,,,,,
2026-05-18T19:12:12,0,3,3,1,10,74816,10,True,1.336898395721925e-09,,,,,,6148.980379104614,658.6435348987579,0.00030803680419921875,0.08971643447875977,1.412297010421753,0.17479753494262695,4.469815254211426,0,41.63291866565974,26645.067946022235,,99618960.0,92305865.41661465,0.5,100000000000.0,100000000000.0,100000000000.0,1000000000.0,clip,False,0,10,0,10,,,,,,,,,
2026-05-18T19:12:18,0,3,3,1,11,74816,11,True,1.4705882352941176e-09,616.6215209960938,186.29469299316406,0.7193936705589294,427.5989074707031,2.008554220199585,6150.4809856414795,658.6435348987579,0.0003037452697753906,0.08968758583068848,1.414222240447998,0.1764814853668213,4.4679059982299805,0,41.622760983676116,26638.567029552716,,97702480.0,92413797.70828237,0.5,100000000000.0,100000000000.0,100000000000.0,1000000000.0,clip,False,0,11,0,11,630.4042154947916,568.9302368164062,698.9390869140625,6149.360677083333,6154.24951171875,768.8004150390625,0.0,999.1285400390625,639442.25
2026-05-18T19:12:24,0,3,3,1,12,74816,12,True,1.6042780748663102e-09,,,,,,6160.864591598511,658.6435348987579,0.00028204917907714844,0.08989167213439941,1.3954713344573975,0.17612576484680176,4.467710971832275,0,41.55260940957927,26593.67002213073,,97152176.0,92508565.27411671,0.5,100000000000.0,100000000000.0,100000000000.0,1000000000.0,clip,False,0,12,0,12,,,,,,,,,
2026-05-18T19:12:30,0,3,3,1,13,74816,13,True,1.7379679144385026e-09,,,,,,6149.9998569488525,658.6435348987579,0.0002970695495605469,0.09073805809020996,1.4137024879455566,0.17760872840881348,4.465731620788574,0,41.6260172283983,26640.65102617491,,96201584.0,92582425.64863437,0.5,100000000000.0,100000000000.0,100000000000.0,1000000000.0,clip,False,0,13,0,13,,,,,,,,,
2026-05-18T19:12:36,0,3,3,1,14,74816,14,True,1.871657754010695e-09,,,,,,6151.205539703369,658.6435348987579,0.0003020763397216797,0.09164023399353027,1.4118967056274414,0.1758742332458496,4.469558954238892,0,41.61785821456149,26635.429257319352,,98174080.0,92694258.7356617,0.5,100000000000.0,100000000000.0,100000000000.0,1000000000.0,clip,False,0,14,0,14,,,,,,,,,
2026-05-18T19:12:42,0,3,3,1,15,74816,15,True,2.0053475935828875e-09,,,,,,6156.04305267334,658.6435348987579,0.0003523826599121094,0.09102702140808105,1.4132585525512695,0.17669415473937988,4.472510814666748,0,41.58515426379755,26614.49872883043,,97234856.0,92785070.68094847,0.5,100000000000.0,100000000000.0,100000000000.0,1000000000.0,clip,False,0,15,0,15,,,,,,,,,
2026-05-18T19:12:48,0,3,3,1,16,74816,16,True,2.1390374331550803e-09,,,,,,6153.084993362427,658.6435348987579,0.0003364086151123047,0.09509754180908203,1.4067721366882324,0.18506908416748047,4.4631218910217285,0,41.605146081381484,26627.29349208415,,96073600.0,92850841.2673295,0.5,100000000000.0,100000000000.0,100000000000.0,1000000000.0,clip,False,0,16,0,16,,,,,,,,,
2026-05-18T19:12:55,0,3,3,1,17,74816,17,True,2.2727272727272727e-09,,,,,,6150.600433349609,658.6435348987579,0.00029730796813964844,0.09220337867736816,1.4117882251739502,0.18059444427490234,4.463815450668335,0,41.62195264903311,26638.049695381193,,97394552.0,92941715.48198292,0.5,100000000000.0,100000000000.0,100000000000.0,1000000000.0,clip,False,0,17,0,17,,,,,,,,,
2026-05-18T19:13:01,0,3,3,1,18,74816,18,True,2.406417112299465e-09,,,,,,6150.686740875244,658.6435348987579,0.0002875328063964844,0.09201979637145996,1.4127225875854492,0.18273401260375977,4.461034774780273,0,41.621368602422294,26637.67590555027,,96955568.0,93021992.53234325,0.5,100000000000.0,100000000000.0,100000000000.0,1000000000.0,clip,False,0,18,0,18,,,,,,,,,
2026-05-18T19:13:07,0,3,3,1,19,74816,19,True,2.5401069518716575e-09,,,,,,6151.347875595093,658.6435348987579,0.0003008842468261719,0.09003376960754395,1.4140942096710205,0.18006110191345215,4.464691877365112,0,41.616895219933255,26634.81294075728,,98589184.0,93133336.36169639,0.5,100000000000.0,100000000000.0,100000000000.0,1000000000.0,clip,False,0,19,0,19,,,,,,,,,
2026-05-18T19:13:13,0,3,3,1,20,74816,20,True,2.67379679144385e-09,,,,,,6150.913238525391,658.6435348987579,0.0003063678741455078,0.0896759033203125,1.4144158363342285,0.17939448356628418,4.465029716491699,0,41.61983596136255,26636.695015272027,,97469176.0,93220053.15446246,0.5,100000000000.0,100000000000.0,100000000000.0,1000000000.0,clip,False,0,20,0,20,,,,,,,,,
2026-05-18T19:13:19,0,3,3,1,21,74816,21,True,2.8074866310160428e-09,672.52197265625,203.67922973632812,0.7199193239212036,466.1134338378906,2.0093932151794434,6152.27198600769,658.6435348987579,0.0003094673156738281,0.08878755569458008,1.4155361652374268,0.1792154312133789,4.466160535812378,0,41.61064409737232,26630.812222318287,,96557584.0,93286803.77137321,0.5,100000000000.0,100000000000.0,100000000000.0,1000000000.0,clip,False,0,21,0,21,627.0322265625,552.3350219726562,672.52197265625,6151.369791666667,6153.51416015625,768.8004150390625,0.0,998.802001953125,639233.25
2026-05-18T19:13:25,0,3,3,1,22,74816,22,True,2.941176470588235e-09,,,,,,6163.4838581085205,658.6435348987579,0.00027823448181152344,0.09093976020812988,1.394510269165039,0.17783260345458984,4.465108394622803,0,41.534950994187,26582.368636279676,,96791840.0,93356904.49594574,0.5,100000000000.0,100000000000.0,100000000000.0,1000000000.0,clip,False,0,22,0,22,,,,,,,,,
2026-05-18T19:13:32,0,3,3,1,23,74816,23,True,3.074866310160428e-09,,,,,,6151.837110519409,658.6435348987579,0.0003066062927246094,0.08986902236938477,1.414060115814209,0.1831974983215332,4.462456941604614,0,41.61358556816299,26632.694763624313,,97073120.0,93431228.80602683,0.5,100000000000.0,100000000000.0,100000000000.0,1000000000.0,clip,False,0,23,0,23,,,,,,,,,
2026-05-18T19:13:38,0,3,3,1,24,74816,24,True,3.2085561497326204e-09,,,,,,6157.610177993774,658.6435348987579,0.00030112266540527344,0.08931279182434082,1.4145495891571045,0.18256044387817383,4.469012498855591,0,41.574570750662225,26607.725280423823,,96462200.0,93491848.22990629,0.5,100000000000.0,100000000000.0,100000000000.0,1000000000.0,clip,False,0,24,0,24,,,,,,,,,
2026-05-18T19:13:44,0,3,3,1,25,74816,25,True,3.3422459893048124e-09,,,,,,6150.680780410767,658.6435348987579,0.0002963542938232422,0.09503602981567383,1.4094467163085938,0.18125462532043457,4.462716102600098,0,41.62140893660609,26637.701719427896,,96753424.0,93557079.74530816,0.5,100000000000.0,100000000000.0,100000000000.0,1000000000.0,clip,False,0,25,0,25,,,,,,,,,
2026-05-18T19:13:50,0,3,3,1,26,74816,26,True,3.4759358288770053e-09,,,,,,6150.977849960327,658.6435348987579,0.0002956390380859375,0.09250235557556152,1.411559820175171,0.183516263961792,4.460946559906006,0,41.6193987760257,26636.415216656445,,97311880.0,93632175.750402,0.5,100000000000.0,100000000000.0,100000000000.0,1000000000.0,clip,False,0,26,0,26,,,,,,,,,
2026-05-18T19:13:56,0,3,3,1,27,74816,27,True,3.6096256684491977e-09,,,,,,6153.988361358643,658.6435348987579,0.00030875205993652344,0.09094548225402832,1.4130268096923828,0.18538546562194824,4.462159633636475,0,41.599038699430004,26623.3847676352,,95252928.0,93664590.79539396,0.5,100000000000.0,100000000000.0,100000000000.0,1000000000.0,clip,False,0,27,0,27,,,,,,,,,
2026-05-18T19:14:02,0,3,3,1,28,74816,28,True,3.74331550802139e-09,,,,,,6146.114826202393,658.6435348987579,0.0003726482391357422,0.09828686714172363,1.4033446311950684,0.18646931648254395,4.4552342891693115,0,41.65232951857803,26657.49089188994,,96178352.0,93714866.01948608,0.5,100000000000.0,100000000000.0,100000000000.0,1000000000.0,clip,False,0,28,0,28,,,,,,,,,
2026-05-18T19:14:08,0,3,3,1,29,74816,29,True,3.8770053475935825e-09,,,,,,6150.902986526489,658.6435348987579,0.00029969215393066406,0.09000182151794434,1.4137377738952637,0.17714357376098633,4.4677300453186035,0,41.619905331097925,26636.739411902676,,95945680.0,93759482.29909638,0.5,100000000000.0,100000000000.0,100000000000.0,1000000000.0,clip,False,0,29,0,29,,,,,,,,,
2026-05-18T19:14:15,0,3,3,1,30,74816,30,True,4.010695187165775e-09,,,,,,6149.528741836548,658.6435348987579,0.0003085136413574219,0.09057903289794922,1.4130213260650635,0.1766343116760254,4.467031717300415,0,41.62920619565166,26642.691965217065,,97183760.0,93827967.85311446,0.5,100000000000.0,100000000000.0,100000000000.0,1000000000.0,clip,False,0,30,0,30,,,,,,,,,
2026-05-18T19:14:21,0,3,3,1,31,74816,31,True,4.144385026737968e-09,592.26904296875,174.10086059570312,0.7213685512542725,415.4383239746094,2.00848126411438,6153.464794158936,658.6435348987579,0.00030350685119628906,0.09441089630126953,1.4100825786590576,0.1813361644744873,4.465191602706909,0,41.602578151256076,26625.650016803887,,95630088.0,93864010.25605217,0.5,100000000000.0,100000000000.0,100000000000.0,1000000000.0,clip,False,0,31,0,31,616.103515625,542.1213989257812,680.8824462890625,6150.972005208333,6155.2275390625,768.8004150390625,0.0,998.8665771484375,639274.625
2026-05-18T19:14:27,0,3,3,1,32,74816,32,True,4.2780748663101606e-09,,,,,,6168.4582233428955,658.6435348987579,0.0002727508544921875,0.08972692489624023,1.3956196308135986,0.17346477508544922,4.481564521789551,0,41.50145639817026,26560.93209482897,,95529488.0,93897319.81093113,0.5,100000000000.0,100000000000.0,100000000000.0,1000000000.0,clip,False,0,32,0,32,,,,,,,,,
2026-05-18T19:14:33,0,3,3,1,33,74816,33,True,4.411764705882352e-09,,,,,,6149.930953979492,658.6435348987579,0.0003159046173095703,0.090545654296875,1.4135890007019043,0.17272424697875977,4.470673084259033,0,41.62648360049437,26640.949504316395,,96741152.0,93954196.45471251,0.5,100000000000.0,100000000000.0,100000000000.0,1000000000.0,clip,False,0,33,0,33,,,,,,,,,
2026-05-18T19:14:39,0,3,3,1,34,74816,34,True,4.545454545454545e-09,,,,,,6149.767875671387,658.6435348987579,0.0003082752227783203,0.0889902114868164,1.415065050125122,0.17173290252685547,4.47166633605957,0,41.62758744321741,26641.65596365914,,97046824.0,94016049.00561826,0.5,100000000000.0,100000000000.0,100000000000.0,1000000000.0,clip,False,0,34,0,34,,,,,,,,,
2026-05-18T19:14:45,0,3,3,1,35,74816,35,True,4.679144385026738e-09,,,,,,6150.699615478516,658.6435348987579,0.00030684471130371094,0.08883118629455566,1.4151053428649902,0.1738119125366211,4.470593452453613,0,41.62128148085209,26637.620147745336,,96501528.0,94065758.58550589,0.5,100000000000.0,100000000000.0,100000000000.0,1000000000.0,clip,False,0,35,0,35,,,,,,,,,
2026-05-18T19:14:52,0,3,3,1,36,74816,36,True,4.81283422459893e-09,,,,,,6148.842811584473,658.6435348987579,0.00030541419982910156,0.09620261192321777,1.4077014923095703,0.18224596977233887,4.4604551792144775,0,41.63385011529223,26645.66407378703,,95597888.0,94096401.17379577,0.5,100000000000.0,100000000000.0,100000000000.0,1000000000.0,clip,False,0,36,0,36,,,,,,,,,
2026-05-18T19:14:58,0,3,3,1,37,74816,37,True,4.946524064171123e-09,,,,,,6160.34460067749,658.6435348987579,0.00030517578125,0.09390687942504883,1.4101898670196533,0.17644286155700684,4.47760272026062,0,41.55611683993232,26595.914777556685,,94890496.0,94112283.07031986,0.5,100000000000.0,100000000000.0,100000000000.0,1000000000.0,clip,False,0,37,0,37,,,,,,,,,
2026-05-18T19:15:04,0,3,3,1,38,74816,38,True,5.080213903743315e-09,,,,,,6139.456510543823,658.6435348987579,0.0003209114074707031,0.091339111328125,1.402644157409668,0.18289566040039062,4.460131406784058,0,41.697501979262974,26686.401266728302,,96836824.0,94166773.88891347,0.5,100000000000.0,100000000000.0,100000000000.0,1000000000.0,clip,False,0,38,0,38,,,,,,,,,
2026-05-18T19:15:10,0,3,3,1,39,74816,39,True,5.213903743315508e-09,,,,,,6151.640892028809,658.6435348987579,0.0003337860107421875,0.09624719619750977,1.4070713520050049,0.17545366287231445,4.469781398773193,0,41.61491291400323,26633.544264962067,,97421760.0,94231873.6111352,0.5,100000000000.0,100000000000.0,100000000000.0,1000000000.0,clip,False,0,39,0,39,,,,,,,,,
2026-05-18T19:15:16,0,3,3,1,40,74816,40,True,5.3475935828877e-09,,,,,,6149.1405963897705,658.6435348987579,0.00031638145446777344,0.09064483642578125,1.4129552841186523,0.17413997650146484,4.469089508056641,0,41.63183391030292,26644.37370259387,,95397328.0,94255182.6989125,0.5,100000000000.0,100000000000.0,100000000000.0,1000000000.0,clip,False,0,40,0,40,,,,,,,,,
2026-05-18T19:15:22,0,3,3,1,41,74816,41,True,5.481283422459893e-09,561.7142944335938,149.05552673339844,0.7186513543128967,409.9392395019531,2.000852346420288,6150.089502334595,658.6435348987579,0.00029969215393066406,0.09059715270996094,1.4138991832733154,0.17325949668884277,4.470219135284424,0,41.625410476192506,26640.262704763205,,96787872.0,94305836.48493424,0.5,100000000000.0,100000000000.0,100000000000.0,1000000000.0,clip,False,0,41,0,41,644.9625244140625,561.7142944335938,712.2764282226562,6150.124348958333,6153.1103515625,768.8004150390625,0.0,999.0042114257812,639362.75
2026-05-18T19:15:28,0,3,3,1,42,74816,42,True,5.6149732620320855e-09,,,,,,6159.3475341796875,658.6435348987579,0.0002727508544921875,0.09032535552978516,1.395876169204712,0.17516732215881348,4.466792345046997,0,41.562843885556866,26600.220086756395,,95900544.0,94337730.63523555,0.5,100000000000.0,100000000000.0,100000000000.0,1000000000.0,clip,False,0,42,0,42,,,,,,,,,
2026-05-18T19:15:35,0,3,3,1,43,74816,43,True,5.748663101604277e-09,,,,,,6149.402141571045,658.6435348987579,0.0002982616424560547,0.09109735488891602,1.4134514331817627,0.1740708351135254,4.468557119369507,0,41.630063233203565,26643.24046925028,,96555600.0,94382088.02253084,0.5,100000000000.0,100000000000.0,100000000000.0,1000000000.0,clip,False,0,43,0,43,,,,,,,,,
2026-05-18T19:15:41,0,3,3,1,44,74816,44,True,5.88235294117647e-09,,,,,,6155.2746295928955,658.6435348987579,0.0003027915954589844,0.09108614921569824,1.4127609729766846,0.17424917221069336,4.4748194217681885,0,41.59034574496827,26617.82127677969,,94829768.0,94391041.62208022,0.5,100000000000.0,100000000000.0,100000000000.0,1000000000.0,clip,False,0,44,0,44,,,,,,,,,
2026-05-18T19:15:47,0,3,3,1,45,74816,45,True,6.016042780748663e-09,,,,,,6150.417327880859,658.6435348987579,0.0002970695495605469,0.09087038040161133,1.4134819507598877,0.1755516529083252,4.46816611289978,0,41.62319178562236,26638.842742798308,,96611416.0,94435449.10963862,0.5,100000000000.0,100000000000.0,100000000000.0,1000000000.0,clip,False,0,45,0,45,,,,,,,,,
2026-05-18T19:15:53,0,3,3,1,46,74816,46,True,6.149732620320856e-09,,,,,,6149.998426437378,658.6435348987579,0.0003018379211425781,0.09302043914794922,1.4106826782226562,0.1745319366455078,4.469537258148193,0,41.62602691075773,26640.657222884947,,96316328.0,94473066.68744585,0.5,100000000000.0,100000000000.0,100000000000.0,1000000000.0,clip,False,0,46,0,46,,,,,,,,,
2026-05-18T19:15:59,0,3,3,1,47,74816,47,True,6.283422459893048e-09,,,,,,6150.830507278442,658.6435348987579,0.0003037452697753906,0.09029293060302734,1.414083480834961,0.17528223991394043,4.468943357467651,0,41.62039576559106,26637.053289978277,,95600176.0,94495608.87369692,0.5,100000000000.0,100000000000.0,100000000000.0,1000000000.0,clip,False,0,47,0,47,,,,,,,,,
2026-05-18T19:16:05,0,3,3,1,48,74816,48,True,6.417112299465241e-09,,,,,,6151.573657989502,658.6435348987579,0.0003058910369873047,0.09054017066955566,1.4139518737792969,0.1755657196044922,4.469350576400757,0,41.61536774700144,26633.835358080923,,96468944.0,94535075.57622297,0.5,100000000000.0,100000000000.0,100000000000.0,1000000000.0,clip,False,0,48,0,48,,,,,,,,,
2026-05-18T19:16:11,0,3,3,1,49,74816,49,True,6.550802139037433e-09,,,,,,6150.4106521606445,658.6435348987579,0.00030684471130371094,0.09081077575683594,1.4131813049316406,0.17327475547790527,4.470885276794434,0,41.62323696387118,26638.871656877556,,95664432.0,94557662.70469852,0.5,100000000000.0,100000000000.0,100000000000.0,1000000000.0,clip,False,0,49,0,49,,,,,,,,,
2026-05-18T19:16:18,0,3,3,1,50,74816,50,True,6.684491978609625e-09,,,,,,6150.753498077393,658.6435348987579,0.0003027915954589844,0.09051084518432617,1.4133999347686768,0.17560958862304688,4.468703269958496,0,41.62091686490455,26637.38679353891,,94806176.0,94562632.97060454,0.5,100000000000.0,100000000000.0,100000000000.0,1000000000.0,clip,False,0,50,0,50,,,,,,,,,
2026-05-18T19:16:24,0,3,3,1,51,74816,51,True,6.818181818181818e-09,576.5716552734375,176.7620849609375,0.7181053161621094,397.1470947265625,1.9443330764770508,6150.9950160980225,658.6435348987579,0.0003001689910888672,0.09110069274902344,1.4132864475250244,0.18555474281311035,4.459026575088501,0,41.619282625008125,26636.3408800052,,95831632.0,94588012.95119245,0.5,100000000000.0,100000000000.0,100000000000.0,1000000000.0,clip,False,0,51,0,51,638.0814615885416,576.5716552734375,721.7869262695312,6150.464192708333,6153.8037109375,768.8004150390625,0.0,998.9490966796875,639327.4375
2026-05-18T19:16:30,0,3,3,1,52,74816,52,True,6.9518716577540105e-09,,,,,,6160.985469818115,658.6435348987579,0.00034165382385253906,0.0942845344543457,1.3917484283447266,0.17663860321044922,4.466676712036133,0,41.55179414950927,26593.148255685934,,95770168.0,94611656.05216861,0.5,100000000000.0,100000000000.0,100000000000.0,1000000000.0,clip,False,0,52,0,52,,,,,,,,,
2026-05-18T19:16:36,0,3,3,1,53,74816,53,True,7.085561497326203e-09,,,,,,6146.018028259277,658.6435348987579,0.00032806396484375,0.09367942810058594,1.4092824459075928,0.1749413013458252,4.465641021728516,0,41.65298553029241,26657.910739387145,,94406568.0,94607554.29112524,0.5,100000000000.0,100000000000.0,100000000000.0,1000000000.0,clip,False,0,53,0,53,,,,,,,,,
2026-05-18T19:16:42,0,3,3,1,54,74816,54,True,7.219251336898395e-09,,,,,,6153.495311737061,658.6435348987579,0.0003097057342529297,0.09207606315612793,1.411647081375122,0.1754910945892334,4.472065210342407,0,41.60237182787975,26625.51796984304,,95468952.0,94624782.24530274,0.5,100000000000.0,100000000000.0,100000000000.0,1000000000.0,clip,False,0,54,0,54,,,,,,,,,
2026-05-18T19:16:48,0,3,3,1,55,74816,55,True,7.352941176470588e-09,,,,,,6151.637554168701,658.6435348987579,0.00029730796813964844,0.09156155586242676,1.4098777770996094,0.18245530128479004,4.465318441390991,0,41.6149354941303,26633.558716243395,,94428672.0,94620860.04039668,0.5,100000000000.0,100000000000.0,100000000000.0,1000000000.0,clip,False,0,55,0,55,,,,,,,,,
2026-05-18T19:16:55,0,3,3,1,56,74816,56,True,7.48663101604278e-09,,,,,,6147.313594818115,658.6435348987579,0.0003113746643066406,0.09021115303039551,1.4119880199432373,0.178175687789917,4.464274883270264,0,41.644207026593776,26652.29249702002,,93425232.0,94596947.47958875,0.5,100000000000.0,100000000000.0,100000000000.0,1000000000.0,clip,False,0,56,0,56,,,,,,,,,
2026-05-18T19:17:01,0,3,3,1,57,74816,57,True,7.620320855614973e-09,,,,,,6149.04260635376,658.6435348987579,0.00030303001403808594,0.09063315391540527,1.4121198654174805,0.18157482147216797,4.462245941162109,0,41.63249734771347,26644.79830253662,,96617720.0,94637362.92999698,0.5,100000000000.0,100000000000.0,100000000000.0,1000000000.0,clip,False,0,57,0,57,,,,,,,,,
2026-05-18T19:17:07,0,3,3,1,58,74816,58,True,7.754010695187165e-09,,,,,,6149.954319000244,658.6435348987579,0.00029659271240234375,0.0910043716430664,1.4151883125305176,0.17659258842468262,4.464745998382568,0,41.6263254523842,26640.84828952589,,96380424.0,94672224.15139705,0.5,100000000000.0,100000000000.0,100000000000.0,1000000000.0,clip,False,0,58,0,58,,,,,,,,,
2026-05-18T19:17:13,0,3,3,1,59,74816,59,True,7.887700534759358e-09,,,,,,6150.302171707153,658.6435348987579,0.0003037452697753906,0.09112763404846191,1.4122684001922607,0.17618703842163086,4.468223571777344,0,41.62397112416048,26639.3415194627,,94942496.0,94677629.5883691,0.5,100000000000.0,100000000000.0,100000000000.0,1000000000.0,clip,False,0,59,0,59,,,,,,,,,
2026-05-18T19:17:19,0,3,3,1,60,74816,60,True,8.02139037433155e-09,,,,,,6149.622917175293,658.6435348987579,0.00030541419982910156,0.09111642837524414,1.4123742580413818,0.179274320602417,4.464571952819824,0,41.628568685897335,26642.28395897429,,95344072.0,94690958.43660171,0.5,100000000000.0,100000000000.0,100000000000.0,1000000000.0,clip,False,0,60,0,60,,,,,,,,,
2026-05-18T19:17:25,0,3,3,1,61,74816,61,True,8.155080213903743e-09,588.9369506835938,176.55648803710938,0.7207597494125366,409.6864013671875,1.9733127355575562,6151.821136474609,658.6435348987579,0.00030159950256347656,0.09044075012207031,1.412907600402832,0.17418360710144043,4.471876621246338,0,41.61369362352829,26632.763919058103,,94183152.0,94680802.30786969,0.5,100000000000.0,100000000000.0,100000000000.0,1000000000.0,clip,False,0,61,0,61,622.8434244791666,570.582763671875,677.679931640625,6152.172526041667,6167.33642578125,768.8004150390625,0.0,998.671875,639150.0625
2026-05-18T19:17:31,0,3,3,1,62,74816,62,True,8.288770053475936e-09,,,,,,6166.462182998657,658.6435348987579,0.00028228759765625,0.09181451797485352,1.393528699874878,0.1738276481628418,4.469817876815796,0,41.51489012708274,26569.52968133295,,95311352.0,94693413.3017123,0.5,100000000000.0,100000000000.0,100000000000.0,1000000000.0,clip,False,0,62,0,62,,,,,,,,,
2026-05-18T19:17:38,0,3,3,1,63,74816,63,True,8.422459893048128e-09,,,,,,6149.401426315308,658.6435348987579,0.0003097057342529297,0.08948922157287598,1.4140257835388184,0.17349505424499512,4.470010280609131,0,41.63006807532388,26643.243568207283,,94217216.0,94683889.35567807,0.5,100000000000.0,100000000000.0,100000000000.0,1000000000.0,clip,False,0,63,0,63,,,,,,,,,
2026-05-18T19:17:44,0,3,3,1,64,74816,64,True,8.556149732620321e-09,,,,,,6149.468421936035,658.6435348987579,0.000301361083984375,0.09109115600585938,1.4120609760284424,0.172074556350708,4.47186017036438,0,41.62961453494278,26642.953302363378,,94706400.0,94684339.5685645,0.5,100000000000.0,100000000000.0,100000000000.0,1000000000.0,clip,False,0,64,0,64,,,,,,,,,
2026-05-18T19:17:50,0,3,3,1,65,74816,65,True,8.689839572192513e-09,,,,,,6149.422883987427,658.6435348987579,0.0003044605255126953,0.0907907485961914,1.4122469425201416,0.17534780502319336,4.468639612197876,0,41.629922812204406,26643.150599810822,,93153376.0,94653720.29719321,0.5,100000000000.0,100000000000.0,100000000000.0,1000000000.0,clip,False,0,65,0,65,,,,,,,,,
2026-05-18T19:17:56,0,3,3,1,66,74816,66,True,8.823529411764704e-09,,,,,,6150.842666625977,658.6435348987579,0.0003039836883544922,0.09084296226501465,1.4126336574554443,0.1862332820892334,4.458704233169556,0,41.620313487944884,26637.000632284726,,94022856.0,94641103.01124935,0.5,100000000000.0,100000000000.0,100000000000.0,1000000000.0,clip,False,0,66,0,66,,,,,,,,,
2026-05-18T19:18:02,0,3,3,1,67,74816,67,True,8.9572192513369e-09,,,,,,6150.668382644653,658.6435348987579,0.0003199577331542969,0.09142255783081055,1.411353588104248,0.17821025848388672,4.467007398605347,0,41.62149283195879,26637.755412453625,,93629128.0,94620863.51102436,0.5,100000000000.0,100000000000.0,100000000000.0,1000000000.0,clip,False,0,67,0,67,,,,,,,,,
2026-05-18T19:18:08,0,3,3,1,68,74816,68,True,9.09090909090909e-09,,,,,,6146.966934204102,658.6435348987579,0.0003190040588378906,0.0924224853515625,1.4095582962036133,0.17510652542114258,4.467215061187744,0,41.64655556800167,26653.79556352107,,92758432.0,94583614.88080387,0.5,100000000000.0,100000000000.0,100000000000.0,1000000000.0,clip,False,0,68,0,68,,,,,,,,,
2026-05-18T19:18:15,0,3,3,1,69,74816,69,True,9.224598930481282e-09,,,,,,6148.893594741821,658.6435348987579,0.00030732154846191406,0.09030985832214355,1.4135081768035889,0.17297649383544922,4.469778776168823,0,41.63350626508099,26645.444009651834,,95296480.0,94597872.1831878,0.5,100000000000.0,100000000000.0,100000000000.0,1000000000.0,clip,False,0,69,0,69,,,,,,,,,
2026-05-18T19:18:21,0,3,3,1,70,74816,70,True,9.358288770053476e-09,,,,,,6150.86817741394,658.6435348987579,0.00029277801513671875,0.09206461906433105,1.4120733737945557,0.17199373245239258,4.472492933273315,0,41.620140867273825,26636.890155055247,,93468272.0,94575280.17952403,0.5,100000000000.0,100000000000.0,100000000000.0,1000000000.0,clip,False,0,70,0,70,,,,,,,,,
2026-05-18T19:18:27,0,3,3,1,71,74816,71,True,9.491978609625667e-09,660.957275390625,195.0813446044922,0.7219515442848206,463.1387634277344,2.0152053833007812,6150.980710983276,658.6435348987579,0.00029015541076660156,0.09104394912719727,1.4135222434997559,0.17293739318847656,4.47122597694397,0,41.619379417477745,26636.402827185757,,93276976.0,94549314.09593354,0.5,100000000000.0,100000000000.0,100000000000.0,1000000000.0,clip,False,0,71,0,71,625.7650960286459,551.9337768554688,688.9147338867188,6150.05078125,6155.00830078125,768.8004150390625,0.0,999.0166015625,639370.625
2026-05-18T19:18:33,0,3,3,1,72,74816,72,True,9.62566844919786e-09,,,,,,6159.3592166900635,658.6435348987579,0.00027298927307128906,0.08972930908203125,1.3958244323730469,0.17269062995910645,4.47029185295105,0,41.56276505294817,26600.16963388683,,93895952.0,94536246.85401487,0.5,100000000000.0,100000000000.0,100000000000.0,1000000000.0,clip,False,0,72,0,72,,,,,,,,,
2026-05-18T19:18:39,0,3,3,1,73,74816,73,True,9.759358288770054e-09,,,,,,6149.061918258667,658.6435348987579,0.0003037452697753906,0.09096050262451172,1.4130337238311768,0.17291688919067383,4.469997406005859,0,41.63236659560192,26644.71462118523,,92776712.0,94501056.15693457,0.5,100000000000.0,100000000000.0,100000000000.0,1000000000.0,clip,False,0,73,0,73,,,,,,,,,
2026-05-18T19:18:45,0,3,3,1,74,74816,74,True,9.893048128342245e-09,,,,,,6149.5068073272705,658.6435348987579,0.00029778480529785156,0.08904314041137695,1.4144892692565918,0.17180848121643066,4.47184157371521,0,41.629354681739756,26642.786996313444,,92730248.0,94465639.99379589,0.5,100000000000.0,100000000000.0,100000000000.0,1000000000.0,clip,False,0,74,0,74,,,,,,,,,
2026-05-18T19:18:51,0,3,3,1,75,74816,75,True,1.0026737967914437e-08,,,,,,6154.699802398682,658.6435348987579,0.0002942085266113281,0.08907222747802734,1.4152274131774902,0.1762995719909668,4.47191309928894,0,41.59423013616825,26620.30728714768,,93646296.0,94449253.11391997,0.5,100000000000.0,100000000000.0,100000000000.0,1000000000.0,clip,False,0,75,0,75,,,,,,,,,
2026-05-18T19:18:58,0,3,3,1,76,74816,76,True,1.016042780748663e-08,,,,,,6149.1217613220215,658.6435348987579,0.000301361083984375,0.08865022659301758,1.4151268005371094,0.1731564998626709,4.469945907592773,0,41.63196143069407,26644.455315644205,,93447704.0,94429222.13164157,0.5,100000000000.0,100000000000.0,100000000000.0,1000000000.0,clip,False,0,76,0,76,,,,,,,,,
2026-05-18T19:19:04,0,3,3,1,77,74816,77,True,1.0294117647058823e-08,,,,,,6147.854566574097,658.6435348987579,0.00029349327087402344,0.09006309509277344,1.411710500717163,0.17594194412231445,4.467924356460571,0,41.64054260357308,26649.947266286774,,92482904.0,94390295.76900873,0.5,100000000000.0,100000000000.0,100000000000.0,1000000000.0,clip,False,0,77,0,77,,,,,,,,,
2026-05-18T19:19:10,0,3,3,1,78,74816,78,True,1.0427807486631017e-08,,,,,,6150.634527206421,658.6435348987579,0.00029921531677246094,0.0949702262878418,1.409064531326294,0.17262649536132812,4.471872568130493,0,41.62172193252939,26637.902036818807,,92734624.0,94357182.33362855,0.5,100000000000.0,100000000000.0,100000000000.0,1000000000.0,clip,False,0,78,0,78,,,,,,,,,
2026-05-18T19:19:16,0,3,3,1,79,74816,79,True,1.0561497326203208e-08,,,,,,6161.672353744507,658.6435348987579,0.0002961158752441406,0.09472799301147461,1.4095079898834229,0.17555594444274902,4.4795544147491455,0,41.54716208570006,26590.183734848037,,94295080.0,94355940.28695598,0.5,100000000000.0,100000000000.0,100000000000.0,1000000000.0,clip,False,0,79,0,79,,,,,,,,,
2026-05-18T19:19:22,0,3,3,1,80,74816,80,True,1.06951871657754e-08,,,,,,6149.905204772949,658.6435348987579,0.0003077983856201172,0.09232711791992188,1.4102885723114014,0.17165756225585938,4.472415447235107,0,41.62665788755867,26641.061048037547,,90328096.0,94275383.40121686,0.5,100000000000.0,100000000000.0,100000000000.0,1000000000.0,clip,False,0,80,0,80,,,,,,,,,
2026-05-18T19:19:28,0,3,3,1,81,74816,81,True,1.0828877005347593e-08,645.6286010742188,190.5504608154297,0.7187917828559875,452.33154296875,2.027761936187744,6149.514436721802,658.6435348987579,0.0002980232238769531,0.09493637084960938,1.4100501537322998,0.17818975448608398,4.464298963546753,0,41.629303034284625,26642.75394194216,,92621048.0,94242296.69319253,0.5,100000000000.0,100000000000.0,100000000000.0,1000000000.0,clip,False,0,81,0,81,625.7777506510416,560.7505493164062,703.0800170898438,6150.2421875,6155.46484375,768.8004150390625,0.0,998.9851684570312,639350.5
2026-05-18T19:19:35,0,3,3,1,82,74816,82,True,1.0962566844919786e-08,,,,,,6162.935972213745,658.6435348987579,0.00028133392333984375,0.0968163013458252,1.388542652130127,0.17618536949157715,4.467445373535156,0,41.53864345730725,26584.73181267664,,91450808.0,94186466.91932867,0.5,100000000000.0,100000000000.0,100000000000.0,1000000000.0,clip,False,0,82,0,82,,,,,,,,,
2026-05-18T19:19:41,0,3,3,1,83,74816,83,True,1.1096256684491978e-08,,,,,,6148.781776428223,658.6435348987579,0.00033736228942871094,0.09177398681640625,1.4121901988983154,0.17888855934143066,4.462454080581665,0,41.634263388789236,26645.92856882511,,92333616.0,94149409.9009421,0.5,100000000000.0,100000000000.0,100000000000.0,1000000000.0,clip,False,0,83,0,83,,,,,,,,,
2026-05-18T19:19:47,0,3,3,1,84,74816,84,True,1.1229946524064171e-08,,,,,,6148.870468139648,658.6435348987579,0.0003075599670410156,0.08947038650512695,1.4138336181640625,0.17455506324768066,4.468695640563965,0,41.633662853440015,26645.54422620161,,91769184.0,94101805.38292326,0.5,100000000000.0,100000000000.0,100000000000.0,1000000000.0,clip,False,0,84,0,84,,,,,,,,,
2026-05-18T19:19:53,0,3,3,1,85,74816,85,True,1.1363636363636363e-08,,,,,,6150.065183639526,658.6435348987579,0.00029778480529785156,0.08999156951904297,1.4147858619689941,0.17167329788208008,4.4713804721832275,0,41.62557507211698,26640.36804615487,,92992736.0,94079623.9952648,0.5,100000000000.0,100000000000.0,100000000000.0,1000000000.0,clip,False,0,85,0,85,,,,,,,,,
2026-05-18T19:19:59,0,3,3,1,86,74816,86,True,1.1497326203208554e-08,,,,,,6151.0210037231445,658.6435348987579,0.0002911090850830078,0.09166145324707031,1.4131841659545898,0.17150616645812988,4.472339153289795,0,41.61910678650683,26636.228343364375,,90362544.0,94005282.3953595,0.5,100000000000.0,100000000000.0,100000000000.0,1000000000.0,clip,False,0,86,0,86,,,,,,,,,
2026-05-18T19:20:05,0,3,3,1,87,74816,87,True,1.1631016042780749e-08,,,,,,6151.036739349365,658.6435348987579,0.0003082752227783203,0.08916282653808594,1.414550542831421,0.17503976821899414,4.469995498657227,0,41.619000316209906,26636.160202374343,,92068928.0,93966555.3074523,0.5,100000000000.0,100000000000.0,100000000000.0,1000000000.0,clip,False,0,87,0,87,,,,,,,,,
2026-05-18T19:20:11,0,3,3,1,88,74816,88,True,1.176470588235294e-08,,,,,,6150.64263343811,658.6435348987579,0.00029778480529785156,0.0921773910522461,1.4122238159179688,0.17454814910888672,4.469485759735107,0,41.62166707723354,26637.866929429467,,92162400.0,93930472.20130326,0.5,100000000000.0,100000000000.0,100000000000.0,1000000000.0,clip,False,0,88,0,88,,,,,,,,,
2026-05-18T19:20:18,0,3,3,1,89,74816,89,True,1.1898395721925132e-08,,,,,,6150.135040283203,658.6435348987579,0.00030875205993652344,0.0892648696899414,1.4144678115844727,0.17219924926757812,4.4720728397369385,0,41.62510226575637,26640.065450084076,,91993600.0,93891734.75727719,0.5,100000000000.0,100000000000.0,100000000000.0,1000000000.0,clip,False,0,89,0,89,,,,,,,,,
2026-05-18T19:20:24,0,3,3,1,90,74816,90,True,1.2032085561497326e-08,,,,,,6149.2345333099365,658.6435348987579,0.0003151893615722656,0.09220409393310547,1.4118776321411133,0.17626643180847168,4.466628551483154,0,41.631197934192855,26643.96667788343,,91290376.0,93839707.58213164,0.5,100000000000.0,100000000000.0,100000000000.0,1000000000.0,clip,False,0,90,0,90,,,,,,,,,
2026-05-18T19:20:30,0,3,3,1,91,74816,91,True,1.2165775401069517e-08,650.8837890625,201.24685668945312,0.7206214666366577,446.9195556640625,1.9967920780181885,6149.472236633301,658.6435348987579,0.0003037452697753906,0.09182476997375488,1.412316083908081,0.177154541015625,4.465946197509766,0,41.6295887108768,26642.936774961156,,90509656.0,93773106.55048901,0.5,100000000000.0,100000000000.0,100000000000.0,1000000000.0,clip,False,0,91,0,91,623.5843912760416,548.1868286132812,696.0104370117188,6167.912109375,6582.76025390625,768.8004150390625,0.0,996.307373046875,637636.625
2026-05-18T19:20:36,0,3,3,1,92,74816,92,True,1.2299465240641712e-08,,,,,,6579.018354415894,658.6435348987579,0.0002696514129638672,0.09204554557800293,1.3934051990509033,0.1770458221435547,4.4650914669036865,0,38.911580149061386,24903.411295399288,,90333960.0,93704323.61947922,0.5,100000000000.0,100000000000.0,100000000000.0,1000000000.0,clip,False,0,92,0,92,,,,,,,,,
2026-05-18T19:20:43,0,3,3,1,93,74816,93,True,1.2433155080213904e-08,,,,,,6150.692462921143,658.6435348987579,0.000308990478515625,0.09171080589294434,1.4130537509918213,0.1765286922454834,4.467162609100342,0,41.6213298816794,26637.651124274813,,92885360.0,93687944.34708965,0.5,100000000000.0,100000000000.0,100000000000.0,1000000000.0,clip,False,0,93,0,93,,,,,,,,,
2026-05-18T19:20:49,0,3,3,1,94,74816,94,True,1.2566844919786095e-08,,,,,,6150.223255157471,658.6435348987579,0.00030303001403808594,0.0927736759185791,1.4110689163208008,0.17444539070129395,4.469663143157959,0,41.62450522187513,26639.683342000084,,89635568.0,93606896.82014786,0.5,100000000000.0,100000000000.0,100000000000.0,1000000000.0,clip,False,0,94,0,94,,,,,,,,,
2026-05-18T19:20:55,0,3,3,1,95,74816,95,True,1.2700534759358288e-08,,,,,,6150.906801223755,658.6435348987579,0.0002989768981933594,0.09114265441894531,1.4131388664245605,0.17586994171142578,4.468555450439453,0,41.619879519076356,26636.722892208865,,90732376.0,93549406.40374489,0.5,100000000000.0,100000000000.0,100000000000.0,1000000000.0,clip,False,0,95,0,95,,,,,,,,,
2026-05-18T19:21:02,0,3,3,1,96,74816,96,True,1.2834224598930482e-08,,,,,,6754.150390625,658.6435348987579,0.00028777122497558594,0.09032917022705078,1.4141266345977783,0.18020224571228027,5.067468643188477,0,37.902620639797576,24257.67720947045,,90878384.0,93495985.95567,0.5,100000000000.0,100000000000.0,100000000000.0,1000000000.0,clip,False,0,96,0,96,,,,,,,,,
2026-05-18T19:21:08,0,3,3,1,97,74816,97,True,1.2967914438502673e-08,,,,,,6150.888204574585,658.6435348987579,0.0002970695495605469,0.09528613090515137,1.4098858833312988,0.17524170875549316,4.468415975570679,0,41.62000535298394,26636.803425909722,,90492640.0,93435919.0365566,0.5,100000000000.0,100000000000.0,100000000000.0,1000000000.0,clip,False,0,97,0,97,,,,,,,,,
2026-05-18T19:21:14,0,3,3,1,98,74816,98,True,1.3101604278074867e-08,,,,,,6149.325132369995,658.6435348987579,0.0003120899200439453,0.0957491397857666,1.4085431098937988,0.17836761474609375,4.46440315246582,0,41.63058457462562,26643.5741277604,,90247144.0,93372143.53582546,0.5,100000000000.0,100000000000.0,100000000000.0,1000000000.0,clip,False,0,98,0,98,,,,,,,,,
2026-05-18T19:21:20,0,3,3,1,99,74816,99,True,1.3235294117647058e-08,,,,,,6152.6665687561035,658.6435348987579,0.0003936290740966797,0.09360289573669434,1.4106261730194092,0.18147850036621094,4.464437484741211,0,41.60797552397773,26629.104335345746,,90516408.0,93315028.82510895,0.5,100000000000.0,100000000000.0,100000000000.0,1000000000.0,clip,False,0,99,0,99,,,,,,,,,
2026-05-18T19:21:26,0,3,3,1,100,74816,100,True,1.336898395721925e-08,,,,,,6147.865295410156,658.6435348987579,0.0003390312194824219,0.09493112564086914,1.407611608505249,0.1787259578704834,4.464201927185059,0,41.64046993533239,26649.90075861273,,90090384.0,93250535.92860678,0.5,100000000000.0,100000000000.0,100000000000.0,1000000000.0,clip,False,0,100,0,100,,,,,,,,,
2026-05-18T19:21:32,0,3,3,1,101,74816,101,True,1.3502673796791445e-08,652.5961303710938,214.6408233642578,0.7221542596817017,435.2282409667969,2.004924774169922,6149.562358856201,658.6435348987579,0.0003180503845214844,0.09039139747619629,1.413783073425293,0.18159246444702148,4.461561918258667,0,41.62897862663762,26642.546321048074,0.273569581773018,89970568.0,93184936.57003464,0.5,100000000000.0,100000000000.0,100000000000.0,1000000000.0,clip,False,0,101,0,101,618.3015950520834,552.9642944335938,678.120849609375,6149.111979166667,6151.9765625,768.8004150390625,0.0,999.168701171875,639467.9375
2026-05-18T19:21:39,0,3,3,1,102,74816,102,True,1.3636363636363636e-08,,,,,,6157.683372497559,658.6435348987579,0.0002777576446533203,0.0922091007232666,1.3929238319396973,0.17690396308898926,4.46576452255249,0,41.57407656642246,26607.409002510376,0.273569581773018,90262088.0,93126479.59863394,0.5,100000000000.0,100000000000.0,100000000000.0,1000000000.0,clip,False,0,102,0,102,,,,,,,,,
2026-05-18T19:21:45,0,3,3,1,103,74816,103,True,1.3770053475935828e-08,,,,,,6145.779371261597,658.6435348987579,0.0002899169921875,0.09071040153503418,1.4137768745422363,0.17758989334106445,4.461443662643433,0,41.65460302676773,26658.94593713135,0.273569581773018,90863944.0,93081228.88666126,0.5,100000000000.0,100000000000.0,100000000000.0,1000000000.0,clip,False,0,103,0,103,,,,,,,,,
2026-05-18T19:21:51,0,3,3,1,104,74816,104,True,1.3903743315508021e-08,,,,,,6148.84877204895,658.6435348987579,0.0002963542938232422,0.08967185020446777,1.4142849445343018,0.18207907676696777,4.460609436035156,0,41.63380975699202,26645.638244474896,0.273569581773018,90259768.0,93024799.66892803,0.5,100000000000.0,100000000000.0,100000000000.0,1000000000.0,clip,False,0,104,0,104,,,,,,,,,
2026-05-18T19:21:57,0,3,3,1,105,74816,105,True,1.4037433155080213e-08,,,,,,6150.635242462158,658.6435348987579,0.0002970695495605469,0.09167957305908203,1.4126842021942139,0.17805218696594238,4.4660868644714355,0,41.62171709235041,26637.89893910426,0.273569581773018,89860824.0,92961520.15554947,0.5,100000000000.0,100000000000.0,100000000000.0,1000000000.0,clip,False,0,105,0,105,,,,,,,,,
2026-05-18T19:22:04,0,3,3,1,106,74816,106,True,1.4171122994652406e-08,,,,,,6799.720048904419,658.6435348987579,0.00030350685119628906,0.09321975708007812,1.4108452796936035,0.18115687370300293,5.112313508987427,0,37.64860878959967,24095.10962534379,0.273569581773018,88961168.0,92881513.11243847,0.5,100000000000.0,100000000000.0,100000000000.0,1000000000.0,clip,False,0,106,0,106,,,,,,,,,
2026-05-18T19:22:10,0,3,3,1,107,74816,107,True,1.4304812834224599e-08,,,,,,6151.346683502197,658.6435348987579,0.0003001689910888672,0.09066605567932129,1.4142673015594482,0.17838573455810547,4.465681314468384,0,41.61690328502984,26634.818102419096,0.273569581773018,88680096.0,92797484.7701897,0.5,100000000000.0,100000000000.0,100000000000.0,1000000000.0,clip,False,0,107,0,107,,,,,,,,,
2026-05-18T19:22:16,0,3,3,1,108,74816,108,True,1.443850267379679e-08,,,,,,6149.98984336853,658.6435348987579,0.000301361083984375,0.09061408042907715,1.4136111736297607,0.17895293235778809,4.46464991569519,0,41.62608500500893,26640.694403205714,0.273569581773018,88845048.0,92718436.03478591,0.5,100000000000.0,100000000000.0,100000000000.0,1000000000.0,clip,False,0,108,0,108,,,,,,,,,
2026-05-18T19:22:22,0,3,3,1,109,74816,109,True,1.4572192513368982e-08,,,,,,6151.242256164551,658.6435348987579,0.0003063678741455078,0.09432458877563477,1.4098401069641113,0.1816387176513672,4.463240146636963,0,41.617609799621555,26635.270271757792,0.273569581773018,88708984.0,92638246.9940902,0.5,100000000000.0,100000000000.0,100000000000.0,1000000000.0,clip,False,0,109,0,109,,,,,,,,,
2026-05-18T19:22:28,0,3,3,1,110,74816,110,True,1.4705882352941176e-08,,,,,,6150.014400482178,658.6435348987579,0.0002963542938232422,0.0918421745300293,1.4116427898406982,0.17665505409240723,4.467410326004028,0,41.625918791333056,26640.58802645316,0.273569581773018,87703760.0,92539557.2542084,0.5,100000000000.0,100000000000.0,100000000000.0,1000000000.0,clip,False,0,110,0,110,,,,,,,,,
2026-05-18T19:22:35,0,3,3,1,111,74816,111,True,1.4839572192513369e-08,613.8190307617188,195.4327392578125,0.7198107838630676,415.70770263671875,1.9588087797164917,6150.701522827148,658.6435348987579,0.0003020763397216797,0.09079909324645996,1.4140419960021973,0.1762833595275879,4.4673357009887695,0,41.62126857398382,26637.61188734964,0.273569581773018,88103120.0,92450828.50912423,0.5,100000000000.0,100000000000.0,100000000000.0,1000000000.0,clip,False,0,111,0,111,616.94189453125,543.0492553710938,687.5508422851562,6150.786458333333,6159.6005859375,768.8004150390625,0.0,998.8969116210938,639294.0
2026-05-18T19:22:41,0,3,3,1,112,74816,112,True,1.497326203208556e-08,,,,,,6162.923812866211,658.6435348987579,0.0002810955047607422,0.08950400352478027,1.395981788635254,0.17668437957763672,4.466608047485352,0,41.53872541236905,26584.78426391619,0.273569581773018,88126536.0,92364342.65894175,0.5,100000000000.0,100000000000.0,100000000000.0,1000000000.0,clip,False,0,112,0,112,,,,,,,,,
2026-05-18T19:22:47,0,3,3,1,113,74816,113,True,1.5106951871657752e-08,,,,,,6148.796319961548,658.6435348987579,0.0002956390380859375,0.09309530258178711,1.411125659942627,0.17738556861877441,4.4650726318359375,0,41.6341649127192,26645.865544140288,0.273569581773018,88726832.0,92291592.4457629,0.5,100000000000.0,100000000000.0,100000000000.0,1000000000.0,clip,False,0,113,0,113,,,,,,,,,
2026-05-18T19:22:53,0,3,3,1,114,74816,114,True,1.5240641711229947e-08,,,,,,6149.640321731567,658.6435348987579,0.0002887248992919922,0.09084749221801758,1.413435697555542,0.1781935691833496,4.464980125427246,0,41.62845086977664,26642.208556657053,0.273569581773018,85670592.0,92159172.43684764,0.5,100000000000.0,100000000000.0,100000000000.0,1000000000.0,clip,False,0,114,0,114,,,,,,,,,
2026-05-18T19:22:59,0,3,3,1,115,74816,115,True,1.537433155080214e-08,,,,,,6157.331228256226,658.6435348987579,0.0002987384796142578,0.09029412269592285,1.413719892501831,0.1800670623779297,4.471024990081787,0,41.57645423153563,26608.9307081828,0.273569581773018,87739392.0,92070776.8281107,0.5,100000000000.0,100000000000.0,100000000000.0,1000000000.0,clip,False,0,115,0,115,,,,,,,,,
2026-05-18T19:23:05,0,3,3,1,116,74816,116,True,1.550802139037433e-08,,,,,,6145.560503005981,658.6435348987579,0.00032210350036621094,0.09258723258972168,1.4106471538543701,0.18028616905212402,4.4593822956085205,0,41.65608651558838,26659.895369976563,0.273569581773018,87676296.0,91982887.21154848,0.5,100000000000.0,100000000000.0,100000000000.0,1000000000.0,clip,False,0,116,0,116,,,,,,,,,
2026-05-18T19:23:11,0,3,3,1,117,74816,117,True,1.5641711229946525e-08,,,,,,6146.437168121338,658.6435348987579,0.000324249267578125,0.09361052513122559,1.408867597579956,0.17872166633605957,4.4625465869903564,0,41.65014511622292,26656.09287438267,0.273569581773018,87861312.0,91900455.7073175,0.5,100000000000.0,100000000000.0,100000000000.0,1000000000.0,clip,False,0,117,0,117,,,,,,,,,
2026-05-18T19:23:18,0,3,3,1,118,74816,118,True,1.5775401069518716e-08,,,,,,6150.23136138916,658.6435348987579,0.00029540061950683594,0.09272599220275879,1.411487102508545,0.17597103118896484,4.467866659164429,0,41.62445035924258,26639.64822991525,0.273569581773018,88789280.0,91838232.19317114,0.5,100000000000.0,100000000000.0,100000000000.0,1000000000.0,clip,False,0,118,0,118,,,,,,,,,
2026-05-18T19:23:24,0,3,3,1,119,74816,119,True,1.5909090909090908e-08,,,,,,6151.387929916382,658.6435348987579,0.00029778480529785156,0.09064555168151855,1.4131882190704346,0.17791080474853516,4.467278242111206,0,41.61662423450506,26634.639510083238,0.273569581773018,83260888.0,91666685.30930772,0.5,100000000000.0,100000000000.0,100000000000.0,1000000000.0,clip,False,0,119,0,119,,,,,,,,,
2026-05-18T19:23:30,0,3,3,1,120,74816,120,True,1.60427807486631e-08,,,,,,6150.521278381348,658.6435348987579,0.00030684471130371094,0.08967018127441406,1.4147217273712158,0.17695879936218262,4.46683669090271,0,41.62248830840113,26638.39251737672,0.273569581773018,85365064.0,91540652.88312156,0.5,100000000000.0,100000000000.0,100000000000.0,1000000000.0,clip,False,0,120,0,120,,,,,,,,,
2026-05-18T19:23:36,0,3,3,1,121,74816,121,True,1.6176470588235295e-08,581.3713989257812,172.1299285888672,0.7209351062774658,406.5015869140625,2.018979072570801,6161.5495681762695,658.6435348987579,0.00030422210693359375,0.09050655364990234,1.4149086475372314,0.17869234085083008,4.475209951400757,0,41.54799002546568,26590.713616298035,0.273569581773018,87429784.0,91458435.50545914,0.5,100000000000.0,100000000000.0,100000000000.0,1000000000.0,clip,False,0,121,0,121,604.25439453125,531.1227416992188,651.5750732421875,6160.485677083333,6164.4453125,768.8004150390625,0.0,997.324462890625,638287.625
2026-05-18T19:23:42,0,3,3,1,122,74816,122,True,1.6310160427807486e-08,,,,,,6156.137228012085,658.6435348987579,0.0002803802490234375,0.09017419815063477,1.3956372737884521,0.17869019508361816,4.462418556213379,0,41.58451810254179,26614.091585626746,0.273569581773018,86282168.0,91354910.15534995,0.5,100000000000.0,100000000000.0,100000000000.0,1000000000.0,clip,False,0,122,0,122,,,,,,,,,
2026-05-18T19:23:48,0,3,3,1,123,74816,123,True,1.6443850267379678e-08,,,,,,6150.367021560669,658.6435348987579,0.0002987384796142578,0.09091997146606445,1.41302490234375,0.1783735752105713,4.4657416343688965,0,41.62353223841257,26639.060632584045,0.273569581773018,86157864.0,91250969.23224296,0.5,100000000000.0,100000000000.0,100000000000.0,1000000000.0,clip,False,0,123,0,123,,,,,,,,,
2026-05-18T19:23:55,0,3,3,1,124,74816,124,True,1.6577540106951873e-08,,,,,,6148.940563201904,658.6435348987579,0.00030612945556640625,0.09082460403442383,1.4124391078948975,0.18068718910217285,4.462689399719238,0,41.63318824904928,26645.24047939154,0.273569581773018,85590424.0,91137758.3275981,0.5,100000000000.0,100000000000.0,100000000000.0,1000000000.0,clip,False,0,124,0,124,,,,,,,,,
2026-05-18T19:24:01,0,3,3,1,125,74816,125,True,1.6711229946524064e-08,,,,,,6150.885343551636,658.6435348987579,0.0002892017364501953,0.09398698806762695,1.410705327987671,0.17830657958984375,4.465707302093506,0,41.62002471211418,26636.815815753074,0.273569581773018,86556856.0,91046140.28104614,0.5,100000000000.0,100000000000.0,100000000000.0,1000000000.0,clip,False,0,125,0,125,,,,,,,,,
2026-05-18T19:24:07,0,3,3,1,126,74816,126,True,1.6844919786096256e-08,,,,,,6150.943040847778,658.6435348987579,0.0003027915954589844,0.09099888801574707,1.4129562377929688,0.17841482162475586,4.466301679611206,0,41.61963430646819,26636.565956139646,0.273569581773018,85490960.0,90935036.67542522,0.5,100000000000.0,100000000000.0,100000000000.0,1000000000.0,clip,False,0,126,0,126,,,,,,,,,
2026-05-18T19:24:13,0,3,3,1,127,74816,127,True,1.6978609625668447e-08,,,,,,6151.819229125977,658.6435348987579,0.00029850006103515625,0.09031152725219727,1.4137029647827148,0.17920923233032227,4.466172218322754,0,41.61370652569896,26632.772176447335,0.273569581773018,86260952.0,90841554.98191671,0.5,100000000000.0,100000000000.0,100000000000.0,1000000000.0,clip,False,0,127,0,127,,,,,,,,,
2026-05-18T19:24:19,0,3,3,1,128,74816,128,True,1.7112299465240642e-08,,,,,,6149.457216262817,658.6435348987579,0.0003132820129394531,0.09044885635375977,1.4136781692504883,0.17908716201782227,4.46381139755249,0,41.62969039332186,26643.001851725992,0.273569581773018,85844880.0,90741621.48227838,0.5,100000000000.0,100000000000.0,100000000000.0,1000000000.0,clip,False,0,128,0,128,,,,,,,,,
2026-05-18T19:24:25,0,3,3,1,129,74816,129,True,1.7245989304812834e-08,,,,,,6149.7063636779785,658.6435348987579,0.0003039836883544922,0.09044933319091797,1.4136402606964111,0.17823433876037598,4.46524715423584,0,41.62800382015201,26641.922444897285,0.273569581773018,84174256.0,90610274.17263281,0.5,100000000000.0,100000000000.0,100000000000.0,1000000000.0,clip,False,0,129,0,129,,,,,,,,,
2026-05-18T19:24:31,0,3,3,1,130,74816,130,True,1.7379679144385025e-08,,,,,,6150.383472442627,658.6435348987579,0.0003001689910888672,0.09003710746765137,1.4136455059051514,0.1781632900238037,4.46628212928772,0,41.62342090489677,26638.98937913393,0.273569581773018,85666664.0,90511401.96918015,0.5,100000000000.0,100000000000.0,100000000000.0,1000000000.0,clip,False,0,130,0,130,,,,,,,,,
2026-05-18T19:24:38,0,3,3,1,131,74816,131,True,1.7513368983957217e-08,570.3676147460938,170.81455993652344,0.7185575366020203,396.8484191894531,1.986089825630188,6152.008771896362,658.6435348987579,0.0003180503845214844,0.09771084785461426,1.4067788124084473,0.18967771530151367,4.455460548400879,0,41.6124244115939,26631.951623420096,0.273569581773018,86574096.0,90432655.84979655,0.5,100000000000.0,100000000000.0,100000000000.0,1000000000.0,clip,False,0,131,0,131,606.4388834635416,518.0183715820312,685.4642333984375,6151.072265625,6153.2919921875,768.8004150390625,0.0,998.850341796875,639264.125
2026-05-18T19:24:44,0,3,3,1,132,74816,132,True,1.764705882352941e-08,,,,,,6157.073736190796,658.6435348987579,0.00032019615173339844,0.09418511390686035,1.391268014907837,0.18504810333251953,4.457955598831177,0,41.57819298074215,26610.043507674978,0.273569581773018,83844408.0,90300890.89280061,0.5,100000000000.0,100000000000.0,100000000000.0,1000000000.0,clip,False,0,132,0,132,,,,,,,,,
2026-05-18T19:24:50,0,3,3,1,133,74816,133,True,1.7780748663101607e-08,,,,,,6148.796081542969,658.6435348987579,0.0003082752227783203,0.09583687782287598,1.4074313640594482,0.17514634132385254,4.4680469036102295,0,41.63416652707725,26645.866577329438,0.273569581773018,84967528.0,90194223.6349446,0.5,100000000000.0,100000000000.0,100000000000.0,1000000000.0,clip,False,0,133,0,133,,,,,,,,,
2026-05-18T19:24:56,0,3,3,1,134,74816,134,True,1.79144385026738e-08,,,,,,6150.191068649292,658.6435348987579,0.0003097057342529297,0.09087538719177246,1.4130141735076904,0.17424249649047852,4.469791889190674,0,41.62472306022565,26639.822758544415,0.273569581773018,84108736.0,90072513.8822457,0.5,100000000000.0,100000000000.0,100000000000.0,1000000000.0,clip,False,0,134,0,134,,,,,,,,,
2026-05-18T19:25:02,0,3,3,1,135,74816,135,True,1.804812834224599e-08,,,,,,6152.019023895264,658.6435348987579,0.00030493736267089844,0.08970236778259277,1.4146857261657715,0.17203664779663086,4.473235607147217,0,41.61235506679381,26631.90724274804,0.273569581773018,82765304.0,89926369.68460079,0.5,100000000000.0,100000000000.0,100000000000.0,1000000000.0,clip,False,0,135,0,135,,,,,,,,,
2026-05-18T19:25:08,0,3,3,1,136,74816,136,True,1.818181818181818e-08,,,,,,6147.698163986206,658.6435348987579,0.0002968311309814453,0.08930587768554688,1.4117491245269775,0.17704224586486816,4.467453479766846,0,41.64160197383666,26650.62526325546,0.273569581773018,84656304.0,89820968.37090877,0.5,100000000000.0,100000000000.0,100000000000.0,1000000000.0,clip,False,0,136,0,136,,,,,,,,,
2026-05-18T19:25:14,0,3,3,1,137,74816,137,True,1.8315508021390373e-08,,,,,,6150.723695755005,658.6435348987579,0.00029587745666503906,0.09074282646179199,1.4134478569030762,0.17733287811279297,4.466940402984619,0,41.62111853222759,26637.515860625655,0.273569581773018,83023080.0,89685010.60349059,0.5,100000000000.0,100000000000.0,100000000000.0,1000000000.0,clip,False,0,137,0,137,,,,,,,,,
2026-05-18T19:25:21,0,3,3,1,138,74816,138,True,1.8449197860962565e-08,,,,,,6153.180360794067,658.6435348987579,0.0002932548522949219,0.0887308120727539,1.4158313274383545,0.1796879768371582,4.466648817062378,0,41.6045012480283,26626.88079873811,0.273569581773018,84435472.0,89580019.83142078,0.5,100000000000.0,100000000000.0,100000000000.0,1000000000.0,clip,False,0,138,0,138,,,,,,,,,
2026-05-18T19:25:27,0,3,3,1,139,74816,139,True,1.858288770053476e-08,,,,,,6147.444009780884,658.6435348987579,0.000301361083984375,0.08864903450012207,1.415132999420166,0.18036389350891113,4.460999488830566,0,41.64332356548372,26651.72708190958,0.273569581773018,82931792.0,89447055.27479236,0.5,100000000000.0,100000000000.0,100000000000.0,1000000000.0,clip,False,0,139,0,139,,,,,,,,,
2026-05-18T19:25:33,0,3,3,1,140,74816,140,True,1.871657754010695e-08,,,,,,6150.564193725586,658.6435348987579,0.00030875205993652344,0.08940577507019043,1.414992332458496,0.1774139404296875,4.466418266296387,0,41.622197888960315,26638.206648934603,0.273569581773018,83515392.0,89328422.0092965,0.5,100000000000.0,100000000000.0,100000000000.0,1000000000.0,clip,False,0,140,0,140,,,,,,,,,
2026-05-18T19:25:39,0,3,3,1,141,74816,141,True,1.8850267379679143e-08,640.4320678710938,205.78504943847656,0.7186407446861267,431.94427490234375,1.9840996265411377,6150.347709655762,658.6435348987579,0.00029850006103515625,0.08979415893554688,1.4143424034118652,0.17739582061767578,4.466651201248169,0,41.623662935038915,26639.144278424905,0.273569581773018,82924904.0,89200351.64911057,0.5,100000000000.0,100000000000.0,100000000000.0,1000000000.0,clip,False,0,141,0,141,604.5564778645834,510.64654541015625,682.7819213867188,6150.318359375,6162.05078125,768.8004150390625,0.0,998.9729614257812,639342.6875
2026-05-18T19:25:45,0,3,3,1,142,74816,142,True,1.8983957219251334e-08,,,,,,6176.679849624634,658.6435348987579,0.00027632713317871094,0.09015607833862305,1.3951201438903809,0.1819148063659668,4.472459316253662,0,41.44621483264306,26525.57749289156,0.273569581773018,82198928.0,89060323.17612836,0.5,100000000000.0,100000000000.0,100000000000.0,1000000000.0,clip,False,0,142,0,142,,,,,,,,,
2026-05-18T19:25:51,0,3,3,1,143,74816,143,True,1.911764705882353e-08,,,,,,6150.368928909302,658.6435348987579,0.0002994537353515625,0.0939183235168457,1.4131028652191162,0.1779615879058838,4.463094711303711,0,41.623519330148326,26639.052371294933,0.273569581773018,81404096.0,88907198.63260579,0.5,100000000000.0,100000000000.0,100000000000.0,1000000000.0,clip,False,0,143,0,143,,,,,,,,,
2026-05-18T19:25:58,0,3,3,1,144,74816,144,True,1.925133689839572e-08,,,,,,6150.426387786865,658.6435348987579,0.0002942085266113281,0.09142470359802246,1.4127051830291748,0.17826318740844727,4.466021537780762,0,41.62313047244154,26638.803502362585,0.273569581773018,82001656.0,88769087.77995367,0.5,100000000000.0,100000000000.0,100000000000.0,1000000000.0,clip,False,0,144,0,144,,,,,,,,,
2026-05-18T19:26:04,0,3,3,1,145,74816,145,True,1.9385026737967916e-08,,,,,,6150.959491729736,658.6435348987579,0.0003056526184082031,0.0895383358001709,1.4138734340667725,0.18119096755981445,4.464235782623291,0,41.61952299380356,26636.494716034278,0.273569581773018,83126024.0,88656226.5043546,0.5,100000000000.0,100000000000.0,100000000000.0,1000000000.0,clip,False,0,145,0,145,,,,,,,,,
2026-05-18T19:26:10,0,3,3,1,146,74816,146,True,1.9518716577540107e-08,,,,,,6151.393413543701,658.6435348987579,0.0003376007080078125,0.09252333641052246,1.4109079837799072,0.17870354652404785,4.4665796756744385,0,41.61658713558417,26634.61576677387,0.273569581773018,82900848.0,88541118.9342675,0.5,100000000000.0,100000000000.0,100000000000.0,1000000000.0,clip,False,0,146,0,146,,,,,,,,,
2026-05-18T19:26:16,0,3,3,1,147,74816,147,True,1.96524064171123e-08,,,,,,6147.584915161133,658.6435348987579,0.0002994537353515625,0.090179443359375,1.413203239440918,0.17896533012390137,4.4628143310546875,0,41.64236908198771,26651.116212472134,0.273569581773018,80059904.0,88371494.63558215,0.5,100000000000.0,100000000000.0,100000000000.0,1000000000.0,clip,False,0,147,0,147,,,,,,,,,
2026-05-18T19:26:22,0,3,3,1,148,74816,148,True,1.978609625668449e-08,,,,,,6150.28190612793,658.6435348987579,0.00030112266540527344,0.08853960037231445,1.4155800342559814,0.17871832847595215,4.4651453495025635,0,41.62410827785477,26639.429297827057,0.273569581773018,79858176.0,88201228.2628705,0.5,100000000000.0,100000000000.0,100000000000.0,1000000000.0,clip,False,0,148,0,148,,,,,,,,,
2026-05-18T19:26:28,0,3,3,1,149,74816,149,True,1.9919786096256682e-08,,,,,,6150.049924850464,658.6435348987579,0.0003113746643066406,0.09264111518859863,1.411447525024414,0.17937827110290527,4.464245557785034,0,41.62567834865577,26640.434143139693,0.273569581773018,81465280.0,88066509.29761308,0.5,100000000000.0,100000000000.0,100000000000.0,1000000000.0,clip,False,0,149,0,149,,,,,,,,,
2026-05-18T19:26:34,0,3,3,1,150,74816,150,True,2.0053475935828874e-08,,,,,,6149.8236656188965,658.6435348987579,0.00029969215393066406,0.09144210815429688,1.4126136302947998,0.18047690391540527,4.4630444049835205,0,41.62720980622411,26641.41427598343,0.273569581773018,79298840.0,87891155.91166082,0.5,100000000000.0,100000000000.0,100000000000.0,1000000000.0,clip,False,0,150,0,150,,,,,,,,,
2026-05-18T19:26:41,0,3,3,1,151,74816,151,True,2.018716577540107e-08,600.151611328125,194.2230682373047,0.7206787467002869,403.2290954589844,1.9787594079971313,6150.706052780151,658.6435348987579,0.0003008842468261719,0.09395933151245117,1.4104318618774414,0.17608642578125,4.46823525428772,0,41.621237920203754,26637.592268930402,0.273569581773018,80936384.0,87752060.47342761,0.5,100000000000.0,100000000000.0,100000000000.0,1000000000.0,clip,False,0,151,0,151,598.2009684244791,523.0301513671875,654.5228881835938,6150.462239583333,6159.45263671875,768.8004150390625,0.0,998.9495849609375,639327.75
2026-05-18T19:26:47,0,3,3,1,152,74816,152,True,2.032085561497326e-08,,,,,,6160.974502563477,658.6435348987579,0.0002765655517578125,0.09482359886169434,1.3906941413879395,0.17917299270629883,4.462960720062256,0,41.55186811655896,26593.19559459773,0.273569581773018,79546232.0,87587943.90395905,0.5,100000000000.0,100000000000.0,100000000000.0,1000000000.0,clip,False,0,152,0,152,,,,,,,,,
2026-05-18T19:26:53,0,3,3,1,153,74816,153,True,2.0454545454545455e-08,,,,,,6150.982618331909,658.6435348987579,0.00029015541076660156,0.09070110321044922,1.4139189720153809,0.17674684524536133,4.467506647109985,0,41.61936651178912,26636.394567545034,0.273569581773018,79763440.0,87431453.82587987,0.5,100000000000.0,100000000000.0,100000000000.0,1000000000.0,clip,False,0,153,0,153,,,,,,,,,
2026-05-18T19:26:59,0,3,3,1,154,74816,154,True,2.0588235294117647e-08,,,,,,6149.0278244018555,658.6435348987579,0.0002951622009277344,0.08938956260681152,1.4131731986999512,0.17749977111816406,4.466786861419678,0,41.63259743013154,26644.862355284182,0.273569581773018,81817760.0,87319179.94936228,0.5,100000000000.0,100000000000.0,100000000000.0,1000000000.0,clip,False,0,154,0,154,,,,,,,,,
2026-05-18T19:27:05,0,3,3,1,155,74816,155,True,2.0721925133689838e-08,,,,,,6149.956703186035,658.6435348987579,0.00029850006103515625,0.09174108505249023,1.4119806289672852,0.17758870124816895,4.466529130935669,0,41.626309314889504,26640.837961529283,0.273569581773018,79415768.0,87161111.71037503,0.5,100000000000.0,100000000000.0,100000000000.0,1000000000.0,clip,False,0,155,0,155,,,,,,,,,
2026-05-18T19:27:11,0,3,3,1,156,74816,156,True,2.0855614973262033e-08,,,,,,6149.406671524048,658.6435348987579,0.0002918243408203125,0.09014320373535156,1.4141201972961426,0.17648100852966309,4.466342449188232,0,41.630032566467726,26643.220842539344,0.273569581773018,79356368.0,87005016.83616753,0.5,100000000000.0,100000000000.0,100000000000.0,1000000000.0,clip,False,0,156,0,156,,,,,,,,,
2026-05-18T19:27:18,0,3,3,1,157,74816,157,True,2.0989304812834225e-08,,,,,,6150.944948196411,658.6435348987579,0.00028824806213378906,0.09078049659729004,1.412977933883667,0.179412841796875,4.465506553649902,0,41.61962140062149,26636.557696397755,0.273569581773018,79976368.0,86864443.85944417,0.5,100000000000.0,100000000000.0,100000000000.0,1000000000.0,clip,False,0,157,0,157,,,,,,,,,
2026-05-18T19:27:24,0,3,3,1,158,74816,158,True,2.1122994652406416e-08,,,,,,6149.833679199219,658.6435348987579,0.00029969215393066406,0.09336018562316895,1.4106519222259521,0.1779618263244629,4.465692043304443,0,41.62714202595057,26641.370896608365,0.273569581773018,79027056.0,86707696.10225528,0.5,100000000000.0,100000000000.0,100000000000.0,1000000000.0,clip,False,0,158,0,158,,,,,,,,,
2026-05-18T19:27:30,0,3,3,1,159,74816,159,True,2.1256684491978608e-08,,,,,,6152.966022491455,658.6435348987579,0.000331878662109375,0.09258866310119629,1.4114387035369873,0.17866230010986328,4.46770977973938,0,41.60595053901186,26627.80834496759,0.273569581773018,78324928.0,86540040.74021018,0.5,100000000000.0,100000000000.0,100000000000.0,1000000000.0,clip,False,0,159,0,159,,,,,,,,,
2026-05-18T19:27:36,0,3,3,1,160,74816,160,True,2.13903743315508e-08,,,,,,6147.098064422607,658.6435348987579,0.0003154277801513672,0.09130358695983887,1.4116530418395996,0.1846480369567871,4.457103252410889,0,41.64566716149271,26653.226983355336,0.273569581773018,78880864.0,86386857.20540597,0.5,100000000000.0,100000000000.0,100000000000.0,1000000000.0,clip,False,0,160,0,160,,,,,,,,,
2026-05-18T19:27:42,0,3,3,1,161,74816,161,True,2.152406417112299e-08,581.9105834960938,190.62240600585938,0.7227208018302917,388.5587158203125,2.0067851543426514,6150.783538818359,658.6435348987579,0.000293731689453125,0.09308910369873047,1.4115674495697021,0.17966794967651367,4.4642274379730225,0,41.62071358622071,26637.256695181255,0.273569581773018,76619304.0,86191506.14129785,0.5,100000000000.0,100000000000.0,100000000000.0,1000000000.0,clip,False,0,161,0,161,567.3617350260416,488.2982482910156,627.2603149414062,6150.458333333333,6156.61865234375,768.8004150390625,0.0,998.9500122070312,639328.0
2026-05-18T19:27:48,0,3,3,1,162,74816,162,True,2.1657754010695186e-08,,,,,,6159.639835357666,658.6435348987579,0.0002815723419189453,0.09028744697570801,1.3949987888336182,0.17716598510742188,4.465410470962524,0,41.56087155136971,26598.957792876612,0.273569581773018,79512184.0,86057919.69847189,0.5,100000000000.0,100000000000.0,100000000000.0,1000000000.0,clip,False,0,162,0,162,,,,,,,,,
2026-05-18T19:27:54,0,3,3,1,163,74816,163,True,2.179144385026738e-08,,,,,,6151.207447052002,658.6435348987579,0.00030159950256347656,0.08957862854003906,1.4146900177001953,0.18137359619140625,4.463274955749512,0,41.61784530981626,26635.420998282407,0.273569581773018,78255984.0,85901880.98450245,0.5,100000000000.0,100000000000.0,100000000000.0,1000000000.0,clip,False,0,163,0,163,,,,,,,,,
2026-05-18T19:28:01,0,3,3,1,164,74816,164,True,2.1925133689839573e-08,,,,,,6149.910688400269,658.6435348987579,0.00031375885009765625,0.09775543212890625,1.405773401260376,0.17400884628295898,4.470019817352295,0,41.62662077074674,26641.037293277914,0.273569581773018,78006264.0,85743968.6448124,0.5,100000000000.0,100000000000.0,100000000000.0,1000000000.0,clip,False,0,164,0,164,,,,,,,,,
2026-05-18T19:28:07,0,3,3,1,165,74816,165,True,2.2058823529411764e-08,,,,,,6149.451017379761,658.6435348987579,0.0003027915954589844,0.08952188491821289,1.4141759872436523,0.1761026382446289,4.46731424331665,0,41.62973235765033,26643.028708896214,0.273569581773018,78427328.0,85597635.83191615,0.5,100000000000.0,100000000000.0,100000000000.0,1000000000.0,clip,False,0,165,0,165,,,,,,,,,
2026-05-18T19:28:13,0,3,3,1,166,74816,166,True,2.2192513368983956e-08,,,,,,6150.420665740967,658.6435348987579,0.0002989768981933594,0.0880427360534668,1.4163882732391357,0.17621588706970215,4.46750283241272,0,41.623169196534725,26638.828285782223,0.273569581773018,78566160.0,85457006.31527783,0.5,100000000000.0,100000000000.0,100000000000.0,1000000000.0,clip,False,0,166,0,166,,,,,,,,,
2026-05-18T19:28:19,0,3,3,1,167,74816,167,True,2.2326203208556147e-08,,,,,,6150.595426559448,658.6435348987579,0.0002899169921875,0.08971357345581055,1.4143640995025635,0.1771831512451172,4.467015266418457,0,41.62198653069311,26638.071379643592,0.273569581773018,75726432.0,85262394.82897227,0.5,100000000000.0,100000000000.0,100000000000.0,1000000000.0,clip,False,0,167,0,167,,,,,,,,,
2026-05-18T19:28:25,0,3,3,1,168,74816,168,True,2.2459893048128342e-08,,,,,,6152.113914489746,658.6435348987579,0.00028967857360839844,0.08861470222473145,1.4155421257019043,0.1777493953704834,4.468091726303101,0,41.611713235194955,26631.49647052477,0.273569581773018,75834472.0,85073836.37239282,0.5,100000000000.0,100000000000.0,100000000000.0,1000000000.0,clip,False,0,168,0,168,,,,,,,,,
2026-05-18T19:28:31,0,3,3,1,169,74816,169,True,2.2593582887700534e-08,,,,,,6150.500059127808,658.6435348987579,0.0002982616424560547,0.08920741081237793,1.4149296283721924,0.17833375930786133,4.465887784957886,0,41.62263190617755,26638.48441995363,0.273569581773018,76603880.0,84904437.24494496,0.5,100000000000.0,100000000000.0,100000000000.0,1000000000.0,clip,False,0,169,0,169,,,,,,,,,
2026-05-18T19:28:37,0,3,3,1,170,74816,170,True,2.2727272727272725e-08,,,,,,6149.089574813843,658.6435348987579,0.00029659271240234375,0.08818387985229492,1.4161818027496338,0.17998623847961426,4.4625842571258545,0,41.63217934709467,26644.594782140586,0.273569581773018,76373072.0,84733809.94004606,0.5,100000000000.0,100000000000.0,100000000000.0,1000000000.0,clip,False,0,170,0,170,,,,,,,,,
2026-05-18T19:28:44,0,3,3,1,171,74816,171,True,2.2860962566844917e-08,570.12158203125,184.27464294433594,0.7206302881240845,383.1611022949219,1.9652358293533325,6147.222995758057,658.6435348987579,0.00030517578125,0.08971238136291504,1.4120204448699951,0.18228888511657715,4.461076736450195,0,41.64482078763939,26652.68530408921,0.273569581773018,75068160.0,84540496.94124514,0.5,100000000000.0,100000000000.0,100000000000.0,1000000000.0,clip,False,0,171,0,171,565.9637858072916,514.614013671875,612.7957763671875,6150.322916666667,6153.490234375,768.8004150390625,0.0,998.9720458984375,639342.125
2026-05-18T19:28:50,0,3,3,1,172,74816,172,True,2.299465240641711e-08,,,,,,6161.891937255859,658.6435348987579,0.0002779960632324219,0.09048748016357422,1.3948640823364258,0.17921662330627441,4.463197469711304,0,41.545681522290245,26589.236174265756,0.273569581773018,75707240.0,84363831.80242023,0.5,100000000000.0,100000000000.0,100000000000.0,1000000000.0,clip,False,0,172,0,172,,,,,,,,,
2026-05-18T19:28:56,0,3,3,1,173,74816,173,True,2.3128342245989307e-08,,,,,,6151.971817016602,658.6435348987579,0.00034308433532714844,0.09681105613708496,1.4067914485931396,0.1759629249572754,4.46952223777771,0,41.61267437732626,26632.111601488807,0.273569581773018,75068920.0,84177933.56637183,0.5,100000000000.0,100000000000.0,100000000000.0,1000000000.0,clip,False,0,173,0,173,,,,,,,,,
2026-05-18T19:29:02,0,3,3,1,174,74816,174,True,2.3262032085561498e-08,,,,,,6148.264408111572,658.6435348987579,0.0003180503845214844,0.09140133857727051,1.410595417022705,0.17668747901916504,4.467076778411865,0,41.63776685697711,26648.170788465348,0.273569581773018,74087368.0,83976122.25504439,0.5,100000000000.0,100000000000.0,100000000000.0,1000000000.0,clip,False,0,174,0,174,,,,,,,,,
2026-05-18T19:29:08,0,3,3,1,175,74816,175,True,2.339572192513369e-08,,,,,,6150.254726409912,658.6435348987579,0.0003097057342529297,0.08948993682861328,1.413635492324829,0.17507338523864746,4.469636917114258,0,41.62429222658146,26639.547025012136,0.273569581773018,75062280.0,83797845.40994349,0.5,100000000000.0,100000000000.0,100000000000.0,1000000000.0,clip,False,0,175,0,175,,,,,,,,,
2026-05-18T19:29:14,0,3,3,1,176,74816,176,True,2.352941176470588e-08,,,,,,6149.250268936157,658.6435348987579,0.0003082752227783203,0.09040594100952148,1.4133257865905762,0.17494678497314453,4.4672980308532715,0,41.631091402023706,26643.89849729517,0.273569581773018,73494392.0,83591776.34174462,0.5,100000000000.0,100000000000.0,100000000000.0,1000000000.0,clip,False,0,176,0,176,,,,,,,,,
2026-05-18T19:29:21,0,3,3,1,177,74816,177,True,2.3663101604278073e-08,,,,,,6151.43895149231,658.6435348987579,0.0003139972686767578,0.09247183799743652,1.4103856086730957,0.17189788818359375,4.474038362503052,0,41.61627905579647,26634.41859570974,0.273569581773018,74524088.0,83410422.57490973,0.5,100000000000.0,100000000000.0,100000000000.0,1000000000.0,clip,False,0,177,0,177,,,,,,,,,
2026-05-18T19:29:27,0,3,3,1,178,74816,178,True,2.3796791443850265e-08,,,,,,6151.044130325317,658.6435348987579,0.000316619873046875,0.09102129936218262,1.4117217063903809,0.17706727981567383,4.4686195850372314,0,41.6189503076221,26636.128196878148,0.273569581773018,73879976.0,83219813.64341153,0.5,100000000000.0,100000000000.0,100000000000.0,1000000000.0,clip,False,0,178,0,178,,,,,,,,,
2026-05-18T19:29:33,0,3,3,1,179,74816,179,True,2.393048128342246e-08,,,,,,6150.570869445801,658.6435348987579,0.00030875205993652344,0.09074091911315918,1.4123773574829102,0.17460179328918457,4.470324277877808,0,41.62215271296711,26638.17773629895,0.273569581773018,73701304.0,83029443.4505433,0.5,100000000000.0,100000000000.0,100000000000.0,1000000000.0,clip,False,0,179,0,179,,,,,,,,,
2026-05-18T19:29:39,0,3,3,1,180,74816,180,True,2.406417112299465e-08,,,,,,6149.799585342407,658.6435348987579,0.00032138824462890625,0.09049773216247559,1.4122166633605957,0.178053617477417,4.46654200553894,0,41.627372802547434,26641.518593630357,0.273569581773018,74867240.0,82866199.38153243,0.5,100000000000.0,100000000000.0,100000000000.0,1000000000.0,clip,False,0,180,0,180,,,,,,,,,
2026-05-18T19:29:45,0,3,3,1,181,74816,181,True,2.4197860962566843e-08,585.4939575195312,198.41796875,0.7208555936813354,384.3801574707031,1.9749608039855957,6149.7437953948975,658.6435348987579,0.0003058910369873047,0.0894012451171875,1.4128174781799316,0.17543268203735352,4.469744682312012,0,41.62775044249812,26641.760283198797,0.273569581773018,73833368.0,82685542.75390178,0.5,100000000000.0,100000000000.0,100000000000.0,1000000000.0,clip,False,0,181,0,181,579.659423828125,537.8135375976562,622.4334716796875,6148.453125,6152.53955078125,768.8004150390625,0.0,999.2760009765625,639536.625
2026-05-18T19:29:51,0,3,3,1,182,74816,182,True,2.4331550802139034e-08,,,,,,6157.587051391602,658.6435348987579,0.00028777122497558594,0.09323573112487793,1.3924825191497803,0.17740392684936523,4.465416431427002,0,41.57472689600784,26607.825213445016,0.273569581773018,73268568.0,82497203.25882374,0.5,100000000000.0,100000000000.0,100000000000.0,1000000000.0,clip,False,0,182,0,182,,,,,,,,,
2026-05-18T19:29:57,0,3,3,1,183,74816,183,True,2.446524064171123e-08,,,,,,6151.955842971802,658.6435348987579,0.0003085136413574219,0.09103870391845703,1.4126660823822021,0.17453670501708984,4.4713006019592285,0,41.61278242795954,26632.180753894103,0.273569581773018,71037512.0,82268009.43364726,0.5,100000000000.0,100000000000.0,100000000000.0,1000000000.0,clip,False,0,183,0,183,,,,,,,,,
2026-05-18T19:30:04,0,3,3,1,184,74816,184,True,2.4598930481283424e-08,,,,,,6148.216962814331,658.6435348987579,0.0003075599670410156,0.09050321578979492,1.412184238433838,0.17877840995788574,4.464447975158691,0,41.638088172284775,26648.376430262255,0.273569581773018,70782976.0,82038308.76497431,0.5,100000000000.0,100000000000.0,100000000000.0,1000000000.0,clip,False,0,184,0,184,,,,,,,,,
2026-05-18T19:30:10,0,3,3,1,185,74816,185,True,2.4732620320855616e-08,,,,,,6150.500297546387,658.6435348987579,0.0003216266632080078,0.09143304824829102,1.4117677211761475,0.17844772338867188,4.4665141105651855,0,41.622630292713886,26638.483387336888,0.273569581773018,72611600.0,81849774.58967483,0.5,100000000000.0,100000000000.0,100000000000.0,1000000000.0,clip,False,0,185,0,185,,,,,,,,,
2026-05-18T19:30:16,0,3,3,1,186,74816,186,True,2.4866310160427807e-08,,,,,,6150.1593589782715,658.6435348987579,0.0003037452697753906,0.10407209396362305,1.399855613708496,0.1731128692626953,4.470172882080078,0,41.62493767357101,26639.96011108545,0.273569581773018,72841224.0,81669603.57788134,0.5,100000000000.0,100000000000.0,100000000000.0,1000000000.0,clip,False,0,186,0,186,,,,,,,,,
2026-05-18T19:30:22,0,3,3,1,187,74816,187,True,2.5e-08,,,,,,6149.641752243042,658.6435348987579,0.0003459453582763672,0.09045743942260742,1.4119837284088135,0.174882173538208,4.469438791275024,0,41.628441186289535,26642.202359225303,0.273569581773018,70788320.0,81451977.90632372,0.5,100000000000.0,100000000000.0,100000000000.0,1000000000.0,clip,False,0,187,0,187,,,,,,,,,
2026-05-18T19:30:28,0,3,3,1,188,74816,188,True,2.513368983957219e-08,,,,,,6151.581287384033,658.6435348987579,0.00033092498779296875,0.09138011932373047,1.4117317199707031,0.1733858585357666,4.472362756729126,0,41.615316134246235,26633.802325917593,0.273569581773018,69961304.0,81222164.42819723,0.5,100000000000.0,100000000000.0,100000000000.0,1000000000.0,clip,False,0,188,0,188,,,,,,,,,
2026-05-18T19:30:34,0,3,3,1,189,74816,189,True,2.5267379679144382e-08,,,,,,6146.403789520264,658.6435348987579,0.00030422210693359375,0.09528017044067383,1.4082961082458496,0.17769837379455566,4.462855100631714,0,41.65037130109885,26656.23763270326,0.273569581773018,71796080.0,81033642.73963328,0.5,100000000000.0,100000000000.0,100000000000.0,1000000000.0,clip,False,0,189,0,189,,,,,,,,,
2026-05-18T19:30:41,0,3,3,1,190,74816,190,True,2.5401069518716577e-08,,,,,,6149.830341339111,658.6435348987579,0.0002961158752441406,0.09001445770263672,1.413787841796875,0.17314696311950684,4.47063946723938,0,41.62716461935055,26641.385356384355,0.273569581773018,70755848.0,80828086.84484062,0.5,100000000000.0,100000000000.0,100000000000.0,1000000000.0,clip,False,0,190,0,190,,,,,,,,,
2026-05-18T19:30:47,0,3,3,1,191,74816,191,True,2.553475935828877e-08,567.8211059570312,194.4496307373047,0.7210256457328796,370.6780090332031,1.9724794626235962,6151.880741119385,658.6435348987579,0.0002987384796142578,0.09153270721435547,1.4130852222442627,0.17664766311645508,4.468381881713867,0,41.61329043472626,26632.50587822481,0.273569581773018,69595128.0,80603427.6679438,0.5,100000000000.0,100000000000.0,100000000000.0,1000000000.0,clip,False,0,191,0,191,549.2158610026041,488.6321716308594,628.562744140625,6151.795572916667,6155.37255859375,768.8004150390625,0.0,998.73291015625,639189.0
2026-05-18T19:30:53,0,3,3,1,192,74816,192,True,2.5668449197860963e-08,,,,,,6266.510963439941,658.6435348987579,0.0002765655517578125,0.09081721305847168,1.3949379920959473,0.17349576950073242,4.577085971832275,0,40.852078851142906,26145.33046473146,0.273569581773018,71075312.0,80412865.35458492,0.5,100000000000.0,100000000000.0,100000000000.0,1000000000.0,clip,False,0,192,0,192,,,,,,,,,
2026-05-18T19:30:59,0,3,3,1,193,74816,193,True,2.5802139037433155e-08,,,,,,6150.180101394653,658.6435348987579,0.00030612945556640625,0.09195780754089355,1.4125232696533203,0.17372775077819824,4.469797849655151,0,41.62479728714739,26639.870263774326,0.273569581773018,68910592.0,80182819.88749322,0.5,100000000000.0,100000000000.0,100000000000.0,1000000000.0,clip,False,0,193,0,193,,,,,,,,,
2026-05-18T19:31:05,0,3,3,1,194,74816,194,True,2.5935828877005347e-08,,,,,,6152.480125427246,658.6435348987579,0.00029206275939941406,0.0877828598022461,1.4165534973144531,0.17249202728271484,4.47346568107605,0,41.609236402404896,26629.911297539133,0.273569581773018,68309240.0,79945348.28974335,0.5,100000000000.0,100000000000.0,100000000000.0,1000000000.0,clip,False,0,194,0,194,,,,,,,,,
2026-05-18T19:31:11,0,3,3,1,195,74816,195,True,2.6069518716577538e-08,,,,,,6148.939371109009,658.6435348987579,0.0002963542938232422,0.08934259414672852,1.4146826267242432,0.17206573486328125,4.470658779144287,0,41.633196320462076,26645.245645095732,0.273569581773018,68967104.0,79725783.40394849,0.5,100000000000.0,100000000000.0,100000000000.0,1000000000.0,clip,False,0,195,0,195,,,,,,,,,
2026-05-18T19:31:18,0,3,3,1,196,74816,196,True,2.6203208556149733e-08,,,,,,6149.8260498046875,658.6435348987579,0.0002932548522949219,0.08952522277832031,1.414520263671875,0.17305517196655273,4.468268871307373,0,41.62719366804372,26641.40394754798,0.273569581773018,70380296.0,79538873.65586951,0.5,100000000000.0,100000000000.0,100000000000.0,1000000000.0,clip,False,0,196,0,196,,,,,,,,,
2026-05-18T19:31:24,0,3,3,1,197,74816,197,True,2.6336898395721925e-08,,,,,,6235.681056976318,658.6435348987579,0.0003066062927246094,0.08939003944396973,1.414642333984375,0.17186641693115234,4.557377576828003,0,41.05405611045386,26274.59591069047,0.273569581773018,68922392.0,79326544.02275212,0.5,100000000000.0,100000000000.0,100000000000.0,1000000000.0,clip,False,0,197,0,197,,,,,,,,,
2026-05-18T19:31:30,0,3,3,1,198,74816,198,True,2.6470588235294116e-08,,,,,,6149.735927581787,658.6435348987579,0.0003025531768798828,0.08960485458374023,1.4149034023284912,0.17718100547790527,4.46588134765625,0,41.62780369996552,26641.79436797793,0.273569581773018,68962104.0,79119255.22229707,0.5,100000000000.0,100000000000.0,100000000000.0,1000000000.0,clip,False,0,198,0,198,,,,,,,,,
2026-05-18T19:31:36,0,3,3,1,199,74816,199,True,2.6604278074866308e-08,,,,,,6437.5646114349365,658.6435348987579,0.00029468536376953125,0.09489917755126953,1.4087588787078857,0.17328095436096191,4.75815486907959,0,39.76659116481279,25450.618345480183,0.273569581773018,67420672.0,78885283.55785112,0.5,100000000000.0,100000000000.0,100000000000.0,1000000000.0,clip,False,0,199,0,199,,,,,,,,,
2026-05-18T19:31:43,0,3,3,1,200,74816,200,True,2.67379679144385e-08,,,,,,6149.474620819092,658.6435348987579,0.0003116130828857422,0.09342455863952637,1.4102089405059814,0.17856383323669434,4.465186357498169,0,41.62957257085184,26642.92644534518,0.273569581773018,66436436.0,78636306.6066941,0.5,100000000000.0,100000000000.0,100000000000.0,1000000000.0,clip,False,0,200,0,200,,,,,,,,,
2026-05-18T19:31:49,0,3,3,1,201,74816,201,True,2.687165775401069e-08,563.9758911132812,198.2257080078125,0.720848023891449,363.0321044921875,1.9972810745239258,6150.542736053467,658.6435348987579,0.00029754638671875,0.09447789192199707,1.409557580947876,0.17486119270324707,4.46969747543335,0,41.62234309817412,26638.299582831438,0.273565221159795,66018268.0,78383945.83456022,0.5,7863630660.669411,100000000000.0,100000000000.0,1000000000.0,clip,False,0,201,0,201,552.5367024739584,499.5079040527344,603.2661743164062,6150.046223958333,6153.0234375,768.8004150390625,0.0,999.016845703125,639370.875
2026-05-18T19:31:55,0,3,3,1,202,74816,202,True,2.700534759358289e-08,,,,,,6161.049842834473,658.6435348987579,0.0002923011779785156,0.09850525856018066,1.386406660079956,0.17505836486816406,4.469357967376709,0,41.551360000396265,26592.87040025361,0.273565221159795,66378120.0,78143829.31786902,0.5,7838394583.456021,100000000000.0,100000000000.0,1000000000.0,clip,False,0,202,0,202,,,,,,,,,
2026-05-18T19:32:01,0,3,3,1,203,74816,203,True,2.713903743315508e-08,,,,,,6151.159763336182,658.6435348987579,0.00033593177795410156,0.09531641006469727,1.4078154563903809,0.17487406730651855,4.47040581703186,0,41.618167930847925,26635.627475742673,0.273565221159795,65047664.0,77881906.01151164,0.5,7814382931.786902,100000000000.0,100000000000.0,1000000000.0,clip,False,0,203,0,203,,,,,,,,,
2026-05-18T19:32:07,0,3,3,1,204,74816,204,True,2.7272727272727272e-08,,,,,,6147.411823272705,658.6435348987579,0.0003132820129394531,0.09209704399108887,1.4098718166351318,0.17571735382080078,4.467296838760376,0,41.64354160084772,26651.866624542537,0.273565221159795,66362900.0,77651525.89128141,0.5,7788190601.151164,100000000000.0,100000000000.0,1000000000.0,clip,False,0,204,0,204,,,,,,,,,
2026-05-18T19:32:13,0,3,3,1,205,74816,205,True,2.7406417112299464e-08,,,,,,6148.6852169036865,658.6435348987579,0.00031566619873046875,0.09308981895446777,1.4107704162597656,0.17429852485656738,4.468194007873535,0,41.6349172171339,26646.3470189657,0.273565221159795,67577416.0,77450043.69345579,0.5,7765152589.128141,100000000000.0,100000000000.0,1000000000.0,clip,False,0,205,0,205,,,,,,,,,
2026-05-18T19:32:19,0,3,3,1,206,74816,206,True,2.7540106951871656e-08,,,,,,6149.653911590576,658.6435348987579,0.00030350685119628906,0.0925743579864502,1.4116923809051514,0.1724715232849121,4.470555305480957,0,41.628358876830994,26642.149681171835,0.273565221159795,64185820.0,77184759.21958667,0.5,7745004369.345578,100000000000.0,100000000000.0,1000000000.0,clip,False,0,206,0,206,,,,,,,,,
2026-05-18T19:32:26,0,3,3,1,207,74816,207,True,2.767379679144385e-08,,,,,,6150.640964508057,658.6435348987579,0.00030541419982910156,0.08984112739562988,1.41416335105896,0.17131376266479492,4.47280478477478,0,41.6216783709591,26637.874157413826,0.273565221159795,66562800.0,76972320.03519493,0.5,7718475921.958667,100000000000.0,100000000000.0,1000000000.0,clip,False,0,207,0,207,,,,,,,,,
2026-05-18T19:32:32,0,3,3,1,208,74816,208,True,2.7807486631016042e-08,,,,,,6227.406740188599,658.6435348987579,0.0003008842468261719,0.0877695083618164,1.416806936264038,0.1705009937286377,4.550086498260498,0,41.10860438068109,26309.5068036359,0.273565221159795,64594580.0,76724765.23449102,0.5,7697232003.519493,100000000000.0,100000000000.0,1000000000.0,clip,False,0,208,0,208,,,,,,,,,
2026-05-18T19:32:38,0,3,3,1,209,74816,209,True,2.7941176470588234e-08,,,,,,6150.23398399353,658.6435348987579,0.00030517578125,0.09224748611450195,1.4111213684082031,0.17314362525939941,4.471412658691406,0,41.6244326095983,26639.636870142916,0.273565221159795,65955304.0,76509376.0098012,0.5,7672476523.449102,100000000000.0,100000000000.0,1000000000.0,clip,False,0,209,0,209,,,,,,,,,
2026-05-18T19:32:44,0,3,3,1,210,74816,210,True,2.8074866310160425e-08,,,,,,6149.41143989563,658.6435348987579,0.00029969215393066406,0.09003615379333496,1.413602352142334,0.17694854736328125,4.466538667678833,0,41.63000028574197,26643.200182874858,0.273565221159795,65416528.0,76287519.04960518,0.5,7650937600.98012,100000000000.0,100000000000.0,1000000000.0,clip,False,0,210,0,210,,,,,,,,,
2026-05-18T19:32:50,0,3,3,1,211,74816,211,True,2.8208556149732617e-08,589.8056640625,208.19680786132812,0.7189556360244751,378.8870544433594,2.0028769969940186,6150.346994400024,658.6435348987579,0.00031638145446777344,0.09246993064880371,1.4117419719696045,0.1720893383026123,4.471780061721802,0,41.62366777567047,26639.147376429097,0.273565221159795,63979412.0,76041356.90861307,0.5,7628751904.960518,100000000000.0,100000000000.0,1000000000.0,clip,False,0,211,0,211,552.7822672526041,493.17620849609375,607.4188232421875,6150.567057291667,6157.41796875,768.8004150390625,0.0,998.9324951171875,639316.8125
2026-05-18T19:32:56,0,3,3,1,212,74816,212,True,2.8342245989304812e-08,,,,,,6159.158706665039,658.6435348987579,0.00028324127197265625,0.09264111518859863,1.3926372528076172,0.17624974250793457,4.46617579460144,0,41.56411811940704,26601.03559642051,0.273565221159795,62386404.0,75768257.8504408,0.5,7604135690.861307,100000000000.0,100000000000.0,1000000000.0,clip,False,0,212,0,212,,,,,,,,,
2026-05-18T19:33:03,0,3,3,1,213,74816,213,True,2.8475935828877007e-08,,,,,,6150.877475738525,658.6435348987579,0.0003008842468261719,0.0906975269317627,1.413630723953247,0.1739192008972168,4.470517158508301,0,41.620077949815204,26636.84988788173,0.273565221159795,64114820.0,75535189.093432,0.5,7576825785.04408,100000000000.0,100000000000.0,1000000000.0,clip,False,0,213,0,213,,,,,,,,,
2026-05-18T19:33:09,0,3,3,1,214,74816,214,True,2.8609625668449198e-08,,,,,,6150.331974029541,658.6435348987579,0.0003056526184082031,0.08922123908996582,1.4147460460662842,0.1747901439666748,4.469329833984375,0,41.62376942919315,26639.21243468362,0.273565221159795,62101540.0,75266516.11156335,0.5,7553518909.3432,100000000000.0,100000000000.0,1000000000.0,clip,False,0,214,0,214,,,,,,,,,
2026-05-18T19:33:15,0,3,3,1,215,74816,215,True,2.874331550802139e-08,,,,,,6150.291919708252,658.6435348987579,0.00029754638671875,0.08960771560668945,1.4143822193145752,0.17775225639343262,4.46626091003418,0,41.624040507681094,26639.3859249159,0.273565221159795,62119232.0,75003570.42933209,0.5,7526651611.156336,100000000000.0,100000000000.0,1000000000.0,clip,False,0,215,0,215,,,,,,,,,
2026-05-18T19:33:21,0,3,3,1,216,74816,216,True,2.887700534759358e-08,,,,,,6150.570392608643,658.6435348987579,0.0003139972686767578,0.08881568908691406,1.4152066707611084,0.17496180534362793,4.469270944595337,0,41.622155939820516,26638.17980148513,0.273565221159795,62033536.0,74744169.74074546,0.5,7500357042.933209,100000000000.0,100000000000.0,1000000000.0,clip,False,0,216,0,216,,,,,,,,,
2026-05-18T19:33:27,0,3,3,1,217,74816,217,True,2.9010695187165773e-08,,,,,,6152.088165283203,658.6435348987579,0.00039315223693847656,0.09410405158996582,1.4085092544555664,0.17618322372436523,4.470016956329346,0,41.611887398596046,26631.60793510147,0.273565221159795,61189772.0,74473081.78593054,0.5,7474416974.074546,100000000000.0,100000000000.0,1000000000.0,clip,False,0,217,0,217,,,,,,,,,
2026-05-18T19:33:33,0,3,3,1,218,74816,218,True,2.9144385026737965e-08,,,,,,6147.841453552246,658.6435348987579,0.00031495094299316406,0.09078192710876465,1.4119610786437988,0.1724236011505127,4.470257997512817,0,41.64063142065614,26650.00410921993,0.273565221159795,61468856.0,74212997.27021194,0.5,7447308178.593055,100000000000.0,100000000000.0,1000000000.0,clip,False,0,218,0,218,,,,,,,,,
2026-05-18T19:33:39,0,3,3,1,219,74816,219,True,2.927807486631016e-08,,,,,,6149.491786956787,658.6435348987579,0.0003116130828857422,0.08889484405517578,1.4149057865142822,0.17261743545532227,4.4706711769104,0,41.629456363041555,26642.852072346595,0.273565221159795,60956636.0,73947870.04480769,0.5,7421299727.0211935,100000000000.0,100000000000.0,1000000000.0,clip,False,0,219,0,219,,,,,,,,,
2026-05-18T19:33:46,0,3,3,1,220,74816,220,True,2.941176470588235e-08,,,,,,6149.525165557861,658.6435348987579,0.00029969215393066406,0.09177517890930176,1.4120633602142334,0.17528510093688965,4.46804404258728,0,41.62923040526766,26642.707459371308,0.273565221159795,60486212.0,73678636.88391152,0.5,7394787004.480769,100000000000.0,100000000000.0,1000000000.0,clip,False,0,220,0,220,,,,,,,,,
2026-05-18T19:33:52,0,3,3,1,221,74816,221,True,2.9545454545454543e-08,532.1322631835938,197.69839477539062,0.7180615663528442,331.7178649902344,1.9979513883590698,6150.276899337769,658.6435348987579,0.0003039836883544922,0.08894586563110352,1.4150948524475098,0.17061853408813477,4.4731597900390625,0,41.624142163024366,26639.450984335595,0.273565221159795,60243380.0,73409931.74623328,0.5,7367863688.391152,100000000000.0,100000000000.0,1000000000.0,clip,False,0,221,0,221,530.5683186848959,473.00701904296875,598.6720581054688,6150.180989583333,6153.35546875,768.8004150390625,0.0,998.9950561523438,639356.8125
2026-05-18T19:33:58,0,3,3,1,222,74816,222,True,2.9679144385026738e-08,,,,,,6157.890558242798,658.6435348987579,0.0002703666687011719,0.08918881416320801,1.3963584899902344,0.1722095012664795,4.469073057174683,0,41.572677782869135,26606.51378103625,0.273565221159795,59943016.0,73140593.43130863,0.5,7340993174.623328,100000000000.0,100000000000.0,1000000000.0,clip,False,0,222,0,222,,,,,,,,,
2026-05-18T19:34:04,0,3,3,1,223,74816,223,True,2.981283422459893e-08,,,,,,6149.237632751465,658.6435348987579,0.00029087066650390625,0.09290003776550293,1.4113211631774902,0.17291855812072754,4.469881057739258,0,41.63117695054066,26643.953248346024,0.273565221159795,59706188.0,72871905.32268246,0.5,7314059343.130863,100000000000.0,100000000000.0,1000000000.0,clip,False,0,223,0,223,,,,,,,,,
2026-05-18T19:34:10,0,3,3,1,224,74816,224,True,2.994652406417112e-08,,,,,,6149.311304092407,658.6435348987579,0.0002930164337158203,0.08953642845153809,1.414595127105713,0.17251968383789062,4.470525503158569,0,41.63067819149607,26643.63404255748,0.273565221159795,58808396.0,72590635.1362288,0.5,7287190532.268246,100000000000.0,100000000000.0,1000000000.0,clip,False,0,224,0,224,,,,,,,,,
2026-05-18T19:34:16,0,3,3,1,225,74816,225,True,3.008021390374331e-08,,,,,,6153.73420715332,658.6435348987579,0.0002918243408203125,0.09021759033203125,1.414008378982544,0.1736598014831543,4.4737701416015625,0,41.600756773410275,26624.484334982575,0.273565221159795,58940752.0,72317637.47350423,0.5,7259063513.62288,100000000000.0,100000000000.0,1000000000.0,clip,False,0,225,0,225,,,,,,,,,
2026-05-18T19:34:23,0,3,3,1,226,74816,226,True,3.0213903743315504e-08,,,,,,6147.409439086914,658.6435348987579,0.0003070831298828125,0.0893094539642334,1.4148244857788086,0.17713642120361328,4.464160680770874,0,41.64355775170625,26651.876961091995,0.273565221159795,58558328.0,72042451.28403415,0.5,7231763747.350423,100000000000.0,100000000000.0,1000000000.0,clip,False,0,226,0,226,,,,,,,,,
2026-05-18T19:34:29,0,3,3,1,227,74816,227,True,3.03475935828877e-08,,,,,,6151.739120483398,658.6435348987579,0.00029969215393066406,0.08946943283081055,1.4144060611724854,0.17138195037841797,4.474089622497559,0,41.61424842409178,26633.118991418738,0.273565221159795,59566752.0,71792937.29835346,0.5,7204245128.403415,100000000000.0,100000000000.0,1000000000.0,clip,False,0,227,0,227,,,,,,,,,
2026-05-18T19:34:35,0,3,3,1,228,74816,228,True,3.0481283422459894e-08,,,,,,6149.823188781738,658.6435348987579,0.0002593994140625,0.08883118629455566,1.4151837825775146,0.17579960823059082,4.467859506607056,0,41.627213033861686,26641.416341671476,0.273565221159795,58321928.0,71523517.11238639,0.5,7179293729.835346,100000000000.0,100000000000.0,1000000000.0,clip,False,0,228,0,228,,,,,,,,,
2026-05-18T19:34:41,0,3,3,1,229,74816,229,True,3.0614973262032085e-08,,,,,,6149.329900741577,658.6435348987579,0.0002918243408203125,0.088897705078125,1.4152424335479736,0.1705784797668457,4.472447156906128,0,41.63055229304379,26643.553467548027,0.273565221159795,58265348.0,71258353.73013867,0.5,7152351711.238639,100000000000.0,100000000000.0,1000000000.0,clip,False,0,229,0,229,,,,,,,,,
2026-05-18T19:34:47,0,3,3,1,230,74816,230,True,3.074866310160428e-08,,,,,,6151.036977767944,658.6435348987579,0.00028586387634277344,0.0892784595489502,1.415682077407837,0.17592477798461914,4.467951536178589,0,41.618998703027785,26636.15916993778,0.273565221159795,58625084.0,71005688.33553591,0.5,7125835373.013867,100000000000.0,100000000000.0,1000000000.0,clip,False,0,230,0,230,,,,,,,,,
2026-05-18T19:34:53,0,3,3,1,231,74816,231,True,3.088235294117647e-08,571.19873046875,205.16323852539062,0.7170746922492981,363.32928466796875,1.989162564277649,6149.646043777466,658.6435348987579,0.00034809112548828125,0.09452700614929199,1.409224510192871,0.17812228202819824,4.464966297149658,0,41.628412135855235,26642.18376694735,0.273565221159795,57755080.0,70740676.1688252,0.5,7100568833.553592,100000000000.0,100000000000.0,1000000000.0,clip,False,0,231,0,231,545.0289713541666,480.7418212890625,627.37109375,6149.13671875,6154.09765625,768.8004150390625,0.0,999.164794921875,639465.4375
2026-05-18T19:34:59,0,3,3,1,232,74816,232,True,3.101604278074866e-08,,,,,,6157.013416290283,658.6435348987579,0.00029659271240234375,0.09282183647155762,1.392874002456665,0.17509126663208008,4.46661376953125,0,41.57860031986821,26610.304204715652,0.273565221159795,56587320.0,70457609.04544869,0.5,7074067616.88252,100000000000.0,100000000000.0,1000000000.0,clip,False,0,232,0,232,,,,,,,,,
2026-05-18T19:35:06,0,3,3,1,233,74816,233,True,3.114973262032086e-08,,,,,,6150.476694107056,658.6435348987579,0.0003039836883544922,0.09239673614501953,1.4116771221160889,0.17380809783935547,4.470484256744385,0,41.622790026223626,26638.58561678312,0.273565221159795,57402168.0,70196500.22453971,0.5,7045760904.544869,100000000000.0,100000000000.0,1000000000.0,clip,False,0,233,0,233,,,,,,,,,
2026-05-18T19:35:12,0,3,3,1,234,74816,234,True,3.128342245989305e-08,,,,,,6149.7650146484375,658.6435348987579,0.0005497932434082031,0.09337449073791504,1.4103925228118896,0.17857837677001953,4.465242147445679,0,41.62760680940176,26641.668358017127,0.273565221159795,55297912.0,69898528.46004891,0.5,7019650022.453971,100000000000.0,100000000000.0,1000000000.0,clip,False,0,234,0,234,,,,,,,,,
2026-05-18T19:35:18,0,3,3,1,235,74816,235,True,3.141711229946524e-08,,,,,,6152.429819107056,658.6435348987579,0.0002999305725097656,0.09025716781616211,1.4133892059326172,0.17426824569702148,4.47229790687561,0,41.60957662693908,26630.129041241013,0.273565221159795,54752520.0,69595608.29084794,0.5,6989852846.004891,100000000000.0,100000000000.0,1000000000.0,clip,False,0,235,0,235,,,,,,,,,
2026-05-18T19:35:24,0,3,3,1,236,74816,236,True,3.155080213903743e-08,,,,,,6150.579214096069,658.6435348987579,0.0003027915954589844,0.0899195671081543,1.4140980243682861,0.17357134819030762,4.470567464828491,0,41.6220962431135,26638.141595592642,0.273565221159795,54630644.0,69296309.00503097,0.5,6959560829.084794,100000000000.0,100000000000.0,1000000000.0,clip,False,0,236,0,236,,,,,,,,,
2026-05-18T19:35:30,0,3,3,1,237,74816,237,True,3.1684491978609625e-08,,,,,,6148.860454559326,658.6435348987579,0.0003116130828857422,0.09381484985351562,1.4097280502319336,0.17729687690734863,4.4655163288116455,0,41.63373065495058,26645.587619168375,0.273565221159795,54518588.0,69000754.58493036,0.5,6929630900.503098,100000000000.0,100000000000.0,1000000000.0,clip,False,0,237,0,237,,,,,,,,,
2026-05-18T19:35:36,0,3,3,1,238,74816,238,True,3.1818181818181816e-08,,,,,,6148.825645446777,658.6435348987579,0.00031185150146484375,0.0903310775756836,1.4141278266906738,0.17522025108337402,4.466848611831665,0,41.633966347633994,26645.738462485755,0.273565221159795,54150824.0,68703755.97323176,0.5,6900075458.493036,100000000000.0,100000000000.0,1000000000.0,clip,False,0,238,0,238,,,,,,,,,
2026-05-18T19:35:42,0,3,3,1,239,74816,239,True,3.195187165775401e-08,,,,,,6149.962902069092,658.6435348987579,0.00029754638671875,0.0907444953918457,1.4128248691558838,0.17619824409484863,4.467937231063843,0,41.626267357461856,26640.811108775586,0.273565221159795,53159048.0,68392861.81376714,0.5,6870375597.323176,100000000000.0,100000000000.0,1000000000.0,clip,False,0,239,0,239,,,,,,,,,
2026-05-18T19:35:49,0,3,3,1,240,74816,240,True,3.20855614973262e-08,,,,,,6152.374029159546,658.6435348987579,0.0002982616424560547,0.09236478805541992,1.4116137027740479,0.17363524436950684,4.472536325454712,0,41.609953944066575,26630.370524202608,0.273565221159795,54011444.0,68105233.45749179,0.5,6839286181.376714,100000000000.0,100000000000.0,1000000000.0,clip,False,0,240,0,240,,,,,,,,,
2026-05-18T19:35:55,0,3,3,1,241,74816,241,True,3.221925133689839e-08,532.986572265625,195.57684326171875,0.7188462615013123,334.7127685546875,1.9781745672225952,6147.601842880249,658.6435348987579,0.0003180503845214844,0.09291982650756836,1.4085297584533691,0.17246007919311523,4.471310615539551,0,41.642254417709644,26651.04282733417,0.273565221159795,53774364.0,67818616.06834194,0.5,6810523345.749179,100000000000.0,100000000000.0,1000000000.0,clip,False,0,241,0,241,522.3448893229166,476.903076171875,592.1480712890625,6151.06640625,6155.68701171875,768.8004150390625,0.0,998.8511962890625,639264.8125
2026-05-18T19:36:01,0,3,3,1,242,74816,242,True,3.235294117647059e-08,,,,,,6159.221410751343,658.6435348987579,0.00026988983154296875,0.08958077430725098,1.3957641124725342,0.17609667778015137,4.465699195861816,0,41.56369497500682,26600.764784004365,0.273565221159795,54142976.0,67545103.2669751,0.5,6781861606.834194,100000000000.0,100000000000.0,1000000000.0,clip,False,0,242,0,242,,,,,,,,,
2026-05-18T19:36:07,0,3,3,1,243,74816,243,True,3.248663101604278e-08,,,,,,6149.234294891357,658.6435348987579,0.0002963542938232422,0.0924072265625,1.4119739532470703,0.17903780937194824,4.463640451431274,0,41.63119954832082,26643.967710925328,0.273565221159795,53577656.0,67265754.3216356,0.5,6754510326.697511,100000000000.0,100000000000.0,1000000000.0,clip,False,0,243,0,243,,,,,,,,,
2026-05-18T19:36:13,0,3,3,1,244,74816,244,True,3.262032085561497e-08,,,,,,6150.0725746154785,658.6435348987579,0.00029158592224121094,0.0893101692199707,1.4151010513305664,0.1792459487915039,4.464280128479004,0,41.625525047727734,26640.33603054575,0.273565221159795,53046752.0,66981374.27520289,0.5,6726575432.163561,100000000000.0,100000000000.0,1000000000.0,clip,False,0,244,0,244,,,,,,,,,
2026-05-18T19:36:19,0,3,3,1,245,74816,245,True,3.2754010695187164e-08,,,,,,6150.7568359375,658.6435348987579,0.0003075599670410156,0.09133648872375488,1.4124395847320557,0.18766498565673828,4.457056283950806,0,41.620894278286066,26637.372338103083,0.273565221159795,50884968.0,66659446.14969883,0.5,6698137427.520289,100000000000.0,100000000000.0,1000000000.0,clip,False,0,245,0,245,,,,,,,,,
2026-05-18T19:36:26,0,3,3,1,246,74816,246,True,3.2887700534759355e-08,,,,,,6151.169061660767,658.6435348987579,0.0003428459167480469,0.09570455551147461,1.406865119934082,0.17638325691223145,4.469573974609375,0,41.61810501935417,26635.587212386665,0.273565221159795,51313892.0,66352535.066704854,0.5,6665944614.969883,100000000000.0,100000000000.0,1000000000.0,clip,False,0,246,0,246,,,,,,,,,
2026-05-18T19:36:32,0,3,3,1,247,74816,247,True,3.302139037433155e-08,,,,,,6148.366451263428,658.6435348987579,0.00031638145446777344,0.09522485733032227,1.4075443744659424,0.17657780647277832,4.46647834777832,0,41.63707580367051,26647.728514349128,0.273565221159795,51964176.0,66064767.88537076,0.5,6635253506.6704855,100000000000.0,100000000000.0,1000000000.0,clip,False,0,247,0,247,,,,,,,,,
2026-05-18T19:36:38,0,3,3,1,248,74816,248,True,3.3155080213903745e-08,,,,,,6150.163888931274,658.6435348987579,0.0002961158752441406,0.08887243270874023,1.4150221347808838,0.18030285835266113,4.463832855224609,0,41.62490701438618,26639.940489207154,0.273565221159795,50410068.0,65751673.88766334,0.5,6606476788.537076,100000000000.0,100000000000.0,1000000000.0,clip,False,0,248,0,248,,,,,,,,,
2026-05-18T19:36:44,0,3,3,1,249,74816,249,True,3.328877005347593e-08,,,,,,6150.249719619751,658.6435348987579,0.00030422210693359375,0.09090995788574219,1.4133729934692383,0.1804201602935791,4.463392734527588,0,41.624326112050554,26639.568711712356,0.273565221159795,49474644.0,65426133.28991008,0.5,6575167388.766335,100000000000.0,100000000000.0,1000000000.0,clip,False,0,249,0,249,,,,,,,,,
2026-05-18T19:36:50,0,3,3,1,250,74816,250,True,3.342245989304813e-08,,,,,,6150.552272796631,658.6435348987579,0.00029921531677246094,0.09064841270446777,1.4133210182189941,0.18143439292907715,4.463001012802124,0,41.62227856062068,26638.258278797235,0.273565221159795,49363432.0,65104879.26411188,0.5,6542613328.991008,100000000000.0,100000000000.0,1000000000.0,clip,False,0,250,0,250,,,,,,,,,
2026-05-18T19:36:56,0,3,3,1,251,74816,251,True,3.355614973262032e-08,490.4773864746094,173.17979431152344,0.7193983197212219,314.5829772949219,1.9952086210250854,6149.648427963257,658.6435348987579,0.00030517578125,0.08935046195983887,1.4144697189331055,0.1841907501220703,4.459578275680542,0,41.62839599674259,26642.17343791526,0.273565221159795,48146352.0,64765708.71882964,0.5,6510487926.411188,100000000000.0,100000000000.0,1000000000.0,clip,False,0,251,0,251,520.3386637369791,446.2673034667969,589.9898071289062,6150.311197916667,6153.888671875,768.8004150390625,0.0,998.9739379882812,639343.3125
2026-05-18T19:37:02,0,3,3,1,252,74816,252,True,3.368983957219251e-08,,,,,,6163.677215576172,658.6435348987579,0.0002694129943847656,0.08966803550720215,1.3960447311401367,0.17926549911499023,4.46246337890625,0,41.53364802314189,26581.53473481081,0.273565221159795,49608352.0,64462561.58445305,0.5,6476570871.882964,100000000000.0,100000000000.0,1000000000.0,clip,False,0,252,0,252,,,,,,,,,
2026-05-18T19:37:09,0,3,3,1,253,74816,253,True,3.38235294117647e-08,,,,,,6149.322271347046,658.6435348987579,0.0002999305725097656,0.09273719787597656,1.411686658859253,0.17521452903747559,4.467456817626953,0,41.63060394359876,26643.586523903206,0.273565221159795,47146624.0,64116242.832763985,0.5,6446256158.445305,100000000000.0,100000000000.0,1000000000.0,clip,False,0,253,0,253,,,,,,,,,
2026-05-18T19:37:15,0,3,3,1,254,74816,254,True,3.3957219251336895e-08,,,,,,6149.964332580566,658.6435348987579,0.0002944469451904297,0.09081673622131348,1.4130029678344727,0.18435168266296387,4.459582090377808,0,41.62625767499056,26640.804911993957,0.273565221159795,49612916.0,63826176.29610871,0.5,6411624283.276399,100000000000.0,100000000000.0,1000000000.0,clip,False,0,254,0,254,,,,,,,,,
2026-05-18T19:37:21,0,3,3,1,255,74816,255,True,3.4090909090909086e-08,,,,,,6149.604320526123,658.6435348987579,0.00030517578125,0.09090995788574219,1.4131486415863037,0.18085408210754395,4.462421655654907,0,41.62869457235229,26642.364526305464,0.273565221159795,49165924.0,63532971.25018654,0.5,6382617629.61087,100000000000.0,100000000000.0,1000000000.0,clip,False,0,255,0,255,,,,,,,,,
2026-05-18T19:37:27,0,3,3,1,256,74816,256,True,3.4224598930481285e-08,,,,,,6149.963140487671,658.6435348987579,0.00028634071350097656,0.08895397186279297,1.4153571128845215,0.18079876899719238,4.462781667709351,0,41.626265743716324,26640.810075978447,0.273565221159795,46894376.0,63200199.34518281,0.5,6353297125.018654,100000000000.0,100000000000.0,1000000000.0,clip,False,0,256,0,256,,,,,,,,,
2026-05-18T19:37:33,0,3,3,1,257,74816,257,True,3.4358288770053476e-08,,,,,,6149.662256240845,658.6435348987579,0.00029778480529785156,0.0894925594329834,1.4147605895996094,0.1859908103942871,4.4572224617004395,0,41.628302390136014,26642.11352968705,0.273565221159795,48409764.0,62904390.638279155,0.5,6320019934.518281,100000000000.0,100000000000.0,1000000000.0,clip,False,0,257,0,257,,,,,,,,,
2026-05-18T19:37:39,0,3,3,1,258,74816,258,True,3.449197860962567e-08,,,,,,6150.2134799957275,658.6435348987579,0.0002892017364501953,0.08977627754211426,1.4151597023010254,0.18146777153015137,4.461604833602905,0,41.62457137994791,26639.725683166664,0.273565221159795,48239144.0,62611085.705513574,0.5,6290439063.827915,100000000000.0,100000000000.0,1000000000.0,clip,False,0,258,0,258,,,,,,,,,
2026-05-18T19:37:45,0,3,3,1,259,74816,259,True,3.462566844919786e-08,,,,,,6150.93994140625,658.6435348987579,0.00028896331787109375,0.0902566909790039,1.4142868518829346,0.18189167976379395,4.462296724319458,0,41.619655278486164,26636.579378231145,0.273565221159795,45013156.0,62259127.1114033,0.5,6261108570.551357,100000000000.0,100000000000.0,1000000000.0,clip,False,0,259,0,259,,,,,,,,,
2026-05-18T19:37:52,0,3,3,1,260,74816,260,True,3.475935828877005e-08,,,,,,6150.188207626343,658.6435348987579,0.0003077983856201172,0.10056114196777344,1.4039146900177002,0.19276905059814453,4.45071268081665,0,41.62474242374493,26639.835151196752,0.273565221159795,45055440.0,61915053.36917524,0.5,6225912711.14033,100000000000.0,100000000000.0,1000000000.0,clip,False,0,260,0,260,,,,,,,,,
2026-05-18T19:37:58,0,3,3,1,261,74816,261,True,3.489304812834225e-08,457.58673095703125,148.32354736328125,0.7195999622344971,306.5651550292969,1.9784212112426758,6155.043125152588,658.6435348987579,0.00032448768615722656,0.09280157089233398,1.4107015132904053,0.18266797065734863,4.46623420715332,0,41.59191004752766,26618.822430417706,0.273565221159795,46434240.0,61605437.10179174,0.5,6191505336.917524,100000000000.0,100000000000.0,1000000000.0,clip,False,0,261,0,261,522.0421956380209,457.58673095703125,594.9293823242188,6150.477864583333,6155.04296875,768.8004150390625,0.0,998.94677734375,639326.0
2026-05-18T19:38:04,0,3,3,1,262,74816,262,True,3.5026737967914434e-08,,,,,,6151.612997055054,658.6435348987579,0.0002913475036621094,0.09215211868286133,1.3924548625946045,0.18378162384033203,4.458545923233032,0,41.61510162010423,26633.665036866707,0.273565221159795,46431572.0,61301959.7997559,0.5,6160543710.179174,100000000000.0,100000000000.0,1000000000.0,clip,False,0,262,0,262,,,,,,,,,
2026-05-18T19:38:10,0,3,3,1,263,74816,263,True,3.516042780748663e-08,,,,,,6150.46763420105,658.6435348987579,0.0002872943878173828,0.09469985961914062,1.4102787971496582,0.18078398704528809,4.462356805801392,0,41.62285133840145,26638.62485657693,0.273565221159795,44481168.0,60965543.96376078,0.5,6130195979.97559,100000000000.0,100000000000.0,1000000000.0,clip,False,0,263,0,263,,,,,,,,,
2026-05-18T19:38:16,0,3,3,1,264,74816,264,True,3.529411764705882e-08,,,,,,6149.924755096436,658.6435348987579,0.00029540061950683594,0.09172224998474121,1.4127898216247559,0.17635774612426758,4.466911315917969,0,41.62652555835795,26640.976357349085,0.273565221159795,45840460.0,60663042.28448556,0.5,6096554396.376078,100000000000.0,100000000000.0,1000000000.0,clip,False,0,264,0,264,,,,,,,,,
2026-05-18T19:38:22,0,3,3,1,265,74816,265,True,3.5427807486631015e-08,,,,,,6151.256561279297,658.6435348987579,0.00030922889709472656,0.09538459777832031,1.4089689254760742,0.1757650375366211,4.469045877456665,0,41.617513015382805,26635.208329844994,0.273565221159795,45073684.0,60351255.11879585,0.5,6066304228.448556,100000000000.0,100000000000.0,1000000000.0,clip,False,0,265,0,265,,,,,,,,,
2026-05-18T19:38:29,0,3,3,1,266,74816,266,True,3.5561497326203214e-08,,,,,,6148.998975753784,658.6435348987579,0.0003037452697753906,0.0941152572631836,1.4096686840057373,0.17895770072937012,4.463944673538208,0,41.63279275365595,26644.98736233981,0.273565221159795,43446788.0,60013165.77641993,0.5,6035125511.879585,100000000000.0,100000000000.0,1000000000.0,clip,False,0,266,0,266,,,,,,,,,
2026-05-18T19:38:35,0,3,3,1,267,74816,267,True,3.56951871657754e-08,,,,,,6151.175260543823,658.6435348987579,0.000301361083984375,0.09550762176513672,1.4083468914031982,0.17684054374694824,4.468148708343506,0,41.61806307846399,26635.560370216954,0.273565221159795,43656048.0,59686023.42089153,0.5,6001316577.641993,100000000000.0,100000000000.0,1000000000.0,clip,False,0,267,0,267,,,,,,,,,
2026-05-18T19:38:41,0,3,3,1,268,74816,268,True,3.58288770053476e-08,,,,,,6148.718595504761,658.6435348987579,0.0002989768981933594,0.0968022346496582,1.4076778888702393,0.17878246307373047,4.463158369064331,0,41.63469120007507,26646.202368048045,0.273565221159795,43647636.0,59365255.6724737,0.5,5968602342.089153,100000000000.0,100000000000.0,1000000000.0,clip,False,0,268,0,268,,,,,,,,,
2026-05-18T19:38:47,0,3,3,1,269,74816,269,True,3.596256684491978e-08,,,,,,6149.811744689941,658.6435348987579,0.0003006458282470703,0.09467482566833496,1.4091453552246094,0.18115234375,4.462581634521484,0,41.62729049731374,26641.46591828079,0.273565221159795,44574280.0,59069436.15902422,0.5,5936525567.24737,100000000000.0,100000000000.0,1000000000.0,clip,False,0,269,0,269,,,,,,,,,
2026-05-18T19:38:53,0,3,3,1,270,74816,270,True,3.609625668449198e-08,,,,,,6149.6422290802,658.6435348987579,0.0003085136413574219,0.09063100814819336,1.4133172035217285,0.1828017234802246,4.460635185241699,0,41.628437958461504,26642.20029341536,0.273565221159795,42487884.0,58737805.115843736,0.5,5906943615.902422,100000000000.0,100000000000.0,1000000000.0,clip,False,0,270,0,270,,,,,,,,,
2026-05-18T19:38:59,0,3,3,1,271,74816,271,True,3.6229946524064165e-08,537.0787353515625,190.74525451660156,0.7199394106864929,343.6275939941406,1.9859684705734253,6151.946306228638,658.6435348987579,0.00030422210693359375,0.0918128490447998,1.4129323959350586,0.18094301223754883,4.4640281200408936,0,41.612846936067804,26632.222039083394,0.273565221159795,40931880.0,58381686.61352686,0.5,5873780511.584373,100000000000.0,100000000000.0,1000000000.0,clip,False,0,271,0,271,514.5491943359375,445.29833984375,595.7996215820312,6151.416015625,6158.5341796875,768.8004150390625,0.0,998.7945556640625,639228.5625
2026-05-18T19:39:05,0,3,3,1,272,74816,272,True,3.636363636363636e-08,,,,,,6160.430431365967,658.6435348987579,0.0002751350402832031,0.09195923805236816,1.3933022022247314,0.1796741485595703,4.464341402053833,0,41.555537856019015,26595.54422785217,0.273565221159795,42326600.0,58060584.88125632,0.5,5838168661.352686,100000000000.0,100000000000.0,1000000000.0,clip,False,0,272,0,272,,,,,,,,,
2026-05-18T19:39:12,0,3,3,1,273,74816,273,True,3.6497326203208555e-08,,,,,,6162.33491897583,658.6435348987579,0.0003027915954589844,0.09196257591247559,1.4126365184783936,0.1837446689605713,4.471777439117432,0,41.54269499564084,26587.324797210134,0.273565221159795,40588204.0,57711137.26363119,0.5,5806058488.125632,100000000000.0,100000000000.0,1000000000.0,clip,False,0,273,0,273,,,,,,,,,
2026-05-18T19:39:18,0,3,3,1,274,74816,274,True,3.6631016042780746e-08,,,,,,6148.432731628418,658.6435348987579,0.0003216266632080078,0.08893918991088867,1.4147140979766846,0.1832430362701416,4.459208011627197,0,41.636626954231666,26647.441250708263,0.273565221159795,41725160.0,57391417.71835857,0.5,5771113726.363119,100000000000.0,100000000000.0,1000000000.0,clip,False,0,274,0,274,,,,,,,,,
2026-05-18T19:39:24,0,3,3,1,275,74816,275,True,3.676470588235294e-08,,,,,,6150.7463455200195,658.6435348987579,0.0002872943878173828,0.09007835388183594,1.4140095710754395,0.1818387508392334,4.462647199630737,0,41.62096526488385,26637.417769525662,0.273565221159795,41067544.0,57064940.2439914,0.5,5739141771.835856,100000000000.0,100000000000.0,1000000000.0,clip,False,0,275,0,275,,,,,,,,,
2026-05-18T19:39:30,0,3,3,1,276,74816,276,True,3.689839572192513e-08,,,,,,6151.957988739014,658.6435348987579,0.00029158592224121094,0.09055566787719727,1.4140281677246094,0.182297945022583,4.462864637374878,0,41.61276791366274,26632.171464744155,0.273565221159795,39069532.0,56705032.07911157,0.5,5706494024.399139,100000000000.0,100000000000.0,1000000000.0,clip,False,0,276,0,276,,,,,,,,,
2026-05-18T19:39:36,0,3,3,1,277,74816,277,True,3.703208556149733e-08,,,,,,6151.219606399536,658.6435348987579,0.0003273487091064453,0.09220361709594727,1.4117984771728516,0.1802682876586914,4.464244842529297,0,41.61776304225354,26635.36834704227,0.273565221159795,39422272.0,56359376.87752933,0.5,5670503207.911157,100000000000.0,100000000000.0,1000000000.0,clip,False,0,277,0,277,,,,,,,,,
2026-05-18T19:39:42,0,3,3,1,278,74816,278,True,3.716577540106952e-08,,,,,,6150.144100189209,658.6435348987579,0.00032591819763183594,0.09529805183410645,1.408846139907837,0.18678545951843262,4.455632925033569,0,41.625040946946946,26640.026206046045,0.273565221159795,37076028.0,55973709.89997874,0.5,5635937687.7529335,100000000000.0,100000000000.0,1000000000.0,clip,False,0,278,0,278,,,,,,,,,
2026-05-18T19:39:49,0,3,3,1,279,74816,279,True,3.729946524064171e-08,,,,,,6149.42193031311,658.6435348987579,0.0003077983856201172,0.09433293342590332,1.4090383052825928,0.1809988021850586,4.4627392292022705,0,41.629929268321526,26643.154731725775,0.273565221159795,37477984.0,55603795.38197917,0.5,5597370989.997874,100000000000.0,100000000000.0,1000000000.0,clip,False,0,279,0,279,,,,,,,,,
2026-05-18T19:39:55,0,3,3,1,280,74816,280,True,3.74331550802139e-08,,,,,,6151.270627975464,658.6435348987579,0.0003077983856201172,0.09206771850585938,1.4122235774993896,0.18070387840270996,4.464121341705322,0,41.61741784465366,26635.14742057834,0.273565221159795,37410640.0,55239932.27433958,0.5,5560379538.197917,100000000000.0,100000000000.0,1000000000.0,clip,False,0,280,0,280,,,,,,,,,
2026-05-18T19:40:01,0,3,3,1,281,74816,281,True,3.7566844919786094e-08,527.682373046875,195.85317993164062,0.7188981175422668,329.09625244140625,2.014009714126587,6149.2321491241455,658.6435348987579,0.00030875205993652344,0.09027266502380371,1.4141268730163574,0.1797325611114502,4.46292781829834,0,41.63121407547817,26643.97700830603,0.273565221159795,37701216.0,54889157.948852785,0.5,5523993227.433958,100000000000.0,100000000000.0,1000000000.0,clip,False,0,281,0,281,508.4671223958333,444.277587890625,559.5413208007812,6150.013020833333,6155.62646484375,768.8004150390625,0.0,999.0224609375,639374.375
2026-05-18T19:40:07,0,3,3,1,282,74816,282,True,3.7700534759358286e-08,,,,,,6476.74036026001,658.6435348987579,0.00027370452880859375,0.09025192260742188,1.3953378200531006,0.17960858345031738,4.781423091888428,0,39.526055663859104,25296.675624869826,0.273565221159795,38821152.0,54567797.82987573,0.5,5488915794.885279,100000000000.0,100000000000.0,1000000000.0,clip,False,0,282,0,282,,,,,,,,,
2026-05-18T19:40:13,0,3,3,1,283,74816,283,True,3.783422459893048e-08,,,,,,6155.364274978638,658.6435348987579,0.0002949237823486328,0.08986783027648926,1.414729118347168,0.18033480644226074,4.468249082565308,0,41.589740032223915,26617.433620623306,0.273565221159795,36798984.0,54212421.553278215,0.5,5456779782.987573,100000000000.0,100000000000.0,1000000000.0,clip,False,0,283,0,283,,,,,,,,,
2026-05-18T19:40:20,0,3,3,1,284,74816,284,True,3.796791443850267e-08,,,,,,6151.178359985352,658.6435348987579,0.0002911090850830078,0.09057140350341797,1.413501262664795,0.1807248592376709,4.464108228683472,0,41.6180421080506,26635.546949152384,0.273565221159795,37796180.0,53884096.72221265,0.5,5421242155.327822,100000000000.0,100000000000.0,1000000000.0,clip,False,0,284,0,284,,,,,,,,,
2026-05-18T19:40:26,0,3,3,1,285,74816,285,True,3.810160427807487e-08,,,,,,6149.723291397095,658.6435348987579,0.00031065940856933594,0.08949637413024902,1.4147131443023682,0.18018674850463867,4.463111400604248,0,41.62788923497107,26641.84911038149,0.273565221159795,36603848.0,53538491.747768395,0.5,5388409672.221265,100000000000.0,100000000000.0,1000000000.0,clip,False,0,285,0,285,,,,,,,,,
2026-05-18T19:40:32,0,3,3,1,286,74816,286,True,3.823529411764706e-08,,,,,,6149.461269378662,658.6435348987579,0.0002980232238769531,0.08951473236083984,1.4145164489746094,0.1800234317779541,4.463134765625,0,41.62966295515283,26642.984291297813,0.273565221159795,34099524.0,53149712.39281303,0.5,5353849174.776839,100000000000.0,100000000000.0,1000000000.0,clip,False,0,286,0,286,,,,,,,,,
2026-05-18T19:40:38,0,3,3,1,287,74816,287,True,3.836898395721925e-08,,,,,,6150.115966796875,658.6435348987579,0.0002980232238769531,0.08947515487670898,1.4147884845733643,0.17932796478271484,4.464121341705322,0,41.62523135857726,26640.14806948945,0.273565221159795,34955144.0,52785821.02495677,0.5,5314971239.281302,100000000000.0,100000000000.0,1000000000.0,clip,False,0,287,0,287,,,,,,,,,
2026-05-18T19:40:44,0,3,3,1,288,74816,288,True,3.850267379679144e-08,,,,,,6152.8871059417725,658.6435348987579,0.0002918243408203125,0.08973145484924316,1.4150829315185547,0.18010354042053223,4.465622186660767,0,41.60648417436162,26628.149871591435,0.273565221159795,34880940.0,52427723.40445763,0.5,5278582102.495677,100000000000.0,100000000000.0,1000000000.0,clip,False,0,288,0,288,,,,,,,,,
2026-05-18T19:40:50,0,3,3,1,289,74816,289,True,3.8636363636363633e-08,,,,,,6147.757053375244,658.6435348987579,0.0003097057342529297,0.5471594333648682,0.9566304683685303,0.1800827980041504,4.461611747741699,0,41.64120308876727,26650.369976811053,0.273565221159795,35866968.0,52096508.29636847,0.5,5242772340.445763,100000000000.0,100000000000.0,1000000000.0,clip,False,0,289,0,289,,,,,,,,,
2026-05-18T19:40:57,0,3,3,1,290,74816,290,True,3.877005347593583e-08,,,,,,6151.235103607178,658.6435348987579,0.0002963542938232422,0.09050798416137695,1.4132304191589355,0.17964410781860352,4.4655492305755615,0,41.61765819190974,26635.301242822232,0.273565221159795,34597748.0,51746533.0904411,0.5,5209650829.6368475,100000000000.0,100000000000.0,1000000000.0,clip,False,0,290,0,290,,,,,,,,,
2026-05-18T19:41:03,0,3,3,1,291,74816,291,True,3.8903743315508017e-08,502.33612060546875,186.60655212402344,0.7201202511787415,313.0196533203125,1.9897923469543457,6150.29239654541,658.6435348987579,0.00029397010803222656,0.09154701232910156,1.4124782085418701,0.18105196952819824,4.463044881820679,0,41.62403728053547,26639.3838595427,0.273565221159795,34447972.0,51400561.86863227,0.5,5174653309.04411,100000000000.0,100000000000.0,1000000000.0,clip,False,0,291,0,291,502.3833821614583,429.375732421875,578.0230102539062,6152.766276041667,6167.822265625,768.8004150390625,0.0,998.5755004882812,639088.3125
2026-05-18T19:41:09,0,3,3,1,292,74816,292,True,3.9037433155080215e-08,,,,,,6167.008876800537,658.6435348987579,0.00028705596923828125,0.09616494178771973,1.38960862159729,0.18118023872375488,4.461377382278442,0,41.51120990972427,26567.174342223534,0.273565221159795,32162550.0,51015801.63125963,0.5,5140056186.863227,100000000000.0,100000000000.0,1000000000.0,clip,False,0,292,0,292,,,,,,,,,
2026-05-18T19:41:15,0,3,3,1,293,74816,293,True,3.91711229946524e-08,,,,,,6150.5126953125,658.6435348987579,0.0003066062927246094,0.09969162940979004,1.4037175178527832,0.1793804168701172,4.465358257293701,0,41.622546392775625,26638.4296913764,0.273565221159795,32273194.0,50640949.47863444,0.5,5101580163.125963,100000000000.0,100000000000.0,1000000000.0,clip,False,0,293,0,293,,,,,,,,,
2026-05-18T19:41:21,0,3,3,1,294,74816,294,True,3.93048128342246e-08,,,,,,6150.471448898315,658.6435348987579,0.0003478527069091797,0.09309077262878418,1.409576654434204,0.18535089492797852,4.459635972976685,0,41.62282552272561,26638.608334544395,0.273565221159795,32316852.0,50274467.52906175,0.5,5064094947.863444,100000000000.0,100000000000.0,1000000000.0,clip,False,0,294,0,294,,,,,,,,,
2026-05-18T19:41:27,0,3,3,1,295,74816,295,True,3.943850267379678e-08,,,,,,6147.809267044067,658.6435348987579,0.00032210350036621094,0.09321022033691406,1.4095001220703125,0.18174219131469727,4.46101188659668,0,41.64084942783001,26650.143633811207,0.273565221159795,31991888.0,49908815.93848051,0.5,5027446752.906175,100000000000.0,100000000000.0,1000000000.0,clip,False,0,295,0,295,,,,,,,,,
2026-05-18T19:41:33,0,3,3,1,296,74816,296,True,3.957219251336898e-08,,,,,,6149.1193771362305,658.6435348987579,0.00030231475830078125,0.09024310111999512,1.4136052131652832,0.17954421043395996,4.463555335998535,0,41.63197757257144,26644.465646445722,0.273565221159795,30834120.0,49527322.0197109,0.5,4990881593.848051,100000000000.0,100000000000.0,1000000000.0,clip,False,0,296,0,296,,,,,,,,,
2026-05-18T19:41:40,0,3,3,1,297,74816,297,True,3.970588235294118e-08,,,,,,6150.616645812988,658.6435348987579,0.0002980232238769531,0.0917670726776123,1.4124062061309814,0.1811971664428711,4.462937355041504,0,41.62184293736973,26637.979479916623,0.273565221159795,31128736.0,49159350.29931668,0.5,4952732201.97109,100000000000.0,100000000000.0,1000000000.0,clip,False,0,297,0,297,,,,,,,,,
2026-05-18T19:41:46,0,3,3,1,298,74816,298,True,3.9839572192513364e-08,,,,,,6149.478197097778,658.6435348987579,0.0002949237823486328,0.08990669250488281,1.4134063720703125,0.18068456649780273,4.463275671005249,0,41.629548360837866,26642.91095093623,0.273565221159795,30111360.0,48778390.49333035,0.5,4915935029.931668,100000000000.0,100000000000.0,1000000000.0,clip,False,0,298,0,298,,,,,,,,,
2026-05-18T19:41:52,0,3,3,1,299,74816,299,True,3.997326203208556e-08,,,,,,6150.609254837036,658.6435348987579,0.0003020763397216797,0.09299707412719727,1.4110581874847412,0.17827844619750977,4.4660866260528564,0,41.62189295290924,26638.011489861914,0.273565221159795,28917670.0,48381176.08346374,0.5,4877839049.333035,100000000000.0,100000000000.0,1000000000.0,clip,False,0,299,0,299,,,,,,,,,
2026-05-18T19:41:58,0,3,3,1,300,74816,300,True,4.010695187165775e-08,,,,,,6149.094581604004,658.6435348987579,0.0003139972686767578,0.0900123119354248,1.4126207828521729,0.1812763214111328,4.462855815887451,0,41.632145448838074,26644.57308725637,0.273565221159795,29107500.0,47995702.56179447,0.5,4838117608.3463745,100000000000.0,100000000000.0,1000000000.0,clip,False,0,300,0,300,,,,,,,,,
2026-05-18T19:42:04,0,3,3,1,301,74816,301,True,4.0240641711229946e-08,489.2260437011719,176.3292694091797,0.7188672423362732,310.1875915527344,1.9903175830841064,6150.040149688721,658.6435348987579,0.0003006458282470703,0.08903002738952637,1.4146466255187988,0.17821621894836426,4.466086149215698,0,41.62574451045774,26640.476486692958,0.2735635318847772,28665978.0,47609108.07055858,0.5,4799570256.179447,100000000000.0,100000000000.0,1000000000.0,clip,False,0,301,0,301,488.4320475260417,441.6407775878906,543.6531372070312,6150.780598958333,6178.2734375,768.8004150390625,0.0,998.8985595703125,639295.0625
2026-05-18T19:42:10,0,3,3,1,302,74816,302,True,4.037433155080214e-08,,,,,,6176.116943359375,658.6435348987579,0.00027680397033691406,0.09267735481262207,1.3932316303253174,0.18281912803649902,4.458846092224121,0,41.449992341102586,26527.995098305655,0.2735635318847772,27995016.0,47216826.229147404,0.5,4760910807.055858,100000000000.0,100000000000.0,1000000000.0,clip,False,0,302,0,302,,,,,,,,,
2026-05-18T19:42:16,0,3,3,1,303,74816,303,True,4.050802139037433e-08,,,,,,6143.563747406006,658.6435348987579,0.0003211498260498047,0.08958554267883301,1.4158470630645752,0.18105483055114746,4.45485258102417,0,41.669625403999554,26668.560258559715,0.2735635318847772,28069882.0,46833887.34456445,0.5,4721682622.914741,100000000000.0,100000000000.0,1000000000.0,clip,False,0,303,0,303,,,,,,,,,
2026-05-18T19:42:23,0,3,3,1,304,74816,304,True,4.064171122994652e-08,,,,,,6150.98237991333,658.6435348987579,0.0003058910369873047,0.08964753150939941,1.4140734672546387,0.17863821983337402,4.466415643692017,0,41.61936812499976,26636.395599999843,0.2735635318847772,27141168.0,46440032.95767316,0.5,4683388734.456446,100000000000.0,100000000000.0,1000000000.0,clip,False,0,304,0,304,,,,,,,,,
2026-05-18T19:42:29,0,3,3,1,305,74816,305,True,4.077540106951871e-08,,,,,,6148.510217666626,658.6435348987579,0.0003006458282470703,0.08883476257324219,1.4153573513031006,0.185255765914917,4.456888437271118,0,41.63610223244495,26647.105428764768,0.2735635318847772,26645834.0,46044148.9785197,0.5,4644003295.767316,100000000000.0,100000000000.0,1000000000.0,clip,False,0,305,0,305,,,,,,,,,
2026-05-18T19:42:35,0,3,3,1,306,74816,306,True,4.090909090909091e-08,,,,,,6150.626182556152,658.6435348987579,0.00030612945556640625,0.08850407600402832,1.4154059886932373,0.17951488494873047,4.465070486068726,0,41.62177840136732,26637.938176875086,0.2735635318847772,25877594.0,45640817.87894931,0.5,4604414897.85197,100000000000.0,100000000000.0,1000000000.0,clip,False,0,306,0,306,,,,,,,,,
2026-05-18T19:42:41,0,3,3,1,307,74816,307,True,4.10427807486631e-08,,,,,,6222.880601882935,658.6435348987579,0.00031566619873046875,0.09273958206176758,1.4116151332855225,0.1832106113433838,4.532852411270142,0,41.13850423589019,26328.64271096972,0.2735635318847772,25063334.0,45229268.20137032,0.5,4564081787.894931,100000000000.0,100000000000.0,1000000000.0,clip,False,0,307,0,307,,,,,,,,,
2026-05-18T19:42:47,0,3,3,1,308,74816,308,True,4.1176470588235293e-08,,,,,,6150.371313095093,658.6435348987579,0.0003352165222167969,0.0929408073425293,1.4104948043823242,0.18370914459228516,4.460447549819946,0,41.62350319482929,26639.042044690745,0.2735635318847772,26303576.0,44850754.357342914,0.5,4522926820.1370325,100000000000.0,100000000000.0,1000000000.0,clip,False,0,308,0,308,,,,,,,,,
2026-05-18T19:42:53,0,3,3,1,309,74816,309,True,4.1310160427807485e-08,,,,,,6147.950887680054,658.6435348987579,0.00030541419982910156,0.09226417541503906,1.4107999801635742,0.18079447746276855,4.461858510971069,0,41.639890213339406,26649.52973653722,0.2735635318847772,26563452.0,44485008.31019606,0.5,4485075435.734291,100000000000.0,100000000000.0,1000000000.0,clip,False,0,309,0,309,,,,,,,,,
2026-05-18T19:43:00,0,3,3,1,310,74816,310,True,4.1443850267379677e-08,,,,,,6151.459455490112,658.6435348987579,0.0002892017364501953,0.09071826934814453,1.4130735397338867,0.1818554401397705,4.463602542877197,0,41.6161403407321,26634.329818068545,0.2735635318847772,24101588.0,44077339.90399213,0.5,4448500831.019606,100000000000.0,100000000000.0,1000000000.0,clip,False,0,310,0,310,,,,,,,,,
2026-05-18T19:43:06,0,3,3,1,311,74816,311,True,4.157754010695187e-08,442.108154296875,168.07688903808594,0.7172024250030518,271.2872009277344,2.0268685817718506,6152.354955673218,658.6435348987579,0.00030422210693359375,0.08969831466674805,1.4145548343658447,0.18328046798706055,4.46244215965271,0,41.610082942944786,26630.453083484666,0.2735635318847772,25008156.0,43695956.22591229,0.5,4407733990.399213,100000000000.0,100000000000.0,1000000000.0,clip,False,0,311,0,311,477.830322265625,392.5810241699219,556.1157836914062,6151.244140625,6153.65380859375,768.8004150390625,0.0,998.8223876953125,639246.25
2026-05-18T19:43:12,0,3,3,1,312,74816,312,True,4.1711229946524066e-08,,,,,,6156.651735305786,658.6435348987579,0.00027370452880859375,0.08968424797058105,1.3960938453674316,0.1793661117553711,4.461885213851929,0,41.58104291200176,26611.867463681127,0.2735635318847772,23462164.0,43291280.38139404,0.5,4369595622.5912285,100000000000.0,100000000000.0,1000000000.0,clip,False,0,312,0,312,,,,,,,,,
2026-05-18T19:43:18,0,3,3,1,313,74816,313,True,4.184491978609625e-08,,,,,,6151.562690734863,658.6435348987579,0.0002663135528564453,0.09053349494934082,1.413670301437378,0.18060803413391113,4.464645147323608,0,41.61544194056134,26633.882841959257,0.2735635318847772,21730252.0,42860059.81376616,0.5,4329128038.139404,100000000000.0,100000000000.0,1000000000.0,clip,False,0,313,0,313,,,,,,,,,
2026-05-18T19:43:24,0,3,3,1,314,74816,314,True,4.197860962566845e-08,,,,,,6150.400638580322,658.6435348987579,0.0002970695495605469,0.09233856201171875,1.4116954803466797,0.18079447746276855,4.46341609954834,0,41.623304731428306,26638.915028114116,0.2735635318847772,22829742.0,42459453.45749084,0.5,4286005981.376616,100000000000.0,100000000000.0,1000000000.0,clip,False,0,314,0,314,,,,,,,,,
2026-05-18T19:43:30,0,3,3,1,315,74816,315,True,4.2112299465240635e-08,,,,,,6150.065660476685,658.6435348987579,0.0002982616424560547,0.08875918388366699,1.4152140617370605,0.18038105964660645,4.463480472564697,0,41.6255718447334,26640.365980629376,0.2735635318847772,22873234.0,42067729.068341024,0.5,4245945345.749084,100000000000.0,100000000000.0,1000000000.0,clip,False,0,315,0,315,,,,,,,,,
2026-05-18T19:43:37,0,3,3,1,316,74816,316,True,4.224598930481283e-08,,,,,,6149.708986282349,658.6435348987579,0.0002918243408203125,0.08897066116333008,1.4149086475372314,0.1815199851989746,4.462180137634277,0,41.627986067477046,26641.91108318531,0.2735635318847772,22042778.0,41667230.046974204,0.5,4206772906.8341026,100000000000.0,100000000000.0,1000000000.0,clip,False,0,316,0,316,,,,,,,,,
2026-05-18T19:43:43,0,3,3,1,317,74816,317,True,4.237967914438503e-08,,,,,,6149.656295776367,658.6435348987579,0.00029850006103515625,0.09227156639099121,1.411794900894165,0.18369030952453613,4.459570407867432,0,41.628342737759645,26642.13935216617,0.2735635318847772,21559388.0,41265073.20603472,0.5,4166723004.6974206,100000000000.0,100000000000.0,1000000000.0,clip,False,0,317,0,317,,,,,,,,,
2026-05-18T19:43:49,0,3,3,1,318,74816,318,True,4.2513368983957216e-08,,,,,,6150.944948196411,658.6435348987579,0.00029778480529785156,0.08951520919799805,1.4155800342559814,0.18106389045715332,4.462535619735718,0,41.61962140062149,26636.557696397755,0.2735635318847772,21297070.0,40865713.141914025,0.5,4126507320.6034718,100000000000.0,100000000000.0,1000000000.0,clip,False,0,318,0,318,,,,,,,,,
2026-05-18T19:43:55,0,3,3,1,319,74816,319,True,4.2647058823529414e-08,,,,,,6149.327516555786,658.6435348987579,0.00030612945556640625,0.09042572975158691,1.4133188724517822,0.1804196834564209,4.463001012802124,0,41.63056843382845,26643.563797650208,0.2735635318847772,20877030.0,40465939.479075745,0.5,4086571314.1914024,100000000000.0,100000000000.0,1000000000.0,clip,False,0,319,0,319,,,,,,,,,
2026-05-18T19:44:01,0,3,3,1,320,74816,320,True,4.27807486631016e-08,,,,,,6158.667802810669,658.6435348987579,0.00029540061950683594,0.0949397087097168,1.4086501598358154,0.18507742881774902,4.467919826507568,0,41.56743117126202,26603.155949607695,0.2735635318847772,21939292.0,40095406.52949423,0.5,4046593947.9075747,100000000000.0,100000000000.0,1000000000.0,clip,False,0,320,0,320,,,,,,,,,
2026-05-18T19:44:07,0,3,3,1,321,74816,321,True,4.29144385026738e-08,473.3476867675781,182.85264587402344,0.7194502353668213,287.75299072265625,2.0226035118103027,6150.493144989014,658.6435348987579,0.00029730796813964844,0.09079098701477051,1.4138998985290527,0.18005776405334473,4.463456153869629,0,41.62267869667828,26638.514365874096,0.2735635318847772,19660710.0,39686712.59890435,0.5,4009540652.9494233,100000000000.0,100000000000.0,1000000000.0,clip,False,0,321,0,321,487.7889811197917,429.6623840332031,538.5887451171875,6150.602864583333,6154.76611328125,768.8004150390625,0.0,998.9265747070312,639313.0
2026-05-18T19:44:13,0,3,3,1,322,74816,322,True,4.304812834224598e-08,,,,,,6158.665895462036,658.6435348987579,0.00026726722717285156,0.08882927894592285,1.3961181640625,0.18164873123168945,4.461893081665039,0,41.567444044761636,26603.164188647446,0.2735635318847772,19473388.0,39282446.10692626,0.5,3968671259.8904347,100000000000.0,100000000000.0,1000000000.0,clip,False,0,322,0,322,,,,,,,,,
2026-05-18T19:44:20,0,3,3,1,323,74816,323,True,4.318181818181818e-08,,,,,,6150.0818729400635,658.6435348987579,0.00033545494079589844,0.09431147575378418,1.4089713096618652,0.1865100860595703,4.457923412322998,0,41.62546211398947,26640.295752953258,0.2735635318847772,18420130.0,38865199.78478774,0.5,3928244610.692626,100000000000.0,100000000000.0,1000000000.0,clip,False,0,323,0,323,,,,,,,,,
2026-05-18T19:44:26,0,3,3,1,324,74816,324,True,4.331550802139037e-08,,,,,,6149.988412857056,658.6435348987579,0.00030612945556640625,0.09119272232055664,1.4131536483764648,0.18433094024658203,4.457860231399536,0,41.6260946873999,26640.70059993593,0.2735635318847772,17427232.0,38436440.42909198,0.5,3886519978.4787736,100000000000.0,100000000000.0,1000000000.0,clip,False,0,324,0,324,,,,,,,,,
2026-05-18T19:44:32,0,3,3,1,325,74816,325,True,4.3449197860962564e-08,,,,,,6149.540424346924,658.6435348987579,0.0003070831298828125,0.09144830703735352,1.4120466709136963,0.18444371223449707,4.459328651428223,0,41.62912711110229,26642.641351105463,0.2735635318847772,16921604.0,38006143.70051014,0.5,3843644042.9091983,100000000000.0,100000000000.0,1000000000.0,clip,False,0,325,0,325,,,,,,,,,
2026-05-18T19:44:38,0,3,3,1,326,74816,326,True,4.358288770053476e-08,,,,,,6150.358438491821,658.6435348987579,0.0003058910369873047,0.09174919128417969,1.4124791622161865,0.18012595176696777,4.463760614395142,0,41.623590325700725,26639.097808448467,0.2735635318847772,18516650.0,37616353.82649993,0.5,3800614370.0510135,100000000000.0,100000000000.0,1000000000.0,clip,False,0,326,0,326,,,,,,,,,
2026-05-18T19:44:44,0,3,3,1,327,74816,327,True,4.371657754010695e-08,,,,,,6150.089263916016,658.6435348987579,0.000293731689453125,0.0899651050567627,1.4144575595855713,0.18060779571533203,4.4627368450164795,0,41.62541208987172,26640.263737517904,0.2735635318847772,17368508.0,37211396.90996993,0.5,3761635382.649993,100000000000.0,100000000000.0,1000000000.0,clip,False,0,327,0,327,,,,,,,,,
2026-05-18T19:44:50,0,3,3,1,328,74816,328,True,4.3850267379679145e-08,,,,,,6149.1539478302,658.6435348987579,0.00029158592224121094,0.08955836296081543,1.4148533344268799,0.18492722511291504,4.457766532897949,0,41.63174351657476,26644.315850607843,0.2735635318847772,15885966.0,36784888.29177053,0.5,3721139690.9969935,100000000000.0,100000000000.0,1000000000.0,clip,False,0,328,0,328,,,,,,,,,
2026-05-18T19:44:56,0,3,3,1,329,74816,329,True,4.3983957219251337e-08,,,,,,6150.4247188568115,658.6435348987579,0.00030350685119628906,0.09060907363891602,1.4136111736297607,0.17891359329223633,4.465129852294922,0,41.623141766961275,26638.810730855213,0.2735635318847772,16466709.0,36378524.70593512,0.5,3678488829.1770535,100000000000.0,100000000000.0,1000000000.0,clip,False,0,329,0,329,,,,,,,,,
2026-05-18T19:45:03,0,3,3,1,330,74816,330,True,4.411764705882353e-08,,,,,,6150.796890258789,658.6435348987579,0.000301361083984375,0.08990812301635742,1.4142613410949707,0.18285870552062988,4.461573362350464,0,41.620623240776375,26637.198874096877,0.2735635318847772,14547720.0,35941908.61181641,0.5,3637852470.593512,100000000000.0,100000000000.0,1000000000.0,clip,False,0,330,0,330,,,,,,,,,
2026-05-18T19:45:09,0,3,3,1,331,74816,331,True,4.425133689839572e-08,448.1924743652344,169.6736297607422,0.7191898822784424,275.8235778808594,1.976076364517212,6150.168657302856,658.6435348987579,0.0003025531768798828,0.0904545783996582,1.4142096042633057,0.18181753158569336,4.461501359939575,0,41.624874741608835,26639.919834629654,0.2735635318847772,14647137.0,35516013.179580085,0.5,3594190861.1816416,100000000000.0,100000000000.0,1000000000.0,clip,False,0,331,0,331,493.268310546875,421.0826416015625,552.0288696289062,6150.5,6155.63134765625,768.8004150390625,0.0,998.943115234375,639323.5625
2026-05-18T19:45:15,0,3,3,1,332,74816,332,True,4.438502673796791e-08,,,,,,6157.512426376343,658.6435348987579,0.0002751350402832031,0.08953595161437988,1.395972490310669,0.1807875633239746,4.461885452270508,0,41.57523075445166,26608.147682849063,0.2735635318847772,16609327.0,35137879.45598848,0.5,3551601317.9580083,100000000000.0,100000000000.0,1000000000.0,clip,False,0,332,0,332,,,,,,,,,
2026-05-18T19:45:21,0,3,3,1,333,74816,333,True,4.45187165775401e-08,,,,,,6150.946140289307,658.6435348987579,0.00030159950256347656,0.08992791175842285,1.4146907329559326,0.18477511405944824,4.4592604637146,0,41.61961333447137,26636.552534061673,0.2735635318847772,14749534.0,34730112.54686871,0.5,3513787945.5988483,100000000000.0,100000000000.0,1000000000.0,clip,False,0,333,0,333,,,,,,,,,
2026-05-18T19:45:27,0,3,3,1,334,74816,334,True,4.4652406417112295e-08,,,,,,6150.887250900269,658.6435348987579,0.0003058910369873047,0.08982491493225098,1.4141440391540527,0.1817936897277832,4.462919235229492,0,41.62001180602535,26636.807555856227,0.2735635318847772,12362726.0,34282764.81593134,0.5,3473011254.686871,100000000000.0,100000000000.0,1000000000.0,clip,False,0,334,0,334,,,,,,,,,
2026-05-18T19:45:33,0,3,3,1,335,74816,335,True,4.478609625668449e-08,,,,,,6150.579929351807,658.6435348987579,0.00029349327087402344,0.0897819995880127,1.4142398834228516,0.1806020736694336,4.463834285736084,0,41.62209140284747,26638.138497822376,0.2735635318847772,12703943.0,33851188.379612714,0.5,3428276481.5931344,100000000000.0,100000000000.0,1000000000.0,clip,False,0,335,0,335,,,,,,,,,
2026-05-18T19:45:40,0,3,3,1,336,74816,336,True,4.4919786096256684e-08,,,,,,6150.538444519043,658.6435348987579,0.0002949237823486328,0.08998394012451172,1.4139080047607422,0.1815958023071289,4.462917327880859,0,41.62237214013847,26638.31816968862,0.2735635318847772,13633247.0,33446829.55202046,0.5,3385118837.9612713,100000000000.0,100000000000.0,1000000000.0,clip,False,0,336,0,336,,,,,,,,,
2026-05-18T19:45:46,0,3,3,1,337,74816,337,True,4.5053475935828876e-08,,,,,,6150.2721309661865,658.6435348987579,0.0002980232238769531,0.0904533863067627,1.413522481918335,0.1824038028717041,4.46168327331543,0,41.624174434665754,26639.47163818608,0.2735635318847772,11605137.0,33009995.70098005,0.5,3344682955.202046,100000000000.0,100000000000.0,1000000000.0,clip,False,0,337,0,337,,,,,,,,,
2026-05-18T19:45:52,0,3,3,1,338,74816,338,True,4.518716577540107e-08,,,,,,6149.7156620025635,658.6435348987579,0.0002949237823486328,0.08975386619567871,1.4144229888916016,0.18021321296691895,4.463097810745239,0,41.627940878918196,26641.882162507645,0.2735635318847772,13000839.0,32609812.566960447,0.5,3300999570.098005,100000000000.0,100000000000.0,1000000000.0,clip,False,0,338,0,338,,,,,,,,,
2026-05-18T19:45:58,0,3,3,1,339,74816,339,True,4.532085561497326e-08,,,,,,6153.400897979736,658.6435348987579,0.00030994415283203125,0.08952021598815918,1.4143807888031006,0.18102192878723145,4.466256380081177,0,41.603010147453425,26625.926494370193,0.2735635318847772,12162599.0,32200868.29562124,0.5,3260981256.6960444,100000000000.0,100000000000.0,1000000000.0,clip,False,0,339,0,339,,,,,,,,,
2026-05-18T19:46:04,0,3,3,1,340,74816,340,True,4.545454545454545e-08,,,,,,6151.757001876831,658.6435348987579,0.0003592967987060547,0.09467816352844238,1.4083032608032227,0.18201804161071777,4.463842153549194,0,41.614127463405545,26633.041576579548,0.2735635318847772,10830442.0,31773459.769708812,0.5,3220086829.562124,100000000000.0,100000000000.0,1000000000.0,clip,False,0,340,0,340,,,,,,,,,
2026-05-18T19:46:10,0,3,3,1,341,74816,341,True,4.558823529411765e-08,477.20556640625,187.35206604003906,0.7217570543289185,287.13287353515625,1.9988822937011719,6148.606300354004,658.6435348987579,0.0003108978271484375,0.09286785125732422,1.409637212753296,0.1840059757232666,4.459766626358032,0,41.63545159579674,26646.689021309914,0.2735635318847772,10459331.0,31347177.194314636,0.5,3177345976.9708815,100000000000.0,100000000000.0,1000000000.0,clip,False,0,341,0,341,480.501220703125,436.052001953125,569.6206665039062,6150.625,6156.19384765625,768.8004150390625,0.0,998.92333984375,639310.9375
2026-05-18T19:46:16,0,3,3,1,342,74816,342,True,4.5721925133689834e-08,,,,,,6157.358169555664,658.6435348987579,0.0002758502960205078,0.08996081352233887,1.395430326461792,0.18004250526428223,4.4625585079193115,0,41.576272315253966,26608.814281762538,0.2735635318847772,9251126.0,30905256.170428343,0.5,3134717719.4314637,100000000000.0,100000000000.0,1000000000.0,clip,False,0,342,0,342,,,,,,,,,
2026-05-18T19:46:23,0,3,3,1,343,74816,343,True,4.585561497326203e-08,,,,,,6148.803949356079,658.6435348987579,0.00030159950256347656,0.09066534042358398,1.412766933441162,0.18073296546936035,4.462461948394775,0,41.63411325332776,26645.832482129765,0.2735635318847772,9341008.0,30473971.207019776,0.5,3090525617.0428343,100000000000.0,100000000000.0,1000000000.0,clip,False,0,343,0,343,,,,,,,,,
2026-05-18T19:46:29,0,3,3,1,344,74816,344,True,4.598930481283422e-08,,,,,,6150.046825408936,658.6435348987579,0.0002968311309814453,0.0908517837524414,1.4137067794799805,0.18045425415039062,4.462932348251343,0,41.625699326765336,26640.447569129814,0.2735635318847772,8579942.0,30036090.62287938,0.5,3047397120.7019777,100000000000.0,100000000000.0,1000000000.0,clip,False,0,344,0,344,,,,,,,,,
2026-05-18T19:46:35,0,3,3,1,345,74816,345,True,4.6122994652406415e-08,,,,,,6150.062561035156,658.6435348987579,0.0003230571746826172,0.09062838554382324,1.413130521774292,0.18177318572998047,4.462351083755493,0,41.62559282273561,26640.379406550794,0.2735635318847772,5703405.5,29549436.92042179,0.5,3003609062.2879376,100000000000.0,100000000000.0,1000000000.0,clip,False,0,345,0,345,,,,,,,,,
2026-05-18T19:46:41,0,3,3,1,346,74816,346,True,4.6256684491978613e-08,,,,,,6149.571418762207,658.6435348987579,0.00029587745666503906,0.09273290634155273,1.4107930660247803,0.1890571117401123,4.454556465148926,0,41.628917296406975,26642.507069700463,0.2735635318847772,9421759.0,29146883.362013355,0.5,2954943692.042179,100000000000.0,100000000000.0,1000000000.0,clip,False,0,346,0,346,,,,,,,,,
2026-05-18T19:46:47,0,3,3,1,347,74816,347,True,4.63903743315508e-08,,,,,,6149.598121643066,658.6435348987579,0.0002963542938232422,0.09040307998657227,1.4135384559631348,0.17965030670166016,4.463674306869507,0,41.62873653467314,26642.391382190806,0.2735635318847772,7534801.5,28714641.72477309,0.5,2914688336.2013354,100000000000.0,100000000000.0,1000000000.0,clip,False,0,347,0,347,,,,,,,,,
2026-05-18T19:46:53,0,3,3,1,348,74816,348,True,4.6524064171122997e-08,,,,,,6149.754047393799,658.6435348987579,0.0003001689910888672,0.08960604667663574,1.4148423671722412,0.18018150329589844,4.462888717651367,0,41.6276810466087,26641.71586982957,0.2735635318847772,6339982.5,28267148.540277626,0.5,2871464172.477309,100000000000.0,100000000000.0,1000000000.0,clip,False,0,348,0,348,,,,,,,,,
2026-05-18T19:47:00,0,3,3,1,349,74816,349,True,4.665775401069518e-08,,,,,,6150.7837772369385,658.6435348987579,0.0002956390380859375,0.09244537353515625,1.4116768836975098,0.18666338920593262,4.457853317260742,0,41.62071197290577,26637.25566265969,0.2735635318847772,7715086.0,27856107.289472073,0.5,2826714854.0277624,100000000000.0,100000000000.0,1000000000.0,clip,False,0,349,0,349,,,,,,,,,
2026-05-18T19:47:06,0,3,3,1,350,74816,350,True,4.679144385026738e-08,,,,,,6151.071548461914,658.6435348987579,0.0002968311309814453,0.08940267562866211,1.4147026538848877,0.18190908432006836,4.462860822677612,0,41.61876479294298,26636.00946748351,0.2735635318847772,6443031.5,27427845.77368263,0.5,2785610728.9472075,100000000000.0,100000000000.0,1000000000.0,clip,False,0,350,0,350,,,,,,,,,
2026-05-18T19:47:12,0,3,3,1,351,74816,351,True,4.6925133689839565e-08,509.84912109375,200.1039581298828,0.719642162322998,307.0345764160156,1.9909603595733643,6150.532007217407,658.6435348987579,0.0002942085266113281,0.0903768539428711,1.4141249656677246,0.17911982536315918,4.464905261993408,0,41.622415703160975,26638.346050023025,0.2735635318847772,6354207.5,27006373.008208975,0.5,2742784577.3682632,100000000000.0,100000000000.0,1000000000.0,clip,False,0,351,0,351,491.3892008463542,395.34490966796875,559.47998046875,6149.962239583333,6151.74462890625,768.8004150390625,0.0,999.030517578125,639379.5
2026-05-18T19:47:18,0,3,3,1,352,74816,352,True,4.705882352941176e-08,,,,,,6156.262636184692,658.6435348987579,0.0002722740173339844,0.08924603462219238,1.3964159488677979,0.17992377281188965,4.46198034286499,0,41.58367099144011,26613.54943452167,0.2735635318847772,4672576.5,26559697.0780448,0.5,2700637300.8208976,100000000000.0,100000000000.0,1000000000.0,clip,False,0,352,0,352,,,,,,,,,
2026-05-18T19:47:24,0,3,3,1,353,74816,353,True,4.7192513368983955e-08,,,,,,6149.407148361206,658.6435348987579,0.00030422210693359375,0.08984017372131348,1.41485595703125,0.18117737770080566,4.461381673812866,0,41.630029338392895,26643.21877657145,0.2735635318847772,6263533.0,26153773.7964839,0.5,2655969707.8044796,100000000000.0,100000000000.0,1000000000.0,clip,False,0,353,0,353,,,,,,,,,
2026-05-18T19:47:30,0,3,3,1,354,74816,354,True,4.7326203208556146e-08,,,,,,6150.307893753052,658.6435348987579,0.00030350685119628906,0.08994507789611816,1.4146842956542969,0.1819312572479248,4.461571455001831,0,41.62393239857513,26639.31673508808,0.2735635318847772,4934951.5,25729397.350554224,0.5,2615377379.64839,100000000000.0,100000000000.0,1000000000.0,clip,False,0,354,0,354,,,,,,,,,
2026-05-18T19:47:36,0,3,3,1,355,74816,355,True,4.7459893048128344e-08,,,,,,6151.051998138428,658.6435348987579,0.0003204345703125,0.09074091911315918,1.4130349159240723,0.19188141822814941,4.453040838241577,0,41.61889707280585,26636.094126595744,0.2735635318847772,3949054.5,25293790.49354314,0.5,2572939735.0554223,100000000000.0,100000000000.0,1000000000.0,clip,False,0,355,0,355,,,,,,,,,
2026-05-18T19:47:43,0,3,3,1,356,74816,356,True,4.759358288770053e-08,,,,,,6151.313066482544,658.6435348987579,0.00033974647521972656,0.09209966659545898,1.4113025665283203,0.18370389938354492,4.461549282073975,0,41.61713072204053,26634.963662105936,0.2735635318847772,2888567.0,24845686.02367228,0.5,2529379049.354314,100000000000.0,100000000000.0,1000000000.0,clip,False,0,356,0,356,,,,,,,,,
2026-05-18T19:47:49,0,3,3,1,357,74816,357,True,4.772727272727273e-08,,,,,,6148.73743057251,658.6435348987579,0.0003147125244140625,0.09476304054260254,1.4079911708831787,0.18237948417663574,4.461069107055664,0,41.63456366296061,26646.12074429479,0.2735635318847772,3880360.5,24426379.513198834,0.5,2484568602.367228,100000000000.0,100000000000.0,1000000000.0,clip,False,0,357,0,357,,,,,,,,,
2026-05-18T19:47:55,0,3,3,1,358,74816,358,True,4.786096256684492e-08,,,,,,6150.516986846924,658.6435348987579,0.00030922889709472656,0.09122633934020996,1.413498878479004,0.1792454719543457,4.46427321434021,0,41.62251735056811,26638.411104363593,0.2735635318847772,3423797.25,24006327.867934857,0.5,2442637951.3198833,100000000000.0,100000000000.0,1000000000.0,clip,False,0,358,0,358,,,,,,,,,
2026-05-18T19:48:01,0,3,3,1,359,74816,359,True,4.799465240641711e-08,,,,,,6151.65638923645,658.6435348987579,0.0003077983856201172,0.09044599533081055,1.4130866527557373,0.1819593906402588,4.463832378387451,0,41.61480807801994,26633.47716993276,0.2735635318847772,2049862.0,23567198.550576158,0.5,2400632786.7934856,100000000000.0,100000000000.0,1000000000.0,clip,False,0,359,0,359,,,,,,,,,
2026-05-18T19:48:07,0,3,3,1,360,74816,360,True,4.81283422459893e-08,,,,,,6150.27117729187,658.6435348987579,0.00030350685119628906,0.09041190147399902,1.4130027294158936,0.1805589199066162,4.464051961898804,0,41.62418088900004,26639.475768960023,0.2735635318847772,2342583.5,23142706.249564636,0.5,2356719855.0576158,100000000000.0,100000000000.0,1000000000.0,clip,False,0,360,0,360,,,,,,,,,
2026-05-18T19:48:13,0,3,3,1,361,74816,361,True,4.8262032085561494e-08,516.8203125,211.41998291015625,0.7214547991752625,302.6944274902344,1.9844170808792114,6149.738788604736,658.6435348987579,0.00030231475830078125,0.0916435718536377,1.4127788543701172,0.18151283264160156,4.461556673049927,0,41.62778433359797,26641.7819735027,0.2735635318847772,2009171.25,22720035.549573343,0.5,2314270624.956464,100000000000.0,100000000000.0,1000000000.0,clip,False,0,361,0,361,488.7589111328125,407.0879821777344,569.8740234375,6149.388671875,6152.240234375,768.8004150390625,0.0,999.123779296875,639439.1875
2026-05-18T19:48:19,0,3,3,1,362,74816,362,True,4.8395721925133685e-08,,,,,,6157.927989959717,658.6435348987579,0.00028228759765625,0.09061503410339355,1.3947279453277588,0.1813664436340332,4.461942672729492,0,41.57242507827291,26606.35205009466,0.2735635318847772,2445125.0,22314537.338581875,0.5,2272003554.9573345,100000000000.0,100000000000.0,1000000000.0,clip,False,0,362,0,362,,,,,,,,,
2026-05-18T19:48:26,0,3,3,1,363,74816,363,True,4.8529411764705884e-08,,,,,,6149.4317054748535,658.6435348987579,0.00030541419982910156,0.09129214286804199,1.4121320247650146,0.18596339225769043,4.4577414989471436,0,41.62986309321601,26643.112379658247,0.2735635318847772,1805772.0,21904362.03181024,0.5,2231453733.8581877,100000000000.0,100000000000.0,1000000000.0,clip,False,0,363,0,363,,,,,,,,,
2026-05-18T19:48:32,0,3,3,1,364,74816,364,True,4.866310160427807e-08,,,,,,6150.099992752075,658.6435348987579,0.00033164024353027344,0.0912473201751709,1.4120430946350098,0.17989206314086914,4.464541912078857,0,41.625339474430874,26640.21726363576,0.2735635318847772,1874630.0,21503767.391174037,0.5,2190436203.181024,100000000000.0,100000000000.0,1000000000.0,clip,False,0,364,0,364,,,,,,,,,
2026-05-18T19:48:38,0,3,3,1,365,74816,365,True,4.879679144385027e-08,,,,,,6153.161525726318,658.6435348987579,0.00029587745666503906,0.0918111801147461,1.4120888710021973,0.17998743057250977,4.467036485671997,0,41.60462860103153,26626.96230466018,0.2735635318847772,1813063.25,21109953.308350556,0.5,2150376739.1174035,100000000000.0,100000000000.0,1000000000.0,clip,False,0,365,0,365,,,,,,,,,
2026-05-18T19:48:44,0,3,3,1,366,74816,366,True,4.893048128342246e-08,,,,,,6146.665811538696,658.6435348987579,0.0003094673156738281,0.09105038642883301,1.4101905822753906,0.1826932430267334,4.4605019092559814,0,41.64859581586972,26655.10132215662,0.2735635318847772,2727165.0,20742297.542183544,0.5,2110995330.8350556,100000000000.0,100000000000.0,1000000000.0,clip,False,0,366,0,366,,,,,,,,,
2026-05-18T19:48:50,0,3,3,1,367,74816,367,True,4.906417112299465e-08,,,,,,6149.960041046143,658.6435348987579,0.0003025531768798828,0.09013795852661133,1.4136664867401123,0.1820518970489502,4.4617908000946045,0,41.62628672241795,26640.823502347488,0.2735635318847772,1911258.375,20365676.758839875,0.5,2074229754.2183545,100000000000.0,100000000000.0,1000000000.0,clip,False,0,367,0,367,,,,,,,,,
2026-05-18T19:48:56,0,3,3,1,368,74816,368,True,4.919786096256685e-08,,,,,,6148.773908615112,658.6435348987579,0.0002982616424560547,0.09083151817321777,1.4136288166046143,0.18595480918884277,4.456217050552368,0,41.63431666292294,26645.962664270683,0.2735635318847772,1772896.125,19993821.146163076,0.5,2036567675.8839874,100000000000.0,100000000000.0,1000000000.0,clip,False,0,368,0,368,,,,,,,,,
2026-05-18T19:49:03,0,3,3,1,369,74816,369,True,4.933155080213903e-08,,,,,,6149.683952331543,658.6435348987579,0.00030493736267089844,0.09155797958374023,1.4124011993408203,0.1818256378173828,4.461714267730713,0,41.6281555254465,26642.01953628576,0.2735635318847772,1950284.5,19632950.413239814,0.5,1999382114.6163077,100000000000.0,100000000000.0,1000000000.0,clip,False,0,369,0,369,,,,,,,,,
2026-05-18T19:49:09,0,3,3,1,370,74816,370,True,4.946524064171123e-08,,,,,,6150.994539260864,658.6435348987579,0.0003025531768798828,0.09110140800476074,1.4125232696533203,0.18261170387268066,4.462395906448364,0,41.61928585141653,26636.342944906577,0.2735635318847772,2128330.75,19282858.019975018,0.5,1963295041.3239815,100000000000.0,100000000000.0,1000000000.0,clip,False,0,370,0,370,,,,,,,,,
2026-05-18T19:49:15,0,3,3,1,371,74816,371,True,4.9598930481283416e-08,415.9236755371094,168.07614135742188,0.7184550166130066,245.1242218017578,2.0048632621765137,6151.0608196258545,658.6435348987579,0.00031876564025878906,0.09121823310852051,1.4129951000213623,0.188981294631958,4.455435752868652,0,41.61883738544655,26636.055926685793,0.2735635318847772,1772807.375,18932657.00707552,0.5,1928285801.9975019,100000000000.0,100000000000.0,1000000000.0,clip,False,0,371,0,371,475.6385091145833,414.7314147949219,530.9563598632812,6149.959635416667,6152.31787109375,768.8004150390625,0.0,999.031005859375,639379.875
2026-05-18T19:49:21,0,3,3,1,372,74816,372,True,4.9732620320855615e-08,,,,,,6158.441066741943,658.6435348987579,0.0003032684326171875,0.09588980674743652,1.3892600536346436,0.1799767017364502,4.464511394500732,0,41.568961564397014,26604.13540121409,0.2735635318847772,1918538.5,18592374.63693401,0.5,1893265700.707552,100000000000.0,100000000000.0,1000000000.0,clip,False,0,372,0,372,,,,,,,,,
2026-05-18T19:49:27,0,3,3,1,373,74816,373,True,4.98663101604278e-08,,,,,,6148.065090179443,658.6435348987579,0.0003170967102050781,0.09402298927307129,1.4082965850830078,0.18294858932495117,4.460395097732544,0,41.639116737543866,26649.034712028075,0.2735635318847772,1834358.75,18257214.31919533,0.5,1859237463.6934009,100000000000.0,100000000000.0,1000000000.0,clip,False,0,373,0,373,,,,,,,,,
2026-05-18T19:49:33,0,3,3,1,374,74816,374,True,5e-08,,,,,,6150.219440460205,658.6435348987579,0.0003066062927246094,0.09070825576782227,1.4130380153656006,0.1841590404510498,4.4600183963775635,0,41.62453103963461,26639.69986536615,0.2735635318847772,1869805.25,17929466.137811422,0.5,1825721431.919533,100000000000.0,100000000000.0,1000000000.0,clip,False,0,374,0,374,,,,,,,,,
2026-05-18T19:49:39,0,3,3,1,375,74816,375,True,5.0133689839572196e-08,,,,,,6150.046825408936,658.6435348987579,0.00029754638671875,0.09432506561279297,1.409580945968628,0.18151068687438965,4.462403774261475,0,41.625699326765336,26640.447569129814,0.2735635318847772,1841016.0,17607697.135055196,0.5,1792946613.7811422,100000000000.0,100000000000.0,1000000000.0,clip,False,0,375,0,375,,,,,,,,,
2026-05-18T19:49:46,0,3,3,1,376,74816,376,True,5.026737967914438e-08,,,,,,6148.722410202026,658.6435348987579,0.0002989768981933594,0.0911872386932373,1.4124882221221924,0.1832108497619629,4.459634304046631,0,41.634665369710305,26646.185836614597,0.2735635318847772,1851669.125,17292576.57485409,0.5,1760769713.5055196,100000000000.0,100000000000.0,1000000000.0,clip,False,0,376,0,376,,,,,,,,,
2026-05-18T19:49:52,0,3,3,1,377,74816,377,True,5.040106951871658e-08,,,,,,6150.125980377197,658.6435348987579,0.00032258033752441406,0.09318804740905762,1.4102897644042969,0.1869499683380127,4.4573376178741455,0,41.62516358474645,26640.104694237732,0.2735635318847772,1790081.0,16982526.66335701,0.5,1729257657.485409,100000000000.0,100000000000.0,1000000000.0,clip,False,0,377,0,377,,,,,,,,,
2026-05-18T19:49:58,0,3,3,1,378,74816,378,True,5.0534759358288764e-08,,,,,,6531.656503677368,658.6435348987579,0.0003104209899902344,0.0935525894165039,1.4102718830108643,0.18158936500549316,4.843855619430542,0,39.19373283880899,25083.989016837757,0.2735635318847772,2009985.75,16683075.845089868,0.5,1698252666.3357008,100000000000.0,100000000000.0,1000000000.0,clip,False,0,378,0,378,,,,,,,,,
2026-05-18T19:50:04,0,3,3,1,379,74816,379,True,5.066844919786096e-08,,,,,,6149.741888046265,658.6435348987579,0.0003018379211425781,0.09030580520629883,1.4136569499969482,0.18298554420471191,4.460604429244995,0,41.62776335338679,26641.768546167546,0.2735635318847772,2065843.25,16390731.19318807,0.5,1668307584.5089867,100000000000.0,100000000000.0,1000000000.0,clip,False,0,379,0,379,,,,,,,,,
2026-05-18T19:50:11,0,3,3,1,380,74816,380,True,5.0802139037433154e-08,,,,,,6149.869203567505,658.6435348987579,0.00029754638671875,0.09045839309692383,1.4128098487854004,0.1814284324645996,4.463079452514648,0,41.62690156914164,26641.217004250648,0.2735635318847772,1937581.375,16101668.196824307,0.5,1639073119.318807,100000000000.0,100000000000.0,1000000000.0,clip,False,0,380,0,380,,,,,,,,,
2026-05-18T19:50:17,0,3,3,1,381,74816,381,True,5.0935828877005345e-08,500.9409484863281,212.51475524902344,0.7198307514190674,285.6830139160156,2.023350954055786,6149.527072906494,658.6435348987579,0.00030517578125,0.09423112869262695,1.409738302230835,0.18201828002929688,4.461322069168091,0,41.629217493468964,26642.699195820136,0.2735635318847772,2251707.5,15824668.982887821,0.5,1610166819.6824307,100000000000.0,100000000000.0,1000000000.0,clip,False,0,381,0,381,480.5680338541667,412.36761474609375,515.8884887695312,6149.529947916667,6154.765625,768.8004150390625,0.0,999.1007690429688,639424.5
2026-05-18T19:50:23,0,3,3,1,382,74816,382,True,5.106951871657754e-08,,,,,,6158.422946929932,658.6435348987579,0.00027823448181152344,0.09122252464294434,1.3946609497070312,0.18132734298706055,4.461428880691528,0,41.56908387197082,26604.213678061322,0.2735635318847772,2410926.5,15556394.133230064,0.5,1582466898.2887821,100000000000.0,100000000000.0,1000000000.0,clip,False,0,382,0,382,,,,,,,,,
2026-05-18T19:50:29,0,3,3,1,383,74816,383,True,5.120320855614973e-08,,,,,,6149.960279464722,658.6435348987579,0.000308990478515625,0.09134483337402344,1.413071632385254,0.18671679496765137,4.4565629959106445,0,41.62628510867092,26640.82246954939,0.2735635318847772,1958415.25,15284434.555565462,0.5,1555639413.3230064,100000000000.0,100000000000.0,1000000000.0,clip,False,0,383,0,383,,,,,,,,,
2026-05-18T19:50:35,0,3,3,1,384,74816,384,True,5.133689839572193e-08,,,,,,6149.911165237427,658.6435348987579,0.00030040740966796875,0.0942695140838623,1.4087021350860596,0.18225765228271484,4.462477684020996,0,41.62661754320101,26641.035227648645,0.2735635318847772,1840009.75,15015546.059454152,0.5,1528443455.5565462,100000000000.0,100000000000.0,1000000000.0,clip,False,0,384,0,384,,,,,,,,,
2026-05-18T19:50:41,0,3,3,1,385,74816,385,True,5.147058823529411e-08,,,,,,6150.858163833618,658.6435348987579,0.00030994415283203125,0.09111452102661133,1.412642002105713,0.1808018684387207,4.4640913009643555,0,41.620208624749694,26636.9335198398,0.2735635318847772,2005012.625,14755335.390765069,0.5,1501554605.9454153,100000000000.0,100000000000.0,1000000000.0,clip,False,0,385,0,385,,,,,,,,,
2026-05-18T19:50:47,0,3,3,1,386,74816,386,True,5.160427807486631e-08,,,,,,6156.8334102630615,658.6435348987579,0.0003249645233154297,0.08993053436279297,1.4140117168426514,0.1813063621520996,4.469291687011719,0,41.579815944550944,26611.082204512604,0.2735635318847772,1907956.5,14498387.812949767,0.5,1475533539.0765069,100000000000.0,100000000000.0,1000000000.0,clip,False,0,386,0,386,,,,,,,,,
2026-05-18T19:50:54,0,3,3,1,387,74816,387,True,5.17379679144385e-08,,,,,,6152.7299880981445,658.6435348987579,0.0003402233123779297,0.0949106216430664,1.4023182392120361,0.18142080307006836,4.471642732620239,0,41.60754664924465,26628.829855516575,0.2735635318847772,1945667.375,14247333.404190771,0.5,1449838781.2949767,100000000000.0,100000000000.0,1000000000.0,clip,False,0,387,0,387,,,,,,,,,
2026-05-18T19:51:00,0,3,3,1,388,74816,388,True,5.187165775401069e-08,,,,,,6145.534515380859,658.6435348987579,0.0003147125244140625,0.09478354454040527,1.4012854099273682,0.18356871604919434,4.463380575180054,0,41.65626266670391,26660.008106690504,0.2735635318847772,1761006.75,13997606.871106956,0.5,1424733340.4190772,100000000000.0,100000000000.0,1000000000.0,clip,False,0,388,0,388,,,,,,,,,
2026-05-18T19:51:06,0,3,3,1,389,74816,389,True,5.2005347593582885e-08,,,,,,6150.400161743164,658.6435348987579,0.00031447410583496094,0.09214520454406738,1.405524492263794,0.1799640655517578,4.470340013504028,0,41.62330795846034,26638.917093414617,0.2735635318847772,1715063.875,13751956.011184817,0.5,1399760687.1106956,100000000000.0,100000000000.0,1000000000.0,clip,False,0,389,0,389,,,,,,,,,
2026-05-18T19:51:12,0,3,3,1,390,74816,390,True,5.2139037433155076e-08,,,,,,6150.227308273315,658.6435348987579,0.0003063678741455078,0.09155726432800293,1.4063568115234375,0.18131351470947266,4.468704462051392,0,41.62447779054077,26639.665785946097,0.2735635318847772,2466424.0,13526245.37096112,0.5,1375195601.1184816,100000000000.0,100000000000.0,1000000000.0,clip,False,0,390,0,390,,,,,,,,,
2026-05-18T19:51:18,0,3,3,1,391,74816,391,True,5.227272727272727e-08,495.6894836425781,202.486328125,0.7184999585151672,290.51434326171875,1.9703205823898315,6151.060342788696,658.6435348987579,0.0002987384796142578,0.0897378921508789,1.4086310863494873,0.18017292022705078,4.470321416854858,0,41.61884061178592,26636.057991542988,0.2735635318847772,2134575.75,13298411.978541898,0.5,1352624537.096112,100000000000.0,100000000000.0,1000000000.0,clip,False,0,391,0,391,476.1582845052083,396.6743469238281,557.782470703125,6150.966145833333,6158.52685546875,768.8004150390625,0.0,998.86767578125,639275.25
2026-05-18T19:51:24,0,3,3,1,392,74816,392,True,5.2406417112299466e-08,,,,,,6163.011312484741,658.6435348987579,0.00027489662170410156,0.0903782844543457,1.395162582397461,0.1805591583251953,4.468949317932129,0,41.53813566452606,26584.40682529668,0.2735635318847772,2262237.75,13077688.493971061,0.5,1329841197.8541899,100000000000.0,100000000000.0,1000000000.0,clip,False,0,392,0,392,,,,,,,,,
2026-05-18T19:51:31,0,3,3,1,393,74816,393,True,5.254010695187165e-08,,,,,,6149.087905883789,658.6435348987579,0.0003097057342529297,0.09319067001342773,1.4042339324951172,0.18004083633422852,4.46938157081604,0,41.6321906465258,26644.60201377651,0.2735635318847772,2868942.0,12873513.56409164,0.5,1307768849.3971062,100000000000.0,100000000000.0,1000000000.0,clip,False,0,393,0,393,,,,,,,,,
2026-05-18T19:51:37,0,3,3,1,394,74816,394,True,5.267379679144385e-08,,,,,,6148.911476135254,658.6435348987579,0.00030517578125,0.08971261978149414,1.4081029891967773,0.18141579627990723,4.467603921890259,0,41.63338519241498,26645.366523145585,0.2735635318847772,1815598.875,12652355.270309806,0.5,1287351356.409164,100000000000.0,100000000000.0,1000000000.0,clip,False,0,394,0,394,,,,,,,,,
2026-05-18T19:51:43,0,3,3,1,395,74816,395,True,5.280748663101604e-08,,,,,,6149.991750717163,658.6435348987579,0.0003120899200439453,0.08993196487426758,1.40771484375,0.18153858184814453,4.468705177307129,0,41.62607209516132,26640.686140903243,0.2735635318847772,1940925.125,12438126.667403609,0.5,1265235527.0309806,100000000000.0,100000000000.0,1000000000.0,clip,False,0,395,0,395,,,,,,,,,
2026-05-18T19:51:49,0,3,3,1,396,74816,396,True,5.294117647058823e-08,,,,,,6149.851560592651,658.6435348987579,0.0003058910369873047,0.09057068824768066,1.4073195457458496,0.18536376953125,4.464435815811157,0,41.62702099029683,26641.293433789968,0.2735635318847772,1931296.5,12227990.064055536,0.5,1243812666.7403607,100000000000.0,100000000000.0,1000000000.0,clip,False,0,396,0,396,,,,,,,,,
2026-05-18T19:51:55,0,3,3,1,397,74816,397,True,5.307486631016043e-08,,,,,,6150.776386260986,658.6435348987579,0.00030303001403808594,0.08930110931396484,1.4080746173858643,0.18144631385803223,4.4695281982421875,0,41.620761985727235,26637.28767086543,0.2735635318847772,1913020.5,12021690.672774425,0.5,1222799006.4055536,100000000000.0,100000000000.0,1000000000.0,clip,False,0,397,0,397,,,,,,,,,
2026-05-18T19:52:01,0,3,3,1,398,74816,398,True,5.3208556149732616e-08,,,,,,6149.430274963379,658.6435348987579,0.00030732154846191406,0.08884167671203613,1.4088654518127441,0.18340301513671875,4.4657464027404785,0,41.62987277736465,26643.118577513378,0.2735635318847772,2313800.75,11827532.874318937,0.5,1202169067.2774425,100000000000.0,100000000000.0,1000000000.0,clip,False,0,398,0,398,,,,,,,,,
2026-05-18T19:52:07,0,3,3,1,399,74816,399,True,5.3342245989304814e-08,,,,,,6153.738975524902,658.6435348987579,0.0002968311309814453,0.08881759643554688,1.4094316959381104,0.1806640625,4.472616910934448,0,41.60072453807056,26624.46370436516,0.2735635318847772,2123673.0,11633455.676832559,0.5,1182753287.4318936,100000000000.0,100000000000.0,1000000000.0,clip,False,0,399,0,399,,,,,,,,,
2026-05-18T19:52:14,0,3,3,1,400,74816,400,True,5.3475935828877e-08,,,,,,6150.928258895874,658.6435348987579,0.00031065940856933594,0.09019303321838379,1.4050979614257812,0.18236660957336426,4.471065998077393,0,41.619734327051546,26636.629969312988,0.2735635318847772,1876730.375,11438321.170795906,0.5,1163345567.683256,100000000000.0,100000000000.0,1000000000.0,clip,False,0,400,0,400,,,,,,,,,
2026-05-18T19:52:20,0,3,3,1,401,74816,401,True,5.36096256684492e-08,459.61810302734375,182.54428100585938,0.7192445993423462,274.34356689453125,2.0110318660736084,6148.233652114868,658.6435348987579,0.0003025531768798828,0.09036374092102051,1.4080450534820557,0.18515658378601074,4.4625771045684814,0,41.63797514623426,26648.30409358993,0.27357004903907994,1859300.25,11246740.75237999,0.5,1143832117.0795906,100000000000.0,100000000000.0,1000000000.0,clip,False,0,401,0,401,477.1020100911458,420.2447204589844,534.6539306640625,6150.674479166667,6156.46875,768.8004150390625,0.0,998.9152221679688,639305.75
2026-05-18T19:52:26,0,3,3,1,402,74816,402,True,5.374331550802138e-08,,,,,,6158.818960189819,658.6435348987579,0.00027251243591308594,0.09068942070007324,1.394759178161621,0.18131685256958008,4.467072010040283,0,41.56641097177337,26602.50302193496,0.27357004903907994,2196421.5,11065734.36733239,0.5,1124674075.237999,100000000000.0,100000000000.0,1000000000.0,clip,False,0,402,0,402,,,,,,,,,
2026-05-18T19:52:32,0,3,3,1,403,74816,403,True,5.387700534759358e-08,,,,,,6150.6593227386475,658.6435348987579,0.0003075599670410156,0.09029293060302734,1.407543659210205,0.1810905933380127,4.469449520111084,0,41.621554140315034,26637.79464980162,0.27357004903907994,2220988.75,10888839.454985742,0.5,1106573436.733239,100000000000.0,100000000000.0,1000000000.0,clip,False,0,403,0,403,,,,,,,,,
2026-05-18T19:52:38,0,3,3,1,404,74816,404,True,5.401069518716578e-08,,,,,,6151.596546173096,658.6435348987579,0.00034236907958984375,0.09244632720947266,1.4041821956634521,0.18198943138122559,4.470371246337891,0,41.6152129091199,26633.736261836737,0.27357004903907994,2163798.75,10714338.640886026,0.5,1088883945.4985743,100000000000.0,100000000000.0,1000000000.0,clip,False,0,404,0,404,,,,,,,,,
2026-05-18T19:52:44,0,3,3,1,405,74816,405,True,5.4144385026737963e-08,,,,,,6147.689580917358,658.6435348987579,0.00032711029052734375,0.09455561637878418,1.4021124839782715,0.18468499183654785,4.464039325714111,0,41.64166011156986,26650.66247140471,0.27357004903907994,2988044.75,10559812.763068303,0.5,1071433864.0886025,100000000000.0,100000000000.0,1000000000.0,clip,False,0,405,0,405,,,,,,,,,
2026-05-18T19:52:51,0,3,3,1,406,74816,406,True,5.427807486631016e-08,,,,,,6150.088310241699,658.6435348987579,0.00030231475830078125,0.08917450904846191,1.4086651802062988,0.1827678680419922,4.467258930206299,0,41.625418544589834,26640.267868537496,0.27357004903907994,2198951.75,10392595.542806936,0.5,1055981276.3068304,100000000000.0,100000000000.0,1000000000.0,clip,False,0,406,0,406,,,,,,,,,
2026-05-18T19:52:57,0,3,3,1,407,74816,407,True,5.4411764705882347e-08,,,,,,6150.32434463501,658.6435348987579,0.0003116130828857422,0.0908048152923584,1.406914472579956,0.17834973335266113,4.4719061851501465,0,41.62382106291864,26639.24548026793,0.27357004903907994,2086925.75,10226482.146950798,0.5,1039259554.2806937,100000000000.0,100000000000.0,1000000000.0,clip,False,0,407,0,407,,,,,,,,,
2026-05-18T19:53:03,0,3,3,1,408,74816,408,True,5.4545454545454545e-08,,,,,,6149.693012237549,658.6435348987579,0.0003039836883544922,0.09061574935913086,1.4073662757873535,0.17911434173583984,4.470353364944458,0,41.62809419764111,26641.98028649031,0.27357004903907994,2181916.75,10065590.839011783,0.5,1022648214.6950798,100000000000.0,100000000000.0,1000000000.0,clip,False,0,408,0,408,,,,,,,,,
2026-05-18T19:53:09,0,3,3,1,409,74816,409,True,5.4679144385026736e-08,,,,,,6149.574756622314,658.6435348987579,0.0003025531768798828,0.09040093421936035,1.4075968265533447,0.1795661449432373,4.469787359237671,0,41.62889470110439,26642.492608706812,0.27357004903907994,2115110.5,9906581.232231548,0.5,1006559083.9011782,100000000000.0,100000000000.0,1000000000.0,clip,False,0,409,0,409,,,,,,,,,
2026-05-18T19:53:15,0,3,3,1,410,74816,410,True,5.481283422459893e-08,,,,,,6149.576425552368,658.6435348987579,0.0003020763397216797,0.08950495719909668,1.4079790115356445,0.17987895011901855,4.469976902008057,0,41.628883403462304,26642.48537821587,0.27357004903907994,2018638.75,9748822.382586917,0.5,990658123.2231548,100000000000.0,100000000000.0,1000000000.0,clip,False,0,410,0,410,,,,,,,,,
2026-05-18T19:53:21,0,3,3,1,411,74816,411,True,5.494652406417112e-08,572.1884765625,243.3822021484375,0.7185918688774109,326.10009765625,1.9875609874725342,6150.499105453491,658.6435348987579,0.0005445480346679688,0.08906030654907227,1.4086029529571533,0.17926859855651855,4.471072673797607,0,41.62263836003346,26638.488550421418,0.27357004903907994,1983252.625,9593510.987435179,0.5,974882238.2586917,100000000000.0,100000000000.0,1000000000.0,clip,False,0,411,0,411,482.2058919270833,400.1653747558594,572.1884765625,6150.05078125,6153.1416015625,768.8004150390625,0.0,999.0162353515625,639370.375
2026-05-18T19:53:27,0,3,3,1,412,74816,412,True,5.508021390374331e-08,,,,,,6159.600019454956,658.6435348987579,0.0003020763397216797,0.08914589881896973,1.3969414234161377,0.1795353889465332,4.468964099884033,0,41.561140202518,26599.129729611515,0.27357004903907994,1900208.0,9439644.927686475,0.5,959351098.7435179,100000000000.0,100000000000.0,1000000000.0,clip,False,0,412,0,412,,,,,,,,,
2026-05-18T19:53:34,0,3,3,1,413,74816,413,True,5.52139037433155e-08,,,,,,6150.629997253418,658.6435348987579,0.0003039836883544922,0.09097957611083984,1.4072291851043701,0.18064427375793457,4.469536304473877,0,41.62175258702239,26637.921655694332,0.27357004903907994,2434302.5,9299538.079132747,0.5,943964492.7686476,100000000000.0,100000000000.0,1000000000.0,clip,False,0,413,0,413,,,,,,,,,
2026-05-18T19:53:40,0,3,3,1,414,74816,414,True,5.53475935828877e-08,,,,,,6150.346279144287,658.6435348987579,0.0002982616424560547,0.0904083251953125,1.4071297645568848,0.182464599609375,4.468092679977417,0,41.623672616303146,26639.150474434013,0.27357004903907994,2386713.5,9161281.58755009,0.5,929953807.9132746,100000000000.0,100000000000.0,1000000000.0,clip,False,0,414,0,414,,,,,,,,,
2026-05-18T19:53:46,0,3,3,1,415,74816,415,True,5.548128342245989e-08,,,,,,6150.606393814087,658.6435348987579,0.00031185150146484375,0.0889284610748291,1.409087896347046,0.176253080368042,4.471359491348267,0,41.62191231379552,26638.023880829132,0.27357004903907994,2126020.25,9020576.360799087,0.5,916128158.755009,100000000000.0,100000000000.0,1000000000.0,clip,False,0,415,0,415,,,,,,,,,
2026-05-18T19:53:52,0,3,3,1,416,74816,416,True,5.5614973262032084e-08,,,,,,6151.888847351074,658.6435348987579,0.0003075599670410156,0.08840250968933105,1.4096815586090088,0.18207478523254395,4.469366788864136,0,41.61323560165271,26632.470785057736,0.27357004903907994,3130588.0,8902776.593583105,0.5,902057636.0799087,100000000000.0,100000000000.0,1000000000.0,clip,False,0,416,0,416,,,,,,,,,
2026-05-18T19:53:58,0,3,3,1,417,74816,417,True,5.5748663101604276e-08,,,,,,6149.723529815674,658.6435348987579,0.0003077983856201172,0.08942246437072754,1.4079575538635254,0.1806638240814209,4.469264268875122,0,41.62788762109979,26641.848077503866,0.27357004903907994,2087920.375,8766479.469211444,0.5,890277659.3583105,100000000000.0,100000000000.0,1000000000.0,clip,False,0,417,0,417,,,,,,,,,
2026-05-18T19:54:04,0,3,3,1,418,74816,418,True,5.588235294117647e-08,,,,,,6149.815559387207,658.6435348987579,0.0003020763397216797,0.08858466148376465,1.41009521484375,0.17998099327087402,4.469008922576904,0,41.62726467613102,26641.44939272385,0.27357004903907994,1865511.0,8628460.099827215,0.5,876647946.9211445,100000000000.0,100000000000.0,1000000000.0,clip,False,0,418,0,418,,,,,,,,,
2026-05-18T19:54:10,0,3,3,1,419,74816,419,True,5.6016042780748665e-08,,,,,,6150.904178619385,658.6435348987579,0.0002982616424560547,0.08881473541259766,1.4093782901763916,0.18424701690673828,4.466243028640747,0,41.619897264837746,26636.73424949616,0.27357004903907994,1987126.25,8495633.422830671,0.5,862846009.9827216,100000000000.0,100000000000.0,1000000000.0,clip,False,0,419,0,419,,,,,,,,,
2026-05-18T19:54:17,0,3,3,1,420,74816,420,True,5.614973262032085e-08,,,,,,6149.920701980591,658.6435348987579,0.0002994537353515625,0.08901119232177734,1.4089000225067139,0.17801904678344727,4.4718146324157715,0,41.6265529923914,26640.993915130497,0.27357004903907994,2355707.75,8372834.909374057,0.5,849563342.2830671,100000000000.0,100000000000.0,1000000000.0,clip,False,0,420,0,420,,,,,,,,,
2026-05-18T19:54:23,0,3,3,1,421,74816,421,True,5.628342245989305e-08,488.99713134765625,194.44314575195312,0.72059166431427,291.8353271484375,1.9980340003967285,6150.856971740723,658.6435348987579,0.0002918243408203125,0.08903002738952637,1.4090192317962646,0.18963074684143066,4.460886716842651,0,41.62021669113056,26636.938682323558,0.27357004903907994,1847503.75,8242328.286186576,0.5,837283490.9374057,100000000000.0,100000000000.0,1000000000.0,clip,False,0,421,0,421,480.3531087239583,400.7298583984375,543.6072998046875,6150.263020833333,6155.4560546875,768.8004150390625,0.0,998.98193359375,639348.4375
2026-05-18T19:54:29,0,3,3,1,422,74816,422,True,5.6417112299465234e-08,,,,,,6165.698528289795,658.6435348987579,0.00027823448181152344,0.08912134170532227,1.396294355392456,0.1822969913482666,4.468537092208862,0,41.52003196805793,26572.820459557075,0.27357004903907994,2683304.75,8131147.8154628435,0.5,824232828.6186576,100000000000.0,100000000000.0,1000000000.0,clip,False,0,422,0,422,,,,,,,,,
2026-05-18T19:54:35,0,3,3,1,423,74816,423,True,5.655080213903743e-08,,,,,,6149.939775466919,658.6435348987579,0.00032711029052734375,0.09176421165466309,1.4049720764160156,0.17995429039001465,4.470592260360718,0,41.626423891372795,26640.91129047859,0.27357004903907994,2413682.0,8016798.499153586,0.5,813114781.5462843,100000000000.0,100000000000.0,1000000000.0,clip,False,0,423,0,423,,,,,,,,,
2026-05-18T19:54:41,0,3,3,1,424,74816,424,True,5.6684491978609623e-08,,,,,,6148.0302810668945,658.6435348987579,0.0003104209899902344,0.09222674369812012,1.4042272567749023,0.18065381050109863,4.468769073486328,0,41.63935249121369,26649.185594376762,0.27357004903907994,1801998.5,7892502.499170514,0.5,801679849.9153587,100000000000.0,100000000000.0,1000000000.0,clip,False,0,424,0,424,,,,,,,,,
2026-05-18T19:54:47,0,3,3,1,425,74816,425,True,5.6818181818181815e-08,,,,,,6149.173259735107,658.6435348987579,0.0003066062927246094,0.09156298637390137,1.4063763618469238,0.1818840503692627,4.467191457748413,0,41.63161276919816,26644.232172286826,0.27357004903907994,2461779.25,7783888.034187104,0.5,789250249.9170514,100000000000.0,100000000000.0,1000000000.0,clip,False,0,425,0,425,,,,,,,,,
2026-05-18T19:54:54,0,3,3,1,426,74816,426,True,5.695187165775401e-08,,,,,,6150.560140609741,658.6435348987579,0.00030040740966796875,0.09313797950744629,1.404862642288208,0.17984557151794434,4.47039270401001,0,41.622225317289754,26638.22420306544,0.27357004903907994,3038065.75,7688971.588503362,0.5,778388803.4187104,100000000000.0,100000000000.0,1000000000.0,clip,False,0,426,0,426,,,,,,,,,
2026-05-18T19:55:00,0,3,3,1,427,74816,427,True,5.70855614973262e-08,,,,,,6149.643898010254,658.6435348987579,0.0003154277801513672,0.0894773006439209,1.408454418182373,0.18077921867370605,4.468398332595825,0,41.628426661067316,26642.193063083083,0.27357004903907994,2156152.0,7578315.196733294,0.5,768897158.8503362,100000000000.0,100000000000.0,1000000000.0,clip,False,0,427,0,427,,,,,,,,,
2026-05-18T19:55:06,0,3,3,1,428,74816,428,True,5.7219251336898396e-08,,,,,,6149.061441421509,658.6435348987579,0.00030612945556640625,0.08894872665405273,1.408860683441162,0.18013906478881836,4.468911170959473,0,41.63236982403923,26644.71668738511,0.27357004903907994,1872495.375,7464198.8002986275,0.5,757831519.6733294,100000000000.0,100000000000.0,1000000000.0,clip,False,0,428,0,428,,,,,,,,,
2026-05-18T19:55:12,0,3,3,1,429,74816,429,True,5.735294117647058e-08,,,,,,6149.617433547974,658.6435348987579,0.0003025531768798828,0.08920836448669434,1.4083442687988281,0.17910218238830566,4.470642566680908,0,41.6286058061831,26642.307715957184,0.27357004903907994,1762996.875,7350174.761792655,0.5,746419880.0298628,100000000000.0,100000000000.0,1000000000.0,clip,False,0,429,0,429,,,,,,,,,
2026-05-18T19:55:18,0,3,3,1,430,74816,430,True,5.748663101604278e-08,,,,,,6150.065183639526,658.6435348987579,0.0003037452697753906,0.08929181098937988,1.408553123474121,0.17920780181884766,4.470772743225098,0,41.62557507211698,26640.36804615487,0.27357004903907994,2250054.75,7248172.361556802,0.5,735017476.1792655,100000000000.0,100000000000.0,1000000000.0,clip,False,0,430,0,430,,,,,,,,,
2026-05-18T19:55:24,0,3,3,1,431,74816,431,True,5.762032085561497e-08,539.5479736328125,224.4456787109375,0.7169078588485718,312.3947448730469,1.9906766414642334,6150.542974472046,658.6435348987579,0.00029397010803222656,0.08952093124389648,1.40861177444458,0.17908167839050293,4.47110652923584,0,41.62234148473285,26638.29855022902,0.27357004903907994,2344780.5,7150104.524325666,0.5,724817236.1556802,100000000000.0,100000000000.0,1000000000.0,clip,False,0,431,0,431,470.4340006510417,415.120361328125,539.5479736328125,6150.759114583333,6155.64111328125,768.8004150390625,0.0,998.9012451171875,639296.75
2026-05-18T19:55:30,0,3,3,1,432,74816,432,True,5.775401069518716e-08,,,,,,6156.751871109009,658.6435348987579,0.0002753734588623047,0.08916926383972168,1.3962392807006836,0.18235039710998535,4.465731143951416,0,41.58036662177308,26611.434637934773,0.27357004903907994,1830411.125,7043710.656339153,0.5,715010452.4325666,100000000000.0,100000000000.0,1000000000.0,clip,False,0,432,0,432,,,,,,,,,
2026-05-18T19:55:37,0,3,3,1,433,74816,433,True,5.7887700534759354e-08,,,,,,6149.968862533569,658.6435348987579,0.0003018379211425781,0.09072160720825195,1.407379150390625,0.1784980297088623,4.471153497695923,0,41.62622701386118,26640.785288871157,0.27357004903907994,2080738.5,6944451.21321237,0.5,704371065.6339153,100000000000.0,100000000000.0,1000000000.0,clip,False,0,433,0,433,,,,,,,,,
2026-05-18T19:55:43,0,3,3,1,434,74816,434,True,5.8021390374331546e-08,,,,,,6148.805379867554,658.6435348987579,0.00030875205993652344,0.08977508544921875,1.4077990055084229,0.17725777626037598,4.471898317337036,0,41.63410356720614,26645.826283011927,0.27357004903907994,2744293.25,6860448.053948123,0.5,694445121.321237,100000000000.0,100000000000.0,1000000000.0,clip,False,0,434,0,434,,,,,,,,,
2026-05-18T19:55:49,0,3,3,1,435,74816,435,True,5.8155080213903744e-08,,,,,,6150.893926620483,658.6435348987579,0.00029850006103515625,0.09173941612243652,1.4062340259552002,0.18320989608764648,4.46759819984436,0,41.619966634777484,26636.77864625759,0.27357004903907994,1794814.0,6759135.372869161,0.5,686044805.3948123,100000000000.0,100000000000.0,1000000000.0,clip,False,0,435,0,435,,,,,,,,,
2026-05-18T19:55:55,0,3,3,1,436,74816,436,True,5.828877005347593e-08,,,,,,6153.313875198364,658.6435348987579,0.0003006458282470703,0.08943390846252441,1.4082341194152832,0.1794734001159668,4.474055051803589,0,41.603598514913614,26626.303049544713,0.27357004903907994,2562083.25,6675194.330411778,0.5,675913537.2869161,100000000000.0,100000000000.0,1000000000.0,clip,False,0,436,0,436,,,,,,,,,
2026-05-18T19:56:01,0,3,3,1,437,74816,437,True,5.842245989304813e-08,,,,,,6150.77543258667,658.6435348987579,0.0003046989440917969,0.08957743644714355,1.4084365367889404,0.17766761779785156,4.472821950912476,0,41.62076843900328,26637.2918009621,0.27357004903907994,1689606.875,6575482.5813035425,0.5,667519433.0411777,100000000000.0,100000000000.0,1000000000.0,clip,False,0,437,0,437,,,,,,,,,
2026-05-18T19:56:07,0,3,3,1,438,74816,438,True,5.855614973262032e-08,,,,,,6148.689270019531,658.6435348987579,0.0002987384796142578,0.09506893157958984,1.4031150341033936,0.18041038513183594,4.467891454696655,0,41.63488977207444,26646.329454127637,0.27357004903907994,1998851.0,6483949.949677472,0.5,657548258.1303543,100000000000.0,100000000000.0,1000000000.0,clip,False,0,438,0,438,,,,,,,,,
2026-05-18T19:56:13,0,3,3,1,439,74816,439,True,5.868983957219251e-08,,,,,,6150.8495807647705,658.6435348987579,0.00030922889709472656,0.09091925621032715,1.4065344333648682,0.17900490760803223,4.472130537033081,0,41.62026670276174,26636.970689767517,0.27357004903907994,1962764.875,6393526.248183923,0.5,648394994.9677472,100000000000.0,100000000000.0,1000000000.0,clip,False,0,439,0,439,,,,,,,,,
2026-05-18T19:56:20,0,3,3,1,440,74816,440,True,5.88235294117647e-08,,,,,,6149.201393127441,658.6435348987579,0.0003020763397216797,0.09014511108398438,1.4079673290252686,0.17898821830749512,4.469764709472656,0,41.6314222991809,26644.110271475773,0.27357004903907994,2023556.625,6306126.855720244,0.5,639352624.8183923,100000000000.0,100000000000.0,1000000000.0,clip,False,0,440,0,440,,,,,,,,,
2026-05-18T19:56:26,0,3,3,1,441,74816,441,True,5.8957219251336894e-08,462.1185302734375,182.56480407714844,0.7197235822677612,276.8686828613281,1.965333342552185,6150.918245315552,658.6435348987579,0.0002968311309814453,0.09996581077575684,1.3980095386505127,0.18109941482543945,4.469607591629028,0,41.61980208320372,26636.673333250383,0.27357004903907994,1749378.625,6214991.891105839,0.5,630612685.5720245,100000000000.0,100000000000.0,1000000000.0,clip,False,0,441,0,441,475.6282552083333,405.1033935546875,528.9489135742188,6149.444661458333,6153.85107421875,768.8004150390625,0.0,999.11474609375,639433.4375
2026-05-18T19:56:32,0,3,3,1,442,74816,442,True,5.9090909090909085e-08,,,,,,6156.805753707886,658.6435348987579,0.00029349327087402344,0.09329509735107422,1.3919997215270996,0.17670845985412598,4.473931550979614,0,41.580002722324984,26611.201742287987,0.27357004903907994,2161814.25,6133928.338283722,0.5,621499189.1105839,100000000000.0,100000000000.0,1000000000.0,clip,False,0,442,0,442,,,,,,,,,
2026-05-18T19:56:38,0,3,3,1,443,74816,443,True,5.9224598930481283e-08,,,,,,6146.5559005737305,658.6435348987579,0.0003237724304199219,0.09311842918395996,1.4026570320129395,0.17898869514465332,4.469467878341675,0,41.649340564218164,26655.57796109963,0.27357004903907994,2051816.75,6052286.106518048,0.5,613392833.8283722,100000000000.0,100000000000.0,1000000000.0,clip,False,0,443,0,443,,,,,,,,,
2026-05-18T19:56:44,0,3,3,1,444,74816,444,True,5.9358288770053475e-08,,,,,,6149.368524551392,658.6435348987579,0.0003025531768798828,0.08998632431030273,1.4075379371643066,0.1776418685913086,4.47191858291626,0,41.63029081407602,26643.38612100865,0.27357004903907994,1959095.875,5970422.301887687,0.5,605228610.6518048,100000000000.0,100000000000.0,1000000000.0,clip,False,0,444,0,444,,,,,,,,,
2026-05-18T19:56:50,0,3,3,1,445,74816,445,True,5.9491978609625667e-08,,,,,,6150.693893432617,658.6435348987579,0.00029921531677246094,0.0909273624420166,1.4069361686706543,0.17907929420471191,4.471433162689209,0,41.62132020150493,26637.644928963156,0.27357004903907994,1746197.0,5885937.795849934,0.5,597042230.1887687,100000000000.0,100000000000.0,1000000000.0,clip,False,0,445,0,445,,,,,,,,,
2026-05-18T19:56:57,0,3,3,1,446,74816,446,True,5.962566844919786e-08,,,,,,6150.897979736328,658.6435348987579,0.00030732154846191406,0.09420084953308105,1.402698040008545,0.17712664604187012,4.474524259567261,0,41.619939209424835,26636.761094031892,0.27357004903907994,2337456.0,5814968.159932936,0.5,588593779.5849934,100000000000.0,100000000000.0,1000000000.0,clip,False,0,446,0,446,,,,,,,,,
2026-05-18T19:57:03,0,3,3,1,447,74816,447,True,5.975935828877005e-08,,,,,,6149.793386459351,658.6435348987579,0.00030517578125,0.09000611305236816,1.4084768295288086,0.17849302291870117,4.470379829406738,0,41.62741476220359,26641.5454478103,0.27357004903907994,1950798.875,5737684.774234277,0.5,581496815.9932935,100000000000.0,100000000000.0,1000000000.0,clip,False,0,447,0,447,,,,,,,,,
2026-05-18T19:57:09,0,3,3,1,448,74816,448,True,5.989304812834224e-08,,,,,,6149.438381195068,658.6435348987579,0.0003075599670410156,0.08976292610168457,1.4073410034179688,0.1791989803314209,4.4708945751190186,0,41.629817900581926,26643.08345637243,0.27357004903907994,1874119.25,5660413.463749591,0.5,573768477.4234277,100000000000.0,100000000000.0,1000000000.0,clip,False,0,448,0,448,,,,,,,,,
2026-05-18T19:57:15,0,3,3,1,449,74816,449,True,6.002673796791443e-08,,,,,,6149.910926818848,658.6435348987579,0.0003509521484375,0.09409451484680176,1.4036452770233154,0.1775963306427002,4.472212314605713,0,41.62661915697381,26641.03626046324,0.27357004903907994,2161422.5,5590433.6444745995,0.5,566041346.3749591,100000000000.0,100000000000.0,1000000000.0,clip,False,0,449,0,449,,,,,,,,,
2026-05-18T19:57:21,0,3,3,1,450,74816,450,True,6.016042780748662e-08,,,,,,6150.77543258667,658.6435348987579,0.0003063678741455078,0.09166502952575684,1.4059350490570068,0.176466703414917,4.4744555950164795,0,41.62076843900328,26637.2918009621,0.27357004903907994,1892383.875,5516472.649085107,0.5,559043364.4474599,100000000000.0,100000000000.0,1000000000.0,clip,False,0,450,0,450,,,,,,,,,
2026-05-18T19:57:27,0,3,3,1,451,74816,451,True,6.029411764705882e-08,455.0697937011719,182.8468780517578,0.7194103598594666,269.5069885253906,1.9965134859085083,6149.051189422607,658.6435348987579,0.00031828880310058594,0.08986258506774902,1.408203363418579,0.18086028099060059,4.46805477142334,0,41.632439235562494,26644.76111076,0.27357004903907994,2395271.75,5454048.631103405,0.5,551647264.9085107,100000000000.0,100000000000.0,1000000000.0,clip,False,0,451,0,451,470.497802734375,413.9529113769531,524.5675048828125,6149.251302083333,6154.44580078125,768.8004150390625,0.0,999.1461791992188,639453.5625
2026-05-18T19:57:33,0,3,3,1,452,74816,452,True,6.042780748663101e-08,,,,,,6162.436723709106,658.6435348987579,0.0002663135528564453,0.0940408706665039,1.3909389972686768,0.1793689727783203,4.469401597976685,0,41.542008701700105,26586.88556908807,0.27357004903907994,1967840.75,5384324.473481337,0.5,545404863.1103405,100000000000.0,100000000000.0,1000000000.0,clip,False,0,452,0,452,,,,,,,,,
2026-05-18T19:57:40,0,3,3,1,453,74816,453,True,6.056149732620321e-08,,,,,,6150.331258773804,658.6435348987579,0.0003085136413574219,0.0896761417388916,1.4086542129516602,0.17895221710205078,4.470815420150757,0,41.62377426984948,26639.215532703667,0.27357004903907994,2427014.25,5325178.26901171,0.5,538432447.3481337,100000000000.0,100000000000.0,1000000000.0,clip,False,0,453,0,453,,,,,,,,,
2026-05-18T19:57:46,0,3,3,1,454,74816,454,True,6.06951871657754e-08,,,,,,6149.719476699829,658.6435348987579,0.0003046989440917969,0.08957195281982422,1.4079821109771729,0.17918753623962402,4.470789194107056,0,41.62791505692862,26641.865636434315,0.27357004903907994,1849451.75,5255663.738631476,0.5,532517826.90117097,100000000000.0,100000000000.0,1000000000.0,clip,False,0,454,0,454,,,,,,,,,
2026-05-18T19:57:52,0,3,3,1,455,74816,455,True,6.08288770053476e-08,,,,,,6150.144100189209,658.6435348987579,0.00030422210693359375,0.0897209644317627,1.408156156539917,0.17869210243225098,4.471351385116577,0,41.625040946946946,26640.026206046045,0.27357004903907994,1882167.75,5188193.818858846,0.5,525566373.86314756,100000000000.0,100000000000.0,1000000000.0,clip,False,0,455,0,455,,,,,,,,,
2026-05-18T19:57:58,0,3,3,1,456,74816,456,True,6.096256684491979e-08,,,,,,6149.237394332886,658.6435348987579,0.0003070831298828125,0.0900726318359375,1.4075148105621338,0.1775832176208496,4.471819162368774,0,41.631178564667,26643.95428138688,0.27357004903907994,2146545.25,5127360.847481669,0.5,518819381.8858846,100000000000.0,100000000000.0,1000000000.0,clip,False,0,456,0,456,,,,,,,,,
2026-05-18T19:58:04,0,3,3,1,457,74816,457,True,6.109625668449198e-08,,,,,,6149.841785430908,658.6435348987579,0.0003113746643066406,0.09127616882324219,1.4062302112579346,0.17704057693481445,4.47288703918457,0,41.62708715636699,26641.335780074874,0.27357004903907994,1960050.875,5064014.648032036,0.5,512736084.7481669,100000000000.0,100000000000.0,1000000000.0,clip,False,0,457,0,457,,,,,,,,,
2026-05-18T19:58:10,0,3,3,1,458,74816,458,True,6.122994652406417e-08,,,,,,6151.245832443237,658.6435348987579,0.0003056526184082031,0.09681129455566406,1.401832103729248,0.1734628677368164,4.476927042007446,0,41.617585603519665,26635.254786252586,0.27357004903907994,2798537.75,5018705.110071395,0.5,506401464.8032036,100000000000.0,100000000000.0,1000000000.0,clip,False,0,458,0,458,,,,,,,,,
2026-05-18T19:58:17,0,3,3,1,459,74816,459,True,6.136363636363636e-08,,,,,,6151.203632354736,658.6435348987579,0.00028634071350097656,0.09007859230041504,1.4076852798461914,0.18413043022155762,4.466977119445801,0,41.61787111931472,26635.437516361424,0.27357004903907994,1891452.75,4956160.062869966,0.5,501870511.00713944,100000000000.0,100000000000.0,1000000000.0,clip,False,0,459,0,459,,,,,,,,,
2026-05-18T19:58:23,0,3,3,1,460,74816,460,True,6.149732620320855e-08,,,,,,6150.421380996704,658.6435348987579,0.0003769397735595703,0.09262990951538086,1.4044044017791748,0.17988038063049316,4.470782279968262,0,41.62316435601914,26638.825187852246,0.27357004903907994,2362625.0,4904289.361612567,0.5,495616006.2869966,100000000000.0,100000000000.0,1000000000.0,clip,False,0,460,0,460,,,,,,,,,
2026-05-18T19:58:29,0,3,3,1,461,74816,461,True,6.163101604278075e-08,426.6318664550781,173.4051055908203,0.7197281718254089,250.55384826660156,1.9531981945037842,6148.274898529053,658.6435348987579,0.00029754638671875,0.0956113338470459,1.4010789394378662,0.18323969841003418,4.4660749435424805,0,41.63769581305593,26648.125320355794,0.27357004903907994,2082781.875,4847859.211880315,0.5,490428936.1612567,100000000000.0,100000000000.0,1000000000.0,clip,False,0,461,0,461,466.1287434895833,409.7030944824219,520.039306640625,6151.572916666667,6157.67431640625,768.8004150390625,0.0,998.7691650390625,639212.3125
2026-05-18T19:58:35,0,3,3,1,462,74816,462,True,6.176470588235294e-08,,,,,,6157.826662063599,658.6435348987579,0.00028824806213378906,0.09010100364685059,1.3954379558563232,0.17555665969848633,4.472602367401123,0,41.573109158322715,26606.78986132654,0.27357004903907994,1668274.75,4784267.522642708,0.5,484785921.1880315,100000000000.0,100000000000.0,1000000000.0,clip,False,0,462,0,462,,,,,,,,,
2026-05-18T19:58:41,0,3,3,1,463,74816,463,True,6.189839572192513e-08,,,,,,6149.819850921631,658.6435348987579,0.00031256675720214844,0.09054923057556152,1.407982587814331,0.17687082290649414,4.472118616104126,0,41.62723562733875,26641.4308014968,0.27357004903907994,2035278.25,4729287.7371898545,0.5,478426752.26427084,100000000000.0,100000000000.0,1000000000.0,clip,False,0,463,0,463,,,,,,,,,
2026-05-18T19:58:47,0,3,3,1,464,74816,464,True,6.203208556149732e-08,,,,,,6149.223327636719,658.6435348987579,0.00029587745666503906,0.09394979476928711,1.4039978981018066,0.184096097946167,4.464945554733276,0,41.63127379834266,26644.0152309393,0.27357004903907994,1877672.0,4672255.422446058,0.5,472928773.71898544,100000000000.0,100000000000.0,1000000000.0,clip,False,0,464,0,464,,,,,,,,,
2026-05-18T19:58:53,0,3,3,1,465,74816,465,True,6.216577540106951e-08,,,,,,6149.362325668335,658.6435348987579,0.0003006458282470703,0.08978509902954102,1.408463954925537,0.1786508560180664,4.470150470733643,0,41.630332779614996,26643.4129789536,0.27357004903907994,1950801.625,4617826.346497136,0.5,467225542.24460584,100000000000.0,100000000000.0,1000000000.0,clip,False,0,465,0,465,,,,,,,,,
2026-05-18T19:59:00,0,3,3,1,466,74816,466,True,6.229946524064172e-08,,,,,,6149.233102798462,658.6435348987579,0.0003077983856201172,0.09048008918762207,1.407820701599121,0.17642951011657715,4.472232341766357,0,41.63120761896254,26643.972876136027,0.27357004903907994,1928506.25,4564039.944567193,0.5,461782634.64971364,100000000000.0,100000000000.0,1000000000.0,clip,False,0,466,0,466,,,,,,,,,
2026-05-18T19:59:06,0,3,3,1,467,74816,467,True,6.24331550802139e-08,,,,,,6149.618864059448,658.6435348987579,0.0003056526184082031,0.08894681930541992,1.4087450504302979,0.18351316452026367,4.4661009311676025,0,41.62859612262391,26642.301518479304,0.27357004903907994,1791577.375,4508590.6931758495,0.5,456403994.45671934,100000000000.0,100000000000.0,1000000000.0,clip,False,0,467,0,467,,,,,,,,,
2026-05-18T19:59:12,0,3,3,1,468,74816,468,True,6.25668449197861e-08,,,,,,6274.618625640869,658.6435348987579,0.0003039836883544922,0.0893394947052002,1.4090778827667236,0.17656517028808594,4.597415208816528,0,40.7992923990425,26111.547135387198,0.27357004903907994,1982100.875,4458060.896812333,0.5,450859069.31758493,100000000000.0,100000000000.0,1000000000.0,clip,False,0,468,0,468,,,,,,,,,
2026-05-18T19:59:18,0,3,3,1,469,74816,469,True,6.270053475935828e-08,,,,,,6147.716283798218,658.6435348987579,0.00029969215393066406,0.08909916877746582,1.4066095352172852,0.1817793846130371,4.468029022216797,0,41.641479239155224,26650.546713059346,0.27357004903907994,1676478.75,4402429.253876086,0.5,445806089.6812333,100000000000.0,100000000000.0,1000000000.0,clip,False,0,469,0,469,,,,,,,,,
2026-05-18T19:59:24,0,3,3,1,470,74816,470,True,6.283422459893048e-08,,,,,,6149.24955368042,658.6435348987579,0.00029778480529785156,0.09271693229675293,1.4052846431732178,0.1780381202697754,4.471053123474121,0,41.6310962443832,26643.90159640525,0.27357004903907994,1904254.875,4352465.766298565,0.5,440242925.38760865,100000000000.0,100000000000.0,1000000000.0,clip,False,0,470,0,470,,,,,,,,,
2026-05-18T19:59:31,0,3,3,1,471,74816,471,True,6.296791443850267e-08,437.316162109375,171.86767578125,0.7180233597755432,262.771240234375,1.9592361450195312,6442.860126495361,658.6435348987579,0.00029850006103515625,0.08988285064697266,1.4083802700042725,0.17742419242858887,4.76492977142334,0,39.73390621150315,25429.699975362015,0.27357004903907994,1738705.125,4300190.553472593,0.5,435246576.6298565,100000000000.0,100000000000.0,1000000000.0,clip,False,0,471,0,471,476.6305338541667,412.51495361328125,527.1090698242188,6442.095052083333,6447.3916015625,768.8004150390625,0.0,953.7271728515625,610385.375
2026-05-18T19:59:37,0,3,3,1,472,74816,472,True,6.310160427807487e-08,,,,,,6156.716346740723,658.6435348987579,0.00027561187744140625,0.08997035026550293,1.3957607746124268,0.17971014976501465,4.468858003616333,0,41.58060654126493,26611.588186409554,0.27357004903907994,1920161.875,4252589.979903141,0.5,430019055.34725934,100000000000.0,100000000000.0,1000000000.0,clip,False,0,472,0,472,,,,,,,,,
2026-05-18T19:59:43,0,3,3,1,473,74816,473,True,6.323529411764706e-08,,,,,,6149.792432785034,658.6435348987579,0.0003058910369873047,0.08959698677062988,1.4083764553070068,0.17748665809631348,4.472055673599243,0,41.62742121754282,26641.549579227405,0.27357004903907994,2173855.0,4211015.280305078,0.5,425258997.9903141,100000000000.0,100000000000.0,1000000000.0,clip,False,0,473,0,473,,,,,,,,,
2026-05-18T19:59:49,0,3,3,1,474,74816,474,True,6.336898395721925e-08,,,,,,6149.906158447266,658.6435348987579,0.00032019615173339844,0.09081435203552246,1.4071786403656006,0.17450642585754395,4.475148916244507,0,41.626651432456185,26641.05691677196,0.27357004903907994,1859817.0,4163991.3146989765,0.5,421101528.0305078,100000000000.0,100000000000.0,1000000000.0,clip,False,0,474,0,474,,,,,,,,,
2026-05-18T19:59:55,0,3,3,1,475,74816,475,True,6.350267379679144e-08,,,,,,6151.299715042114,658.6435348987579,0.0003209114074707031,0.09143304824829102,1.4070138931274414,0.17914533615112305,4.471432447433472,0,41.61722105232314,26635.02147348681,0.27357004903907994,1623745.25,4113186.393404997,0.5,416399131.4698976,100000000000.0,100000000000.0,1000000000.0,clip,False,0,475,0,475,,,,,,,,,
2026-05-18T20:00:01,0,3,3,1,476,74816,476,True,6.363636363636363e-08,,,,,,6151.657581329346,658.6435348987579,0.00028133392333984375,0.10045981407165527,1.3977251052856445,0.17572355270385742,4.475562334060669,0,41.61480001373541,26633.472008790664,0.27357004903907994,1740267.25,4065728.010536897,0.5,411318639.3404997,100000000000.0,100000000000.0,1000000000.0,clip,False,0,476,0,476,,,,,,,,,
2026-05-18T20:00:08,0,3,3,1,477,74816,477,True,6.377005347593582e-08,,,,,,6151.429176330566,658.6435348987579,0.00034332275390625,0.09355664253234863,1.4033498764038086,0.18194127082824707,4.46977686882019,0,41.616345187722445,26634.460920142363,0.27357004903907994,2192220.75,4028257.865326159,0.5,406572801.0536897,100000000000.0,100000000000.0,1000000000.0,clip,False,0,477,0,477,,,,,,,,,
2026-05-18T20:00:14,0,3,3,1,478,74816,478,True,6.390374331550802e-08,,,,,,6147.735357284546,658.6435348987579,0.0003294944763183594,0.09317493438720703,1.4028141498565674,0.17703533172607422,4.472168207168579,0,41.64135004553533,26650.46402914261,0.27357004903907994,1855989.25,3984812.4930196363,0.5,402825786.5326159,100000000000.0,100000000000.0,1000000000.0,clip,False,0,478,0,478,,,,,,,,,
2026-05-18T20:00:20,0,3,3,1,479,74816,479,True,6.403743315508021e-08,,,,,,6149.762392044067,658.6435348987579,0.0002944469451904297,0.09001469612121582,1.408445119857788,0.177321195602417,4.471653699874878,0,41.627624561753244,26641.679719522075,0.27357004903907994,1819307.125,3941502.3856592434,0.5,398481249.3019636,100000000000.0,100000000000.0,1000000000.0,clip,False,0,479,0,479,,,,,,,,,
2026-05-18T20:00:26,0,3,3,1,480,74816,480,True,6.41711229946524e-08,,,,,,6150.041341781616,658.6435348987579,0.0003018379211425781,0.08941817283630371,1.408484935760498,0.1771409511566162,4.472833633422852,0,41.62573644193405,26640.47132283779,0.27357004903907994,2775959.25,3918191.522946059,0.5,394150238.56592435,100000000000.0,100000000000.0,1000000000.0,clip,False,0,480,0,480,,,,,,,,,
2026-05-18T20:00:32,0,3,3,1,481,74816,481,True,6.430481283422459e-08,462.76220703125,189.08297729492188,0.7177478075027466,270.9715270996094,1.989958643913269,6149.799108505249,658.6435348987579,0.000316619873046875,0.09365320205688477,1.4043664932250977,0.17820072174072266,4.4713826179504395,0,41.627376030210286,26641.520659334583,0.27357004903907994,1832886.875,3876485.429987137,0.5,391819152.29460585,100000000000.0,100000000000.0,1000000000.0,clip,False,0,481,0,481,466.62646484375,398.2541198730469,540.8550415039062,6149.142578125,6152.6943359375,768.8004150390625,0.0,999.163818359375,639464.875
2026-05-18T20:00:38,0,3,3,1,482,74816,482,True,6.443850267379678e-08,,,,,,6157.186985015869,658.6435348987579,0.0007836818695068359,0.09079718589782715,1.3950324058532715,0.1751868724822998,4.471662998199463,0,41.57742823516674,26609.554070506718,0.27357004903907994,2126098.0,3841477.681387394,0.5,387648542.99871373,100000000000.0,100000000000.0,1000000000.0,clip,False,0,482,0,482,,,,,,,,,
2026-05-18T20:00:45,0,3,3,1,483,74816,483,True,6.457219251336899e-08,,,,,,6149.351358413696,658.6435348987579,0.00029754638671875,0.09125041961669922,1.406404733657837,0.1801302433013916,4.469210863113403,0,41.630407026545065,26643.460496988842,0.27357004903907994,2208220.25,3808812.5327596464,0.5,384147768.1387394,100000000000.0,100000000000.0,1000000000.0,clip,False,0,483,0,483,,,,,,,,,
2026-05-18T20:00:51,0,3,3,1,484,74816,484,True,6.470588235294118e-08,,,,,,6148.96035194397,658.6435348987579,0.0003046989440917969,0.09380483627319336,1.4037096500396729,0.17684149742126465,4.472326040267944,0,41.63305426405402,26645.154728994574,0.27357004903907994,1982956.875,3772295.4196044537,0.5,380881253.2759646,100000000000.0,100000000000.0,1000000000.0,clip,False,0,484,0,484,,,,,,,,,
2026-05-18T20:00:57,0,3,3,1,485,74816,485,True,6.483957219251337e-08,,,,,,6150.197267532349,658.6435348987579,0.00029277801513671875,0.09166479110717773,1.4060609340667725,0.1744096279144287,4.475825786590576,0,41.62468110599568,26639.795907837233,0.27357004903907994,1918317.75,3735215.8662123648,0.5,377229541.96044534,100000000000.0,100000000000.0,1000000000.0,clip,False,0,485,0,485,,,,,,,,,
2026-05-18T20:01:03,0,3,3,1,486,74816,486,True,6.497326203208556e-08,,,,,,6150.2978801727295,658.6435348987579,0.0003046989440917969,0.089141845703125,1.40863037109375,0.17557597160339355,4.474762201309204,0,41.62400016839677,26639.360107773933,0.27357004903907994,1750189.5,3695515.3388881176,0.5,373521586.6212365,100000000000.0,100000000000.0,1000000000.0,clip,False,0,486,0,486,,,,,,,,,
2026-05-18T20:01:09,0,3,3,1,487,74816,487,True,6.510695187165775e-08,,,,,,6149.3542194366455,658.6435348987579,0.0003075599670410156,0.09347772598266602,1.404756784439087,0.17623496055603027,4.472595930099487,0,41.63038765775517,26643.44810096331,0.27357004903907994,1940920.625,3660423.4446103554,0.5,369551533.88881177,100000000000.0,100000000000.0,1000000000.0,clip,False,0,487,0,487,,,,,,,,,
2026-05-18T20:01:15,0,3,3,1,488,74816,488,True,6.524064171122994e-08,,,,,,6149.423599243164,658.6435348987579,0.00030303001403808594,0.09017133712768555,1.4075963497161865,0.1766200065612793,4.472797870635986,0,41.62991797011789,26643.147500875446,0.27357004903907994,2142666.5,3630068.305718148,0.5,366042344.46103555,100000000000.0,100000000000.0,1000000000.0,clip,False,0,488,0,488,,,,,,,,,
2026-05-18T20:01:21,0,3,3,1,489,74816,489,True,6.537433155080214e-08,,,,,,6149.777889251709,658.6435348987579,0.0003056526184082031,0.09011077880859375,1.4077463150024414,0.17862319946289062,4.471055269241333,0,41.627519661714075,26641.612583497008,0.27357004903907994,1873451.5,3594935.9696037853,0.5,363006830.57181484,100000000000.0,100000000000.0,1000000000.0,clip,False,0,489,0,489,,,,,,,,,
2026-05-18T20:01:28,0,3,3,1,490,74816,490,True,6.550802139037433e-08,,,,,,6415.686845779419,658.6435348987579,0.0002942085266113281,0.09211254119873047,1.4057869911193848,0.6282780170440674,4.287302494049072,0,39.90219693600078,25537.406039040496,0.27357004903907994,1937712.375,3561791.4977117097,0.5,359493596.9603785,100000000000.0,100000000000.0,1000000000.0,clip,False,0,490,0,490,,,,,,,,,
2026-05-18T20:01:34,0,3,3,1,491,74816,491,True,6.564171122994652e-08,498.3808288574219,201.58340454101562,0.7192175388336182,294.08734130859375,1.9908829927444458,6149.186611175537,658.6435348987579,0.0003025531768798828,0.09029316902160645,1.4076838493347168,0.17699074745178223,4.471941947937012,0,41.631522376430304,26644.174320915394,0.27357004903907994,2167973.75,3533915.1427574754,0.5,356179149.771171,100000000000.0,100000000000.0,1000000000.0,clip,False,0,491,0,491,479.71728515625,446.21881103515625,551.65234375,6149.236328125,6151.59912109375,768.8004150390625,0.0,999.1484375,639455.0
2026-05-18T20:01:40,0,3,3,1,492,74816,492,True,6.577540106951871e-08,,,,,,6157.864332199097,658.6435348987579,0.000278472900390625,0.08955073356628418,1.3962786197662354,0.1770327091217041,4.4705352783203125,0,41.572854838875166,26606.627096880104,0.27357004903907994,2042119.0,3504079.219902326,0.5,353391514.27574754,100000000000.0,100000000000.0,1000000000.0,clip,False,0,492,0,492,,,,,,,,,
2026-05-18T20:01:46,0,3,3,1,493,74816,493,True,6.59090909090909e-08,,,,,,6150.266408920288,658.6435348987579,0.00030303001403808594,0.09437966346740723,1.4034996032714844,0.1760396957397461,4.474043846130371,0,41.624213160701466,26639.496422848937,0.27357004903907994,1871036.5,3471418.3655042793,0.5,350407921.9902326,100000000000.0,100000000000.0,1000000000.0,clip,False,0,493,0,493,,,,,,,,,
2026-05-18T20:01:52,0,3,3,1,494,74816,494,True,6.60427807486631e-08,,,,,,6149.602651596069,658.6435348987579,0.000301361083984375,0.08948326110839844,1.4082889556884766,0.17860651016235352,4.470856428146362,0,41.62870586989189,26642.37175673081,0.27357004903907994,2346169.5,3448913.3881941936,0.5,347141836.5504279,100000000000.0,100000000000.0,1000000000.0,clip,False,0,494,0,494,,,,,,,,,
2026-05-18T20:01:59,0,3,3,1,495,74816,495,True,6.61764705882353e-08,,,,,,6149.88112449646,658.6435348987579,0.0003032684326171875,0.10056900978088379,1.39705228805542,0.1802680492401123,4.469666481018066,0,41.62682087955981,26641.165362918277,0.27357004903907994,2643373.0,3432802.5804303098,0.5,344891338.8194194,100000000000.0,100000000000.0,1000000000.0,clip,False,0,495,0,495,,,,,,,,,
2026-05-18T20:02:05,0,3,3,1,496,74816,496,True,6.631016042780749e-08,,,,,,6149.647235870361,658.6435348987579,0.000324249267578125,0.09330582618713379,1.4041690826416016,0.18056035041809082,4.468183994293213,0,41.62840406629735,26642.178602430304,0.27357004903907994,1914014.5,3402426.8188217035,0.5,343280258.043031,100000000000.0,100000000000.0,1000000000.0,clip,False,0,496,0,496,,,,,,,,,
2026-05-18T20:02:11,0,3,3,1,497,74816,497,True,6.644385026737967e-08,,,,,,6149.501085281372,658.6435348987579,0.0003161430358886719,0.09180688858032227,1.4056715965270996,0.17937970161437988,4.4700963497161865,0,41.6293934174152,26642.81178714573,0.27357004903907994,1730129.5,3368980.8724452695,0.5,340242681.8821704,100000000000.0,100000000000.0,1000000000.0,clip,False,0,497,0,497,,,,,,,,,
2026-05-18T20:02:17,0,3,3,1,498,74816,498,True,6.657754010695186e-08,,,,,,6149.472236633301,658.6435348987579,0.0003120899200439453,0.09290480613708496,1.4048423767089844,0.17948055267333984,4.470058917999268,0,41.6295887108768,26642.936774961156,0.27357004903907994,2142847.75,3344458.209996364,0.5,336898087.2445269,100000000000.0,100000000000.0,1000000000.0,clip,False,0,498,0,498,,,,,,,,,
2026-05-18T20:02:23,0,3,3,1,499,74816,499,True,6.671122994652407e-08,,,,,,6149.429798126221,658.6435348987579,0.00030493736267089844,0.09010910987854004,1.40751051902771,0.17852067947387695,4.470888614654541,0,41.6298760054152,26643.12064346573,0.27357004903907994,2524051.0,3328050.0657964367,0.5,334445820.9996364,100000000000.0,100000000000.0,1000000000.0,clip,False,0,499,0,499,,,,,,,,,
2026-05-18T20:02:29,0,3,3,1,500,74816,500,True,6.684491978609626e-08,,,,,,6157.1948528289795,658.6435348987579,0.00030541419982910156,0.0902564525604248,1.4074029922485352,0.17933869361877441,4.4779157638549805,0,41.57737510651924,26609.520068172314,0.27357004903907994,1811987.5,3297728.8144805077,0.5,332805006.57964367,100000000000.0,100000000000.0,1000000000.0,clip,False,0,500,0,500,,,,,,,,,
