time,node_rank,rank,local_rank,epoch,batch_index,num_batches,update_step,should_step,lr,loss_total,loss_gep,loss_zero_prob,loss_gepc,loss_gepc_zero_prob,step_ms,data_load_s,to_device_s,forward_s,loss_s,backward_s,optimizer_s,grad_sync_s,samples_per_s,tokens_per_s,mfu,grad_norm_raw,grad_norm_ema,grad_clip_threshold,grad_skip_threshold,grad_skip_max,grad_hard_raw_norm_limit,grad_ema_contribution_cap,grad_action,skipped,skipped_count_cum,clipped_count_cum,consecutive_skips,consecutive_clips,cluster_loss_total_mean,cluster_loss_total_min,cluster_loss_total_max,cluster_step_ms_mean,cluster_step_ms_max,cluster_data_load_s_max,cluster_grad_sync_s_max,cluster_samples_per_s_sum,cluster_tokens_per_s_sum
2026-05-18T19:11:16,0,1,1,1,1,74816,1,True,1.3368983957219252e-10,646.0064697265625,196.1938934326172,0.7208665013313293,447.08929443359375,2.0024163722991943,809442.5363540649,669.7279958724976,0.0057642459869384766,0.534306526184082,1.1856210231781006,0.28381967544555664,12.58847951889038,0,0.3162670461489325,202.4109095353168,,91204840.0,91204840.0,0.5,100000000000.0,100000000000.0,100000000000.0,1000000000.0,clip,False,0,1,0,1,640.3086751302084,584.711669921875,701.3232421875,809494.5,810489.4375,768.8004150390625,0.0,7.5899224281311035,4857.55029296875
2026-05-18T19:11:22,0,1,1,1,2,74816,2,True,2.6737967914438504e-10,,,,,,7195.051193237305,669.7279958724976,0.0002810955047607422,0.09685683250427246,1.393359661102295,0.2175884246826172,4.428102493286133,0,35.58001091647781,22771.2069865458,,96543344.0,91311610.08,0.5,100000000000.0,100000000000.0,100000000000.0,1000000000.0,clip,False,0,2,0,2,,,,,,,,,
2026-05-18T19:11:28,0,1,1,1,3,74816,3,True,4.0106951871657755e-10,,,,,,6288.48123550415,669.7279958724976,0.00027060508728027344,0.8502795696258545,0.8632841110229492,0.17336177825927734,4.3992462158203125,0,40.70935261039645,26053.98567065373,,98736800.0,91460113.8784,0.5,100000000000.0,100000000000.0,100000000000.0,1000000000.0,clip,False,0,3,0,3,,,,,,,,,
2026-05-18T19:11:34,0,1,1,1,4,74816,4,True,5.347593582887701e-10,,,,,,6153.1007289886475,669.7279958724976,0.0002796649932861328,0.09121537208557129,1.4112963676452637,0.1746513843536377,4.473742723464966,0,41.60503968250124,26627.225396800794,,97532808.0,91581567.760832,0.5,100000000000.0,100000000000.0,100000000000.0,1000000000.0,clip,False,0,4,0,4,,,,,,,,,
2026-05-18T19:11:40,0,1,1,1,5,74816,5,True,6.684491978609625e-10,,,,,,6148.4715938568115,669.7279958724976,0.0004124641418457031,0.09605050086975098,1.4042222499847412,0.18056988716125488,4.464350700378418,0,41.63636378442084,26647.272822029336,,96964872.0,91689233.84561536,0.5,100000000000.0,100000000000.0,100000000000.0,1000000000.0,clip,False,0,5,0,5,,,,,,,,,
2026-05-18T19:11:47,0,1,1,1,6,74816,6,True,8.021390374331551e-10,,,,,,6452.225685119629,669.7279958724976,0.0003688335418701172,0.08982205390930176,1.4123573303222656,0.18083429336547852,4.766695022583008,0,39.676231504176464,25392.78816267294,,98021048.0,91815870.12870306,0.5,100000000000.0,100000000000.0,100000000000.0,1000000000.0,clip,False,0,6,0,6,,,,,,,,,
2026-05-18T19:11:53,0,1,1,1,7,74816,7,True,9.358288770053475e-10,,,,,,6151.912212371826,669.7279958724976,0.00030803680419921875,0.09082627296447754,1.4120724201202393,0.17541718482971191,4.471280336380005,0,41.613077554190426,26632.369634681872,,97543176.0,91930416.24612899,0.5,100000000000.0,100000000000.0,100000000000.0,1000000000.0,clip,False,0,7,0,7,,,,,,,,,
2026-05-18T19:11:59,0,1,1,1,8,74816,8,True,1.0695187165775401e-09,,,,,,6215.0559425354,669.7279958724976,0.0002949237823486328,0.08829784393310547,1.4145567417144775,0.1757984161376953,4.53377366065979,0,41.19029697672618,26361.790065104757,,98012136.0,92052050.64120641,0.5,100000000000.0,100000000000.0,100000000000.0,1000000000.0,clip,False,0,8,0,8,,,,,,,,,
2026-05-18T19:12:05,0,1,1,1,9,74816,9,True,1.2032085561497326e-09,,,,,,6150.213956832886,669.7279958724976,0.0002918243408203125,0.08853530883789062,1.4140164852142334,0.17399215698242188,4.471510648727417,0,41.62456815271997,26639.72361774078,,97280448.0,92156618.58838229,0.5,100000000000.0,100000000000.0,100000000000.0,1000000000.0,clip,False,0,9,0,9,,,,,,,,,
2026-05-18T19:12:12,0,1,1,1,10,74816,10,True,1.336898395721925e-09,,,,,,6151.235580444336,669.7279958724976,0.000293731689453125,0.09052300453186035,1.4117376804351807,0.17875099182128906,4.467818021774292,0,41.61765496575369,26635.29917808236,,99618960.0,92305865.41661465,0.5,100000000000.0,100000000000.0,100000000000.0,1000000000.0,clip,False,0,10,0,10,,,,,,,,,
2026-05-18T19:12:18,0,1,1,1,11,74816,11,True,1.4705882352941176e-09,603.8316650390625,166.24095153808594,0.720136284828186,434.90106201171875,1.9695066213607788,6151.398420333862,669.7279958724976,0.00029277801513671875,0.08992624282836914,1.41312837600708,0.18007349967956543,4.4659104347229,0,41.61655326271417,26634.59408813707,,97702480.0,92413797.70828237,0.5,100000000000.0,100000000000.0,100000000000.0,1000000000.0,clip,False,0,11,0,11,630.4042154947916,568.9302368164062,698.9390869140625,6149.360677083333,6154.24951171875,768.8004150390625,0.0,999.1285400390625,639442.25
2026-05-18T19:12:24,0,1,1,1,12,74816,12,True,1.6042780748663102e-09,,,,,,6163.3241176605225,669.7279958724976,0.0002779960632324219,0.0888509750366211,1.4051966667175293,0.17673635482788086,4.461306810379028,0,41.53602749309452,26583.057595580496,,97152176.0,92508565.27411671,0.5,100000000000.0,100000000000.0,100000000000.0,1000000000.0,clip,False,0,12,0,12,,,,,,,,,
2026-05-18T19:12:30,0,1,1,1,13,74816,13,True,1.7379679144385026e-09,,,,,,6147.975206375122,669.7279958724976,0.00034809112548828125,0.09290528297424316,1.4089868068695068,0.18053984642028809,4.462954759597778,0,41.639725504185776,26649.4243226789,,96201584.0,92582425.64863437,0.5,100000000000.0,100000000000.0,100000000000.0,1000000000.0,clip,False,0,13,0,13,,,,,,,,,
2026-05-18T19:12:36,0,1,1,1,14,74816,14,True,1.871657754010695e-09,,,,,,6150.107383728027,669.7279958724976,0.0003001689910888672,0.09250712394714355,1.4101533889770508,0.17595648765563965,4.469160079956055,0,41.6252894506079,26640.185248389054,,98174080.0,92694258.7356617,0.5,100000000000.0,100000000000.0,100000000000.0,1000000000.0,clip,False,0,14,0,14,,,,,,,,,
2026-05-18T19:12:42,0,1,1,1,15,74816,15,True,2.0053475935828875e-09,,,,,,6151.91650390625,669.7279958724976,0.00026726722717285156,0.09545230865478516,1.407071828842163,0.18140196800231934,4.465895891189575,0,41.613048525195204,26632.351056124928,,97234856.0,92785070.68094847,0.5,100000000000.0,100000000000.0,100000000000.0,1000000000.0,clip,False,0,15,0,15,,,,,,,,,
2026-05-18T19:12:48,0,1,1,1,16,74816,16,True,2.1390374331550803e-09,,,,,,6158.433437347412,669.7279958724976,0.0002598762512207031,0.09186673164367676,1.4103126525878906,0.17441058158874512,4.479591608047485,0,41.5690130622351,26604.168359830466,,96073600.0,92850841.2673295,0.5,100000000000.0,100000000000.0,100000000000.0,1000000000.0,clip,False,0,16,0,16,,,,,,,,,
2026-05-18T19:12:55,0,1,1,1,17,74816,17,True,2.2727272727272727e-09,,,,,,6150.257587432861,669.7279958724976,0.0003333091735839844,0.08938741683959961,1.4128742218017578,0.17808938026428223,4.467679500579834,0,41.62427286348104,26639.534632627863,,97394552.0,92941715.48198292,0.5,100000000000.0,100000000000.0,100000000000.0,1000000000.0,clip,False,0,17,0,17,,,,,,,,,
2026-05-18T19:13:01,0,1,1,1,18,74816,18,True,2.406417112299465e-09,,,,,,6150.014400482178,669.7279958724976,0.000274658203125,0.08998775482177734,1.4121909141540527,0.17461633682250977,4.4710094928741455,0,41.625918791333056,26640.58802645316,,96955568.0,93021992.53234325,0.5,100000000000.0,100000000000.0,100000000000.0,1000000000.0,clip,False,0,18,0,18,,,,,,,,,
2026-05-18T19:13:07,0,1,1,1,19,74816,19,True,2.5401069518716575e-09,,,,,,6152.985095977783,669.7279958724976,0.00026726722717285156,0.08927226066589355,1.4133777618408203,0.18135476112365723,4.466860055923462,0,41.605821565754745,26627.725802083038,,98589184.0,93133336.36169639,0.5,100000000000.0,100000000000.0,100000000000.0,1000000000.0,clip,False,0,19,0,19,,,,,,,,,
2026-05-18T19:13:13,0,1,1,1,20,74816,20,True,2.67379679144385e-09,,,,,,6155.448913574219,669.7279958724976,0.0003705024719238281,0.09211349487304688,1.409703254699707,0.17952537536621094,4.471432447433472,0,41.58916816537288,26617.067625838645,,97469176.0,93220053.15446246,0.5,100000000000.0,100000000000.0,100000000000.0,1000000000.0,clip,False,0,20,0,20,,,,,,,,,
2026-05-18T19:13:19,0,1,1,1,21,74816,21,True,2.8074866310160428e-09,585.39013671875,176.93109130859375,0.721971333026886,405.7672119140625,1.9698313474655151,6151.717662811279,669.7279958724976,0.00028014183044433594,0.08930301666259766,1.40805983543396,0.18201851844787598,4.469831228256226,0,41.61439357784348,26633.211889819828,,96557584.0,93286803.77137321,0.5,100000000000.0,100000000000.0,100000000000.0,1000000000.0,clip,False,0,21,0,21,627.0322265625,552.3350219726562,672.52197265625,6151.369791666667,6153.51416015625,768.8004150390625,0.0,998.802001953125,639233.25
2026-05-18T19:13:25,0,1,1,1,22,74816,22,True,2.941176470588235e-09,,,,,,6157.996416091919,669.7279958724976,0.0002732276916503906,0.08791160583496094,1.396003007888794,0.17535662651062012,4.46949028968811,0,41.57196313577373,26606.056406895186,,96791840.0,93356904.49594574,0.5,100000000000.0,100000000000.0,100000000000.0,1000000000.0,clip,False,0,22,0,22,,,,,,,,,
2026-05-18T19:13:32,0,1,1,1,23,74816,23,True,3.074866310160428e-09,,,,,,6151.8590450286865,669.7279958724976,0.00029754638671875,0.09797191619873047,1.4055159091949463,0.17849326133728027,4.467742681503296,0,41.61343719454584,26632.599804509337,,97073120.0,93431228.80602683,0.5,100000000000.0,100000000000.0,100000000000.0,1000000000.0,clip,False,0,23,0,23,,,,,,,,,
2026-05-18T19:13:38,0,1,1,1,24,74816,24,True,3.2085561497326204e-09,,,,,,6157.456398010254,669.7279958724976,0.00028896331787109375,0.08820533752441406,1.414466142654419,0.17800521850585938,4.474554538726807,0,41.575609058754345,26608.38979760278,,96462200.0,93491848.22990629,0.5,100000000000.0,100000000000.0,100000000000.0,1000000000.0,clip,False,0,24,0,24,,,,,,,,,
2026-05-18T19:13:44,0,1,1,1,25,74816,25,True,3.3422459893048124e-09,,,,,,6151.143312454224,669.7279958724976,0.0002944469451904297,0.08997058868408203,1.4126148223876953,0.18302059173583984,4.463397979736328,0,41.618279236264364,26635.698711209192,,96753424.0,93557079.74530816,0.5,100000000000.0,100000000000.0,100000000000.0,1000000000.0,clip,False,0,25,0,25,,,,,,,,,
2026-05-18T19:13:50,0,1,1,1,26,74816,26,True,3.4759358288770053e-09,,,,,,6150.662899017334,669.7279958724976,0.0002980232238769531,0.09608912467956543,1.406341552734375,0.18471026420593262,4.461272954940796,0,41.62152993962652,26637.77916136097,,97311880.0,93632175.750402,0.5,100000000000.0,100000000000.0,100000000000.0,1000000000.0,clip,False,0,26,0,26,,,,,,,,,
2026-05-18T19:13:56,0,1,1,1,27,74816,27,True,3.6096256684491977e-09,,,,,,6152.287006378174,669.7279958724976,0.0003304481506347656,0.10104584693908691,1.401581048965454,0.1788487434387207,4.468512773513794,0,41.610542507948786,26630.747205087224,,95252928.0,93664590.79539396,0.5,100000000000.0,100000000000.0,100000000000.0,1000000000.0,clip,False,0,27,0,27,,,,,,,,,
2026-05-18T19:14:02,0,1,1,1,28,74816,28,True,3.74331550802139e-09,,,,,,6149.113655090332,669.7279958724976,0.00029015541076660156,0.09661078453063965,1.4051165580749512,0.1748828887939453,4.47008204460144,0,41.63201631312819,26644.49044040204,,96178352.0,93714866.01948608,0.5,100000000000.0,100000000000.0,100000000000.0,1000000000.0,clip,False,0,28,0,28,,,,,,,,,
2026-05-18T19:14:08,0,1,1,1,29,74816,29,True,3.8770053475935825e-09,,,,,,6149.880647659302,669.7279958724976,0.00029087066650390625,0.09046792984008789,1.4112253189086914,0.17519712448120117,4.4709086418151855,0,41.626824107137075,26641.16742856773,,95945680.0,93759482.29909638,0.5,100000000000.0,100000000000.0,100000000000.0,1000000000.0,clip,False,0,29,0,29,,,,,,,,,
2026-05-18T19:14:15,0,1,1,1,30,74816,30,True,4.010695187165775e-09,,,,,,6149.546146392822,669.7279958724976,0.0002911090850830078,0.09575843811035156,1.4066836833953857,0.18160247802734375,4.463359594345093,0,41.62908837592243,26642.616560590355,,97183760.0,93827967.85311446,0.5,100000000000.0,100000000000.0,100000000000.0,1000000000.0,clip,False,0,30,0,30,,,,,,,,,
2026-05-18T19:14:21,0,1,1,1,31,74816,31,True,4.144385026737968e-09,623.7813720703125,181.84849548339844,0.7197229266166687,439.2200927734375,1.9930206537246704,6150.899648666382,669.7279958724976,0.00027823448181152344,0.0948495864868164,1.4079344272613525,0.17592334747314453,4.469969272613525,0,41.61992791664307,26636.753866651565,,95630088.0,93864010.25605217,0.5,100000000000.0,100000000000.0,100000000000.0,1000000000.0,clip,False,0,31,0,31,616.103515625,542.1213989257812,680.8824462890625,6150.972005208333,6155.2275390625,768.8004150390625,0.0,998.8665771484375,639274.625
2026-05-18T19:14:27,0,1,1,1,32,74816,32,True,4.2780748663101606e-09,,,,,,6171.382904052734,669.7279958724976,0.00027298927307128906,0.09379839897155762,1.3904085159301758,0.1789710521697998,4.478039979934692,0,41.48178843867966,26548.34460075498,,95529488.0,93897319.81093113,0.5,100000000000.0,100000000000.0,100000000000.0,1000000000.0,clip,False,0,32,0,32,,,,,,,,,
2026-05-18T19:14:33,0,1,1,1,33,74816,33,True,4.411764705882352e-09,,,,,,6149.820804595947,669.7279958724976,0.00028824806213378906,0.08817410469055176,1.414552927017212,0.17702770233154297,4.4677793979644775,0,41.627229172057085,26641.426670116536,,96741152.0,93954196.45471251,0.5,100000000000.0,100000000000.0,100000000000.0,1000000000.0,clip,False,0,33,0,33,,,,,,,,,
2026-05-18T19:14:39,0,1,1,1,34,74816,34,True,4.545454545454545e-09,,,,,,6149.746656417847,669.7279958724976,0.00028133392333984375,0.09392118453979492,1.4094414710998535,0.18210268020629883,4.462096214294434,0,41.627731076180126,26641.74788875528,,97046824.0,94016049.00561826,0.5,100000000000.0,100000000000.0,100000000000.0,1000000000.0,clip,False,0,34,0,34,,,,,,,,,
2026-05-18T19:14:45,0,1,1,1,35,74816,35,True,4.679144385026738e-09,,,,,,6152.198314666748,669.7279958724976,0.00029921531677246094,0.0964212417602539,1.4063303470611572,0.17653989791870117,4.470592260360718,0,41.61114237649002,26631.131120953614,,96501528.0,94065758.58550589,0.5,100000000000.0,100000000000.0,100000000000.0,1000000000.0,clip,False,0,35,0,35,,,,,,,,,
2026-05-18T19:14:52,0,1,1,1,36,74816,36,True,4.81283422459893e-09,,,,,,6147.6945877075195,669.7279958724976,0.00031495094299316406,0.09005403518676758,1.4110667705535889,0.17298126220703125,4.470815181732178,0,41.641626197872434,26650.640766638357,,95597888.0,94096401.17379577,0.5,100000000000.0,100000000000.0,100000000000.0,1000000000.0,clip,False,0,36,0,36,,,,,,,,,
2026-05-18T19:14:58,0,1,1,1,37,74816,37,True,4.946524064171123e-09,,,,,,6148.844480514526,669.7279958724976,0.0002727508544921875,0.09063482284545898,1.4121952056884766,0.1757972240447998,4.4680445194244385,0,41.633838814960285,26645.656841574582,,94890496.0,94112283.07031986,0.5,100000000000.0,100000000000.0,100000000000.0,1000000000.0,clip,False,0,37,0,37,,,,,,,,,
2026-05-18T19:15:04,0,1,1,1,38,74816,38,True,5.080213903743315e-09,,,,,,6149.41143989563,669.7279958724976,0.0002987384796142578,0.0885169506072998,1.4143855571746826,0.17207121849060059,4.472076416015625,0,41.63000028574197,26643.200182874858,,96836824.0,94166773.88891347,0.5,100000000000.0,100000000000.0,100000000000.0,1000000000.0,clip,False,0,38,0,38,,,,,,,,,
2026-05-18T19:15:10,0,1,1,1,39,74816,39,True,5.213903743315508e-09,,,,,,6153.257608413696,669.7279958724976,0.0002925395965576172,0.08951115608215332,1.414440631866455,0.17604684829711914,4.47102952003479,0,41.60397894766453,26626.5465265053,,97421760.0,94231873.6111352,0.5,100000000000.0,100000000000.0,100000000000.0,1000000000.0,clip,False,0,39,0,39,,,,,,,,,
2026-05-18T19:15:16,0,1,1,1,40,74816,40,True,5.3475935828877e-09,,,,,,6148.403167724609,669.7279958724976,0.0002961158752441406,0.08925461769104004,1.4118402004241943,0.17427468299865723,4.470710754394531,0,41.63682715926061,26647.56938192679,,95397328.0,94255182.6989125,0.5,100000000000.0,100000000000.0,100000000000.0,1000000000.0,clip,False,0,40,0,40,,,,,,,,,
2026-05-18T19:15:22,0,1,1,1,41,74816,41,True,5.481283422459893e-09,662.4570922851562,199.51214599609375,0.7200403809547424,460.20159912109375,2.0233123302459717,6149.899482727051,669.7279958724976,0.00031280517578125,0.08891630172729492,1.4142568111419678,0.18075919151306152,4.463717460632324,0,41.626696618215604,26641.085835657985,,96787872.0,94305836.48493424,0.5,100000000000.0,100000000000.0,100000000000.0,1000000000.0,clip,False,0,41,0,41,644.9625244140625,561.7142944335938,712.2764282226562,6150.124348958333,6153.1103515625,768.8004150390625,0.0,999.0042114257812,639362.75
2026-05-18T19:15:28,0,1,1,1,42,74816,42,True,5.6149732620320855e-09,,,,,,6159.60168838501,669.7279958724976,0.0002741813659667969,0.09081411361694336,1.3930954933166504,0.1826925277709961,4.462080955505371,0,41.56112894162168,26599.122522637877,,95900544.0,94337730.63523555,0.5,100000000000.0,100000000000.0,100000000000.0,1000000000.0,clip,False,0,42,0,42,,,,,,,,,
2026-05-18T19:15:35,0,1,1,1,43,74816,43,True,5.748663101604277e-09,,,,,,6152.841329574585,669.7279958724976,0.0002956390380859375,0.08908438682556152,1.4146676063537598,0.18293166160583496,4.46392560005188,0,41.60679372138143,26628.347981684114,,96555600.0,94382088.02253084,0.5,100000000000.0,100000000000.0,100000000000.0,1000000000.0,clip,False,0,43,0,43,,,,,,,,,
2026-05-18T19:15:41,0,1,1,1,44,74816,44,True,5.88235294117647e-09,,,,,,6153.176069259644,669.7279958724976,0.0002951622009277344,0.08853363990783691,1.4145128726959229,0.17424631118774414,4.473688125610352,0,41.60453026509969,26626.899369663803,,94829768.0,94391041.62208022,0.5,100000000000.0,100000000000.0,100000000000.0,1000000000.0,clip,False,0,44,0,44,,,,,,,,,
2026-05-18T19:15:47,0,1,1,1,45,74816,45,True,6.016042780748663e-09,,,,,,6155.250787734985,669.7279958724976,0.00033473968505859375,0.09262728691101074,1.409369707107544,0.17921900749206543,4.47136116027832,0,41.59050684175342,26617.924378722186,,96611416.0,94435449.10963862,0.5,100000000000.0,100000000000.0,100000000000.0,1000000000.0,clip,False,0,45,0,45,,,,,,,,,
2026-05-18T19:15:53,0,1,1,1,46,74816,46,True,6.149732620320856e-09,,,,,,6143.655300140381,669.7279958724976,0.0002865791320800781,0.08969402313232422,1.4066815376281738,0.17628169059753418,4.468808650970459,0,41.669004443356464,26668.162843748134,,96316328.0,94473066.68744585,0.5,100000000000.0,100000000000.0,100000000000.0,1000000000.0,clip,False,0,46,0,46,,,,,,,,,
2026-05-18T19:15:59,0,1,1,1,47,74816,47,True,6.283422459893048e-09,,,,,,6150.826930999756,669.7279958724976,0.00029540061950683594,0.09003520011901855,1.4125916957855225,0.1829991340637207,4.463045358657837,0,41.62041996496067,26637.06877757483,,95600176.0,94495608.87369692,0.5,100000000000.0,100000000000.0,100000000000.0,1000000000.0,clip,False,0,47,0,47,,,,,,,,,
2026-05-18T19:16:05,0,1,1,1,48,74816,48,True,6.417112299465241e-09,,,,,,6151.2885093688965,669.7279958724976,0.00029754638671875,0.0882713794708252,1.4144134521484375,0.17477130889892578,4.471597194671631,0,41.61729686554156,26635.0699939466,,96468944.0,94535075.57622297,0.5,100000000000.0,100000000000.0,100000000000.0,1000000000.0,clip,False,0,48,0,48,,,,,,,,,
2026-05-18T19:16:11,0,1,1,1,49,74816,49,True,6.550802139037433e-09,,,,,,6153.468608856201,669.7279958724976,0.0002715587615966797,0.08717179298400879,1.4160492420196533,0.17441868782043457,4.473751068115234,0,41.602552360722115,26625.633510862157,,95664432.0,94557662.70469852,0.5,100000000000.0,100000000000.0,100000000000.0,1000000000.0,clip,False,0,49,0,49,,,,,,,,,
2026-05-18T19:16:18,0,1,1,1,50,74816,50,True,6.684491978609625e-09,,,,,,6148.189306259155,669.7279958724976,0.000278472900390625,0.09003233909606934,1.4106197357177734,0.17404603958129883,4.4712278842926025,0,41.638275473948006,26648.496303326723,,94806176.0,94562632.97060454,0.5,100000000000.0,100000000000.0,100000000000.0,1000000000.0,clip,False,0,50,0,50,,,,,,,,,
2026-05-18T19:16:24,0,1,1,1,51,74816,51,True,6.818181818181818e-09,658.6350708007812,194.09744262695312,0.7211621999740601,461.839111328125,1.9773732423782349,6150.259733200073,669.7279958724976,0.0002906322479248047,0.09383559226989746,1.4088094234466553,0.17995023727416992,4.465651035308838,0,41.62425834116754,26639.525338347226,,95831632.0,94588012.95119245,0.5,100000000000.0,100000000000.0,100000000000.0,1000000000.0,clip,False,0,51,0,51,638.0814615885416,576.5716552734375,721.7869262695312,6150.464192708333,6153.8037109375,768.8004150390625,0.0,998.9490966796875,639327.4375
2026-05-18T19:16:30,0,1,1,1,52,74816,52,True,6.9518716577540105e-09,,,,,,6158.880949020386,669.7279958724976,0.0005867481231689453,0.09637022018432617,1.388225793838501,0.18153643608093262,4.4609270095825195,0,41.565992607913394,26602.235269064575,,95770168.0,94611656.05216861,0.5,100000000000.0,100000000000.0,100000000000.0,1000000000.0,clip,False,0,52,0,52,,,,,,,,,
2026-05-18T19:16:36,0,1,1,1,53,74816,53,True,7.085561497326203e-09,,,,,,6148.591995239258,669.7279958724976,0.0003018379211425781,0.08954715728759766,1.4133634567260742,0.17466378211975098,4.468525409698486,0,41.63554846348824,26646.751016632476,,94406568.0,94607554.29112524,0.5,100000000000.0,100000000000.0,100000000000.0,1000000000.0,clip,False,0,53,0,53,,,,,,,,,
2026-05-18T19:16:42,0,1,1,1,54,74816,54,True,7.219251336898395e-09,,,,,,6153.205633163452,669.7279958724976,0.00029850006103515625,0.09373831748962402,1.410203456878662,0.17719721794128418,4.469790458679199,0,41.60433037054,26626.7714371456,,95468952.0,94624782.24530274,0.5,100000000000.0,100000000000.0,100000000000.0,1000000000.0,clip,False,0,54,0,54,,,,,,,,,
2026-05-18T19:16:48,0,1,1,1,55,74816,55,True,7.352941176470588e-09,,,,,,6147.984743118286,669.7279958724976,0.0003101825714111328,0.09325122833251953,1.408379077911377,0.17806172370910645,4.4658637046813965,0,41.639660912716515,26649.38298413857,,94428672.0,94620860.04039668,0.5,100000000000.0,100000000000.0,100000000000.0,1000000000.0,clip,False,0,55,0,55,,,,,,,,,
2026-05-18T19:16:55,0,1,1,1,56,74816,56,True,7.48663101604278e-09,,,,,,6149.471044540405,669.7279958724976,0.0002942085266113281,0.08837747573852539,1.4145491123199463,0.1708357334136963,4.473422288894653,0,41.62959678089398,26642.941939772147,,93425232.0,94596947.47958875,0.5,100000000000.0,100000000000.0,100000000000.0,1000000000.0,clip,False,0,56,0,56,,,,,,,,,
2026-05-18T19:17:01,0,1,1,1,57,74816,57,True,7.620320855614973e-09,,,,,,6149.613618850708,669.7279958724976,0.0002987384796142578,0.0957334041595459,1.4070570468902588,0.17713046073913574,4.467569828033447,0,41.62863162902964,26642.32424257897,,96617720.0,94637362.92999698,0.5,100000000000.0,100000000000.0,100000000000.0,1000000000.0,clip,False,0,57,0,57,,,,,,,,,
2026-05-18T19:17:07,0,1,1,1,58,74816,58,True,7.754010695187165e-09,,,,,,6149.332761764526,669.7279958724976,0.0003070831298828125,0.0945899486541748,1.40846848487854,0.1728982925415039,4.4712440967559814,0,41.63053292411872,26643.54107143598,,96380424.0,94672224.15139705,0.5,100000000000.0,100000000000.0,100000000000.0,1000000000.0,clip,False,0,58,0,58,,,,,,,,,
2026-05-18T19:17:13,0,1,1,1,59,74816,59,True,7.887700534759358e-09,,,,,,6150.851249694824,669.7279958724976,0.0002913475036621094,0.09481930732727051,1.4088685512542725,0.1812131404876709,4.463772296905518,0,41.62025540980226,26636.963462273445,,94942496.0,94677629.5883691,0.5,100000000000.0,100000000000.0,100000000000.0,1000000000.0,clip,False,0,59,0,59,,,,,,,,,
2026-05-18T19:17:19,0,1,1,1,60,74816,60,True,8.02139037433155e-09,,,,,,6149.714946746826,669.7279958724976,0.0002932548522949219,0.08824682235717773,1.4138987064361572,0.17727994918823242,4.468125104904175,0,41.62794572054481,26641.88526114868,,95344072.0,94690958.43660171,0.5,100000000000.0,100000000000.0,100000000000.0,1000000000.0,clip,False,0,60,0,60,,,,,,,,,
2026-05-18T19:17:25,0,1,1,1,61,74816,61,True,8.155080213903743e-09,590.670654296875,168.1324005126953,0.7211999297142029,419.8261413574219,1.9909344911575317,6151.201009750366,669.7279958724976,0.0002899169921875,0.09235811233520508,1.4113543033599854,0.18008136749267578,4.465262174606323,0,41.61788886336349,26635.44887255263,,94183152.0,94680802.30786969,0.5,100000000000.0,100000000000.0,100000000000.0,1000000000.0,clip,False,0,61,0,61,622.8434244791666,570.582763671875,677.679931640625,6152.172526041667,6167.33642578125,768.8004150390625,0.0,998.671875,639150.0625
2026-05-18T19:17:31,0,1,1,1,62,74816,62,True,8.288770053475936e-09,,,,,,6168.142795562744,669.7279958724976,0.0002663135528564453,0.09218525886535645,1.392124891281128,0.18622350692749023,4.458729267120361,0,41.50357870835318,26562.290373346037,,95311352.0,94693413.3017123,0.5,100000000000.0,100000000000.0,100000000000.0,1000000000.0,clip,False,0,62,0,62,,,,,,,,,
2026-05-18T19:17:38,0,1,1,1,63,74816,63,True,8.422459893048128e-09,,,,,,6149.7368812561035,669.7279958724976,0.00031638145446777344,0.09254193305969238,1.4097278118133545,0.17456507682800293,4.470222234725952,0,41.62779724450767,26641.790236484907,,94217216.0,94683889.35567807,0.5,100000000000.0,100000000000.0,100000000000.0,1000000000.0,clip,False,0,63,0,63,,,,,,,,,
2026-05-18T19:17:44,0,1,1,1,64,74816,64,True,8.556149732620321e-09,,,,,,6147.60684967041,669.7279958724976,0.00029969215393066406,0.09793615341186523,1.4038589000701904,0.1735553741455078,4.470029592514038,0,41.64222050304418,26651.021121948277,,94706400.0,94684339.5685645,0.5,100000000000.0,100000000000.0,100000000000.0,1000000000.0,clip,False,0,64,0,64,,,,,,,,,
2026-05-18T19:17:50,0,1,1,1,65,74816,65,True,8.689839572192513e-09,,,,,,6149.946928024292,669.7279958724976,0.00029087066650390625,0.09554028511047363,1.408144474029541,0.17421817779541016,4.469915866851807,0,41.62637547869727,26640.880306366253,,93153376.0,94653720.29719321,0.5,100000000000.0,100000000000.0,100000000000.0,1000000000.0,clip,False,0,65,0,65,,,,,,,,,
2026-05-18T19:17:56,0,1,1,1,66,74816,66,True,8.823529411764704e-09,,,,,,6150.031566619873,669.7279958724976,0.0002770423889160156,0.09009051322937012,1.4092094898223877,0.17216110229492188,4.473025560379028,0,41.6258026039207,26640.513666509247,,94022856.0,94641103.01124935,0.5,100000000000.0,100000000000.0,100000000000.0,1000000000.0,clip,False,0,66,0,66,,,,,,,,,
2026-05-18T19:18:02,0,1,1,1,67,74816,67,True,8.9572192513369e-09,,,,,,6149.684429168701,669.7279958724976,0.00030112266540527344,0.09403538703918457,1.408637285232544,0.1787712574005127,4.466102361679077,0,41.628152297662766,26642.017470504168,,93629128.0,94620863.51102436,0.5,100000000000.0,100000000000.0,100000000000.0,1000000000.0,clip,False,0,67,0,67,,,,,,,,,
2026-05-18T19:18:08,0,1,1,1,68,74816,68,True,9.09090909090909e-09,,,,,,6150.114059448242,669.7279958724976,0.00028967857360839844,0.08893895149230957,1.4129853248596191,0.17365503311157227,4.472160816192627,0,41.62524426790339,26640.15633145817,,92758432.0,94583614.88080387,0.5,100000000000.0,100000000000.0,100000000000.0,1000000000.0,clip,False,0,68,0,68,,,,,,,,,
2026-05-18T19:18:15,0,1,1,1,69,74816,69,True,9.224598930481282e-09,,,,,,6149.2884159088135,669.7279958724976,0.0002994537353515625,0.09393906593322754,1.4092473983764648,0.1737830638885498,4.470105171203613,0,41.63083314448267,26643.733212468913,,95296480.0,94597872.1831878,0.5,100000000000.0,100000000000.0,100000000000.0,1000000000.0,clip,False,0,69,0,69,,,,,,,,,
2026-05-18T19:18:21,0,1,1,1,70,74816,70,True,9.358288770053476e-09,,,,,,6152.145862579346,669.7279958724976,0.00028824806213378906,0.08866143226623535,1.4142873287200928,0.17320013046264648,4.47389030456543,0,41.611497145594264,26631.358173180328,,93468272.0,94575280.17952403,0.5,100000000000.0,100000000000.0,100000000000.0,1000000000.0,clip,False,0,70,0,70,,,,,,,,,
2026-05-18T19:18:27,0,1,1,1,71,74816,71,True,9.491978609625667e-09,551.9337768554688,159.90867614746094,0.7201584577560425,389.3331604003906,1.9718128442764282,6150.637149810791,669.7279958724976,0.00035953521728515625,0.09296703338623047,1.4097719192504883,0.17199444770812988,4.473232746124268,0,41.62170418521197,26637.89067853566,,93276976.0,94549314.09593354,0.5,100000000000.0,100000000000.0,100000000000.0,1000000000.0,clip,False,0,71,0,71,625.7650960286459,551.9337768554688,688.9147338867188,6150.05078125,6155.00830078125,768.8004150390625,0.0,999.0166015625,639370.625
2026-05-18T19:18:33,0,1,1,1,72,74816,72,True,9.62566844919786e-09,,,,,,6157.932758331299,669.7279958724976,0.0002810955047607422,0.09534239768981934,1.3890607357025146,0.1780407428741455,4.466522455215454,0,41.572392886825206,26606.331447568133,,93895952.0,94536246.85401487,0.5,100000000000.0,100000000000.0,100000000000.0,1000000000.0,clip,False,0,72,0,72,,,,,,,,,
2026-05-18T19:18:39,0,1,1,1,73,74816,73,True,9.759358288770054e-09,,,,,,6150.2525806427,669.7279958724976,0.00026726722717285156,0.09259843826293945,1.4102530479431152,0.1750025749206543,4.47025728225708,0,41.624306748918606,26639.556319307907,,92776712.0,94501056.15693457,0.5,100000000000.0,100000000000.0,100000000000.0,1000000000.0,clip,False,0,73,0,73,,,,,,,,,
2026-05-18T19:18:45,0,1,1,1,74,74816,74,True,9.893048128342245e-09,,,,,,6148.2133865356445,669.7279958724976,0.00024008750915527344,0.08767032623291016,1.411074161529541,0.17336130142211914,4.471050500869751,0,41.63811239223257,26648.391931028844,,92730248.0,94465639.99379589,0.5,100000000000.0,100000000000.0,100000000000.0,1000000000.0,clip,False,0,74,0,74,,,,,,,,,
2026-05-18T19:18:51,0,1,1,1,75,74816,75,True,1.0026737967914437e-08,,,,,,6151.314258575439,669.7279958724976,0.00029158592224121094,0.08679318428039551,1.4161646366119385,0.1787426471710205,4.467450857162476,0,41.61712265685579,26634.958500387707,,93646296.0,94449253.11391997,0.5,100000000000.0,100000000000.0,100000000000.0,1000000000.0,clip,False,0,75,0,75,,,,,,,,,
2026-05-18T19:18:58,0,1,1,1,76,74816,76,True,1.016042780748663e-08,,,,,,6149.890661239624,669.7279958724976,0.0003063678741455078,0.08754515647888184,1.415393590927124,0.17840933799743652,4.466400146484375,0,41.626756328119576,26641.124049996528,,93447704.0,94429222.13164157,0.5,100000000000.0,100000000000.0,100000000000.0,1000000000.0,clip,False,0,76,0,76,,,,,,,,,
2026-05-18T19:19:04,0,1,1,1,77,74816,77,True,1.0294117647058823e-08,,,,,,6150.451898574829,669.7279958724976,0.0002949237823486328,0.08816671371459961,1.4147789478302002,0.17309141159057617,4.472156286239624,0,41.62295782840279,26638.693010177787,,92482904.0,94390295.76900873,0.5,100000000000.0,100000000000.0,100000000000.0,1000000000.0,clip,False,0,77,0,77,,,,,,,,,
2026-05-18T19:19:10,0,1,1,1,78,74816,78,True,1.0427807486631017e-08,,,,,,6150.940418243408,669.7279958724976,0.00029540061950683594,0.09349560737609863,1.409799337387085,0.1736299991607666,4.4718403816223145,0,41.619652052020484,26636.57731329311,,92734624.0,94357182.33362855,0.5,100000000000.0,100000000000.0,100000000000.0,1000000000.0,clip,False,0,78,0,78,,,,,,,,,
2026-05-18T19:19:16,0,1,1,1,79,74816,79,True,1.0561497326203208e-08,,,,,,6163.984060287476,669.7279958724976,0.00030541419982910156,0.08833026885986328,1.4152753353118896,0.17513370513916016,4.4828784465789795,0,41.53158046746485,26580.211499177505,,94295080.0,94355940.28695598,0.5,100000000000.0,100000000000.0,100000000000.0,1000000000.0,clip,False,0,79,0,79,,,,,,,,,
2026-05-18T19:19:22,0,1,1,1,80,74816,80,True,1.06951871657754e-08,,,,,,6147.076368331909,669.7279958724976,0.0002703666687011719,0.09170269966125488,1.4095780849456787,0.17837119102478027,4.465082168579102,0,41.645814149771006,26653.321055853445,,90328096.0,94275383.40121686,0.5,100000000000.0,100000000000.0,100000000000.0,1000000000.0,clip,False,0,80,0,80,,,,,,,,,
2026-05-18T19:19:28,0,1,1,1,81,74816,81,True,1.0828877005347593e-08,663.3834838867188,219.1190948486328,0.7183326482772827,441.5239562988281,2.0220749378204346,6149.707078933716,669.7279958724976,0.00028896331787109375,0.08850741386413574,1.4149842262268066,0.17302823066711426,4.471045017242432,0,41.62799897851188,26641.919346247603,,92621048.0,94242296.69319253,0.5,100000000000.0,100000000000.0,100000000000.0,1000000000.0,clip,False,0,81,0,81,625.7777506510416,560.7505493164062,703.0800170898438,6150.2421875,6155.46484375,768.8004150390625,0.0,998.9851684570312,639350.5
2026-05-18T19:19:35,0,1,1,1,82,74816,82,True,1.0962566844919786e-08,,,,,,6162.660121917725,669.7279958724976,0.0002574920654296875,0.08904743194580078,1.396153211593628,0.18088889122009277,4.462764739990234,0,41.540502791891235,26585.921786810388,,91450808.0,94186466.91932867,0.5,100000000000.0,100000000000.0,100000000000.0,1000000000.0,clip,False,0,82,0,82,,,,,,,,,
2026-05-18T19:19:41,0,1,1,1,83,74816,83,True,1.1096256684491978e-08,,,,,,6151.91650390625,669.7279958724976,0.00026917457580566406,0.08735346794128418,1.4154257774353027,0.17299365997314453,4.474040508270264,0,41.613048525195204,26632.351056124928,,92333616.0,94149409.9009421,0.5,100000000000.0,100000000000.0,100000000000.0,1000000000.0,clip,False,0,83,0,83,,,,,,,,,
2026-05-18T19:19:47,0,1,1,1,84,74816,84,True,1.1229946524064171e-08,,,,,,6145.875453948975,669.7279958724976,0.0002803802490234375,0.08632278442382812,1.4159047603607178,0.17261862754821777,4.468940496444702,0,41.65395181178128,26658.52915954002,,91769184.0,94101805.38292326,0.5,100000000000.0,100000000000.0,100000000000.0,1000000000.0,clip,False,0,84,0,84,,,,,,,,,
2026-05-18T19:19:53,0,1,1,1,85,74816,85,True,1.1363636363636363e-08,,,,,,6150.558948516846,669.7279958724976,0.00030040740966796875,0.09269952774047852,1.4103596210479736,0.17885422706604004,4.4664013385772705,0,41.62223338445235,26638.229366049505,,92992736.0,94079623.9952648,0.5,100000000000.0,100000000000.0,100000000000.0,1000000000.0,clip,False,0,85,0,85,,,,,,,,,
2026-05-18T19:19:59,0,1,1,1,86,74816,86,True,1.1497326203208554e-08,,,,,,6151.669502258301,669.7279958724976,0.0002932548522949219,0.09379100799560547,1.4091870784759521,0.17817163467407227,4.468186616897583,0,41.61471937106202,26633.4203974797,,90362544.0,94005282.3953595,0.5,100000000000.0,100000000000.0,100000000000.0,1000000000.0,clip,False,0,86,0,86,,,,,,,,,
2026-05-18T19:20:05,0,1,1,1,87,74816,87,True,1.1631016042780749e-08,,,,,,6152.946472167969,669.7279958724976,0.0002942085266113281,0.0885615348815918,1.4146528244018555,0.1839432716369629,4.463479042053223,0,41.606082737430235,26627.892951955353,,92068928.0,93966555.3074523,0.5,100000000000.0,100000000000.0,100000000000.0,1000000000.0,clip,False,0,87,0,87,,,,,,,,,
2026-05-18T19:20:11,0,1,1,1,88,74816,88,True,1.176470588235294e-08,,,,,,6147.376537322998,669.7279958724976,0.00032591819763183594,0.09175920486450195,1.410006046295166,0.17339396476745605,4.469785690307617,0,41.64378063483329,26652.019606293306,,92162400.0,93930472.20130326,0.5,100000000000.0,100000000000.0,100000000000.0,1000000000.0,clip,False,0,88,0,88,,,,,,,,,
2026-05-18T19:20:18,0,1,1,1,89,74816,89,True,1.1898395721925132e-08,,,,,,6149.91021156311,669.7279958724976,0.000286102294921875,0.08847618103027344,1.4152014255523682,0.17044472694396973,4.473539113998413,0,41.62662399829298,26641.039358907503,,91993600.0,93891734.75727719,0.5,100000000000.0,100000000000.0,100000000000.0,1000000000.0,clip,False,0,89,0,89,,,,,,,,,
2026-05-18T19:20:24,0,1,1,1,90,74816,90,True,1.2032085561497326e-08,,,,,,6152.12607383728,669.7279958724976,0.00028395652770996094,0.09542083740234375,1.4070818424224854,0.1716163158416748,4.475902557373047,0,41.61163099187343,26631.443834798996,,91290376.0,93839707.58213164,0.5,100000000000.0,100000000000.0,100000000000.0,1000000000.0,clip,False,0,90,0,90,,,,,,,,,
2026-05-18T19:20:30,0,1,1,1,91,74816,91,True,1.2165775401069517e-08,671.7974853515625,219.12452697753906,0.717160165309906,449.93780517578125,2.0180270671844482,6582.760334014893,669.7279958724976,0.0002961158752441406,0.09224605560302734,1.4091687202453613,0.17323064804077148,4.905935287475586,0,38.88946080524597,24889.25491535742,,90509656.0,93773106.55048901,0.5,100000000000.0,100000000000.0,100000000000.0,1000000000.0,clip,False,0,91,0,91,623.5843912760416,548.1868286132812,696.0104370117188,6167.912109375,6582.76025390625,768.8004150390625,0.0,996.307373046875,637636.625
2026-05-18T19:20:36,0,1,1,1,92,74816,92,True,1.2299465240641712e-08,,,,,,6143.391132354736,669.7279958724976,0.0002701282501220703,0.09044599533081055,1.3942899703979492,0.17809319496154785,4.465012550354004,0,41.67079622388885,26669.309583288865,,90333960.0,93704323.61947922,0.5,100000000000.0,100000000000.0,100000000000.0,1000000000.0,clip,False,0,92,0,92,,,,,,,,,
2026-05-18T19:20:43,0,1,1,1,93,74816,93,True,1.2433155080213904e-08,,,,,,6152.782678604126,669.7279958724976,0.0003006458282470703,0.08710002899169922,1.416731834411621,0.17144250869750977,4.475358486175537,0,41.60719033523193,26628.601814548434,,92885360.0,93687944.34708965,0.5,100000000000.0,100000000000.0,100000000000.0,1000000000.0,clip,False,0,93,0,93,,,,,,,,,
2026-05-18T19:20:49,0,1,1,1,94,74816,94,True,1.2566844919786095e-08,,,,,,6149.534702301025,669.7279958724976,0.00029659271240234375,0.08725714683532715,1.4141247272491455,0.17149806022644043,4.474430799484253,0,41.62916584635423,26642.66614166671,,89635568.0,93606896.82014786,0.5,100000000000.0,100000000000.0,100000000000.0,1000000000.0,clip,False,0,94,0,94,,,,,,,,,
2026-05-18T19:20:55,0,1,1,1,95,74816,95,True,1.2700534759358288e-08,,,,,,6152.226686477661,669.7279958724976,0.0003044605255126953,0.09422922134399414,1.4079179763793945,0.1755967140197754,4.472041130065918,0,41.61095048117739,26631.00830795353,,90732376.0,93549406.40374489,0.5,100000000000.0,100000000000.0,100000000000.0,1000000000.0,clip,False,0,95,0,95,,,,,,,,,
2026-05-18T19:21:02,0,1,1,1,96,74816,96,True,1.2834224598930482e-08,,,,,,6752.159118652344,669.7279958724976,0.00028395652770996094,0.09762716293334961,1.4035100936889648,0.18146276473999023,5.067183256149292,0,37.913798460824005,24264.831014927364,,90878384.0,93495985.95567,0.5,100000000000.0,100000000000.0,100000000000.0,1000000000.0,clip,False,0,96,0,96,,,,,,,,,
2026-05-18T19:21:08,0,1,1,1,97,74816,97,True,1.2967914438502673e-08,,,,,,6150.504589080811,669.7279958724976,0.0003075599670410156,0.09406328201293945,1.409834623336792,0.17879939079284668,4.465623378753662,0,41.62260125038929,26638.464800249145,,90492640.0,93435919.0365566,0.5,100000000000.0,100000000000.0,100000000000.0,1000000000.0,clip,False,0,97,0,97,,,,,,,,,
2026-05-18T19:21:14,0,1,1,1,98,74816,98,True,1.3101604278074867e-08,,,,,,6148.8354206085205,669.7279958724976,0.00026988983154296875,0.09382081031799316,1.4090542793273926,0.17280125617980957,4.470965623855591,0,41.633900159693155,26645.69610220362,,90247144.0,93372143.53582546,0.5,100000000000.0,100000000000.0,100000000000.0,1000000000.0,clip,False,0,98,0,98,,,,,,,,,
2026-05-18T19:21:20,0,1,1,1,99,74816,99,True,1.3235294117647058e-08,,,,,,6149.931192398071,669.7279958724976,0.0003483295440673828,0.08636188507080078,1.417464017868042,0.17226028442382812,4.471587181091309,0,41.626481986732074,26640.948471508524,,90516408.0,93315028.82510895,0.5,100000000000.0,100000000000.0,100000000000.0,1000000000.0,clip,False,0,99,0,99,,,,,,,,,
2026-05-18T19:21:26,0,1,1,1,100,74816,100,True,1.336898395721925e-08,,,,,,6150.795221328735,669.7279958724976,0.00028705596923828125,0.08682513236999512,1.4157438278198242,0.17335081100463867,4.47274112701416,0,41.620634533935466,26637.206101718697,,90090384.0,93250535.92860678,0.5,100000000000.0,100000000000.0,100000000000.0,1000000000.0,clip,False,0,100,0,100,,,,,,,,,
2026-05-18T19:21:32,0,1,1,1,101,74816,101,True,1.3502673796791445e-08,574.7423095703125,174.5149688720703,0.7203232645988464,397.4936828613281,2.013289213180542,6150.395631790161,669.7279958724976,0.00029206275939941406,0.08748102188110352,1.4151828289031982,0.18319082260131836,4.462358713150024,0,41.62333861528962,26638.936713785355,0.27353251779507354,89970568.0,93184936.57003464,0.5,100000000000.0,100000000000.0,100000000000.0,1000000000.0,clip,False,0,101,0,101,618.3015950520834,552.9642944335938,678.120849609375,6149.111979166667,6151.9765625,768.8004150390625,0.0,999.168701171875,639467.9375
2026-05-18T19:21:39,0,1,1,1,102,74816,102,True,1.3636363636363636e-08,,,,,,6159.6715450286865,669.7279958724976,0.0002684593200683594,0.08781933784484863,1.3962032794952393,0.17713522911071777,4.469680547714233,0,41.56065759814921,26598.820862815497,0.27353251779507354,90262088.0,93126479.59863394,0.5,100000000000.0,100000000000.0,100000000000.0,1000000000.0,clip,False,0,102,0,102,,,,,,,,,
2026-05-18T19:21:45,0,1,1,1,103,74816,103,True,1.3770053475935828e-08,,,,,,6147.167921066284,669.7279958724976,0.00030112266540527344,0.09024930000305176,1.4106502532958984,0.18073606491088867,4.463031053543091,0,41.64519389859036,26652.92409509783,0.27353251779507354,90863944.0,93081228.88666126,0.5,100000000000.0,100000000000.0,100000000000.0,1000000000.0,clip,False,0,103,0,103,,,,,,,,,
2026-05-18T19:21:51,0,1,1,1,104,74816,104,True,1.3903743315508021e-08,,,,,,6145.046949386597,669.7279958724976,0.00030159950256347656,0.09793853759765625,1.4030354022979736,0.17424631118774414,4.467245817184448,0,41.6595677963948,26662.123389692675,0.27353251779507354,90259768.0,93024799.66892803,0.5,100000000000.0,100000000000.0,100000000000.0,1000000000.0,clip,False,0,104,0,104,,,,,,,,,
2026-05-18T19:21:57,0,1,1,1,105,74816,105,True,1.4037433155080213e-08,,,,,,6150.704383850098,669.7279958724976,0.0002856254577636719,0.09374713897705078,1.4097328186035156,0.17301583290100098,4.472047805786133,0,41.62124921369642,26637.59949676571,0.27353251779507354,89860824.0,92961520.15554947,0.5,100000000000.0,100000000000.0,100000000000.0,1000000000.0,clip,False,0,105,0,105,,,,,,,,,
2026-05-18T19:22:04,0,1,1,1,106,74816,106,True,1.4171122994652406e-08,,,,,,6800.655364990234,669.7279958724976,0.00030803680419921875,0.09358453750610352,1.4092988967895508,0.17932677268981934,5.116301536560059,0,37.64343085489785,24091.795747134624,0.27353251779507354,88961168.0,92881513.11243847,0.5,100000000000.0,100000000000.0,100000000000.0,1000000000.0,clip,False,0,106,0,106,,,,,,,,,
2026-05-18T19:22:10,0,1,1,1,107,74816,107,True,1.4304812834224599e-08,,,,,,6149.880170822144,669.7279958724976,0.00026345252990722656,0.09130430221557617,1.4116241931915283,0.17321205139160156,4.471566677093506,0,41.62682733471485,26641.1694942175,0.27353251779507354,88680096.0,92797484.7701897,0.5,100000000000.0,100000000000.0,100000000000.0,1000000000.0,clip,False,0,107,0,107,,,,,,,,,
2026-05-18T19:22:16,0,1,1,1,108,74816,108,True,1.443850267379679e-08,,,,,,6150.167465209961,669.7279958724976,0.0002942085266113281,0.09059572219848633,1.4125022888183594,0.17465925216674805,4.470321893692017,0,41.62488280979848,26639.924998271028,0.27353251779507354,88845048.0,92718436.03478591,0.5,100000000000.0,100000000000.0,100000000000.0,1000000000.0,clip,False,0,108,0,108,,,,,,,,,
2026-05-18T19:22:22,0,1,1,1,109,74816,109,True,1.4572192513368982e-08,,,,,,6155.9319496154785,669.7279958724976,0.00030303001403808594,0.0891411304473877,1.4150574207305908,0.18149375915527344,4.468026638031006,0,41.58590479805266,26614.979070753703,0.27353251779507354,88708984.0,92638246.9940902,0.5,100000000000.0,100000000000.0,100000000000.0,1000000000.0,clip,False,0,109,0,109,,,,,,,,,
2026-05-18T19:22:28,0,1,1,1,110,74816,110,True,1.4705882352941176e-08,,,,,,6145.372629165649,669.7279958724976,0.00029158592224121094,0.08993244171142578,1.4137680530548096,0.18138861656188965,4.458062648773193,0,41.657360008575566,26660.71040548836,0.27353251779507354,87703760.0,92539557.2542084,0.5,100000000000.0,100000000000.0,100000000000.0,1000000000.0,clip,False,0,110,0,110,,,,,,,,,
2026-05-18T19:22:35,0,1,1,1,111,74816,111,True,1.4839572192513369e-08,640.0296630859375,208.98536682128906,0.7200161218643188,428.3154296875,2.0088534355163574,6159.600496292114,669.7279958724976,0.0003077983856201172,0.08938097953796387,1.4140727519989014,0.18594074249267578,4.46789026260376,0,41.561136985118424,26599.12767047579,0.27353251779507354,88103120.0,92450828.50912423,0.5,100000000000.0,100000000000.0,100000000000.0,1000000000.0,clip,False,0,111,0,111,616.94189453125,543.0492553710938,687.5508422851562,6150.786458333333,6159.6005859375,768.8004150390625,0.0,998.8969116210938,639294.0
2026-05-18T19:22:41,0,1,1,1,112,74816,112,True,1.497326203208556e-08,,,,,,6153.7230014801025,669.7279958724976,0.00030231475830078125,0.09437131881713867,1.3900585174560547,0.18109989166259766,4.4628283977508545,0,41.600832526655246,26624.532817059357,0.27353251779507354,88126536.0,92364342.65894175,0.5,100000000000.0,100000000000.0,100000000000.0,1000000000.0,clip,False,0,112,0,112,,,,,,,,,
2026-05-18T19:22:47,0,1,1,1,113,74816,113,True,1.5106951871657752e-08,,,,,,6154.651880264282,669.7279958724976,0.00028061866760253906,0.08910608291625977,1.4143142700195312,0.17466449737548828,4.474432706832886,0,41.59455400246087,26620.514561574953,0.27353251779507354,88726832.0,92291592.4457629,0.5,100000000000.0,100000000000.0,100000000000.0,1000000000.0,clip,False,0,113,0,113,,,,,,,,,
2026-05-18T19:22:53,0,1,1,1,114,74816,114,True,1.5240641711229947e-08,,,,,,6146.780252456665,669.7279958724976,0.0002810955047607422,0.08922123908996582,1.4142403602600098,0.17523932456970215,4.466042995452881,0,41.647820401206836,26654.605056772376,0.27353251779507354,85670592.0,92159172.43684764,0.5,100000000000.0,100000000000.0,100000000000.0,1000000000.0,clip,False,0,114,0,114,,,,,,,,,
2026-05-18T19:22:59,0,1,1,1,115,74816,115,True,1.537433155080214e-08,,,,,,6146.678447723389,669.7279958724976,0.0002796649932861328,0.0892796516418457,1.4147586822509766,0.17836260795593262,4.462096452713013,0,41.648510195749296,26655.046525279547,0.27353251779507354,87739392.0,92070776.8281107,0.5,100000000000.0,100000000000.0,100000000000.0,1000000000.0,clip,False,0,115,0,115,,,,,,,,,
2026-05-18T19:23:05,0,1,1,1,116,74816,116,True,1.550802139037433e-08,,,,,,6149.923086166382,669.7279958724976,0.00029587745666503906,0.08915233612060547,1.4105441570281982,0.17521071434020996,4.470216751098633,0,41.626536854720285,26640.983587020983,0.27353251779507354,87676296.0,91982887.21154848,0.5,100000000000.0,100000000000.0,100000000000.0,1000000000.0,clip,False,0,116,0,116,,,,,,,,,
2026-05-18T19:23:11,0,1,1,1,117,74816,117,True,1.5641711229946525e-08,,,,,,6150.359869003296,669.7279958724976,0.0002841949462890625,0.09237527847290039,1.410595178604126,0.1752762794494629,4.469911336898804,0,41.62358064447478,26639.091612463857,0.27353251779507354,87861312.0,91900455.7073175,0.5,100000000000.0,100000000000.0,100000000000.0,1000000000.0,clip,False,0,117,0,117,,,,,,,,,
2026-05-18T19:23:18,0,1,1,1,118,74816,118,True,1.5775401069518716e-08,,,,,,6150.22349357605,669.7279958724976,0.0002989768981933594,0.08853459358215332,1.4146263599395752,0.17498373985290527,4.469856023788452,0,41.624503608266224,26639.682309290383,0.27353251779507354,88789280.0,91838232.19317114,0.5,100000000000.0,100000000000.0,100000000000.0,1000000000.0,clip,False,0,118,0,118,,,,,,,,,
2026-05-18T19:23:24,0,1,1,1,119,74816,119,True,1.5909090909090908e-08,,,,,,6153.345584869385,669.7279958724976,0.0002963542938232422,0.10003423690795898,1.4036660194396973,0.18679022789001465,4.460547685623169,0,41.60338412155573,26626.165837795666,0.27353251779507354,83260888.0,91666685.30930772,0.5,100000000000.0,100000000000.0,100000000000.0,1000000000.0,clip,False,0,119,0,119,,,,,,,,,
2026-05-18T19:23:30,0,1,1,1,120,74816,120,True,1.60427807486631e-08,,,,,,6147.993564605713,669.7279958724976,0.00036454200744628906,0.09276509284973145,1.4086112976074219,0.18085670471191406,4.463165283203125,0,41.63960116578586,26649.34474610295,0.27353251779507354,85365064.0,91540652.88312156,0.5,100000000000.0,100000000000.0,100000000000.0,1000000000.0,clip,False,0,120,0,120,,,,,,,,,
2026-05-18T19:23:36,0,1,1,1,121,74816,121,True,1.6176470588235295e-08,596.192138671875,176.87445068359375,0.7208743691444397,416.6219787597656,1.9748737812042236,6161.621332168579,669.7279958724976,0.0002815723419189453,0.09431004524230957,1.4089126586914062,0.17457079887390137,4.481642007827759,0,41.54750611879957,26590.403916031726,0.27353251779507354,87429784.0,91458435.50545914,0.5,100000000000.0,100000000000.0,100000000000.0,1000000000.0,clip,False,0,121,0,121,604.25439453125,531.1227416992188,651.5750732421875,6160.485677083333,6164.4453125,768.8004150390625,0.0,997.324462890625,638287.625
2026-05-18T19:23:42,0,1,1,1,122,74816,122,True,1.6310160427807486e-08,,,,,,6158.231496810913,669.7279958724976,0.0002720355987548828,0.09918212890625,1.3853375911712646,0.1794416904449463,4.465331077575684,0,41.570376192023886,26605.040762895285,0.27353251779507354,86282168.0,91354910.15534995,0.5,100000000000.0,100000000000.0,100000000000.0,1000000000.0,clip,False,0,122,0,122,,,,,,,,,
2026-05-18T19:23:48,0,1,1,1,123,74816,123,True,1.6443850267379678e-08,,,,,,6150.494575500488,669.7279958724976,0.0002932548522949219,0.09435129165649414,1.4068377017974854,0.1861555576324463,4.460955858230591,0,41.62266901587639,26638.50817016089,0.27353251779507354,86157864.0,91250969.23224296,0.5,100000000000.0,100000000000.0,100000000000.0,1000000000.0,clip,False,0,123,0,123,,,,,,,,,
2026-05-18T19:23:55,0,1,1,1,124,74816,124,True,1.6577540106951873e-08,,,,,,6149.181842803955,669.7279958724976,0.00029277801513671875,0.09535026550292969,1.4057607650756836,0.1841592788696289,4.461742877960205,0,41.631554659516624,26644.194982090637,0.27353251779507354,85590424.0,91137758.3275981,0.5,100000000000.0,100000000000.0,100000000000.0,1000000000.0,clip,False,0,124,0,124,,,,,,,,,
2026-05-18T19:24:01,0,1,1,1,125,74816,125,True,1.6711229946524064e-08,,,,,,6150.47812461853,669.7279958724976,0.0002956390380859375,0.09390830993652344,1.4067108631134033,0.18701815605163574,4.460548400878906,0,41.622780345369954,26638.579421036768,0.27353251779507354,86556856.0,91046140.28104614,0.5,100000000000.0,100000000000.0,100000000000.0,1000000000.0,clip,False,0,125,0,125,,,,,,,,,
2026-05-18T19:24:07,0,1,1,1,126,74816,126,True,1.6844919786096256e-08,,,,,,6150.862455368042,669.7279958724976,0.00029015541076660156,0.09138369560241699,1.409708023071289,0.17928719520568848,4.4683637619018555,0,41.62017958580445,26636.914934914847,0.27353251779507354,85490960.0,90935036.67542522,0.5,100000000000.0,100000000000.0,100000000000.0,1000000000.0,clip,False,0,126,0,126,,,,,,,,,
2026-05-18T19:24:13,0,1,1,1,127,74816,127,True,1.6978609625668447e-08,,,,,,6149.110317230225,669.7279958724976,0.0002956390380859375,0.09500932693481445,1.4057276248931885,0.1781454086303711,4.468004941940308,0,41.632038911819585,26644.504903564535,0.27353251779507354,86260952.0,90841554.98191671,0.5,100000000000.0,100000000000.0,100000000000.0,1000000000.0,clip,False,0,127,0,127,,,,,,,,,
2026-05-18T19:24:19,0,1,1,1,128,74816,128,True,1.7112299465240642e-08,,,,,,6149.621486663818,669.7279958724976,0.0002772808074951172,0.0906989574432373,1.4125728607177734,0.18246221542358398,4.461848020553589,0,41.62857836944376,26642.290156444007,0.27353251779507354,85844880.0,90741621.48227838,0.5,100000000000.0,100000000000.0,100000000000.0,1000000000.0,clip,False,0,128,0,128,,,,,,,,,
2026-05-18T19:24:25,0,1,1,1,129,74816,129,True,1.7245989304812834e-08,,,,,,6150.242328643799,669.7279958724976,0.0002739429473876953,0.08793210983276367,1.415956735610962,0.18288445472717285,4.461297988891602,0,41.624376133558144,26639.600725477212,0.27353251779507354,84174256.0,90610274.17263281,0.5,100000000000.0,100000000000.0,100000000000.0,1000000000.0,clip,False,0,129,0,129,,,,,,,,,
2026-05-18T19:24:31,0,1,1,1,130,74816,130,True,1.7379679144385025e-08,,,,,,6156.19421005249,669.7279958724976,0.0002856254577636719,0.08922195434570312,1.4133248329162598,0.17729854583740234,4.474186658859253,0,41.58413319416985,26613.845244268705,0.27353251779507354,85666664.0,90511401.96918015,0.5,100000000000.0,100000000000.0,100000000000.0,1000000000.0,clip,False,0,130,0,130,,,,,,,,,
2026-05-18T19:24:38,0,1,1,1,131,74816,131,True,1.7513368983957217e-08,573.336669921875,170.3015899658203,0.7196384072303772,400.3187561035156,1.9967316389083862,6147.423267364502,669.7279958724976,0.0002963542938232422,0.09080862998962402,1.4076392650604248,0.1863880157470703,4.460409879684448,0,41.64346407690116,26651.817009216742,0.27353251779507354,86574096.0,90432655.84979655,0.5,100000000000.0,100000000000.0,100000000000.0,1000000000.0,clip,False,0,131,0,131,606.4388834635416,518.0183715820312,685.4642333984375,6151.072265625,6153.2919921875,768.8004150390625,0.0,998.850341796875,639264.125
2026-05-18T19:24:44,0,1,1,1,132,74816,132,True,1.764705882352941e-08,,,,,,6157.5446128845215,669.7279958724976,0.00030112266540527344,0.09133267402648926,1.3929212093353271,0.18132615089416504,4.465259790420532,0,41.57501343381676,26608.008597642725,0.27353251779507354,83844408.0,90300890.89280061,0.5,100000000000.0,100000000000.0,100000000000.0,1000000000.0,clip,False,0,132,0,132,,,,,,,,,
2026-05-18T19:24:50,0,1,1,1,133,74816,133,True,1.7780748663101607e-08,,,,,,6149.05858039856,669.7279958724976,0.0003285408020019531,0.09279131889343262,1.406522274017334,0.18430233001708984,4.462218761444092,0,41.63238919467361,26644.729084591105,0.27353251779507354,84967528.0,90194223.6349446,0.5,100000000000.0,100000000000.0,100000000000.0,1000000000.0,clip,False,0,133,0,133,,,,,,,,,
2026-05-18T19:24:56,0,1,1,1,134,74816,134,True,1.79144385026738e-08,,,,,,6148.416757583618,669.7279958724976,0.00029730796813964844,0.09696507453918457,1.4051759243011475,0.18390321731567383,4.460261106491089,0,41.636735129290464,26647.510482745896,0.27353251779507354,84108736.0,90072513.8822457,0.5,100000000000.0,100000000000.0,100000000000.0,1000000000.0,clip,False,0,134,0,134,,,,,,,,,
2026-05-18T19:25:02,0,1,1,1,135,74816,135,True,1.804812834224599e-08,,,,,,6149.406671524048,669.7279958724976,0.00029659271240234375,0.09480881690979004,1.4078493118286133,0.17845726013183594,4.466106176376343,0,41.630032566467726,26643.220842539344,0.27353251779507354,82765304.0,89926369.68460079,0.5,100000000000.0,100000000000.0,100000000000.0,1000000000.0,clip,False,0,135,0,135,,,,,,,,,
2026-05-18T19:25:08,0,1,1,1,136,74816,136,True,1.818181818181818e-08,,,,,,6151.263475418091,669.7279958724976,0.00030112266540527344,0.0890340805053711,1.413625955581665,0.18329644203186035,4.463214874267578,0,41.61746623649544,26635.178391357083,0.27353251779507354,84656304.0,89820968.37090877,0.5,100000000000.0,100000000000.0,100000000000.0,1000000000.0,clip,False,0,136,0,136,,,,,,,,,
2026-05-18T19:25:14,0,1,1,1,137,74816,137,True,1.8315508021390373e-08,,,,,,6151.850461959839,669.7279958724976,0.00027632713317871094,0.09029579162597656,1.411238193511963,0.17515110969543457,4.473005771636963,0,41.61349525366133,26632.63696234325,0.27353251779507354,83023080.0,89685010.60349059,0.5,100000000000.0,100000000000.0,100000000000.0,1000000000.0,clip,False,0,137,0,137,,,,,,,,,
2026-05-18T19:25:21,0,1,1,1,138,74816,138,True,1.8449197860962565e-08,,,,,,6154.068231582642,669.7279958724976,0.0002963542938232422,0.08992362022399902,1.4110400676727295,0.18293309211730957,4.468022584915161,0,41.598498808675785,26623.0392375525,0.27353251779507354,84435472.0,89580019.83142078,0.5,100000000000.0,100000000000.0,100000000000.0,1000000000.0,clip,False,0,138,0,138,,,,,,,,,
2026-05-18T19:25:27,0,1,1,1,139,74816,139,True,1.858288770053476e-08,,,,,,6144.880771636963,669.7279958724976,0.0002918243408203125,0.09174537658691406,1.406414270401001,0.18039751052856445,4.464148044586182,0,41.66069440787587,26662.844421040558,0.27353251779507354,82931792.0,89447055.27479236,0.5,100000000000.0,100000000000.0,100000000000.0,1000000000.0,clip,False,0,139,0,139,,,,,,,,,
2026-05-18T19:25:33,0,1,1,1,140,74816,140,True,1.871657754010695e-08,,,,,,6152.027368545532,669.7279958724976,0.0002865791320800781,0.09215617179870605,1.4104118347167969,0.18174076080322266,4.465455532073975,0,41.6122986235225,26631.8711190544,0.27353251779507354,83515392.0,89328422.0092965,0.5,100000000000.0,100000000000.0,100000000000.0,1000000000.0,clip,False,0,140,0,140,,,,,,,,,
2026-05-18T19:25:39,0,1,1,1,141,74816,141,True,1.8850267379679143e-08,574.0867919921875,177.46444702148438,0.7199802994728088,393.8827209472656,2.019639492034912,6148.134231567383,669.7279958724976,0.00029730796813964844,0.09234237670898438,1.4088256359100342,0.18237733840942383,4.462420463562012,0,41.63864846762402,26648.735019279375,0.27353251779507354,82924904.0,89200351.64911057,0.5,100000000000.0,100000000000.0,100000000000.0,1000000000.0,clip,False,0,141,0,141,604.5564778645834,510.64654541015625,682.7819213867188,6150.318359375,6162.05078125,768.8004150390625,0.0,998.9729614257812,639342.6875
2026-05-18T19:25:45,0,1,1,1,142,74816,142,True,1.8983957219251334e-08,,,,,,6177.385568618774,669.7279958724976,0.00028395652770996094,0.09319663047790527,1.3916444778442383,0.18106889724731445,4.4743812084198,0,41.44147991999794,26522.547148798683,0.27353251779507354,82198928.0,89060323.17612836,0.5,100000000000.0,100000000000.0,100000000000.0,1000000000.0,clip,False,0,142,0,142,,,,,,,,,
2026-05-18T19:25:51,0,1,1,1,143,74816,143,True,1.911764705882353e-08,,,,,,6150.71439743042,669.7279958724976,0.0002982616424560547,0.09481143951416016,1.4083359241485596,0.18404364585876465,4.461381912231445,0,41.62118145283237,26637.556129812714,0.27353251779507354,81404096.0,88907198.63260579,0.5,100000000000.0,100000000000.0,100000000000.0,1000000000.0,clip,False,0,143,0,143,,,,,,,,,
2026-05-18T19:25:58,0,1,1,1,144,74816,144,True,1.925133689839572e-08,,,,,,6150.9411334991455,669.7279958724976,0.0002892017364501953,0.0944826602935791,1.4084792137145996,0.1871318817138672,4.458807945251465,0,41.6196472123229,26636.57421588666,0.27353251779507354,82001656.0,88769087.77995367,0.5,100000000000.0,100000000000.0,100000000000.0,1000000000.0,clip,False,0,144,0,144,,,,,,,,,
2026-05-18T19:26:04,0,1,1,1,145,74816,145,True,1.9385026737967916e-08,,,,,,6149.290561676025,669.7279958724976,0.00028514862060546875,0.09309720993041992,1.408280372619629,0.181013822555542,4.464827299118042,0,41.63081861759118,26643.723915258353,0.27353251779507354,83126024.0,88656226.5043546,0.5,100000000000.0,100000000000.0,100000000000.0,1000000000.0,clip,False,0,145,0,145,,,,,,,,,
2026-05-18T19:26:10,0,1,1,1,146,74816,146,True,1.9518716577540107e-08,,,,,,6153.120994567871,669.7279958724976,0.0003237724304199219,0.09029412269592285,1.4116291999816895,0.1787109375,4.470134019851685,0,41.604902654442064,26627.13769884292,0.27353251779507354,82900848.0,88541118.9342675,0.5,100000000000.0,100000000000.0,100000000000.0,1000000000.0,clip,False,0,146,0,146,,,,,,,,,
2026-05-18T19:26:16,0,1,1,1,147,74816,147,True,1.96524064171123e-08,,,,,,6149.388074874878,669.7279958724976,0.00032639503479003906,0.09390425682067871,1.4066557884216309,0.19009137153625488,4.4557671546936035,0,41.63015846177652,26643.30141553697,0.27353251779507354,80059904.0,88371494.63558215,0.5,100000000000.0,100000000000.0,100000000000.0,1000000000.0,clip,False,0,147,0,147,,,,,,,,,
2026-05-18T19:26:22,0,1,1,1,148,74816,148,True,1.978609625668449e-08,,,,,,6149.712800979614,669.7279958724976,0.0003027915954589844,0.09787321090698242,1.4032609462738037,0.18685054779052734,4.459554672241211,0,41.6279602454314,26641.8945570761,0.27353251779507354,79858176.0,88201228.2628705,0.5,100000000000.0,100000000000.0,100000000000.0,1000000000.0,clip,False,0,148,0,148,,,,,,,,,
2026-05-18T19:26:28,0,1,1,1,149,74816,149,True,1.9919786096256682e-08,,,,,,6149.469614028931,669.7279958724976,0.00029659271240234375,0.09722471237182617,1.4036922454833984,0.18296003341674805,4.463354587554932,0,41.62960646491872,26642.94813754798,0.27353251779507354,81465280.0,88066509.29761308,0.5,100000000000.0,100000000000.0,100000000000.0,1000000000.0,clip,False,0,149,0,149,,,,,,,,,
2026-05-18T19:26:34,0,1,1,1,150,74816,150,True,2.0053475935828874e-08,,,,,,6150.370836257935,669.7279958724976,0.00029778480529785156,0.09684085845947266,1.4039192199707031,0.18813562393188477,4.459325551986694,0,41.623506421892095,26639.044110010942,0.27353251779507354,79298840.0,87891155.91166082,0.5,100000000000.0,100000000000.0,100000000000.0,1000000000.0,clip,False,0,150,0,150,,,,,,,,,
2026-05-18T19:26:41,0,1,1,1,151,74816,151,True,2.018716577540107e-08,523.0301513671875,158.9348602294922,0.7188377976417542,361.3935241699219,1.982898473739624,6150.715589523315,669.7279958724976,0.0002956390380859375,0.09705567359924316,1.4035933017730713,0.18333840370178223,4.464775085449219,0,41.62117338607753,26637.55096708962,0.27353251779507354,80936384.0,87752060.47342761,0.5,100000000000.0,100000000000.0,100000000000.0,1000000000.0,clip,False,0,151,0,151,598.2009684244791,523.0301513671875,654.5228881835938,6150.462239583333,6159.45263671875,768.8004150390625,0.0,998.9495849609375,639327.75
2026-05-18T19:26:47,0,1,1,1,152,74816,152,True,2.032085561497326e-08,,,,,,6162.705183029175,669.7279958724976,0.0002961158752441406,0.09154510498046875,1.3925392627716064,0.18356919288635254,4.4643120765686035,0,41.54019905170402,26585.727393090576,0.27353251779507354,79546232.0,87587943.90395905,0.5,100000000000.0,100000000000.0,100000000000.0,1000000000.0,clip,False,0,152,0,152,,,,,,,,,
2026-05-18T19:26:53,0,1,1,1,153,74816,153,True,2.0454545454545455e-08,,,,,,6148.045063018799,669.7279958724976,0.00028061866760253906,0.08970904350280762,1.4098880290985107,0.1865384578704834,4.459799766540527,0,41.639252376315454,26649.12152084189,0.27353251779507354,79763440.0,87431453.82587987,0.5,100000000000.0,100000000000.0,100000000000.0,1000000000.0,clip,False,0,153,0,153,,,,,,,,,
2026-05-18T19:26:59,0,1,1,1,154,74816,154,True,2.0588235294117647e-08,,,,,,6150.254487991333,669.7279958724976,0.00029969215393066406,0.09748363494873047,1.4033923149108887,0.18402385711669922,4.463145017623901,0,41.624293840173976,26639.548057711345,0.27353251779507354,81817760.0,87319179.94936228,0.5,100000000000.0,100000000000.0,100000000000.0,1000000000.0,clip,False,0,154,0,154,,,,,,,,,
2026-05-18T19:27:05,0,1,1,1,155,74816,155,True,2.0721925133689838e-08,,,,,,6149.950265884399,669.7279958724976,0.00029277801513671875,0.09111309051513672,1.4100024700164795,0.1805589199066162,4.466130495071411,0,41.626352886153896,26640.865847138495,0.27353251779507354,79415768.0,87161111.71037503,0.5,100000000000.0,100000000000.0,100000000000.0,1000000000.0,clip,False,0,155,0,155,,,,,,,,,
2026-05-18T19:27:11,0,1,1,1,156,74816,156,True,2.0855614973262033e-08,,,,,,6146.767139434814,669.7279958724976,0.0002925395965576172,0.0877375602722168,1.4133906364440918,0.17951369285583496,4.463958263397217,0,41.64790924933896,26654.661919576934,0.27353251779507354,79356368.0,87005016.83616753,0.5,100000000000.0,100000000000.0,100000000000.0,1000000000.0,clip,False,0,156,0,156,,,,,,,,,
2026-05-18T19:27:18,0,1,1,1,157,74816,157,True,2.0989304812834225e-08,,,,,,6150.789499282837,669.7279958724976,0.0002942085266113281,0.09160947799682617,1.4116451740264893,0.18303203582763672,4.4621381759643555,0,41.620673253384595,26637.230882166143,0.27353251779507354,79976368.0,86864443.85944417,0.5,100000000000.0,100000000000.0,100000000000.0,1000000000.0,clip,False,0,157,0,157,,,,,,,,,
2026-05-18T19:27:24,0,1,1,1,158,74816,158,True,2.1122994652406416e-08,,,,,,6149.847984313965,669.7279958724976,0.0002961158752441406,0.09517455101013184,1.4076001644134521,0.1820065975189209,4.462916612625122,0,41.62704519737127,26641.30892631761,0.27353251779507354,79027056.0,86707696.10225528,0.5,100000000000.0,100000000000.0,100000000000.0,1000000000.0,clip,False,0,158,0,158,,,,,,,,,
2026-05-18T19:27:30,0,1,1,1,159,74816,159,True,2.1256684491978608e-08,,,,,,6152.421236038208,669.7279958724976,0.00026726722717285156,0.0934293270111084,1.4102985858917236,0.1766493320465088,4.469916820526123,0,41.60963467528253,26630.166192180815,0.27353251779507354,78324928.0,86540040.74021018,0.5,100000000000.0,100000000000.0,100000000000.0,1000000000.0,clip,False,0,159,0,159,,,,,,,,,
2026-05-18T19:27:36,0,1,1,1,160,74816,160,True,2.13903743315508e-08,,,,,,6150.881052017212,669.7279958724976,0.0002384185791015625,0.08959317207336426,1.4116661548614502,0.18268275260925293,4.46486496925354,0,41.62005375084331,26636.83440053972,0.27353251779507354,78880864.0,86386857.20540597,0.5,100000000000.0,100000000000.0,100000000000.0,1000000000.0,clip,False,0,160,0,160,,,,,,,,,
2026-05-18T19:27:42,0,1,1,1,161,74816,161,True,2.152406417112299e-08,600.91162109375,199.6955108642578,0.7186135649681091,398.5221252441406,1.9753495454788208,6156.618595123291,669.7279958724976,0.0003254413604736328,0.09818315505981445,1.4050266742706299,0.1779956817626953,4.472700834274292,0,41.581266736708315,26612.010711493323,0.27353251779507354,76619304.0,86191506.14129785,0.5,100000000000.0,100000000000.0,100000000000.0,1000000000.0,clip,False,0,161,0,161,567.3617350260416,488.2982482910156,627.2603149414062,6150.458333333333,6156.61865234375,768.8004150390625,0.0,998.9500122070312,639328.0
2026-05-18T19:27:48,0,1,1,1,162,74816,162,True,2.1657754010695186e-08,,,,,,6156.694412231445,669.7279958724976,0.0003345012664794922,0.09630680084228516,1.3956167697906494,0.19076275825500488,4.437249660491943,0,41.5807546808572,26611.682995748604,0.27353251779507354,79512184.0,86057919.69847189,0.5,100000000000.0,100000000000.0,100000000000.0,1000000000.0,clip,False,0,162,0,162,,,,,,,,,
2026-05-18T19:27:54,0,1,1,1,163,74816,163,True,2.179144385026738e-08,,,,,,6147.976398468018,669.7279958724976,0.00032711029052734375,0.08926939964294434,1.4105029106140137,0.17148900032043457,4.474226951599121,0,41.63971743024116,26649.419155354346,0.27353251779507354,78255984.0,85901880.98450245,0.5,100000000000.0,100000000000.0,100000000000.0,1000000000.0,clip,False,0,163,0,163,,,,,,,,,
2026-05-18T19:28:01,0,1,1,1,164,74816,164,True,2.1925133689839573e-08,,,,,,6149.720668792725,669.7279958724976,0.0003139972686767578,0.09044861793518066,1.4102027416229248,0.1783757209777832,4.468162775039673,0,41.62790698756344,26641.860472040604,0.27353251779507354,78006264.0,85743968.6448124,0.5,100000000000.0,100000000000.0,100000000000.0,1000000000.0,clip,False,0,164,0,164,,,,,,,,,
2026-05-18T19:28:07,0,1,1,1,165,74816,165,True,2.2058823529411764e-08,,,,,,6150.202751159668,669.7279958724976,0.0003027915954589844,0.0976414680480957,1.4022588729858398,0.17985153198242188,4.467884302139282,0,41.6246439927089,26639.772155333692,0.27353251779507354,78427328.0,85597635.83191615,0.5,100000000000.0,100000000000.0,100000000000.0,1000000000.0,clip,False,0,165,0,165,,,,,,,,,
2026-05-18T19:28:13,0,1,1,1,166,74816,166,True,2.2192513368983956e-08,,,,,,6151.085138320923,669.7279958724976,0.00031948089599609375,0.09111452102661133,1.4090492725372314,0.18152165412902832,4.466853380203247,0,41.618672842802006,26635.950619393283,0.27353251779507354,78566160.0,85457006.31527783,0.5,100000000000.0,100000000000.0,100000000000.0,1000000000.0,clip,False,0,166,0,166,,,,,,,,,
2026-05-18T19:28:19,0,1,1,1,167,74816,167,True,2.2326203208556147e-08,,,,,,6147.7484703063965,669.7279958724976,0.0002951622009277344,0.09134340286254883,1.408583641052246,0.1794886589050293,4.465913772583008,0,41.64126122538668,26650.407184247473,0.27353251779507354,75726432.0,85262394.82897227,0.5,100000000000.0,100000000000.0,100000000000.0,1000000000.0,clip,False,0,167,0,167,,,,,,,,,
2026-05-18T19:28:25,0,1,1,1,168,74816,168,True,2.2459893048128342e-08,,,,,,6151.743650436401,669.7279958724976,0.00028777122497558594,0.08934378623962402,1.4130182266235352,0.17721080780029297,4.469883441925049,0,41.61421778065142,26633.099379616913,0.27353251779507354,75834472.0,85073836.37239282,0.5,100000000000.0,100000000000.0,100000000000.0,1000000000.0,clip,False,0,168,0,168,,,,,,,,,
2026-05-18T19:28:31,0,1,1,1,169,74816,169,True,2.2593582887700534e-08,,,,,,6149.647951126099,669.7279958724976,0.00029349327087402344,0.09147167205810547,1.4089279174804688,0.18159127235412598,4.465341567993164,0,41.62839922456412,26642.175503721035,0.27353251779507354,76603880.0,84904437.24494496,0.5,100000000000.0,100000000000.0,100000000000.0,1000000000.0,clip,False,0,169,0,169,,,,,,,,,
2026-05-18T19:28:37,0,1,1,1,170,74816,170,True,2.2727272727272725e-08,,,,,,6149.208307266235,669.7279958724976,0.0002970695495605469,0.09190177917480469,1.4083530902862549,0.1810464859008789,4.465565919876099,0,41.631375489019725,26644.080312972623,0.27353251779507354,76373072.0,84733809.94004606,0.5,100000000000.0,100000000000.0,100000000000.0,1000000000.0,clip,False,0,170,0,170,,,,,,,,,
2026-05-18T19:28:44,0,1,1,1,171,74816,171,True,2.2860962566844917e-08,578.7440795898438,189.41549682617188,0.7178312540054321,386.6135559082031,1.9971885681152344,6148.5114097595215,669.7279958724976,0.000293731689453125,0.09073662757873535,1.4097213745117188,0.1807248592376709,4.465019226074219,0,41.636094159905376,26647.10026233944,0.27353251779507354,75068160.0,84540496.94124514,0.5,100000000000.0,100000000000.0,100000000000.0,1000000000.0,clip,False,0,171,0,171,565.9637858072916,514.614013671875,612.7957763671875,6150.322916666667,6153.490234375,768.8004150390625,0.0,998.9720458984375,639342.125
2026-05-18T19:28:50,0,1,1,1,172,74816,172,True,2.299465240641711e-08,,,,,,6160.591125488281,669.7279958724976,0.0002765655517578125,0.08812761306762695,1.3961083889007568,0.17925143241882324,4.464419841766357,0,41.554453912847485,26594.85050422239,0.27353251779507354,75707240.0,84363831.80242023,0.5,100000000000.0,100000000000.0,100000000000.0,1000000000.0,clip,False,0,172,0,172,,,,,,,,,
2026-05-18T19:28:56,0,1,1,1,173,74816,173,True,2.3128342245989307e-08,,,,,,6149.909973144531,669.7279958724976,0.00029850006103515625,0.09136772155761719,1.4114670753479004,0.17802882194519043,4.466703414916992,0,41.626625612066285,26641.04039172242,0.27353251779507354,75068920.0,84177933.56637183,0.5,100000000000.0,100000000000.0,100000000000.0,1000000000.0,clip,False,0,173,0,173,,,,,,,,,
2026-05-18T19:29:02,0,1,1,1,174,74816,174,True,2.3262032085561498e-08,,,,,,6151.888847351074,669.7279958724976,0.0002849102020263672,0.0888972282409668,1.4137372970581055,0.18267321586608887,4.464293003082275,0,41.61323560165271,26632.470785057736,0.27353251779507354,74087368.0,83976122.25504439,0.5,100000000000.0,100000000000.0,100000000000.0,1000000000.0,clip,False,0,174,0,174,,,,,,,,,
2026-05-18T19:29:08,0,1,1,1,175,74816,175,True,2.339572192513369e-08,,,,,,6150.243282318115,669.7279958724976,0.00029850006103515625,0.09198188781738281,1.4091246128082275,0.1789379119873047,4.467841863632202,0,41.62436967916331,26639.59659466452,0.27353251779507354,75062280.0,83797845.40994349,0.5,100000000000.0,100000000000.0,100000000000.0,1000000000.0,clip,False,0,175,0,175,,,,,,,,,
2026-05-18T19:29:14,0,1,1,1,176,74816,176,True,2.352941176470588e-08,,,,,,6146.430969238281,669.7279958724976,0.000301361083984375,0.09291625022888184,1.4069058895111084,0.1826794147491455,4.4616734981536865,0,41.650187121799846,26656.1197579519,0.27353251779507354,73494392.0,83591776.34174462,0.5,100000000000.0,100000000000.0,100000000000.0,1000000000.0,clip,False,0,176,0,176,,,,,,,,,
2026-05-18T19:29:21,0,1,1,1,177,74816,177,True,2.3663101604278073e-08,,,,,,6156.314134597778,669.7279958724976,0.0002841949462890625,0.09624385833740234,1.4071807861328125,0.17618918418884277,4.474408388137817,0,41.58332313832223,26613.326808526228,0.27353251779507354,74524088.0,83410422.57490973,0.5,100000000000.0,100000000000.0,100000000000.0,1000000000.0,clip,False,0,177,0,177,,,,,,,,,
2026-05-18T19:29:27,0,1,1,1,178,74816,178,True,2.3796791443850265e-08,,,,,,6157.309770584106,669.7279958724976,0.0004112720489501953,0.09923100471496582,1.4005343914031982,0.17620468139648438,4.477700471878052,0,41.5765991217484,26609.023437918975,0.27353251779507354,73879976.0,83219813.64341153,0.5,100000000000.0,100000000000.0,100000000000.0,1000000000.0,clip,False,0,178,0,178,,,,,,,,,
2026-05-18T19:29:33,0,1,1,1,179,74816,179,True,2.393048128342246e-08,,,,,,6139.064788818359,669.7279958724976,0.000347137451171875,0.10264348983764648,1.3950986862182617,0.17396807670593262,4.46471905708313,0,41.70016261536712,26688.10407383496,0.27353251779507354,73701304.0,83029443.4505433,0.5,100000000000.0,100000000000.0,100000000000.0,1000000000.0,clip,False,0,179,0,179,,,,,,,,,
2026-05-18T19:29:39,0,1,1,1,180,74816,180,True,2.406417112299465e-08,,,,,,6151.12042427063,669.7279958724976,0.0002961158752441406,0.08799195289611816,1.413830041885376,0.17448091506958008,4.472579479217529,0,41.61843409696458,26635.797822057328,0.27353251779507354,74867240.0,82866199.38153243,0.5,100000000000.0,100000000000.0,100000000000.0,1000000000.0,clip,False,0,180,0,180,,,,,,,,,
2026-05-18T19:29:45,0,1,1,1,181,74816,181,True,2.4197860962566843e-08,568.3880004882812,191.63363647460938,0.7188704013824463,374.014892578125,2.0205416679382324,6150.346994400024,669.7279958724976,0.0002968311309814453,0.08802032470703125,1.4135808944702148,0.1697688102722168,4.476622104644775,0,41.62366777567047,26639.147376429097,0.27353251779507354,73833368.0,82685542.75390178,0.5,100000000000.0,100000000000.0,100000000000.0,1000000000.0,clip,False,0,181,0,181,579.659423828125,537.8135375976562,622.4334716796875,6148.453125,6152.53955078125,768.8004150390625,0.0,999.2760009765625,639536.625
2026-05-18T19:29:51,0,1,1,1,182,74816,182,True,2.4331550802139034e-08,,,,,,6159.169673919678,669.7279958724976,0.0002751350402832031,0.09649109840393066,1.3884985446929932,0.1770310401916504,4.469430923461914,0,41.56404410873817,26600.988229592433,0.27353251779507354,73268568.0,82497203.25882374,0.5,100000000000.0,100000000000.0,100000000000.0,1000000000.0,clip,False,0,182,0,182,,,,,,,,,
2026-05-18T19:29:57,0,1,1,1,183,74816,183,True,2.446524064171123e-08,,,,,,6148.232460021973,669.7279958724976,0.0003261566162109375,0.1022176742553711,1.3974738121032715,0.17202377319335938,4.473839521408081,0,41.637983219503234,26648.30926048207,0.27353251779507354,71037512.0,82268009.43364726,0.5,100000000000.0,100000000000.0,100000000000.0,1000000000.0,clip,False,0,183,0,183,,,,,,,,,
2026-05-18T19:30:04,0,1,1,1,184,74816,184,True,2.4598930481283424e-08,,,,,,6148.96821975708,669.7279958724976,0.00028967857360839844,0.08691239356994629,1.4162993431091309,0.17539477348327637,4.467986822128296,0,41.63300099315093,26645.120635616593,0.27353251779507354,70782976.0,82038308.76497431,0.5,100000000000.0,100000000000.0,100000000000.0,1000000000.0,clip,False,0,184,0,184,,,,,,,,,
2026-05-18T19:30:10,0,1,1,1,185,74816,185,True,2.4732620320855616e-08,,,,,,6152.641773223877,669.7279958724976,0.0002970695495605469,0.08762526512145996,1.4151079654693604,0.17157268524169922,4.476067781448364,0,41.608143206728656,26629.211652306338,0.27353251779507354,72611600.0,81849774.58967483,0.5,100000000000.0,100000000000.0,100000000000.0,1000000000.0,clip,False,0,185,0,185,,,,,,,,,
2026-05-18T19:30:16,0,1,1,1,186,74816,186,True,2.4866310160427807e-08,,,,,,6150.365352630615,669.7279958724976,0.00031065940856933594,0.09363293647766113,1.4073376655578613,0.17586040496826172,4.471289873123169,0,41.62354353315035,26639.067861216223,0.27353251779507354,72841224.0,81669603.57788134,0.5,100000000000.0,100000000000.0,100000000000.0,1000000000.0,clip,False,0,186,0,186,,,,,,,,,
2026-05-18T19:30:22,0,1,1,1,187,74816,187,True,2.5e-08,,,,,,6149.35302734375,669.7279958724976,0.0003085136413574219,0.08962798118591309,1.4112236499786377,0.1728818416595459,4.4732043743133545,0,41.63039572808211,26643.453265972545,0.27353251779507354,70788320.0,81451977.90632372,0.5,100000000000.0,100000000000.0,100000000000.0,1000000000.0,clip,False,0,187,0,187,,,,,,,,,
2026-05-18T19:30:28,0,1,1,1,188,74816,188,True,2.513368983957219e-08,,,,,,6150.08282661438,669.7279958724976,0.000301361083984375,0.09006619453430176,1.4110887050628662,0.18036556243896484,4.466301679611206,0,41.62545565925784,26640.29162192502,0.27353251779507354,69961304.0,81222164.42819723,0.5,100000000000.0,100000000000.0,100000000000.0,1000000000.0,clip,False,0,188,0,188,,,,,,,,,
2026-05-18T19:30:34,0,1,1,1,189,74816,189,True,2.5267379679144382e-08,,,,,,6149.427652359009,669.7279958724976,0.0003077983856201172,0.0966188907623291,1.4047250747680664,0.18015789985656738,4.465644121170044,0,41.62989053164886,26643.129940255272,0.27353251779507354,71796080.0,81033642.73963328,0.5,100000000000.0,100000000000.0,100000000000.0,1000000000.0,clip,False,0,189,0,189,,,,,,,,,
2026-05-18T19:30:41,0,1,1,1,190,74816,190,True,2.5401069518716577e-08,,,,,,6150.805473327637,669.7279958724976,0.00030684471130371094,0.08812904357910156,1.4126200675964355,0.17082977294921875,4.476999998092651,0,41.62056516176927,26637.161703532336,0.27353251779507354,70755848.0,80828086.84484062,0.5,100000000000.0,100000000000.0,100000000000.0,1000000000.0,clip,False,0,190,0,190,,,,,,,,,
2026-05-18T19:30:47,0,1,1,1,191,74816,191,True,2.553475935828877e-08,538.6275634765625,187.615966796875,0.7204057574272156,348.2818298339844,2.009354829788208,6148.971796035767,669.7279958724976,0.0003123283386230469,0.0902712345123291,1.4100899696350098,0.17146682739257812,4.474920749664307,0,41.63297677914913,26645.105138655443,0.27353251779507354,69595128.0,80603427.6679438,0.5,100000000000.0,100000000000.0,100000000000.0,1000000000.0,clip,False,0,191,0,191,549.2158610026041,488.6321716308594,628.562744140625,6151.795572916667,6155.37255859375,768.8004150390625,0.0,998.73291015625,639189.0
2026-05-18T19:30:53,0,1,1,1,192,74816,192,True,2.5668449197860963e-08,,,,,,6268.713712692261,669.7279958724976,0.0004963874816894531,0.8004806041717529,0.8733363151550293,0.17318010330200195,4.392019510269165,0,40.837723930776576,26136.14331569701,0.27353251779507354,71075312.0,80412865.35458492,0.5,100000000000.0,100000000000.0,100000000000.0,1000000000.0,clip,False,0,192,0,192,,,,,,,,,
2026-05-18T19:30:59,0,1,1,1,193,74816,193,True,2.5802139037433155e-08,,,,,,6147.1710205078125,669.7279958724976,0.0003104209899902344,0.08998346328735352,1.4109916687011719,0.1739366054534912,4.470024585723877,0,41.645172900826836,26652.910656529177,0.27353251779507354,68910592.0,80182819.88749322,0.5,100000000000.0,100000000000.0,100000000000.0,1000000000.0,clip,False,0,193,0,193,,,,,,,,,
2026-05-18T19:31:05,0,1,1,1,194,74816,194,True,2.5935828877005347e-08,,,,,,6152.801513671875,669.7279958724976,0.00028204917907714844,0.08911776542663574,1.4142937660217285,0.1701955795288086,4.476994514465332,0,41.60706296654515,26628.520298588894,0.27353251779507354,68309240.0,79945348.28974335,0.5,100000000000.0,100000000000.0,100000000000.0,1000000000.0,clip,False,0,194,0,194,,,,,,,,,
2026-05-18T19:31:11,0,1,1,1,195,74816,195,True,2.6069518716577538e-08,,,,,,6154.193162918091,669.7279958724976,0.0003204345703125,0.08881449699401855,1.4138596057891846,0.17596912384033203,4.473052740097046,0,41.59765435094245,26622.49878460317,0.27353251779507354,68967104.0,79725783.40394849,0.5,100000000000.0,100000000000.0,100000000000.0,1000000000.0,clip,False,0,195,0,195,,,,,,,,,
2026-05-18T19:31:18,0,1,1,1,196,74816,196,True,2.6203208556149733e-08,,,,,,6148.2813358306885,669.7279958724976,0.00044155120849609375,0.09639906883239746,1.402724266052246,0.17220497131347656,4.473970651626587,0,41.637652218042504,26648.097419547204,0.27353251779507354,70380296.0,79538873.65586951,0.5,100000000000.0,100000000000.0,100000000000.0,1000000000.0,clip,False,0,196,0,196,,,,,,,,,
2026-05-18T19:31:24,0,1,1,1,197,74816,197,True,2.6336898395721925e-08,,,,,,6232.767820358276,669.7279958724976,0.00034427642822265625,0.09960246086120605,1.4010446071624756,0.1719672679901123,4.557473182678223,0,41.07324504593602,26286.87682939905,0.27353251779507354,68922392.0,79326544.02275212,0.5,100000000000.0,100000000000.0,100000000000.0,1000000000.0,clip,False,0,197,0,197,,,,,,,,,
2026-05-18T19:31:30,0,1,1,1,198,74816,198,True,2.6470588235294116e-08,,,,,,6150.596141815186,669.7279958724976,0.00029587745666503906,0.08820819854736328,1.4145393371582031,0.1704857349395752,4.475146532058716,0,41.62198169045259,26638.068281889657,0.27353251779507354,68962104.0,79119255.22229707,0.5,100000000000.0,100000000000.0,100000000000.0,1000000000.0,clip,False,0,198,0,198,,,,,,,,,
2026-05-18T19:31:36,0,1,1,1,199,74816,199,True,2.6604278074866308e-08,,,,,,6436.399936676025,669.7279958724976,0.00035881996154785156,0.09676194190979004,1.4051945209503174,0.1701798439025879,4.7618255615234375,0,39.77378698008736,25455.22366725591,0.27353251779507354,67420672.0,78885283.55785112,0.5,100000000000.0,100000000000.0,100000000000.0,1000000000.0,clip,False,0,199,0,199,,,,,,,,,
2026-05-18T19:31:43,0,1,1,1,200,74816,200,True,2.67379679144385e-08,,,,,,6151.838541030884,669.7279958724976,0.00029659271240234375,0.08781290054321289,1.4139859676361084,0.1790297031402588,4.468675851821899,0,41.61357589159049,26632.688570617913,0.27353251779507354,66436436.0,78636306.6066941,0.5,100000000000.0,100000000000.0,100000000000.0,1000000000.0,clip,False,0,200,0,200,,,,,,,,,
2026-05-18T19:31:49,0,1,1,1,201,74816,201,True,2.687165775401069e-08,534.6284790039062,173.34402465820312,0.7212632894515991,358.56976318359375,1.9934132099151611,6150.741338729858,669.7279958724976,0.0002713203430175781,0.09185290336608887,1.408484697341919,0.1769406795501709,4.471234083175659,0,41.620999144936334,26637.439452759252,0.27353098038544393,66018268.0,78383945.83456022,0.5,7863630660.669411,100000000000.0,100000000000.0,1000000000.0,clip,False,0,201,0,201,552.5367024739584,499.5079040527344,603.2661743164062,6150.046223958333,6153.0234375,768.8004150390625,0.0,999.016845703125,639370.875
2026-05-18T19:31:55,0,1,1,1,202,74816,202,True,2.700534759358289e-08,,,,,,6159.72638130188,669.7279958724976,0.00031185150146484375,0.10011577606201172,1.385167121887207,0.17560386657714844,4.470333099365234,0,41.56028760905667,26598.58406979627,0.27353098038544393,66378120.0,78143829.31786902,0.5,7838394583.456021,100000000000.0,100000000000.0,1000000000.0,clip,False,0,202,0,202,,,,,,,,,
2026-05-18T19:32:01,0,1,1,1,203,74816,203,True,2.713903743315508e-08,,,,,,6147.069454193115,669.7279958724976,0.0003566741943359375,0.09818267822265625,1.402066946029663,0.1757984161376953,4.468677520751953,0,41.645860992407385,26653.351035140724,0.27353098038544393,65047664.0,77881906.01151164,0.5,7814382931.786902,100000000000.0,100000000000.0,1000000000.0,clip,False,0,203,0,203,,,,,,,,,
2026-05-18T19:32:07,0,1,1,1,204,74816,204,True,2.7272727272727272e-08,,,,,,6149.983167648315,669.7279958724976,0.0002887248992919922,0.08849573135375977,1.4144532680511475,0.17438673973083496,4.47045636177063,0,41.626130189538635,26640.72332130473,0.27353098038544393,66362900.0,77651525.89128141,0.5,7788190601.151164,100000000000.0,100000000000.0,1000000000.0,clip,False,0,204,0,204,,,,,,,,,
2026-05-18T19:32:13,0,1,1,1,205,74816,205,True,2.7406417112299464e-08,,,,,,6151.963472366333,669.7279958724976,0.00030040740966796875,0.08784103393554688,1.414557933807373,0.17329812049865723,4.474107980728149,0,41.61273082161693,26632.147725834835,0.27353098038544393,67577416.0,77450043.69345579,0.5,7765152589.128141,100000000000.0,100000000000.0,1000000000.0,clip,False,0,205,0,205,,,,,,,,,
2026-05-18T19:32:19,0,1,1,1,206,74816,206,True,2.7540106951871656e-08,,,,,,6147.342205047607,669.7279958724976,0.0003535747528076172,0.10218548774719238,1.3974792957305908,0.17990994453430176,4.465364933013916,0,41.64401321107476,26652.168455087845,0.27353098038544393,64185820.0,77184759.21958667,0.5,7745004369.345578,100000000000.0,100000000000.0,1000000000.0,clip,False,0,206,0,206,,,,,,,,,
2026-05-18T19:32:26,0,1,1,1,207,74816,207,True,2.767379679144385e-08,,,,,,6152.974367141724,669.7279958724976,0.0003418922424316406,0.09562301635742188,1.4073987007141113,0.17497897148132324,4.472663640975952,0,41.605894113113486,26627.77223239263,0.27353098038544393,66562800.0,76972320.03519493,0.5,7718475921.958667,100000000000.0,100000000000.0,1000000000.0,clip,False,0,207,0,207,,,,,,,,,
2026-05-18T19:32:32,0,1,1,1,208,74816,208,True,2.7807486631016042e-08,,,,,,6225.653171539307,669.7279958724976,0.00032782554626464844,0.1018974781036377,1.3985562324523926,0.1756589412689209,4.547182321548462,0,41.12018336811773,26316.91735559535,0.27353098038544393,64594580.0,76724765.23449102,0.5,7697232003.519493,100000000000.0,100000000000.0,1000000000.0,clip,False,0,208,0,208,,,,,,,,,
2026-05-18T19:32:38,0,1,1,1,209,74816,209,True,2.7941176470588234e-08,,,,,,6148.955345153809,669.7279958724976,0.000339508056640625,0.09697341918945312,1.4053714275360107,0.17189598083496094,4.472500324249268,0,41.6330881637906,26645.176424825986,0.27353098038544393,65955304.0,76509376.0098012,0.5,7672476523.449102,100000000000.0,100000000000.0,1000000000.0,clip,False,0,209,0,209,,,,,,,,,
2026-05-18T19:32:44,0,1,1,1,210,74816,210,True,2.8074866310160425e-08,,,,,,6149.513721466064,669.7279958724976,0.00029850006103515625,0.09625864028930664,1.4061315059661865,0.17104482650756836,4.47377610206604,0,41.6293078762281,26642.757040785982,0.27353098038544393,65416528.0,76287519.04960518,0.5,7650937600.98012,100000000000.0,100000000000.0,1000000000.0,clip,False,0,210,0,210,,,,,,,,,
2026-05-18T19:32:50,0,1,1,1,211,74816,211,True,2.8208556149732617e-08,516.877685546875,181.95106506347656,0.7205737829208374,332.2450256347656,1.9609816074371338,6152.755498886108,669.7279958724976,0.0002918243408203125,0.09651756286621094,1.4058759212493896,0.17389917373657227,4.474262475967407,0,41.60737413445831,26628.719446053317,0.27353098038544393,63979412.0,76041356.90861307,0.5,7628751904.960518,100000000000.0,100000000000.0,1000000000.0,clip,False,0,211,0,211,552.7822672526041,493.17620849609375,607.4188232421875,6150.567057291667,6157.41796875,768.8004150390625,0.0,998.9324951171875,639316.8125
2026-05-18T19:32:56,0,1,1,1,212,74816,212,True,2.8342245989304812e-08,,,,,,6158.575057983398,669.7279958724976,0.00036215782165527344,0.1069486141204834,1.3777782917022705,0.17630481719970703,4.470155477523804,0,41.56805715441361,26603.556578824708,0.27353098038544393,62386404.0,75768257.8504408,0.5,7604135690.861307,100000000000.0,100000000000.0,1000000000.0,clip,False,0,212,0,212,,,,,,,,,
2026-05-18T19:33:03,0,1,1,1,213,74816,213,True,2.8475935828877007e-08,,,,,,6154.4153690338135,669.7279958724976,0.0003306865692138672,0.09940075874328613,1.4028940200805664,0.18086862564086914,4.4685585498809814,0,41.59615246121901,26621.53757518017,0.27353098038544393,64114820.0,75535189.093432,0.5,7576825785.04408,100000000000.0,100000000000.0,1000000000.0,clip,False,0,213,0,213,,,,,,,,,
2026-05-18T19:33:09,0,1,1,1,214,74816,214,True,2.8609625668449198e-08,,,,,,6145.573139190674,669.7279958724976,0.00031304359436035156,0.10000944137573242,1.3985562324523926,0.17850518226623535,4.466048717498779,0,41.65600086466684,26659.840553386777,0.27353098038544393,62101540.0,75266516.11156335,0.5,7553518909.3432,100000000000.0,100000000000.0,1000000000.0,clip,False,0,214,0,214,,,,,,,,,
2026-05-18T19:33:15,0,1,1,1,215,74816,215,True,2.874331550802139e-08,,,,,,6149.857044219971,669.7279958724976,0.00033020973205566406,0.09674787521362305,1.4050045013427734,0.17830228805541992,4.467414140701294,0,41.626983872837364,26641.269678615914,0.27353098038544393,62119232.0,75003570.42933209,0.5,7526651611.156336,100000000000.0,100000000000.0,1000000000.0,clip,False,0,215,0,215,,,,,,,,,
2026-05-18T19:33:21,0,1,1,1,216,74816,216,True,2.887700534759358e-08,,,,,,6149.643182754517,669.7279958724976,0.0006971359252929688,0.09742879867553711,1.404155969619751,0.1731128692626953,4.472221612930298,0,41.62843150280693,26642.196161796437,0.27353098038544393,62033536.0,74744169.74074546,0.5,7500357042.933209,100000000000.0,100000000000.0,1000000000.0,clip,False,0,216,0,216,,,,,,,,,
2026-05-18T19:33:27,0,1,1,1,217,74816,217,True,2.9010695187165773e-08,,,,,,6151.253938674927,669.7279958724976,0.0003199577331542969,0.09885311126708984,1.403489112854004,0.1784207820892334,4.468110799789429,0,41.61753075912621,26635.219685840773,0.27353098038544393,61189772.0,74473081.78593054,0.5,7474416974.074546,100000000000.0,100000000000.0,1000000000.0,clip,False,0,217,0,217,,,,,,,,,
2026-05-18T19:33:33,0,1,1,1,218,74816,218,True,2.9144385026737965e-08,,,,,,6149.953603744507,669.7279958724976,0.0003476142883300781,0.10228323936462402,1.399033546447754,0.17212247848510742,4.474228620529175,0,41.62633029363505,26640.851387926432,0.27353098038544393,61468856.0,74212997.27021194,0.5,7447308178.593055,100000000000.0,100000000000.0,1000000000.0,clip,False,0,218,0,218,,,,,,,,,
2026-05-18T19:33:39,0,1,1,1,219,74816,219,True,2.927807486631016e-08,,,,,,6151.873350143433,669.7279958724976,0.0003147125244140625,0.0980527400970459,1.404426097869873,0.1715407371520996,4.475597620010376,0,41.61334042971338,26632.537875016562,0.27353098038544393,60956636.0,73947870.04480769,0.5,7421299727.0211935,100000000000.0,100000000000.0,1000000000.0,clip,False,0,219,0,219,,,,,,,,,
2026-05-18T19:33:46,0,1,1,1,220,74816,220,True,2.941176470588235e-08,,,,,,6147.174119949341,669.7279958724976,0.00034999847412109375,0.09753012657165527,1.4018995761871338,0.1752157211303711,4.470162868499756,0,41.64515190308449,26652.89721797407,0.27353098038544393,60486212.0,73678636.88391152,0.5,7394787004.480769,100000000000.0,100000000000.0,1000000000.0,clip,False,0,220,0,220,,,,,,,,,
2026-05-18T19:33:52,0,1,1,1,221,74816,221,True,2.9545454545454543e-08,514.0117797851562,182.05368041992188,0.7201033234596252,329.2508239746094,1.9871575832366943,6150.879383087158,669.7279958724976,0.0003662109375,0.10097312927246094,1.4009461402893066,0.17307519912719727,4.473462820053101,0,41.62006504369336,26636.84162796375,0.27353098038544393,60243380.0,73409931.74623328,0.5,7367863688.391152,100000000000.0,100000000000.0,1000000000.0,clip,False,0,221,0,221,530.5683186848959,473.00701904296875,598.6720581054688,6150.180989583333,6153.35546875,768.8004150390625,0.0,998.9950561523438,639356.8125
2026-05-18T19:33:58,0,1,1,1,222,74816,222,True,2.9679144385026738e-08,,,,,,6158.193111419678,669.7279958724976,0.0002994537353515625,0.09595298767089844,1.3886940479278564,0.17898011207580566,4.465547323226929,0,41.57063530945087,26605.20659804856,0.27353098038544393,59943016.0,73140593.43130863,0.5,7340993174.623328,100000000000.0,100000000000.0,1000000000.0,clip,False,0,222,0,222,,,,,,,,,
2026-05-18T19:34:04,0,1,1,1,223,74816,223,True,2.981283422459893e-08,,,,,,6151.342868804932,669.7279958724976,0.0003161430358886719,0.09603452682495117,1.4066545963287354,0.17428874969482422,4.4720847606658936,0,41.616929093359914,26634.834619750345,0.27353098038544393,59706188.0,72871905.32268246,0.5,7314059343.130863,100000000000.0,100000000000.0,1000000000.0,clip,False,0,223,0,223,,,,,,,,,
2026-05-18T19:34:10,0,1,1,1,224,74816,224,True,2.994652406417112e-08,,,,,,6146.214962005615,669.7279958724976,0.0003502368927001953,0.0966036319732666,1.4038572311401367,0.17634296417236328,4.467057466506958,0,41.65165090751444,26657.05658080924,0.27353098038544393,58808396.0,72590635.1362288,0.5,7287190532.268246,100000000000.0,100000000000.0,1000000000.0,clip,False,0,224,0,224,,,,,,,,,
2026-05-18T19:34:16,0,1,1,1,225,74816,225,True,3.008021390374331e-08,,,,,,6149.550199508667,669.7279958724976,0.0003147125244140625,0.10028910636901855,1.4021763801574707,0.17537736892700195,4.46945595741272,0,41.62906093854697,26642.599000670063,0.27353098038544393,58940752.0,72317637.47350423,0.5,7259063513.62288,100000000000.0,100000000000.0,1000000000.0,clip,False,0,225,0,225,,,,,,,,,
2026-05-18T19:34:23,0,1,1,1,226,74816,226,True,3.0213903743315504e-08,,,,,,6152.520179748535,669.7279958724976,0.0003058910369873047,0.08933162689208984,1.4136159420013428,0.17838764190673828,4.469025373458862,0,41.608965516706874,26629.7379306924,0.27353098038544393,58558328.0,72042451.28403415,0.5,7231763747.350423,100000000000.0,100000000000.0,1000000000.0,clip,False,0,226,0,226,,,,,,,,,
2026-05-18T19:34:29,0,1,1,1,227,74816,227,True,3.03475935828877e-08,,,,,,6152.344465255737,669.7279958724976,0.0003139972686767578,0.09059977531433105,1.4099044799804688,0.17712068557739258,4.472318410873413,0,41.61015389266874,26630.498491307993,0.27353098038544393,59566752.0,71792937.29835346,0.5,7204245128.403415,100000000000.0,100000000000.0,1000000000.0,clip,False,0,227,0,227,,,,,,,,,
2026-05-18T19:34:35,0,1,1,1,228,74816,228,True,3.0481283422459894e-08,,,,,,6151.116609573364,669.7279958724976,0.0003116130828857422,0.0906379222869873,1.4104249477386475,0.18888592720031738,4.458825588226318,0,41.618459907193326,26635.814340603727,0.27353098038544393,58321928.0,71523517.11238639,0.5,7179293729.835346,100000000000.0,100000000000.0,1000000000.0,clip,False,0,228,0,228,,,,,,,,,
2026-05-18T19:34:41,0,1,1,1,229,74816,229,True,3.0614973262032085e-08,,,,,,6152.033805847168,669.7279958724976,0.0003380775451660156,0.09260439872741699,1.4078764915466309,0.1774148941040039,4.4712560176849365,0,41.61225508167497,26631.843252271978,0.27353098038544393,58265348.0,71258353.73013867,0.5,7152351711.238639,100000000000.0,100000000000.0,1000000000.0,clip,False,0,229,0,229,,,,,,,,,
2026-05-18T19:34:47,0,1,1,1,230,74816,230,True,3.074866310160428e-08,,,,,,6149.822235107422,669.7279958724976,0.0003528594970703125,0.09344625473022461,1.405745506286621,0.19326496124267578,4.455149412155151,0,41.62721948913834,26641.42047304854,0.27353098038544393,58625084.0,71005688.33553591,0.5,7125835373.013867,100000000000.0,100000000000.0,1000000000.0,clip,False,0,230,0,230,,,,,,,,,
2026-05-18T19:34:53,0,1,1,1,231,74816,231,True,3.088235294117647e-08,484.5064697265625,162.34075927734375,0.718670666217804,319.4645690917969,1.9824756383895874,6142.699718475342,669.7279958724976,0.00030922889709472656,0.08997797966003418,1.4064300060272217,0.17896604537963867,4.465038776397705,0,41.67548663172174,26672.311444301915,0.27353098038544393,57755080.0,70740676.1688252,0.5,7100568833.553592,100000000000.0,100000000000.0,1000000000.0,clip,False,0,231,0,231,545.0289713541666,480.7418212890625,627.37109375,6149.13671875,6154.09765625,768.8004150390625,0.0,999.164794921875,639465.4375
2026-05-18T19:34:59,0,1,1,1,232,74816,232,True,3.101604278074866e-08,,,,,,6158.744096755981,669.7279958724976,0.000274658203125,0.08823275566101074,1.396442174911499,0.1764059066772461,4.466754913330078,0,41.56691623781606,26602.826392202278,0.27353098038544393,56587320.0,70457609.04544869,0.5,7074067616.88252,100000000000.0,100000000000.0,1000000000.0,clip,False,0,232,0,232,,,,,,,,,
2026-05-18T19:35:06,0,1,1,1,233,74816,233,True,3.114973262032086e-08,,,,,,6152.641296386719,669.7279958724976,0.0002956390380859375,0.09346389770507812,1.4102191925048828,0.17634153366088867,4.470355272293091,0,41.60814643141019,26629.21371610252,0.27353098038544393,57402168.0,70196500.22453971,0.5,7045760904.544869,100000000000.0,100000000000.0,1000000000.0,clip,False,0,233,0,233,,,,,,,,,
2026-05-18T19:35:12,0,1,1,1,234,74816,234,True,3.128342245989305e-08,,,,,,6149.982213973999,669.7279958724976,0.00032520294189453125,0.08874654769897461,1.4124393463134766,0.17917275428771973,4.467270135879517,0,41.62613664447946,26640.727452466854,0.27353098038544393,55297912.0,69898528.46004891,0.5,7019650022.453971,100000000000.0,100000000000.0,1000000000.0,clip,False,0,234,0,234,,,,,,,,,
2026-05-18T19:35:18,0,1,1,1,235,74816,235,True,3.141711229946524e-08,,,,,,6149.568557739258,669.7279958724976,0.00031256675720214844,0.09115219116210938,1.4094555377960205,0.17261290550231934,4.473915338516235,0,41.6289366638287,26642.51946485037,0.27353098038544393,54752520.0,69595608.29084794,0.5,6989852846.004891,100000000000.0,100000000000.0,1000000000.0,clip,False,0,235,0,235,,,,,,,,,
2026-05-18T19:35:24,0,1,1,1,236,74816,236,True,3.155080213903743e-08,,,,,,6152.5328159332275,669.7279958724976,0.0002880096435546875,0.0862722396850586,1.4164693355560303,0.17860960960388184,4.469072580337524,0,41.60888005945068,26629.683238048434,0.27353098038544393,54630644.0,69296309.00503097,0.5,6959560829.084794,100000000000.0,100000000000.0,1000000000.0,clip,False,0,236,0,236,,,,,,,,,
2026-05-18T19:35:30,0,1,1,1,237,74816,237,True,3.1684491978609625e-08,,,,,,6147.299528121948,669.7279958724976,0.00031375885009765625,0.0888826847076416,1.4123828411102295,0.1784358024597168,4.465157508850098,0,41.64430231988552,26652.353484726733,0.27353098038544393,54518588.0,69000754.58493036,0.5,6929630900.503098,100000000000.0,100000000000.0,1000000000.0,clip,False,0,237,0,237,,,,,,,,,
2026-05-18T19:35:36,0,1,1,1,238,74816,238,True,3.1818181818181816e-08,,,,,,6148.578643798828,669.7279958724976,0.0002899169921875,0.08727693557739258,1.4151654243469238,0.17955660820007324,4.464473009109497,0,41.63563887374032,26646.808879193803,0.27353098038544393,54150824.0,68703755.97323176,0.5,6900075458.493036,100000000000.0,100000000000.0,1000000000.0,clip,False,0,238,0,238,,,,,,,,,
2026-05-18T19:35:42,0,1,1,1,239,74816,239,True,3.195187165775401e-08,,,,,,6152.383327484131,669.7279958724976,0.00028586387634277344,0.09130597114562988,1.4124205112457275,0.18258213996887207,4.463915824890137,0,41.609891057403445,26630.330276738205,0.27353098038544393,53159048.0,68392861.81376714,0.5,6870375597.323176,100000000000.0,100000000000.0,1000000000.0,clip,False,0,239,0,239,,,,,,,,,
2026-05-18T19:35:49,0,1,1,1,240,74816,240,True,3.20855614973262e-08,,,,,,6149.461030960083,669.7279958724976,0.00031065940856933594,0.08898544311523438,1.4115979671478271,0.18430662155151367,4.462117671966553,0,41.629664569161775,26642.985324263536,0.27353098038544393,54011444.0,68105233.45749179,0.5,6839286181.376714,100000000000.0,100000000000.0,1000000000.0,clip,False,0,240,0,240,,,,,,,,,
2026-05-18T19:35:55,0,1,1,1,241,74816,241,True,3.221925133689839e-08,483.2105712890625,166.59823608398438,0.7204465866088867,313.89422607421875,1.9976927042007446,6150.663375854492,669.7279958724976,0.0002834796905517578,0.0863955020904541,1.414745569229126,0.17804527282714844,4.469259977340698,0,41.62152671287018,26637.777096236914,0.27353098038544393,53774364.0,67818616.06834194,0.5,6810523345.749179,100000000000.0,100000000000.0,1000000000.0,clip,False,0,241,0,241,522.3448893229166,476.903076171875,592.1480712890625,6151.06640625,6155.68701171875,768.8004150390625,0.0,998.8511962890625,639264.8125
2026-05-18T19:36:01,0,1,1,1,242,74816,242,True,3.235294117647059e-08,,,,,,6157.595634460449,669.7279958724976,0.0002467632293701172,0.08839964866638184,1.3960227966308594,0.17836499214172363,4.46501612663269,0,41.574668945021045,26607.78812481347,0.27353098038544393,54142976.0,67545103.2669751,0.5,6781861606.834194,100000000000.0,100000000000.0,1000000000.0,clip,False,0,242,0,242,,,,,,,,,
2026-05-18T19:36:07,0,1,1,1,243,74816,243,True,3.248663101604278e-08,,,,,,6151.970863342285,669.7279958724976,0.00029206275939941406,0.08877396583557129,1.4140231609344482,0.17320728302001953,4.473730564117432,0,41.61268082809458,26632.115729980535,0.27353098038544393,53577656.0,67265754.3216356,0.5,6754510326.697511,100000000000.0,100000000000.0,1000000000.0,clip,False,0,243,0,243,,,,,,,,,
2026-05-18T19:36:13,0,1,1,1,244,74816,244,True,3.262032085561497e-08,,,,,,6147.23014831543,669.7279958724976,0.0002932548522949219,0.08754301071166992,1.4131553173065186,0.1749286651611328,4.469016790390015,0,41.64477233216224,26652.654292583833,0.27353098038544393,53046752.0,66981374.27520289,0.5,6726575432.163561,100000000000.0,100000000000.0,1000000000.0,clip,False,0,244,0,244,,,,,,,,,
2026-05-18T19:36:19,0,1,1,1,245,74816,245,True,3.2754010695187164e-08,,,,,,6150.094747543335,669.7279958724976,0.0002930164337158203,0.08865547180175781,1.4143409729003906,0.18909192085266113,4.45574426651001,0,41.62537497528142,26640.239984180105,0.27353098038544393,50884968.0,66659446.14969883,0.5,6698137427.520289,100000000000.0,100000000000.0,1000000000.0,clip,False,0,245,0,245,,,,,,,,,
2026-05-18T19:36:26,0,1,1,1,246,74816,246,True,3.2887700534759355e-08,,,,,,6154.524326324463,669.7279958724976,0.0003190040588378906,0.0901632308959961,1.412142038345337,0.1763005256652832,4.473515510559082,0,41.595416059210784,26621.0662778949,0.27353098038544393,51313892.0,66352535.066704854,0.5,6665944614.969883,100000000000.0,100000000000.0,1000000000.0,clip,False,0,246,0,246,,,,,,,,,
2026-05-18T19:36:32,0,1,1,1,247,74816,247,True,3.302139037433155e-08,,,,,,6149.452447891235,669.7279958724976,0.00032806396484375,0.09362483024597168,1.4065287113189697,0.18384289741516113,4.462644100189209,0,41.629722673567024,26643.022511082894,0.27353098038544393,51964176.0,66064767.88537076,0.5,6635253506.6704855,100000000000.0,100000000000.0,1000000000.0,clip,False,0,247,0,247,,,,,,,,,
2026-05-18T19:36:38,0,1,1,1,248,74816,248,True,3.3155080213903745e-08,,,,,,6147.895097732544,669.7279958724976,0.0003139972686767578,0.09121012687683105,1.408766269683838,0.18436884880065918,4.461179733276367,0,41.64026808043902,26649.771571480975,0.27353098038544393,50410068.0,65751673.88766334,0.5,6606476788.537076,100000000000.0,100000000000.0,1000000000.0,clip,False,0,248,0,248,,,,,,,,,
2026-05-18T19:36:44,0,1,1,1,249,74816,249,True,3.328877005347593e-08,,,,,,6150.196075439453,669.7279958724976,0.0003135204315185547,0.09128427505493164,1.4099459648132324,0.18685030937194824,4.459688186645508,0,41.62468917411026,26639.801071430564,0.27353098038544393,49474644.0,65426133.28991008,0.5,6575167388.766335,100000000000.0,100000000000.0,1000000000.0,clip,False,0,249,0,249,,,,,,,,,
2026-05-18T19:36:50,0,1,1,1,250,74816,250,True,3.342245989304813e-08,,,,,,6150.600910186768,669.7279958724976,0.00030159950256347656,0.09341979026794434,1.4073889255523682,0.178879976272583,4.468608140945435,0,41.62194942221123,26638.047630215187,0.27353098038544393,49363432.0,65104879.26411188,0.5,6542613328.991008,100000000000.0,100000000000.0,1000000000.0,clip,False,0,250,0,250,,,,,,,,,
2026-05-18T19:36:56,0,1,1,1,251,74816,251,True,3.355614973262032e-08,521.5469970703125,197.58029174804688,0.7187553644180298,321.2786560058594,1.969285249710083,6149.803161621094,669.7279958724976,0.00030612945556640625,0.09003496170043945,1.4106640815734863,0.18044137954711914,4.466613531112671,0,41.62734859509197,26641.503100858863,0.27353098038544393,48146352.0,64765708.71882964,0.5,6510487926.411188,100000000000.0,100000000000.0,1000000000.0,clip,False,0,251,0,251,520.3386637369791,446.2673034667969,589.9898071289062,6150.311197916667,6153.888671875,768.8004150390625,0.0,998.9739379882812,639343.3125
2026-05-18T19:37:02,0,1,1,1,252,74816,252,True,3.368983957219251e-08,,,,,,6161.700487136841,669.7279958724976,0.00028586387634277344,0.09479379653930664,1.3894569873809814,0.18584179878234863,4.457998275756836,0,41.54697238764288,26590.06232809144,0.27353098038544393,49608352.0,64462561.58445305,0.5,6476570871.882964,100000000000.0,100000000000.0,1000000000.0,clip,False,0,252,0,252,,,,,,,,,
2026-05-18T19:37:09,0,1,1,1,253,74816,253,True,3.38235294117647e-08,,,,,,6151.122093200684,669.7279958724976,0.0002913475036621094,0.0892176628112793,1.4137072563171387,0.18804478645324707,4.457962989807129,0,41.61842280499957,26635.790595199724,0.27353098038544393,47146624.0,64116242.832763985,0.5,6446256158.445305,100000000000.0,100000000000.0,1000000000.0,clip,False,0,253,0,253,,,,,,,,,
2026-05-18T19:37:15,0,1,1,1,254,74816,254,True,3.3957219251336895e-08,,,,,,6150.06160736084,669.7279958724976,0.00030541419982910156,0.08917593955993652,1.4123625755310059,0.1843106746673584,4.461979389190674,0,41.62559927750978,26640.38353760626,0.27353098038544393,49612916.0,63826176.29610871,0.5,6411624283.276399,100000000000.0,100000000000.0,1000000000.0,clip,False,0,254,0,254,,,,,,,,,
2026-05-18T19:37:21,0,1,1,1,255,74816,255,True,3.4090909090909086e-08,,,,,,6150.083303451538,669.7279958724976,0.0002899169921875,0.08720088005065918,1.414076328277588,0.1867518424987793,4.459812879562378,0,41.62545243189278,26640.28955641138,0.27353098038544393,49165924.0,63532971.25018654,0.5,6382617629.61087,100000000000.0,100000000000.0,1000000000.0,clip,False,0,255,0,255,,,,,,,,,
2026-05-18T19:37:27,0,1,1,1,256,74816,256,True,3.4224598930481285e-08,,,,,,6147.371768951416,669.7279958724976,0.000308990478515625,0.08891916275024414,1.411895513534546,0.18368196487426758,4.4605817794799805,0,41.643812936933706,26652.04027963757,0.27353098038544393,46894376.0,63200199.34518281,0.5,6353297125.018654,100000000000.0,100000000000.0,1000000000.0,clip,False,0,256,0,256,,,,,,,,,
2026-05-18T19:37:33,0,1,1,1,257,74816,257,True,3.4358288770053476e-08,,,,,,6153.029203414917,669.7279958724976,0.0002923011779785156,0.0870828628540039,1.4153883457183838,0.1821444034576416,4.465710401535034,0,41.6055233181602,26627.534923622527,0.27353098038544393,48409764.0,62904390.638279155,0.5,6320019934.518281,100000000000.0,100000000000.0,1000000000.0,clip,False,0,257,0,257,,,,,,,,,
2026-05-18T19:37:39,0,1,1,1,258,74816,258,True,3.449197860962567e-08,,,,,,6147.456645965576,669.7279958724976,0.0003044605255126953,0.09067153930664062,1.4096379280090332,0.18256378173828125,4.462354898452759,0,41.64323796703901,26651.67229890497,0.27353098038544393,48239144.0,62611085.705513574,0.5,6290439063.827915,100000000000.0,100000000000.0,1000000000.0,clip,False,0,258,0,258,,,,,,,,,
2026-05-18T19:37:45,0,1,1,1,259,74816,259,True,3.462566844919786e-08,,,,,,6152.589559555054,669.7279958724976,0.000286102294921875,0.08895277976989746,1.414224624633789,0.18570423126220703,4.4613938331604,0,41.60849631232569,26629.43763988844,0.27353098038544393,45013156.0,62259127.1114033,0.5,6261108570.551357,100000000000.0,100000000000.0,1000000000.0,clip,False,0,259,0,259,,,,,,,,,
2026-05-18T19:37:52,0,1,1,1,260,74816,260,True,3.475935828877005e-08,,,,,,6147.176265716553,669.7279958724976,0.00031185150146484375,0.09526324272155762,1.4055888652801514,0.18817543983459473,4.456003189086914,0,41.64513736619834,26652.88791436694,0.27353098038544393,45055440.0,61915053.36917524,0.5,6225912711.14033,100000000000.0,100000000000.0,1000000000.0,clip,False,0,260,0,260,,,,,,,,,
2026-05-18T19:37:58,0,1,1,1,261,74816,261,True,3.489304812834225e-08,539.7161865234375,200.06948852539062,0.7189542055130005,336.92242431640625,2.0053391456604004,6152.90904045105,669.7279958724976,0.00028634071350097656,0.08935928344726562,1.4148080348968506,0.18294525146484375,4.463518142700195,0,41.60633585138022,26628.054944883344,0.27353098038544393,46434240.0,61605437.10179174,0.5,6191505336.917524,100000000000.0,100000000000.0,1000000000.0,clip,False,0,261,0,261,522.0421956380209,457.58673095703125,594.9293823242188,6150.477864583333,6155.04296875,768.8004150390625,0.0,998.94677734375,639326.0
2026-05-18T19:38:04,0,1,1,1,262,74816,262,True,3.5026737967914434e-08,,,,,,6156.827688217163,669.7279958724976,0.0002989768981933594,0.08894085884094238,1.3957674503326416,0.18252849578857422,4.462653398513794,0,41.579854588090654,26611.10693637802,0.27353098038544393,46431572.0,61301959.7997559,0.5,6160543710.179174,100000000000.0,100000000000.0,1000000000.0,clip,False,0,262,0,262,,,,,,,,,
2026-05-18T19:38:10,0,1,1,1,263,74816,263,True,3.516042780748663e-08,,,,,,6150.635004043579,669.7279958724976,0.0003211498260498047,0.08958148956298828,1.4123899936676025,0.1969752311706543,4.4494757652282715,0,41.62171870574328,26637.899971675695,0.27353098038544393,44481168.0,60965543.96376078,0.5,6130195979.97559,100000000000.0,100000000000.0,1000000000.0,clip,False,0,263,0,263,,,,,,,,,
2026-05-18T19:38:16,0,1,1,1,264,74816,264,True,3.529411764705882e-08,,,,,,6150.362491607666,669.7279958724976,0.00035452842712402344,0.09226584434509277,1.4077832698822021,0.18577814102172852,4.461925506591797,0,41.62356289557223,26639.080253166227,0.27353098038544393,45840460.0,60663042.28448556,0.5,6096554396.376078,100000000000.0,100000000000.0,1000000000.0,clip,False,0,264,0,264,,,,,,,,,
2026-05-18T19:38:22,0,1,1,1,265,74816,265,True,3.5427807486631015e-08,,,,,,6150.5749225616455,669.7279958724976,0.00032401084899902344,0.09154224395751953,1.4089441299438477,0.18593978881835938,4.461438179016113,0,41.622125284733364,26638.160182229352,0.27353098038544393,45073684.0,60351255.11879585,0.5,6066304228.448556,100000000000.0,100000000000.0,1000000000.0,clip,False,0,265,0,265,,,,,,,,,
2026-05-18T19:38:29,0,1,1,1,266,74816,266,True,3.5561497326203214e-08,,,,,,6149.116516113281,669.7279958724976,0.00029659271240234375,0.0929880142211914,1.408435344696045,0.18512725830078125,4.460306406021118,0,41.6319969428408,26644.478043418112,0.27353098038544393,43446788.0,60013165.77641993,0.5,6035125511.879585,100000000000.0,100000000000.0,1000000000.0,clip,False,0,266,0,266,,,,,,,,,
2026-05-18T19:38:35,0,1,1,1,267,74816,267,True,3.56951871657754e-08,,,,,,6151.144027709961,669.7279958724976,0.0003185272216796875,0.09125638008117676,1.4098339080810547,0.18044090270996094,4.467231273651123,0,41.61827439688605,26635.695614007072,0.27353098038544393,43656048.0,59686023.42089153,0.5,6001316577.641993,100000000000.0,100000000000.0,1000000000.0,clip,False,0,267,0,267,,,,,,,,,
2026-05-18T19:38:41,0,1,1,1,268,74816,268,True,3.58288770053476e-08,,,,,,6148.343086242676,669.7279958724976,0.0003235340118408203,0.09096717834472656,1.4094963073730469,0.1850433349609375,4.460464715957642,0,41.63723403347756,26647.82978142564,0.27353098038544393,43647636.0,59365255.6724737,0.5,5968602342.089153,100000000000.0,100000000000.0,1000000000.0,clip,False,0,268,0,268,,,,,,,,,
2026-05-18T19:38:47,0,1,1,1,269,74816,269,True,3.596256684491978e-08,,,,,,6150.012493133545,669.7279958724976,0.00031113624572753906,0.09042644500732422,1.4107370376586914,0.18827009201049805,4.4582037925720215,0,41.625931701085584,26640.59628869477,0.27353098038544393,44574280.0,59069436.15902422,0.5,5936525567.24737,100000000000.0,100000000000.0,1000000000.0,clip,False,0,269,0,269,,,,,,,,,
2026-05-18T19:38:53,0,1,1,1,270,74816,270,True,3.609625668449198e-08,,,,,,6148.577928543091,669.7279958724976,0.0003139972686767578,0.09575319290161133,1.405299186706543,0.18355631828308105,4.461639404296875,0,41.635643717157755,26646.811978980964,0.27353098038544393,42487884.0,58737805.115843736,0.5,5906943615.902422,100000000000.0,100000000000.0,1000000000.0,clip,False,0,270,0,270,,,,,,,,,
2026-05-18T19:38:59,0,1,1,1,271,74816,271,True,3.6229946524064165e-08,490.1078796386719,173.19497680664062,0.7200114130973816,314.19940185546875,1.9934943914413452,6150.925874710083,669.7279958724976,0.0002951622009277344,0.08890962600708008,1.4135751724243164,0.17995858192443848,4.4662697315216064,0,41.61975045944872,26636.64029404718,0.27353098038544393,40931880.0,58381686.61352686,0.5,5873780511.584373,100000000000.0,100000000000.0,1000000000.0,clip,False,0,271,0,271,514.5491943359375,445.29833984375,595.7996215820312,6151.416015625,6158.5341796875,768.8004150390625,0.0,998.7945556640625,639228.5625
2026-05-18T19:39:05,0,1,1,1,272,74816,272,True,3.636363636363636e-08,,,,,,6162.282228469849,669.7279958724976,0.0002639293670654297,0.08777761459350586,1.3969738483428955,0.17694473266601562,4.469712734222412,0,41.543050205859714,26587.552131750217,0.27353098038544393,42326600.0,58060584.88125632,0.5,5838168661.352686,100000000000.0,100000000000.0,1000000000.0,clip,False,0,272,0,272,,,,,,,,,
2026-05-18T19:39:12,0,1,1,1,273,74816,273,True,3.6497326203208555e-08,,,,,,6162.4133586883545,669.7279958724976,0.0003247261047363281,0.09152770042419434,1.409735918045044,0.1878366470336914,4.470991134643555,0,41.542166209779964,26586.986374259177,0.27353098038544393,40588204.0,57711137.26363119,0.5,5806058488.125632,100000000000.0,100000000000.0,1000000000.0,clip,False,0,273,0,273,,,,,,,,,
2026-05-18T19:39:18,0,1,1,1,274,74816,274,True,3.6631016042780746e-08,,,,,,6150.35605430603,669.7279958724976,0.0003094673156738281,0.09151148796081543,1.411247730255127,0.1854381561279297,4.45976448059082,0,41.62360646108732,26639.108135095885,0.27353098038544393,41725160.0,57391417.71835857,0.5,5771113726.363119,100000000000.0,100000000000.0,1000000000.0,clip,False,0,274,0,274,,,,,,,,,
2026-05-18T19:39:24,0,1,1,1,275,74816,275,True,3.676470588235294e-08,,,,,,6147.6922035217285,669.7279958724976,0.0002942085266113281,0.08949923515319824,1.4095871448516846,0.17844223976135254,4.467860221862793,0,41.64164234724527,26650.651102236974,0.27353098038544393,41067544.0,57064940.2439914,0.5,5739141771.835856,100000000000.0,100000000000.0,1000000000.0,clip,False,0,275,0,275,,,,,,,,,
2026-05-18T19:39:30,0,1,1,1,276,74816,276,True,3.689839572192513e-08,,,,,,6150.701284408569,669.7279958724976,0.0002994537353515625,0.08864760398864746,1.413658618927002,0.18380284309387207,4.46241021156311,0,41.62127018734191,26637.612919898824,0.27353098038544393,39069532.0,56705032.07911157,0.5,5706494024.399139,100000000000.0,100000000000.0,1000000000.0,clip,False,0,276,0,276,,,,,,,,,
2026-05-18T19:39:36,0,1,1,1,277,74816,277,True,3.703208556149733e-08,,,,,,6152.33039855957,669.7279958724976,0.0003113746643066406,0.08905220031738281,1.4129810333251953,0.186629056930542,4.46113395690918,0,41.61024903017832,26630.55937931413,0.27353098038544393,39422272.0,56359376.87752933,0.5,5670503207.911157,100000000000.0,100000000000.0,1000000000.0,clip,False,0,277,0,277,,,,,,,,,
2026-05-18T19:39:42,0,1,1,1,278,74816,278,True,3.716577540106952e-08,,,,,,6150.855302810669,669.7279958724976,0.00030684471130371094,0.09350037574768066,1.4081459045410156,0.18535900115966797,4.461643695831299,0,41.62022798406903,26636.94590980418,0.27353098038544393,37076028.0,55973709.89997874,0.5,5635937687.7529335,100000000000.0,100000000000.0,1000000000.0,clip,False,0,278,0,278,,,,,,,,,
2026-05-18T19:39:49,0,1,1,1,279,74816,279,True,3.729946524064171e-08,,,,,,6150.27642250061,669.7279958724976,0.00039315223693847656,0.08903622627258301,1.4115769863128662,0.18183612823486328,4.4655797481536865,0,41.62414539018626,26639.453049719203,0.27353098038544393,37477984.0,55603795.38197917,0.5,5597370989.997874,100000000000.0,100000000000.0,1000000000.0,clip,False,0,279,0,279,,,,,,,,,
2026-05-18T19:39:55,0,1,1,1,280,74816,280,True,3.74331550802139e-08,,,,,,6151.058912277222,669.7279958724976,0.00031638145446777344,0.09541106224060059,1.4056158065795898,0.18337392807006836,4.46444034576416,0,41.618850290807025,26636.0641861165,0.27353098038544393,37410640.0,55239932.27433958,0.5,5560379538.197917,100000000000.0,100000000000.0,1000000000.0,clip,False,0,280,0,280,,,,,,,,,
2026-05-18T19:40:01,0,1,1,1,281,74816,281,True,3.7566844919786094e-08,494.6546936035156,188.34823608398438,0.7195669412612915,303.58074951171875,2.0061421394348145,6149.423122406006,669.7279958724976,0.0003173351287841797,0.09092116355895996,1.4100308418273926,0.18309593200683594,4.463112831115723,0,41.629921198175445,26643.149566832282,0.27353098038544393,37701216.0,54889157.948852785,0.5,5523993227.433958,100000000000.0,100000000000.0,1000000000.0,clip,False,0,281,0,281,508.4671223958333,444.277587890625,559.5413208007812,6150.013020833333,6155.62646484375,768.8004150390625,0.0,999.0224609375,639374.375
2026-05-18T19:40:07,0,1,1,1,282,74816,282,True,3.7700534759358286e-08,,,,,,6476.795434951782,669.7279958724976,0.0002872943878173828,0.09092950820922852,1.393946886062622,0.18337011337280273,4.781177043914795,0,39.525719558549845,25296.4605174719,0.27353098038544393,38821152.0,54567797.82987573,0.5,5488915794.885279,100000000000.0,100000000000.0,1000000000.0,clip,False,0,282,0,282,,,,,,,,,
2026-05-18T19:40:13,0,1,1,1,283,74816,283,True,3.783422459893048e-08,,,,,,6155.378103256226,669.7279958724976,0.00031113624572753906,0.09095239639282227,1.4103972911834717,0.1917562484741211,4.460059404373169,0,41.58964659938189,26617.373823604405,0.27353098038544393,36798984.0,54212421.553278215,0.5,5456779782.987573,100000000000.0,100000000000.0,1000000000.0,clip,False,0,283,0,283,,,,,,,,,
2026-05-18T19:40:20,0,1,1,1,284,74816,284,True,3.796791443850267e-08,,,,,,6152.603387832642,669.7279958724976,0.0003235340118408203,0.09326720237731934,1.4079864025115967,0.18318915367126465,4.4657580852508545,0,41.60840279519144,26629.37778892252,0.27353098038544393,37796180.0,53884096.72221265,0.5,5421242155.327822,100000000000.0,100000000000.0,1000000000.0,clip,False,0,284,0,284,,,,,,,,,
2026-05-18T19:40:26,0,1,1,1,285,74816,285,True,3.810160427807487e-08,,,,,,6148.2994556427,669.7279958724976,0.0003364086151123047,0.5416133403778076,0.9581050872802734,0.1952378749847412,4.450579643249512,0,41.637529506643,26648.018884251516,0.27353098038544393,36603848.0,53538491.747768395,0.5,5388409672.221265,100000000000.0,100000000000.0,1000000000.0,clip,False,0,285,0,285,,,,,,,,,
2026-05-18T19:40:32,0,1,1,1,286,74816,286,True,3.823529411764706e-08,,,,,,6148.834228515625,669.7279958724976,0.00030684471130371094,0.09026813507080078,1.4105281829833984,0.18426275253295898,4.4615983963012695,0,41.63390823138199,26645.701268084475,0.27353098038544393,34099524.0,53149712.39281303,0.5,5353849174.776839,100000000000.0,100000000000.0,1000000000.0,clip,False,0,286,0,286,,,,,,,,,
2026-05-18T19:40:38,0,1,1,1,287,74816,287,True,3.836898395721925e-08,,,,,,6150.783538818359,669.7279958724976,0.00030541419982910156,0.09102368354797363,1.4100861549377441,0.1826622486114502,4.464656114578247,0,41.62071358622071,26637.256695181255,0.27353098038544393,34955144.0,52785821.02495677,0.5,5314971239.281302,100000000000.0,100000000000.0,1000000000.0,clip,False,0,287,0,287,,,,,,,,,
2026-05-18T19:40:44,0,1,1,1,288,74816,288,True,3.850267379679144e-08,,,,,,6149.961233139038,669.7279958724976,0.00030875205993652344,0.08987593650817871,1.4112625122070312,0.18585896492004395,4.460652112960815,0,41.626278653684054,26640.818338357793,0.27353098038544393,34880940.0,52427723.40445763,0.5,5278582102.495677,100000000000.0,100000000000.0,1000000000.0,clip,False,0,288,0,288,,,,,,,,,
2026-05-18T19:40:50,0,1,1,1,289,74816,289,True,3.8636363636363633e-08,,,,,,6148.131847381592,669.7279958724976,0.0003070831298828125,0.09578061103820801,1.4053153991699219,0.1851334571838379,4.459619522094727,0,41.63866461468731,26648.745353399878,0.27353098038544393,35866968.0,52096508.29636847,0.5,5242772340.445763,100000000000.0,100000000000.0,1000000000.0,clip,False,0,289,0,289,,,,,,,,,
2026-05-18T19:40:57,0,1,1,1,290,74816,290,True,3.877005347593583e-08,,,,,,6148.958921432495,669.7279958724976,0.0003039836883544922,0.08901119232177734,1.4136693477630615,0.1803574562072754,4.463718414306641,0,41.63306394968741,26645.160927799945,0.27353098038544393,34597748.0,51746533.0904411,0.5,5209650829.6368475,100000000000.0,100000000000.0,1000000000.0,clip,False,0,290,0,290,,,,,,,,,
2026-05-18T19:41:03,0,1,1,1,291,74816,291,True,3.8903743315508017e-08,531.1961669921875,215.52899169921875,0.7192338109016418,312.9842529296875,1.9636915922164917,6153.665781021118,669.7279958724976,0.0002906322479248047,0.09018349647521973,1.413093090057373,0.17808270454406738,4.47011137008667,0,41.60121935603728,26624.78038786386,0.27353098038544393,34447972.0,51400561.86863227,0.5,5174653309.04411,100000000000.0,100000000000.0,1000000000.0,clip,False,0,291,0,291,502.3833821614583,429.375732421875,578.0230102539062,6152.766276041667,6167.822265625,768.8004150390625,0.0,998.5755004882812,639088.3125
2026-05-18T19:41:09,0,1,1,1,292,74816,292,True,3.9037433155080215e-08,,,,,,6167.050838470459,669.7279958724976,0.0002868175506591797,0.0911092758178711,1.3931505680084229,0.1844179630279541,4.461224555969238,0,41.51092746034386,26566.99357462007,0.27353098038544393,32162550.0,51015801.63125963,0.5,5140056186.863227,100000000000.0,100000000000.0,1000000000.0,clip,False,0,292,0,292,,,,,,,,,
2026-05-18T19:41:15,0,1,1,1,293,74816,293,True,3.91711229946524e-08,,,,,,6150.354862213135,669.7279958724976,0.00030517578125,0.09049153327941895,1.4112935066223145,0.18100523948669434,4.465202331542969,0,41.62361452878531,26639.1132984226,0.27353098038544393,32273194.0,50640949.47863444,0.5,5101580163.125963,100000000000.0,100000000000.0,1000000000.0,clip,False,0,293,0,293,,,,,,,,,
2026-05-18T19:41:21,0,1,1,1,294,74816,294,True,3.93048128342246e-08,,,,,,6149.885416030884,669.7279958724976,0.00033402442932128906,0.09078311920166016,1.4100806713104248,0.18587803840637207,4.4609808921813965,0,41.62679183138693,26641.146772087635,0.27353098038544393,32316852.0,50274467.52906175,0.5,5064094947.863444,100000000000.0,100000000000.0,1000000000.0,clip,False,0,294,0,294,,,,,,,,,
2026-05-18T19:41:27,0,1,1,1,295,74816,295,True,3.943850267379678e-08,,,,,,6147.113561630249,669.7279958724976,0.00031948089599609375,0.09049630165100098,1.410454511642456,0.18225479125976562,4.461685657501221,0,41.64556217050062,26653.159789120393,0.27353098038544393,31991888.0,49908815.93848051,0.5,5027446752.906175,100000000000.0,100000000000.0,1000000000.0,clip,False,0,295,0,295,,,,,,,,,
2026-05-18T19:41:33,0,1,1,1,296,74816,296,True,3.957219251336898e-08,,,,,,6149.860858917236,669.7279958724976,0.0002918243408203125,0.09079122543334961,1.4122672080993652,0.1856234073638916,4.459033012390137,0,41.62695805203504,26641.253153302427,0.27353098038544393,30834120.0,49527322.0197109,0.5,4990881593.848051,100000000000.0,100000000000.0,1000000000.0,clip,False,0,296,0,296,,,,,,,,,
2026-05-18T19:41:40,0,1,1,1,297,74816,297,True,3.970588235294118e-08,,,,,,6152.0445346832275,669.7279958724976,0.0002899169921875,0.08847165107727051,1.414604663848877,0.17658472061157227,4.469990968704224,0,41.61218251213157,26631.796807764204,0.27353098038544393,31128736.0,49159350.29931668,0.5,4952732201.97109,100000000000.0,100000000000.0,1000000000.0,clip,False,0,297,0,297,,,,,,,,,
2026-05-18T19:41:46,0,1,1,1,298,74816,298,True,3.9839572192513364e-08,,,,,,6147.67861366272,669.7279958724976,0.00030875205993652344,0.09150362014770508,1.4097015857696533,0.1825246810913086,4.461797475814819,0,41.64173439890964,26650.71001530217,0.27353098038544393,30111360.0,48778390.49333035,0.5,4915935029.931668,100000000000.0,100000000000.0,1000000000.0,clip,False,0,298,0,298,,,,,,,,,
2026-05-18T19:41:52,0,1,1,1,299,74816,299,True,3.997326203208556e-08,,,,,,6152.091979980469,669.7279958724976,0.00029540061950683594,0.08862161636352539,1.4151792526245117,0.17896413803100586,4.467181921005249,0,41.61186159651871,26631.591421771973,0.27353098038544393,28917670.0,48381176.08346374,0.5,4877839049.333035,100000000000.0,100000000000.0,1000000000.0,clip,False,0,299,0,299,,,,,,,,,
2026-05-18T19:41:58,0,1,1,1,300,74816,300,True,4.010695187165775e-08,,,,,,6149.89709854126,669.7279958724976,0.00031304359436035156,0.08966875076293945,1.4107837677001953,0.18107008934020996,4.466143608093262,0,41.6267127560106,26641.09616384678,0.27353098038544393,29107500.0,47995702.56179447,0.5,4838117608.3463745,100000000000.0,100000000000.0,1000000000.0,clip,False,0,300,0,300,,,,,,,,,
2026-05-18T19:42:04,0,1,1,1,301,74816,301,True,4.0240641711229946e-08,538.9849243164062,209.19273376464844,0.7195380330085754,327.0760192871094,1.9966609477996826,6149.91307258606,669.7279958724976,0.0003139972686767578,0.08949828147888184,1.4115674495697021,0.18642926216125488,4.460286378860474,0,41.62660463302307,26641.026965134763,0.27353328042721675,28665978.0,47609108.07055858,0.5,4799570256.179447,100000000000.0,100000000000.0,1000000000.0,clip,False,0,301,0,301,488.4320475260417,441.6407775878906,543.6531372070312,6150.780598958333,6178.2734375,768.8004150390625,0.0,998.8985595703125,639295.0625
2026-05-18T19:42:10,0,1,1,1,302,74816,302,True,4.037433155080214e-08,,,,,,6175.909996032715,669.7279958724976,0.00029087066650390625,0.09064936637878418,1.3935089111328125,0.18151617050170898,4.463979244232178,0,41.451381280564235,26528.88401956111,0.27353328042721675,27995016.0,47216826.229147404,0.5,4760910807.055858,100000000000.0,100000000000.0,1000000000.0,clip,False,0,302,0,302,,,,,,,,,
2026-05-18T19:42:16,0,1,1,1,303,74816,303,True,4.050802139037433e-08,,,,,,6144.79923248291,669.7279958724976,0.00032019615173339844,0.09113645553588867,1.410290002822876,0.18590188026428223,4.455127000808716,0,41.66124722948172,26663.198226868295,0.27353328042721675,28069882.0,46833887.34456445,0.5,4721682622.914741,100000000000.0,100000000000.0,1000000000.0,clip,False,0,303,0,303,,,,,,,,,
2026-05-18T19:42:23,0,1,1,1,304,74816,304,True,4.064171122994652e-08,,,,,,6153.546333312988,669.7279958724976,0.0003426074981689453,0.09870171546936035,1.4022910594940186,0.17780113220214844,4.471958637237549,0,41.60202688555576,26625.297206755688,0.27353328042721675,27141168.0,46440032.95767316,0.5,4683388734.456446,100000000000.0,100000000000.0,1000000000.0,clip,False,0,304,0,304,,,,,,,,,
2026-05-18T19:42:29,0,1,1,1,305,74816,305,True,4.077540106951871e-08,,,,,,6144.8915004730225,669.7279958724976,0.00032639503479003906,0.09486818313598633,1.4019057750701904,0.18181991577148438,4.46392822265625,0,41.66062166928311,26662.79786834119,0.27353328042721675,26645834.0,46044148.9785197,0.5,4644003295.767316,100000000000.0,100000000000.0,1000000000.0,clip,False,0,305,0,305,,,,,,,,,
2026-05-18T19:42:35,0,1,1,1,306,74816,306,True,4.090909090909091e-08,,,,,,6150.343418121338,669.7279958724976,0.0003108978271484375,0.09645795822143555,1.40480637550354,0.1854259967803955,4.461411714553833,0,41.623691978845116,26639.162866460876,0.27353328042721675,25877594.0,45640817.87894931,0.5,4604414897.85197,100000000000.0,100000000000.0,1000000000.0,clip,False,0,306,0,306,,,,,,,,,
2026-05-18T19:42:41,0,1,1,1,307,74816,307,True,4.10427807486631e-08,,,,,,6222.281932830811,669.7279958724976,0.00032258033752441406,0.09131097793579102,1.4096894264221191,0.17944025993347168,4.539563417434692,0,41.14246232547895,26331.17588830653,0.27353328042721675,25063334.0,45229268.20137032,0.5,4564081787.894931,100000000000.0,100000000000.0,1000000000.0,clip,False,0,307,0,307,,,,,,,,,
2026-05-18T19:42:47,0,1,1,1,308,74816,308,True,4.1176470588235293e-08,,,,,,6147.1922397613525,669.7279958724976,0.00029206275939941406,0.08967995643615723,1.4114012718200684,0.17966699600219727,4.464241981506348,0,41.64502914747603,26652.81865438466,0.27353328042721675,26303576.0,44850754.357342914,0.5,4522926820.1370325,100000000000.0,100000000000.0,1000000000.0,clip,False,0,308,0,308,,,,,,,,,
2026-05-18T19:42:53,0,1,1,1,309,74816,309,True,4.1310160427807485e-08,,,,,,6152.385711669922,669.7279958724976,0.00028514862060546875,0.0892021656036377,1.4142277240753174,0.1855010986328125,4.4611899852752686,0,41.60987493264865,26630.319956895135,0.27353328042721675,26563452.0,44485008.31019606,0.5,4485075435.734291,100000000000.0,100000000000.0,1000000000.0,clip,False,0,309,0,309,,,,,,,,,
2026-05-18T19:43:00,0,1,1,1,310,74816,310,True,4.1443850267379677e-08,,,,,,6150.952100753784,669.7279958724976,0.0003008842468261719,0.09025716781616211,1.4101381301879883,0.18099331855773926,4.467440128326416,0,41.619573003767634,26636.526722411283,0.27353328042721675,24101588.0,44077339.90399213,0.5,4448500831.019606,100000000000.0,100000000000.0,1000000000.0,clip,False,0,310,0,310,,,,,,,,,
2026-05-18T19:43:06,0,1,1,1,311,74816,311,True,4.157754010695187e-08,483.59912109375,183.32215881347656,0.718925952911377,297.5727233886719,1.9852975606918335,6151.978015899658,669.7279958724976,0.0003077983856201172,0.0904850959777832,1.410919427871704,0.18425559997558594,4.464122772216797,0,41.61263244738089,26632.084766323766,0.27353328042721675,25008156.0,43695956.22591229,0.5,4407733990.399213,100000000000.0,100000000000.0,1000000000.0,clip,False,0,311,0,311,477.830322265625,392.5810241699219,556.1157836914062,6151.244140625,6153.65380859375,768.8004150390625,0.0,998.8223876953125,639246.25
2026-05-18T19:43:12,0,1,1,1,312,74816,312,True,4.1711229946524066e-08,,,,,,6157.397985458374,669.7279958724976,0.0002865791320800781,0.09131813049316406,1.3936667442321777,0.18090510368347168,4.463740587234497,0,41.57600346844279,26608.642219803383,0.27353328042721675,23462164.0,43291280.38139404,0.5,4369595622.5912285,100000000000.0,100000000000.0,1000000000.0,clip,False,0,312,0,312,,,,,,,,,
2026-05-18T19:43:18,0,1,1,1,313,74816,313,True,4.184491978609625e-08,,,,,,6151.780128479004,669.7279958724976,0.00031113624572753906,0.09130215644836426,1.4100275039672852,0.18374371528625488,4.464386701583862,0,41.61397102196087,26632.94145405496,0.27353328042721675,21730252.0,42860059.81376616,0.5,4329128038.139404,100000000000.0,100000000000.0,1000000000.0,clip,False,0,313,0,313,,,,,,,,,
2026-05-18T19:43:24,0,1,1,1,314,74816,314,True,4.197860962566845e-08,,,,,,6147.927045822144,669.7279958724976,0.0003070831298828125,0.09205317497253418,1.4085001945495605,0.17737126350402832,4.4677839279174805,0,41.640051694166765,26649.633084266727,0.27353328042721675,22829742.0,42459453.45749084,0.5,4286005981.376616,100000000000.0,100000000000.0,1000000000.0,clip,False,0,314,0,314,,,,,,,,,
2026-05-18T19:43:30,0,1,1,1,315,74816,315,True,4.2112299465240635e-08,,,,,,6150.524616241455,669.7279958724976,0.000293731689453125,0.08872699737548828,1.4147865772247314,0.1756892204284668,4.4691245555877686,0,41.622465720077045,26638.37806084931,0.27353328042721675,22873234.0,42067729.068341024,0.5,4245945345.749084,100000000000.0,100000000000.0,1000000000.0,clip,False,0,315,0,315,,,,,,,,,
2026-05-18T19:43:37,0,1,1,1,316,74816,316,True,4.224598930481283e-08,,,,,,6151.882648468018,669.7279958724976,0.00029277801513671875,0.08955931663513184,1.4132111072540283,0.18316364288330078,4.463753700256348,0,41.613277532813605,26632.497621000704,0.27353328042721675,22042778.0,41667230.046974204,0.5,4206772906.8341026,100000000000.0,100000000000.0,1000000000.0,clip,False,0,316,0,316,,,,,,,,,
2026-05-18T19:43:43,0,1,1,1,317,74816,317,True,4.237967914438503e-08,,,,,,6149.218559265137,669.7279958724976,0.0003037452697753906,0.09006071090698242,1.4129648208618164,0.18526101112365723,4.458626985549927,0,41.63130608104346,26644.035891867814,0.27353328042721675,21559388.0,41265073.20603472,0.5,4166723004.6974206,100000000000.0,100000000000.0,1000000000.0,clip,False,0,317,0,317,,,,,,,,,
2026-05-18T19:43:49,0,1,1,1,318,74816,318,True,4.2513368983957216e-08,,,,,,6150.737047195435,669.7279958724976,0.0003063678741455078,0.09122610092163086,1.409919261932373,0.1848764419555664,4.4624903202056885,0,41.621028185025224,26637.45803841614,0.27353328042721675,21297070.0,40865713.141914025,0.5,4126507320.6034718,100000000000.0,100000000000.0,1000000000.0,clip,False,0,318,0,318,,,,,,,,,
2026-05-18T19:43:55,0,1,1,1,319,74816,319,True,4.2647058823529414e-08,,,,,,6149.773120880127,669.7279958724976,0.0003292560577392578,0.09509587287902832,1.4062883853912354,0.17538881301879883,4.470875024795532,0,41.627551938592894,26641.63324069945,0.27353328042721675,20877030.0,40465939.479075745,0.5,4086571314.1914024,100000000000.0,100000000000.0,1000000000.0,clip,False,0,319,0,319,,,,,,,,,
2026-05-18T19:44:01,0,1,1,1,320,74816,320,True,4.27807486631016e-08,,,,,,6164.1106605529785,669.7279958724976,0.0003070831298828125,0.09000349044799805,1.4104790687561035,0.1751558780670166,4.486234903335571,0,41.53072748000186,26579.66558720119,0.27353328042721675,21939292.0,40095406.52949423,0.5,4046593947.9075747,100000000000.0,100000000000.0,1000000000.0,clip,False,0,320,0,320,,,,,,,,,
2026-05-18T19:44:07,0,1,1,1,321,74816,321,True,4.29144385026738e-08,536.4007568359375,211.410888671875,0.7195978164672852,322.2841796875,1.9860875606536865,6145.40696144104,669.7279958724976,0.0003085136413574219,0.08940839767456055,1.407306432723999,0.17479991912841797,4.471510171890259,0,41.657127283230466,26660.561461267498,0.27353328042721675,19660710.0,39686712.59890435,0.5,4009540652.9494233,100000000000.0,100000000000.0,1000000000.0,clip,False,0,321,0,321,487.7889811197917,429.6623840332031,538.5887451171875,6150.602864583333,6154.76611328125,768.8004150390625,0.0,998.9265747070312,639313.0
2026-05-18T19:44:13,0,1,1,1,322,74816,322,True,4.304812834224598e-08,,,,,,6157.3827266693115,669.7279958724976,0.00026869773864746094,0.09103035926818848,1.3939456939697266,0.17320466041564941,4.472275972366333,0,41.57610649914514,26608.70815945289,0.27353328042721675,19473388.0,39282446.10692626,0.5,3968671259.8904347,100000000000.0,100000000000.0,1000000000.0,clip,False,0,322,0,322,,,,,,,,,
2026-05-18T19:44:20,0,1,1,1,323,74816,323,True,4.318181818181818e-08,,,,,,6151.496410369873,669.7279958724976,0.0003085136413574219,0.09458708763122559,1.4060778617858887,0.18342971801757812,4.4651408195495605,0,41.61589033335832,26634.169813349323,0.27353328042721675,18420130.0,38865199.78478774,0.5,3928244610.692626,100000000000.0,100000000000.0,1000000000.0,clip,False,0,323,0,323,,,,,,,,,
2026-05-18T19:44:26,0,1,1,1,324,74816,324,True,4.331550802139037e-08,,,,,,6149.5654582977295,669.7279958724976,0.0003170967102050781,0.09093594551086426,1.4088873863220215,0.17534685134887695,4.472009897232056,0,41.628957645222584,26642.532892942454,0.27353328042721675,17427232.0,38436440.42909198,0.5,3886519978.4787736,100000000000.0,100000000000.0,1000000000.0,clip,False,0,324,0,324,,,,,,,,,
2026-05-18T19:44:32,0,1,1,1,325,74816,325,True,4.3449197860962564e-08,,,,,,6151.7603397369385,669.7279958724976,0.0003371238708496094,0.09873032569885254,1.400893211364746,0.177870512008667,4.471499919891357,0,41.61410488415533,26633.02712585941,0.27353328042721675,16921604.0,38006143.70051014,0.5,3843644042.9091983,100000000000.0,100000000000.0,1000000000.0,clip,False,0,325,0,325,,,,,,,,,
2026-05-18T19:44:38,0,1,1,1,326,74816,326,True,4.358288770053476e-08,,,,,,6148.480653762817,669.7279958724976,0.0003268718719482422,0.09236955642700195,1.4071781635284424,0.17473411560058594,4.471958637237549,0,41.63630243242779,26647.233556753785,0.27353328042721675,18516650.0,37616353.82649993,0.5,3800614370.0510135,100000000000.0,100000000000.0,1000000000.0,clip,False,0,326,0,326,,,,,,,,,
2026-05-18T19:44:44,0,1,1,1,327,74816,327,True,4.371657754010695e-08,,,,,,6149.144887924194,669.7279958724976,0.0003070831298828125,0.0967559814453125,1.4033606052398682,0.17829322814941406,4.468368768692017,0,41.631804855133204,26644.35510728525,0.27353328042721675,17368508.0,37211396.90996993,0.5,3761635382.649993,100000000000.0,100000000000.0,1000000000.0,clip,False,0,327,0,327,,,,,,,,,
2026-05-18T19:44:50,0,1,1,1,328,74816,328,True,4.3850267379679145e-08,,,,,,6149.59454536438,669.7279958724976,0.000301361083984375,0.09087157249450684,1.410592794418335,0.1754136085510254,4.470415830612183,0,41.62876074374287,26642.40687599544,0.27353328042721675,15885966.0,36784888.29177053,0.5,3721139690.9969935,100000000000.0,100000000000.0,1000000000.0,clip,False,0,328,0,328,,,,,,,,,
2026-05-18T19:44:56,0,1,1,1,329,74816,329,True,4.3983957219251337e-08,,,,,,6150.3586769104,669.7279958724976,0.0003151893615722656,0.09115815162658691,1.4092857837677002,0.17487335205078125,4.472625732421875,0,41.62358871216276,26639.096775784164,0.27353328042721675,16466709.0,36378524.70593512,0.5,3678488829.1770535,100000000000.0,100000000000.0,1000000000.0,clip,False,0,329,0,329,,,,,,,,,
2026-05-18T19:45:03,0,1,1,1,330,74816,330,True,4.411764705882353e-08,,,,,,6150.725841522217,669.7279958724976,0.0003077983856201172,0.09148621559143066,1.409667730331421,0.1769559383392334,4.470177888870239,0,41.62110401211504,26637.506567753626,0.27353328042721675,14547720.0,35941908.61181641,0.5,3637852470.593512,100000000000.0,100000000000.0,1000000000.0,clip,False,0,330,0,330,,,,,,,,,
2026-05-18T19:45:09,0,1,1,1,331,74816,331,True,4.425133689839572e-08,479.80267333984375,184.43983459472656,0.7180172801017761,292.65118408203125,1.9936599731445312,6147.895336151123,669.7279958724976,0.00030922889709472656,0.09053730964660645,1.410914659500122,0.1775357723236084,4.466623067855835,0,41.640266465607766,26649.77053798897,0.27353328042721675,14647137.0,35516013.179580085,0.5,3594190861.1816416,100000000000.0,100000000000.0,1000000000.0,clip,False,0,331,0,331,493.268310546875,421.0826416015625,552.0288696289062,6150.5,6155.63134765625,768.8004150390625,0.0,998.943115234375,639323.5625
2026-05-18T19:45:15,0,1,1,1,332,74816,332,True,4.438502673796791e-08,,,,,,6157.970428466797,669.7279958724976,0.000270843505859375,0.09120297431945801,1.3930737972259521,0.17370390892028809,4.471099853515625,0,41.57213857614099,26606.168688730235,0.27353328042721675,16609327.0,35137879.45598848,0.5,3551601317.9580083,100000000000.0,100000000000.0,1000000000.0,clip,False,0,332,0,332,,,,,,,,,
2026-05-18T19:45:21,0,1,1,1,333,74816,333,True,4.45187165775401e-08,,,,,,6151.817321777344,669.7279958724976,0.00029540061950683594,0.08768105506896973,1.4151616096496582,0.17350125312805176,4.473313331604004,0,41.61371942787763,26632.780433841686,0.27353328042721675,14749534.0,34730112.54686871,0.5,3513787945.5988483,100000000000.0,100000000000.0,1000000000.0,clip,False,0,333,0,333,,,,,,,,,
2026-05-18T19:45:27,0,1,1,1,334,74816,334,True,4.4652406417112295e-08,,,,,,6150.129795074463,669.7279958724976,0.0002918243408203125,0.09271955490112305,1.4094538688659668,0.17549943923950195,4.470370054244995,0,41.62513776620229,26640.08817036947,0.27353328042721675,12362726.0,34282764.81593134,0.5,3473011254.686871,100000000000.0,100000000000.0,1000000000.0,clip,False,0,334,0,334,,,,,,,,,
2026-05-18T19:45:33,0,1,1,1,335,74816,335,True,4.478609625668449e-08,,,,,,6151.821851730347,669.7279958724976,0.0002892017364501953,0.08849167823791504,1.4130685329437256,0.17414093017578125,4.473959922790527,0,41.61368878521635,26632.760822538465,0.27353328042721675,12703943.0,33851188.379612714,0.5,3428276481.5931344,100000000000.0,100000000000.0,1000000000.0,clip,False,0,335,0,335,,,,,,,,,
2026-05-18T19:45:40,0,1,1,1,336,74816,336,True,4.4919786096256684e-08,,,,,,6150.085687637329,669.7279958724976,0.00029778480529785156,0.09376001358032227,1.4076457023620605,0.1731092929840088,4.473315000534058,0,41.62543629507497,26640.279228847983,0.27353328042721675,13633247.0,33446829.55202046,0.5,3385118837.9612713,100000000000.0,100000000000.0,1000000000.0,clip,False,0,336,0,336,,,,,,,,,
2026-05-18T19:45:46,0,1,1,1,337,74816,337,True,4.5053475935828876e-08,,,,,,6151.3025760650635,669.7279958724976,0.0003380775451660156,0.09959292411804199,1.401916742324829,0.1821269989013672,4.465186595916748,0,41.61720169580099,26635.00908531264,0.27353328042721675,11605137.0,33009995.70098005,0.5,3344682955.202046,100000000000.0,100000000000.0,1000000000.0,clip,False,0,337,0,337,,,,,,,,,
2026-05-18T19:45:52,0,1,1,1,338,74816,338,True,4.518716577540107e-08,,,,,,6155.481338500977,669.7279958724976,0.0002923011779785156,0.10255932807922363,1.3983347415924072,0.18007659912109375,4.472170829772949,0,41.58894908815414,26616.927416418646,0.27353328042721675,13000839.0,32609812.566960447,0.5,3300999570.098005,100000000000.0,100000000000.0,1000000000.0,clip,False,0,338,0,338,,,,,,,,,
2026-05-18T19:45:58,0,1,1,1,339,74816,339,True,4.532085561497326e-08,,,,,,6152.724504470825,669.7279958724976,0.0003299713134765625,0.10350179672241211,1.3938181400299072,0.17513298988342285,4.47698450088501,0,41.60758373204907,26628.853588511407,0.27353328042721675,12162599.0,32200868.29562124,0.5,3260981256.6960444,100000000000.0,100000000000.0,1000000000.0,clip,False,0,339,0,339,,,,,,,,,
2026-05-18T19:46:04,0,1,1,1,340,74816,340,True,4.545454545454545e-08,,,,,,6150.702476501465,669.7279958724976,0.0003364086151123047,0.10152935981750488,1.3956620693206787,0.17940926551818848,4.470649719238281,0,41.621262120552686,26637.607757153717,0.27353328042721675,10830442.0,31773459.769708812,0.5,3220086829.562124,100000000000.0,100000000000.0,1000000000.0,clip,False,0,340,0,340,,,,,,,,,
2026-05-18T19:46:10,0,1,1,1,341,74816,341,True,4.558823529411765e-08,467.898681640625,191.3366241455078,0.7198066115379333,273.8542175292969,1.9880231618881226,6152.395009994507,669.7279958724976,0.0003657341003417969,0.11209416389465332,1.3853294849395752,0.17514467239379883,4.476703643798828,0,41.60981204622435,26630.27970958358,0.27353328042721675,10459331.0,31347177.194314636,0.5,3177345976.9708815,100000000000.0,100000000000.0,1000000000.0,clip,False,0,341,0,341,480.501220703125,436.052001953125,569.6206665039062,6150.625,6156.19384765625,768.8004150390625,0.0,998.92333984375,639310.9375
2026-05-18T19:46:16,0,1,1,1,342,74816,342,True,4.5721925133689834e-08,,,,,,6157.422065734863,669.7279958724976,0.00033974647521972656,0.10419654846191406,1.3811264038085938,0.17579078674316406,4.47634220123291,0,41.57584087415444,26608.538159458843,0.27353328042721675,9251126.0,30905256.170428343,0.5,3134717719.4314637,100000000000.0,100000000000.0,1000000000.0,clip,False,0,342,0,342,,,,,,,,,
2026-05-18T19:46:23,0,1,1,1,343,74816,343,True,4.585561497326203e-08,,,,,,6151.108264923096,669.7279958724976,0.012436628341674805,0.10730385780334473,1.3789646625518799,0.18735742568969727,4.461827754974365,0,41.61851636718032,26635.850474995405,0.27353328042721675,9341008.0,30473971.207019776,0.5,3090525617.0428343,100000000000.0,100000000000.0,1000000000.0,clip,False,0,343,0,343,,,,,,,,,
2026-05-18T19:46:29,0,1,1,1,344,74816,344,True,4.598930481283422e-08,,,,,,6148.810625076294,669.7279958724976,0.0003712177276611328,0.11269879341125488,1.3820345401763916,0.17673993110656738,4.473740339279175,0,41.63406805146541,26645.803552937865,0.27353328042721675,8579942.0,30036090.62287938,0.5,3047397120.7019777,100000000000.0,100000000000.0,1000000000.0,clip,False,0,344,0,344,,,,,,,,,
2026-05-18T19:46:35,0,1,1,1,345,74816,345,True,4.6122994652406415e-08,,,,,,6146.615505218506,669.7279958724976,0.0003795623779296875,0.10495567321777344,1.3915455341339111,0.1812000274658203,4.464665412902832,0,41.648936684367975,26655.3194779955,0.27353328042721675,5703405.5,29549436.92042179,0.5,3003609062.2879376,100000000000.0,100000000000.0,1000000000.0,clip,False,0,345,0,345,,,,,,,,,
2026-05-18T19:46:41,0,1,1,1,346,74816,346,True,4.6256684491978613e-08,,,,,,6149.300575256348,669.7279958724976,0.00033545494079589844,0.1051950454711914,1.3928282260894775,0.1820659637451172,4.465942144393921,0,41.63075082556492,26643.680528361547,0.27353328042721675,9421759.0,29146883.362013355,0.5,2954943692.042179,100000000000.0,100000000000.0,1000000000.0,clip,False,0,346,0,346,,,,,,,,,
2026-05-18T19:46:47,0,1,1,1,347,74816,347,True,4.63903743315508e-08,,,,,,6151.162147521973,669.7279958724976,0.0003693103790283203,0.10336923599243164,1.3941380977630615,0.17745614051818848,4.473022937774658,0,41.61815179967755,26635.61715179363,0.27353328042721675,7534801.5,28714641.72477309,0.5,2914688336.2013354,100000000000.0,100000000000.0,1000000000.0,clip,False,0,347,0,347,,,,,,,,,
2026-05-18T19:46:53,0,1,1,1,348,74816,348,True,4.6524064171122997e-08,,,,,,6149.482727050781,669.7279958724976,0.00036072731018066406,0.10428643226623535,1.3931224346160889,0.17714548110961914,4.4715330600738525,0,41.62951769486058,26642.89132471077,0.27353328042721675,6339982.5,28267148.540277626,0.5,2871464172.477309,100000000000.0,100000000000.0,1000000000.0,clip,False,0,348,0,348,,,,,,,,,
2026-05-18T19:47:00,0,1,1,1,349,74816,349,True,4.665775401069518e-08,,,,,,6149.92094039917,669.7279958724976,0.0003707408905029297,0.10992813110351562,1.3869178295135498,0.18400812149047852,4.465898275375366,0,41.62655137862373,26640.992882319188,0.27353328042721675,7715086.0,27856107.289472073,0.5,2826714854.0277624,100000000000.0,100000000000.0,1000000000.0,clip,False,0,349,0,349,,,,,,,,,
2026-05-18T19:47:06,0,1,1,1,350,74816,350,True,4.679144385026738e-08,,,,,,6150.170564651489,669.7279958724976,0.0003516674041748047,0.10421633720397949,1.3929972648620605,0.17031240463256836,4.4795660972595215,0,41.62486183251191,26639.91157280762,0.27353328042721675,6443031.5,27427845.77368263,0.5,2785610728.9472075,100000000000.0,100000000000.0,1000000000.0,clip,False,0,350,0,350,,,,,,,,,
2026-05-18T19:47:12,0,1,1,1,351,74816,351,True,4.6925133689839565e-08,440.2905578613281,167.94236755371094,0.7202446460723877,269.6475524902344,1.9803763628005981,6151.398420333862,669.7279958724976,0.0003459453582763672,0.10252737998962402,1.396571397781372,0.17400002479553223,4.475241661071777,0,41.61655326271417,26634.59408813707,0.27353328042721675,6354207.5,27006373.008208975,0.5,2742784577.3682632,100000000000.0,100000000000.0,1000000000.0,clip,False,0,351,0,351,491.3892008463542,395.34490966796875,559.47998046875,6149.962239583333,6151.74462890625,768.8004150390625,0.0,999.030517578125,639379.5
2026-05-18T19:47:18,0,1,1,1,352,74816,352,True,4.705882352941176e-08,,,,,,6156.577348709106,669.7279958724976,0.0003299713134765625,0.10854673385620117,1.3763277530670166,0.17624735832214355,4.474233388900757,0,41.5815453132701,26612.189000492865,0.27353328042721675,4672576.5,26559697.0780448,0.5,2700637300.8208976,100000000000.0,100000000000.0,1000000000.0,clip,False,0,352,0,352,,,,,,,,,
2026-05-18T19:47:24,0,1,1,1,353,74816,353,True,4.7192513368983955e-08,,,,,,6150.447368621826,669.7279958724976,0.0003631114959716797,0.10029339790344238,1.3965659141540527,0.18023204803466797,4.469758033752441,0,41.62298848471631,26638.712630218437,0.27353328042721675,6263533.0,26153773.7964839,0.5,2655969707.8044796,100000000000.0,100000000000.0,1000000000.0,clip,False,0,353,0,353,,,,,,,,,
2026-05-18T19:47:30,0,1,1,1,354,74816,354,True,4.7326203208556146e-08,,,,,,6148.7462520599365,669.7279958724976,0.00033664703369140625,0.1002342700958252,1.4014570713043213,0.17723679542541504,4.466651439666748,0,41.634503930656685,26646.08251562028,0.27353328042721675,4934951.5,25729397.350554224,0.5,2615377379.64839,100000000000.0,100000000000.0,1000000000.0,clip,False,0,354,0,354,,,,,,,,,
2026-05-18T19:47:36,0,1,1,1,355,74816,355,True,4.7459893048128344e-08,,,,,,6148.7181186676025,669.7279958724976,0.00035953521728515625,0.10356736183166504,1.3940954208374023,0.17790746688842773,4.469819784164429,0,41.63469442887292,26646.204434478666,0.27353328042721675,3949054.5,25293790.49354314,0.5,2572939735.0554223,100000000000.0,100000000000.0,1000000000.0,clip,False,0,355,0,355,,,,,,,,,
2026-05-18T19:47:43,0,1,1,1,356,74816,356,True,4.759358288770053e-08,,,,,,6151.231527328491,669.7279958724976,0.00035834312438964844,0.10592913627624512,1.3934345245361328,0.17728209495544434,4.471320152282715,0,41.61768238809603,26635.31672838146,0.27353328042721675,2888567.0,24845686.02367228,0.5,2529379049.354314,100000000000.0,100000000000.0,1000000000.0,clip,False,0,356,0,356,,,,,,,,,
2026-05-18T19:47:49,0,1,1,1,357,74816,357,True,4.772727272727273e-08,,,,,,6151.440858840942,669.7279958724976,0.0003597736358642578,0.10382747650146484,1.393294334411621,0.1866011619567871,4.464315176010132,0,41.61626615203054,26634.41033729955,0.27353328042721675,3880360.5,24426379.513198834,0.5,2484568602.367228,100000000000.0,100000000000.0,1000000000.0,clip,False,0,357,0,357,,,,,,,,,
2026-05-18T19:47:55,0,1,1,1,358,74816,358,True,4.786096256684492e-08,,,,,,6150.246381759644,669.7279958724976,0.0003609657287597656,0.1041724681854248,1.3936636447906494,0.1780080795288086,4.471081972122192,0,41.62434870239393,26639.583169532118,0.27353328042721675,3423797.25,24006327.867934857,0.5,2442637951.3198833,100000000000.0,100000000000.0,1000000000.0,clip,False,0,358,0,358,,,,,,,,,
2026-05-18T19:48:01,0,1,1,1,359,74816,359,True,4.799465240641711e-08,,,,,,6159.811496734619,669.7279958724976,0.0003452301025390625,0.1035616397857666,1.3941428661346436,0.1760573387145996,4.482718229293823,0,41.559713334687,26598.216534199677,0.27353328042721675,2049862.0,23567198.550576158,0.5,2400632786.7934856,100000000000.0,100000000000.0,1000000000.0,clip,False,0,359,0,359,,,,,,,,,
2026-05-18T19:48:07,0,1,1,1,360,74816,360,True,4.81283422459893e-08,,,,,,6141.421794891357,669.7279958724976,0.00033926963806152344,0.10438942909240723,1.3858866691589355,0.17774057388305664,4.470163822174072,0,41.68415857919895,26677.86149068733,0.27353328042721675,2342583.5,23142706.249564636,0.5,2356719855.0576158,100000000000.0,100000000000.0,1000000000.0,clip,False,0,360,0,360,,,,,,,,,
2026-05-18T19:48:13,0,1,1,1,361,74816,361,True,4.8262032085561494e-08,407.0879821777344,155.31085205078125,0.720329225063324,249.07151794433594,1.9852774143218994,6149.008274078369,669.7279958724976,0.0003533363342285156,0.10023307800292969,1.3978245258331299,0.17828083038330078,4.4694459438323975,0,41.63272979793965,26644.947070681377,0.27353328042721675,2009171.25,22720035.549573343,0.5,2314270624.956464,100000000000.0,100000000000.0,1000000000.0,clip,False,0,361,0,361,488.7589111328125,407.0879821777344,569.8740234375,6149.388671875,6152.240234375,768.8004150390625,0.0,999.123779296875,639439.1875
2026-05-18T19:48:19,0,1,1,1,362,74816,362,True,4.8395721925133685e-08,,,,,,6157.864093780518,669.7279958724976,0.000335693359375,0.10493922233581543,1.3804585933685303,0.17770171165466309,4.471328020095825,0,41.572856448482135,26606.62812702857,0.27353328042721675,2445125.0,22314537.338581875,0.5,2272003554.9573345,100000000000.0,100000000000.0,1000000000.0,clip,False,0,362,0,362,,,,,,,,,
2026-05-18T19:48:26,0,1,1,1,363,74816,363,True,4.8529411764705884e-08,,,,,,6149.7790813446045,669.7279958724976,0.00031304359436035156,0.10143327713012695,1.3978581428527832,0.17667293548583984,4.470631122589111,0,41.62751159250219,26641.607419201402,0.27353328042721675,1805772.0,21904362.03181024,0.5,2231453733.8581877,100000000000.0,100000000000.0,1000000000.0,clip,False,0,363,0,363,,,,,,,,,
2026-05-18T19:48:32,0,1,1,1,364,74816,364,True,4.866310160427807e-08,,,,,,6144.897937774658,669.7279958724976,0.0003590583801269531,0.1040501594543457,1.3945128917694092,0.18596673011779785,4.45676326751709,0,41.66057802624937,26662.769936799596,0.27353328042721675,1874630.0,21503767.391174037,0.5,2190436203.181024,100000000000.0,100000000000.0,1000000000.0,clip,False,0,364,0,364,,,,,,,,,
2026-05-18T19:48:38,0,1,1,1,365,74816,365,True,4.879679144385027e-08,,,,,,6154.433250427246,669.7279958724976,0.00032210350036621094,0.09110498428344727,1.4104228019714355,0.17621517181396484,4.4738757610321045,0,41.59603160570931,26621.46022765396,0.27353328042721675,1813063.25,21109953.308350556,0.5,2150376739.1174035,100000000000.0,100000000000.0,1000000000.0,clip,False,0,365,0,365,,,,,,,,,
2026-05-18T19:48:44,0,1,1,1,366,74816,366,True,4.893048128342246e-08,,,,,,6146.121501922607,669.7279958724976,0.0003330707550048828,0.09365391731262207,1.4056687355041504,0.18302106857299805,4.461415529251099,0,41.65228427715251,26657.461937377608,0.27353328042721675,2727165.0,20742297.542183544,0.5,2110995330.8350556,100000000000.0,100000000000.0,1000000000.0,clip,False,0,366,0,366,,,,,,,,,
2026-05-18T19:48:50,0,1,1,1,367,74816,367,True,4.906417112299465e-08,,,,,,6150.918960571289,669.7279958724976,0.00030159950256347656,0.09116721153259277,1.4098451137542725,0.17955446243286133,4.467857122421265,0,41.619797243471254,26636.670235821603,0.27353328042721675,1911258.375,20365676.758839875,0.5,2074229754.2183545,100000000000.0,100000000000.0,1000000000.0,clip,False,0,367,0,367,,,,,,,,,
2026-05-18T19:48:56,0,1,1,1,368,74816,368,True,4.919786096256685e-08,,,,,,6148.5536098480225,669.7279958724976,0.00030994415283203125,0.09088301658630371,1.4092686176300049,0.18507766723632812,4.460990905761719,0,41.63580839402126,26646.917372173604,0.27353328042721675,1772896.125,19993821.146163076,0.5,2036567675.8839874,100000000000.0,100000000000.0,1000000000.0,clip,False,0,368,0,368,,,,,,,,,
2026-05-18T19:49:03,0,1,1,1,369,74816,369,True,4.933155080213903e-08,,,,,,6149.033308029175,669.7279958724976,0.00031948089599609375,0.09251236915588379,1.4077668190002441,0.18454337120056152,4.4618542194366455,0,41.63256030272675,26644.838593745124,0.27353328042721675,1950284.5,19632950.413239814,0.5,1999382114.6163077,100000000000.0,100000000000.0,1000000000.0,clip,False,0,369,0,369,,,,,,,,,
2026-05-18T19:49:09,0,1,1,1,370,74816,370,True,4.946524064171123e-08,,,,,,6150.660276412964,669.7279958724976,0.0003104209899902344,0.09289860725402832,1.4075028896331787,0.18573307991027832,4.462069511413574,0,41.621547686795346,26637.79051954902,0.27353328042721675,2128330.75,19282858.019975018,0.5,1963295041.3239815,100000000000.0,100000000000.0,1000000000.0,clip,False,0,370,0,370,,,,,,,,,
2026-05-18T19:49:15,0,1,1,1,371,74816,371,True,4.9598930481283416e-08,490.1830139160156,202.33262634277344,0.7190595865249634,285.1318664550781,1.999489665031433,6147.890329360962,669.7279958724976,0.0002875328063964844,0.09076356887817383,1.410151481628418,0.1800072193145752,4.464726686477661,0,41.64030037709045,26649.792241337887,0.27353328042721675,1772807.375,18932657.00707552,0.5,1928285801.9975019,100000000000.0,100000000000.0,1000000000.0,clip,False,0,371,0,371,475.6385091145833,414.7314147949219,530.9563598632812,6149.959635416667,6152.31787109375,768.8004150390625,0.0,999.031005859375,639379.875
2026-05-18T19:49:21,0,1,1,1,372,74816,372,True,4.9732620320855615e-08,,,,,,6157.346248626709,669.7279958724976,0.0002918243408203125,0.09542083740234375,1.389115333557129,0.18222689628601074,4.461279630661011,0,41.576352808987544,26608.86579775203,0.27353328042721675,1918538.5,18592374.63693401,0.5,1893265700.707552,100000000000.0,100000000000.0,1000000000.0,clip,False,0,372,0,372,,,,,,,,,
2026-05-18T19:49:27,0,1,1,1,373,74816,373,True,4.98663101604278e-08,,,,,,6152.5774002075195,669.7279958724976,0.0002913475036621094,0.08719062805175781,1.4160542488098145,0.18614864349365234,4.460830926895142,0,41.60857854325659,26629.490267684218,0.27353328042721675,1834358.75,18257214.31919533,0.5,1859237463.6934009,100000000000.0,100000000000.0,1000000000.0,clip,False,0,373,0,373,,,,,,,,,
2026-05-18T19:49:33,0,1,1,1,374,74816,374,True,5e-08,,,,,,6150.594234466553,669.7279958724976,0.0003085136413574219,0.09458208084106445,1.4061071872711182,0.18315601348876953,4.464594125747681,0,41.62199459776314,26638.07654256841,0.27353328042721675,1869805.25,17929466.137811422,0.5,1825721431.919533,100000000000.0,100000000000.0,1000000000.0,clip,False,0,374,0,374,,,,,,,,,
2026-05-18T19:49:39,0,1,1,1,375,74816,375,True,5.0133689839572196e-08,,,,,,6149.472951889038,669.7279958724976,0.00032401084899902344,0.09114956855773926,1.4092645645141602,0.184708833694458,4.4621357917785645,0,41.629583868868,26642.93367607552,0.27353328042721675,1841016.0,17607697.135055196,0.5,1792946613.7811422,100000000000.0,100000000000.0,1000000000.0,clip,False,0,375,0,375,,,,,,,,,
2026-05-18T19:49:46,0,1,1,1,376,74816,376,True,5.026737967914438e-08,,,,,,6147.954940795898,669.7279958724976,0.00030684471130371094,0.08997750282287598,1.4106135368347168,0.18092727661132812,4.4642112255096436,0,41.639862761723315,26649.512167502922,0.27353328042721675,1851669.125,17292576.57485409,0.5,1760769713.5055196,100000000000.0,100000000000.0,1000000000.0,clip,False,0,376,0,376,,,,,,,,,
2026-05-18T19:49:52,0,1,1,1,377,74816,377,True,5.040106951871658e-08,,,,,,6151.313543319702,669.7279958724976,0.00030040740966796875,0.09153342247009277,1.4089326858520508,0.18656182289123535,4.461865425109863,0,41.61712749596626,26634.961597418405,0.27353328042721675,1790081.0,16982526.66335701,0.5,1729257657.485409,100000000000.0,100000000000.0,1000000000.0,clip,False,0,377,0,377,,,,,,,,,
2026-05-18T19:49:58,0,1,1,1,378,74816,378,True,5.0534759358288764e-08,,,,,,6529.104948043823,669.7279958724976,0.0003123283386230469,0.09086275100708008,1.40950608253479,0.18175721168518066,4.84441614151001,0,39.209049638067135,25093.791768362964,0.27353328042721675,2009985.75,16683075.845089868,0.5,1698252666.3357008,100000000000.0,100000000000.0,1000000000.0,clip,False,0,378,0,378,,,,,,,,,
2026-05-18T19:50:04,0,1,1,1,379,74816,379,True,5.066844919786096e-08,,,,,,6153.1946659088135,669.7279958724976,0.0002894401550292969,0.08995509147644043,1.4138972759246826,0.18680286407470703,4.460386037826538,0,41.60440452474932,26626.818895839562,0.27353328042721675,2065843.25,16390731.19318807,0.5,1668307584.5089867,100000000000.0,100000000000.0,1000000000.0,clip,False,0,379,0,379,,,,,,,,,
2026-05-18T19:50:11,0,1,1,1,380,74816,380,True,5.0802139037433154e-08,,,,,,6148.352384567261,669.7279958724976,0.0003407001495361328,0.09914422035217285,1.4011914730072021,0.1810305118560791,4.464806795120239,0,41.63717106432865,26647.789481170337,0.27353328042721675,1937581.375,16101668.196824307,0.5,1639073119.318807,100000000000.0,100000000000.0,1000000000.0,clip,False,0,380,0,380,,,,,,,,,
2026-05-18T19:50:17,0,1,1,1,381,74816,381,True,5.0935828877005345e-08,464.549560546875,181.86990356445312,0.7181590795516968,280.0021667480469,1.9593465328216553,6149.927854537964,669.7279958724976,0.0003135204315185547,0.09107542037963867,1.4097988605499268,0.18657445907592773,4.460040330886841,0,41.62650457941558,26640.962930825972,0.27353328042721675,2251707.5,15824668.982887821,0.5,1610166819.6824307,100000000000.0,100000000000.0,1000000000.0,clip,False,0,381,0,381,480.5680338541667,412.36761474609375,515.8884887695312,6149.529947916667,6154.765625,768.8004150390625,0.0,999.1007690429688,639424.5
2026-05-18T19:50:23,0,1,1,1,382,74816,382,True,5.106951871657754e-08,,,,,,6159.017562866211,669.7279958724976,0.00029206275939941406,0.09080791473388672,1.393845558166504,0.18101882934570312,4.466137409210205,0,41.565070628060646,26601.645201958814,0.27353328042721675,2410926.5,15556394.133230064,0.5,1582466898.2887821,100000000000.0,100000000000.0,1000000000.0,clip,False,0,382,0,382,,,,,,,,,
2026-05-18T19:50:29,0,1,1,1,383,74816,383,True,5.120320855614973e-08,,,,,,6150.000095367432,669.7279958724976,0.00030231475830078125,0.09105706214904785,1.409855604171753,0.18343377113342285,4.4634621143341064,0,41.62601561467216,26640.649993390183,0.27353328042721675,1958415.25,15284434.555565462,0.5,1555639413.3230064,100000000000.0,100000000000.0,1000000000.0,clip,False,0,383,0,383,,,,,,,,,
2026-05-18T19:50:35,0,1,1,1,384,74816,384,True,5.133689839572193e-08,,,,,,6149.36375617981,669.7279958724976,0.00030732154846191406,0.09048676490783691,1.4096324443817139,0.1804487705230713,4.466463565826416,0,41.630323095252336,26643.406780961497,0.27353328042721675,1840009.75,15015546.059454152,0.5,1528443455.5565462,100000000000.0,100000000000.0,1000000000.0,clip,False,0,384,0,384,,,,,,,,,
2026-05-18T19:50:41,0,1,1,1,385,74816,385,True,5.147058823529411e-08,,,,,,6156.6901206970215,669.7279958724976,0.0003101825714111328,0.5348327159881592,0.9655239582061768,0.18271756172180176,4.471315383911133,0,41.58078366481393,26611.701545480915,0.27353328042721675,2005012.625,14755335.390765069,0.5,1501554605.9454153,100000000000.0,100000000000.0,1000000000.0,clip,False,0,385,0,385,,,,,,,,,
2026-05-18T19:50:47,0,1,1,1,386,74816,386,True,5.160427807486631e-08,,,,,,6162.431955337524,669.7279958724976,0.0003979206085205078,0.11050844192504883,1.3854713439941406,0.1792900562286377,4.483356952667236,0,41.542040846109195,26586.906141509884,0.27353328042721675,1907956.5,14498387.812949767,0.5,1475533539.0765069,100000000000.0,100000000000.0,1000000000.0,clip,False,0,386,0,386,,,,,,,,,
2026-05-18T19:50:54,0,1,1,1,387,74816,387,True,5.17379679144385e-08,,,,,,6153.1641483306885,669.7279958724976,0.00040078163146972656,0.10526895523071289,1.3804669380187988,0.17877531051635742,4.485377073287964,0,41.604610868288155,26626.95095570442,0.27353328042721675,1945667.375,14247333.404190771,0.5,1449838781.2949767,100000000000.0,100000000000.0,1000000000.0,clip,False,0,387,0,387,,,,,,,,,
2026-05-18T19:51:00,0,1,1,1,388,74816,388,True,5.187165775401069e-08,,,,,,6143.635272979736,669.7279958724976,0.0003631114959716797,0.10737943649291992,1.3779027462005615,0.18137335777282715,4.474228858947754,0,41.66914027691571,26668.249777226058,0.27353328042721675,1761006.75,13997606.871106956,0.5,1424733340.4190772,100000000000.0,100000000000.0,1000000000.0,clip,False,0,388,0,388,,,,,,,,,
2026-05-18T19:51:06,0,1,1,1,389,74816,389,True,5.2005347593582885e-08,,,,,,6150.4504680633545,669.7279958724976,0.0003294944763183594,0.11057353019714355,1.3764386177062988,0.17677950859069824,4.483382701873779,0,41.62296750933903,26638.699205976976,0.27353328042721675,1715063.875,13751956.011184817,0.5,1399760687.1106956,100000000000.0,100000000000.0,1000000000.0,clip,False,0,389,0,389,,,,,,,,,
2026-05-18T19:51:12,0,1,1,1,390,74816,390,True,5.2139037433155076e-08,,,,,,6139.834642410278,669.7279958724976,0.0003135204315185547,0.1035146713256836,1.3828821182250977,0.1788945198059082,4.472046852111816,0,41.694933969671794,26684.75774058995,0.27353328042721675,2466424.0,13526245.37096112,0.5,1375195601.1184816,100000000000.0,100000000000.0,1000000000.0,clip,False,0,390,0,390,,,,,,,,,
2026-05-18T19:51:18,0,1,1,1,391,74816,391,True,5.227272727272727e-08,496.7218933105469,196.9592742919922,0.7194797396659851,297.029296875,2.0138285160064697,6152.440309524536,669.7279958724976,0.0003173351287841797,0.10481905937194824,1.3916311264038086,0.18295931816101074,4.470531940460205,0,41.60950567918371,26630.083634677576,0.27353328042721675,2134575.75,13298411.978541898,0.5,1352624537.096112,100000000000.0,100000000000.0,1000000000.0,clip,False,0,391,0,391,476.1582845052083,396.6743469238281,557.782470703125,6150.966145833333,6158.52685546875,768.8004150390625,0.0,998.86767578125,639275.25
2026-05-18T19:51:24,0,1,1,1,392,74816,392,True,5.2406417112299466e-08,,,,,,6170.912742614746,669.7279958724976,0.000301361083984375,0.10200905799865723,1.3830556869506836,0.17782258987426758,4.483058452606201,0,41.48494893342591,26550.367317392585,0.27353328042721675,2262237.75,13077688.493971061,0.5,1329841197.8541899,100000000000.0,100000000000.0,1000000000.0,clip,False,0,392,0,392,,,,,,,,,
2026-05-18T19:51:31,0,1,1,1,393,74816,393,True,5.254010695187165e-08,,,,,,6141.9854164123535,669.7279958724976,0.00030732154846191406,0.10037446022033691,1.3870315551757812,0.1762840747833252,4.475323915481567,0,41.68033341725749,26675.413387044795,0.27353328042721675,2868942.0,12873513.56409164,0.5,1307768849.3971062,100000000000.0,100000000000.0,1000000000.0,clip,False,0,393,0,393,,,,,,,,,
2026-05-18T19:51:37,0,1,1,1,394,74816,394,True,5.267379679144385e-08,,,,,,6156.827688217163,669.7279958724976,0.00032973289489746094,0.09997129440307617,1.3952369689941406,0.17712187767028809,4.481273889541626,0,41.579854588090654,26611.10693637802,0.27353328042721675,1815598.875,12652355.270309806,0.5,1287351356.409164,100000000000.0,100000000000.0,1000000000.0,clip,False,0,394,0,394,,,,,,,,,
2026-05-18T19:51:43,0,1,1,1,395,74816,395,True,5.280748663101604e-08,,,,,,6149.8236656188965,669.7279958724976,0.000308990478515625,0.10218405723571777,1.3853721618652344,0.17870044708251953,4.480351209640503,0,41.62720980622411,26641.41427598343,0.27353328042721675,1940925.125,12438126.667403609,0.5,1265235527.0309806,100000000000.0,100000000000.0,1000000000.0,clip,False,0,395,0,395,,,,,,,,,
2026-05-18T19:51:49,0,1,1,1,396,74816,396,True,5.294117647058823e-08,,,,,,6149.747371673584,669.7279958724976,0.0003006458282470703,0.10339808464050293,1.383643627166748,0.1790475845336914,4.481208562850952,0,41.627726234603436,26641.7447901462,0.27353328042721675,1931296.5,12227990.064055536,0.5,1243812666.7403607,100000000000.0,100000000000.0,1000000000.0,clip,False,0,396,0,396,,,,,,,,,
2026-05-18T19:51:55,0,1,1,1,397,74816,397,True,5.307486631016043e-08,,,,,,6149.528026580811,669.7279958724976,0.0003247261047363281,0.10975050926208496,1.3767845630645752,0.17995548248291016,4.480226993560791,0,41.62921103757261,26642.69506404647,0.27353328042721675,1913020.5,12021690.672774425,0.5,1222799006.4055536,100000000000.0,100000000000.0,1000000000.0,clip,False,0,397,0,397,,,,,,,,,
2026-05-18T19:52:01,0,1,1,1,398,74816,398,True,5.3208556149732616e-08,,,,,,6148.61273765564,669.7279958724976,0.00034117698669433594,0.10156393051147461,1.3873422145843506,0.17651653289794922,4.480693340301514,0,41.63540800548262,26646.661123508875,0.27353328042721675,2313800.75,11827532.874318937,0.5,1202169067.2774425,100000000000.0,100000000000.0,1000000000.0,clip,False,0,398,0,398,,,,,,,,,
2026-05-18T19:52:07,0,1,1,1,399,74816,399,True,5.3342245989304814e-08,,,,,,6153.656244277954,669.7279958724976,0.000347137451171875,0.1034083366394043,1.3862202167510986,0.17927765846252441,4.482020616531372,0,41.60128382830036,26624.821650112233,0.27353328042721675,2123673.0,11633455.676832559,0.5,1182753287.4318936,100000000000.0,100000000000.0,1000000000.0,clip,False,0,399,0,399,,,,,,,,,
2026-05-18T19:52:14,0,1,1,1,400,74816,400,True,5.3475935828877e-08,,,,,,6142.9479122161865,669.7279958724976,0.0003070831298828125,0.10703873634338379,1.3800060749053955,0.18357181549072266,4.469847679138184,0,41.6738028155676,26671.233801963263,0.27353328042721675,1876730.375,11438321.170795906,0.5,1163345567.683256,100000000000.0,100000000000.0,1000000000.0,clip,False,0,400,0,400,,,,,,,,,
2026-05-18T19:52:20,0,1,1,1,401,74816,401,True,5.36096256684492e-08,506.8570251464844,206.70278930664062,0.7180611491203308,297.42767333984375,2.0085277557373047,6156.468868255615,669.7279958724976,0.0003299713134765625,0.09972929954528809,1.3943121433258057,0.18303728103637695,4.476276874542236,0,41.58227800354905,26612.657922271395,0.27350622071460784,1859300.25,11246740.75237999,0.5,1143832117.0795906,100000000000.0,100000000000.0,1000000000.0,clip,False,0,401,0,401,477.1020100911458,420.2447204589844,534.6539306640625,6150.674479166667,6156.46875,768.8004150390625,0.0,998.9152221679688,639305.75
2026-05-18T19:52:26,0,1,1,1,402,74816,402,True,5.374331550802138e-08,,,,,,6159.759283065796,669.7279958724976,0.0003173351287841797,0.10319757461547852,1.38185715675354,0.17742156982421875,4.48191237449646,0,41.56006561876316,26598.441996008423,0.27350622071460784,2196421.5,11065734.36733239,0.5,1124674075.237999,100000000000.0,100000000000.0,1000000000.0,clip,False,0,402,0,402,,,,,,,,,
2026-05-18T19:52:32,0,1,1,1,403,74816,403,True,5.387700534759358e-08,,,,,,6141.531705856323,669.7279958724976,0.0003383159637451172,0.10203337669372559,1.386976957321167,0.17935442924499512,4.469883441925049,0,41.68341258515176,26677.384054497124,0.27350622071460784,2220988.75,10888839.454985742,0.5,1106573436.733239,100000000000.0,100000000000.0,1000000000.0,clip,False,0,403,0,403,,,,,,,,,
2026-05-18T19:52:38,0,1,1,1,404,74816,404,True,5.401069518716578e-08,,,,,,6161.874055862427,669.7279958724976,0.0003228187561035156,0.10009622573852539,1.3954637050628662,0.17828059196472168,4.485386848449707,0,41.54580208539653,26589.31333465378,0.27350622071460784,2163798.75,10714338.640886026,0.5,1088883945.4985743,100000000000.0,100000000000.0,1000000000.0,clip,False,0,404,0,404,,,,,,,,,
2026-05-18T19:52:44,0,1,1,1,405,74816,405,True,5.4144385026737963e-08,,,,,,6139.832973480225,669.7279958724976,0.0003414154052734375,0.10245203971862793,1.3829436302185059,0.1833953857421875,4.468162298202515,0,41.694945303193194,26684.764994043646,0.27350622071460784,2988044.75,10559812.763068303,0.5,1071433864.0886025,100000000000.0,100000000000.0,1000000000.0,clip,False,0,405,0,405,,,,,,,,,
2026-05-18T19:52:51,0,1,1,1,406,74816,406,True,5.427807486631016e-08,,,,,,6161.189794540405,669.7279958724976,0.0003414154052734375,0.09813880920410156,1.3955848217010498,0.17910146713256836,4.485244512557983,0,41.55041615936721,26592.266341995015,0.27350622071460784,2198951.75,10392595.542806936,0.5,1055981276.3068304,100000000000.0,100000000000.0,1000000000.0,clip,False,0,406,0,406,,,,,,,,,
2026-05-18T19:52:57,0,1,1,1,407,74816,407,True,5.4411764705882347e-08,,,,,,6151.31402015686,669.7279958724976,0.00039768218994140625,0.1066889762878418,1.37959623336792,0.18035888671875,4.479971885681152,0,41.617124269892486,26634.95953273119,0.27350622071460784,2086925.75,10226482.146950798,0.5,1039259554.2806937,100000000000.0,100000000000.0,1000000000.0,clip,False,0,407,0,407,,,,,,,,,
2026-05-18T19:53:03,0,1,1,1,408,74816,408,True,5.4545454545454545e-08,,,,,,6137.927770614624,669.7279958724976,0.00032520294189453125,0.10623908042907715,1.3813228607177734,0.18452215194702148,4.461586236953735,0,41.7078873468668,26693.04790199475,0.27350622071460784,2181916.75,10065590.839011783,0.5,1022648214.6950798,100000000000.0,100000000000.0,1000000000.0,clip,False,0,408,0,408,,,,,,,,,
2026-05-18T19:53:09,0,1,1,1,409,74816,409,True,5.4679144385026736e-08,,,,,,6148.581981658936,669.7279958724976,0.00032329559326171875,0.09946751594543457,1.3954753875732422,0.17806196212768555,4.4724016189575195,0,41.635616271140485,26646.79441352991,0.27350622071460784,2115110.5,9906581.232231548,0.5,1006559083.9011782,100000000000.0,100000000000.0,1000000000.0,clip,False,0,409,0,409,,,,,,,,,
2026-05-18T19:53:15,0,1,1,1,410,74816,410,True,5.481283422459893e-08,,,,,,6156.545877456665,669.7279958724976,0.000331878662109375,0.09903120994567871,1.396470069885254,0.17817282676696777,4.479889631271362,0,41.581757871307595,26612.32503763686,0.27350622071460784,2018638.75,9748822.382586917,0.5,990658123.2231548,100000000000.0,100000000000.0,1000000000.0,clip,False,0,410,0,410,,,,,,,,,
2026-05-18T19:53:21,0,1,1,1,411,74816,411,True,5.494652406417112e-08,479.73773193359375,193.5385284423828,0.718023955821991,283.49652099609375,1.9846673011779785,6144.573926925659,669.7279958724976,0.000339508056640625,0.10412144660949707,1.3845844268798828,0.1844196319580078,4.467959642410278,0,41.66277483914748,26664.17589705439,0.27350622071460784,1983252.625,9593510.987435179,0.5,974882238.2586917,100000000000.0,100000000000.0,1000000000.0,clip,False,0,411,0,411,482.2058919270833,400.1653747558594,572.1884765625,6150.05078125,6153.1416015625,768.8004150390625,0.0,999.0162353515625,639370.375
2026-05-18T19:53:27,0,1,1,1,412,74816,412,True,5.508021390374331e-08,,,,,,6164.38364982605,669.7279958724976,0.0003218650817871094,0.09886717796325684,1.3865573406219482,0.1783006191253662,4.479542970657349,0,41.52888829481338,26578.488508680563,0.27350622071460784,1900208.0,9439644.927686475,0.5,959351098.7435179,100000000000.0,100000000000.0,1000000000.0,clip,False,0,412,0,412,,,,,,,,,
2026-05-18T19:53:34,0,1,1,1,413,74816,413,True,5.52139037433155e-08,,,,,,6147.176504135132,669.7279958724976,0.0003349781036376953,0.0951395034790039,1.394421100616455,0.17493653297424316,4.480060577392578,0,41.6451357509894,26652.886880633214,0.27350622071460784,2434302.5,9299538.079132747,0.5,943964492.7686476,100000000000.0,100000000000.0,1000000000.0,clip,False,0,413,0,413,,,,,,,,,
2026-05-18T19:53:40,0,1,1,1,414,74816,414,True,5.53475935828877e-08,,,,,,6150.001287460327,669.7279958724976,0.0002613067626953125,0.09222149848937988,1.398897647857666,0.18592619895935059,4.470853328704834,0,41.62600754604337,26640.644829467754,0.27350622071460784,2386713.5,9161281.58755009,0.5,929953807.9132746,100000000000.0,100000000000.0,1000000000.0,clip,False,0,414,0,414,,,,,,,,,
2026-05-18T19:53:46,0,1,1,1,415,74816,415,True,5.548128342245989e-08,,,,,,6151.410818099976,669.7279958724976,0.0002608299255371094,0.09047937393188477,1.4008324146270752,0.18138718605041504,4.476621150970459,0,41.61646938727339,26634.54040785497,0.27350622071460784,2126020.25,9020576.360799087,0.5,916128158.755009,100000000000.0,100000000000.0,1000000000.0,clip,False,0,415,0,415,,,,,,,,,
2026-05-18T19:53:52,0,1,1,1,416,74816,416,True,5.5614973262032084e-08,,,,,,6145.322561264038,669.7279958724976,0.0002722740173339844,0.08986711502075195,1.4005985260009766,0.18277907371520996,4.469975471496582,0,41.65769940436505,26660.92761879363,0.27350622071460784,3130588.0,8902776.593583105,0.5,902057636.0799087,100000000000.0,100000000000.0,1000000000.0,clip,False,0,416,0,416,,,,,,,,,
2026-05-18T19:53:58,0,1,1,1,417,74816,417,True,5.5748663101604276e-08,,,,,,6156.972169876099,669.7279958724976,0.00028586387634277344,0.09203815460205078,1.404552936553955,0.1859879493713379,4.472019910812378,0,41.57887886070333,26610.48247085013,0.27350622071460784,2087920.375,8766479.469211444,0.5,890277659.3583105,100000000000.0,100000000000.0,1000000000.0,clip,False,0,417,0,417,,,,,,,,,
2026-05-18T19:54:04,0,1,1,1,418,74816,418,True,5.588235294117647e-08,,,,,,6149.122476577759,669.7279958724976,0.0002684593200683594,0.09082174301147461,1.3996806144714355,0.1796581745147705,4.476796388626099,0,41.631956588133306,26644.452216405316,0.27350622071460784,1865511.0,8628460.099827215,0.5,876647946.9211445,100000000000.0,100000000000.0,1000000000.0,clip,False,0,418,0,418,,,,,,,,,
2026-05-18T19:54:10,0,1,1,1,419,74816,419,True,5.6016042780748665e-08,,,,,,6150.000333786011,669.7279958724976,0.0002734661102294922,0.08939146995544434,1.4015355110168457,0.17580056190490723,4.481148719787598,0,41.62601400094616,26640.648960605537,0.27350622071460784,1987126.25,8495633.422830671,0.5,862846009.9827216,100000000000.0,100000000000.0,1000000000.0,clip,False,0,419,0,419,,,,,,,,,
2026-05-18T19:54:17,0,1,1,1,420,74816,420,True,5.614973262032085e-08,,,,,,6150.30312538147,669.7279958724976,0.00026535987854003906,0.0902261734008789,1.4013769626617432,0.17465519905090332,4.481926441192627,0,41.623964669891244,26639.337388730397,0.27350622071460784,2355707.75,8372834.909374057,0.5,849563342.2830671,100000000000.0,100000000000.0,1000000000.0,clip,False,0,420,0,420,,,,,,,,,
2026-05-18T19:54:23,0,1,1,1,421,74816,421,True,5.628342245989305e-08,496.0782775878906,205.58624267578125,0.7185205221176147,287.7713928222656,2.0021207332611084,6145.141363143921,669.7279958724976,0.00026869773864746094,0.09193563461303711,1.4003562927246094,0.1827409267425537,4.4678919315338135,0,41.65892774011429,26661.713753673142,0.27350622071460784,1847503.75,8242328.286186576,0.5,837283490.9374057,100000000000.0,100000000000.0,1000000000.0,clip,False,0,421,0,421,480.3531087239583,400.7298583984375,543.6072998046875,6150.263020833333,6155.4560546875,768.8004150390625,0.0,998.98193359375,639348.4375
2026-05-18T19:54:29,0,1,1,1,422,74816,422,True,5.6417112299465234e-08,,,,,,6164.363145828247,669.7279958724976,0.00028896331787109375,0.08995795249938965,1.3948426246643066,0.18245720863342285,4.468049049377441,0,41.52902642882888,26578.57691445048,0.27350622071460784,2683304.75,8131147.8154628435,0.5,824232828.6186576,100000000000.0,100000000000.0,1000000000.0,clip,False,0,422,0,422,,,,,,,,,
2026-05-18T19:54:35,0,1,1,1,423,74816,423,True,5.655080213903743e-08,,,,,,6153.838872909546,669.7279958724976,0.0003032684326171875,0.0875856876373291,1.4097180366516113,0.18629097938537598,4.468113660812378,0,41.60004921918971,26624.03150028141,0.27350622071460784,2413682.0,8016798.499153586,0.5,813114781.5462843,100000000000.0,100000000000.0,1000000000.0,clip,False,0,423,0,423,,,,,,,,,
2026-05-18T19:54:41,0,1,1,1,424,74816,424,True,5.6684491978609623e-08,,,,,,6151.401519775391,669.7279958724976,0.00027441978454589844,0.09151053428649902,1.4007794857025146,0.18323206901550293,4.47380256652832,0,41.61653229382228,26634.58066804626,0.27350622071460784,1801998.5,7892502.499170514,0.5,801679849.9153587,100000000000.0,100000000000.0,1000000000.0,clip,False,0,424,0,424,,,,,,,,,
2026-05-18T19:54:47,0,1,1,1,425,74816,425,True,5.6818181818181815e-08,,,,,,6148.938179016113,669.7279958724976,0.0002727508544921875,0.09083104133605957,1.4009106159210205,0.18459439277648926,4.470348834991455,0,41.63320439187801,26645.250810801925,0.27350622071460784,2461779.25,7783888.034187104,0.5,789250249.9170514,100000000000.0,100000000000.0,1000000000.0,clip,False,0,425,0,425,,,,,,,,,
2026-05-18T19:54:54,0,1,1,1,426,74816,426,True,5.695187165775401e-08,,,,,,6145.124673843384,669.7279958724976,0.0002677440643310547,0.09194564819335938,1.3990325927734375,0.18667984008789062,4.4651875495910645,0,41.65904087994497,26661.78616316478,0.27350622071460784,3038065.75,7688971.588503362,0.5,778388803.4187104,100000000000.0,100000000000.0,1000000000.0,clip,False,0,426,0,426,,,,,,,,,
2026-05-18T19:55:00,0,1,1,1,427,74816,427,True,5.70855614973262e-08,,,,,,6149.783611297607,669.7279958724976,0.0002923011779785156,0.0870819091796875,1.4092004299163818,0.17436480522155762,4.476770401000977,0,41.62748092952556,26641.58779489636,0.27350622071460784,2156152.0,7578315.196733294,0.5,768897158.8503362,100000000000.0,100000000000.0,1000000000.0,clip,False,0,427,0,427,,,,,,,,,
2026-05-18T19:55:06,0,1,1,1,428,74816,428,True,5.7219251336898396e-08,,,,,,6155.0304889678955,669.7279958724976,0.00031566619873046875,0.08728313446044922,1.4088690280914307,0.1762402057647705,4.480331897735596,0,41.59199543509122,26618.877078458383,0.27350622071460784,1872495.375,7464198.8002986275,0.5,757831519.6733294,100000000000.0,100000000000.0,1000000000.0,clip,False,0,428,0,428,,,,,,,,,
2026-05-18T19:55:12,0,1,1,1,429,74816,429,True,5.735294117647058e-08,,,,,,6149.696826934814,669.7279958724976,0.0003159046173095703,0.0990438461303711,1.391496181488037,0.17796039581298828,4.478484630584717,0,41.628068375461325,26641.963760295246,0.27350622071460784,1762996.875,7350174.761792655,0.5,746419880.0298628,100000000000.0,100000000000.0,1000000000.0,clip,False,0,429,0,429,,,,,,,,,
2026-05-18T19:55:18,0,1,1,1,430,74816,430,True,5.748663101604278e-08,,,,,,6147.876977920532,669.7279958724976,0.0002727508544921875,0.09211039543151855,1.3991925716400146,0.18710994720458984,4.466572046279907,0,41.64039080798098,26649.850117107824,0.27350622071460784,2250054.75,7248172.361556802,0.5,735017476.1792655,100000000000.0,100000000000.0,1000000000.0,clip,False,0,430,0,430,,,,,,,,,
2026-05-18T19:55:24,0,1,1,1,431,74816,431,True,5.762032085561497e-08,487.3780212402344,202.5913848876953,0.7169554233551025,282.0959777832031,1.9737249612808228,6151.644229888916,669.7279958724976,0.0002982616424560547,0.08955717086791992,1.403552532196045,0.18573927879333496,4.470585107803345,0,41.614890333900654,26633.52981369642,0.27350622071460784,2344780.5,7150104.524325666,0.5,724817236.1556802,100000000000.0,100000000000.0,1000000000.0,clip,False,0,431,0,431,470.4340006510417,415.120361328125,539.5479736328125,6150.759114583333,6155.64111328125,768.8004150390625,0.0,998.9012451171875,639296.75
2026-05-18T19:55:30,0,1,1,1,432,74816,432,True,5.775401069518716e-08,,,,,,6153.05233001709,669.7279958724976,0.0002951622009277344,0.09019899368286133,1.3943414688110352,0.18340039253234863,4.467374563217163,0,41.60536694140044,26627.434842496285,0.27350622071460784,1830411.125,7043710.656339153,0.5,715010452.4325666,100000000000.0,100000000000.0,1000000000.0,clip,False,0,432,0,432,,,,,,,,,
2026-05-18T19:55:37,0,1,1,1,433,74816,433,True,5.7887700534759354e-08,,,,,,6153.331995010376,669.7279958724976,0.0002982616424560547,0.09146738052368164,1.403928518295288,0.17827177047729492,4.477362394332886,0,41.603476004152824,26626.224642657806,0.27350622071460784,2080738.5,6944451.21321237,0.5,704371065.6339153,100000000000.0,100000000000.0,1000000000.0,clip,False,0,433,0,433,,,,,,,,,
2026-05-18T19:55:43,0,1,1,1,434,74816,434,True,5.8021390374331546e-08,,,,,,6144.082546234131,669.7279958724976,0.0002796649932861328,0.09211158752441406,1.400097131729126,0.17654824256896973,4.472923517227173,0,41.6661068717101,26666.308397894463,0.27350622071460784,2744293.25,6860448.053948123,0.5,694445121.321237,100000000000.0,100000000000.0,1000000000.0,clip,False,0,434,0,434,,,,,,,,,
2026-05-18T19:55:49,0,1,1,1,435,74816,435,True,5.8155080213903744e-08,,,,,,6154.446601867676,669.7279958724976,0.0003039836883544922,0.08860254287719727,1.4075238704681396,0.17477846145629883,4.48132586479187,0,41.59594136738667,26621.40247512747,0.27350622071460784,1794814.0,6759135.372869161,0.5,686044805.3948123,100000000000.0,100000000000.0,1000000000.0,clip,False,0,435,0,435,,,,,,,,,
2026-05-18T19:55:55,0,1,1,1,436,74816,436,True,5.828877005347593e-08,,,,,,6155.399799346924,669.7279958724976,0.00029778480529785156,0.09469151496887207,1.39817214012146,0.17818474769592285,4.482113838195801,0,41.58950000732058,26617.280004685173,0.27350622071460784,2562083.25,6675194.330411778,0.5,675913537.2869161,100000000000.0,100000000000.0,1000000000.0,clip,False,0,436,0,436,,,,,,,,,
2026-05-18T19:56:01,0,1,1,1,437,74816,437,True,5.842245989304813e-08,,,,,,6149.819612503052,669.7279958724976,0.00027298927307128906,0.0901026725769043,1.4017434120178223,0.17429161071777344,4.48148250579834,0,41.62723724115948,26641.431834342067,0.27350622071460784,1689606.875,6575482.5813035425,0.5,667519433.0411777,100000000000.0,100000000000.0,1000000000.0,clip,False,0,437,0,437,,,,,,,,,
2026-05-18T19:56:07,0,1,1,1,438,74816,438,True,5.855614973262032e-08,,,,,,6148.730039596558,669.7279958724976,0.0002684593200683594,0.09033370018005371,1.4021878242492676,0.1762075424194336,4.477838516235352,0,41.63461370907694,26646.152773809237,0.27350622071460784,1998851.0,6483949.949677472,0.5,657548258.1303543,100000000000.0,100000000000.0,1000000000.0,clip,False,0,438,0,438,,,,,,,,,
2026-05-18T19:56:14,0,1,1,1,439,74816,439,True,5.868983957219251e-08,,,,,,6151.148557662964,669.7279958724976,0.0002713203430175781,0.08988523483276367,1.4026808738708496,0.177260160446167,4.479247331619263,0,41.61824374751621,26635.675998410374,0.27350622071460784,1962764.875,6393526.248183923,0.5,648394994.9677472,100000000000.0,100000000000.0,1000000000.0,clip,False,0,439,0,439,,,,,,,,,
2026-05-18T19:56:20,0,1,1,1,440,74816,440,True,5.88235294117647e-08,,,,,,6148.948907852173,669.7279958724976,0.0002727508544921875,0.09054970741271973,1.4012892246246338,0.17371582984924316,4.481072425842285,0,41.63313174924733,26645.204319518292,0.27350622071460784,2023556.625,6306126.855720244,0.5,639352624.8183923,100000000000.0,100000000000.0,1000000000.0,clip,False,0,440,0,440,,,,,,,,,
2026-05-18T19:56:26,0,1,1,1,441,74816,441,True,5.8957219251336894e-08,448.6181335449219,179.63983154296875,0.7191348671913147,266.2779235839844,1.9812235832214355,6149.600505828857,669.7279958724976,0.00026297569274902344,0.09124898910522461,1.401402473449707,0.18280744552612305,4.471925497055054,0,41.62872039530895,26642.381052997727,0.27350622071460784,1749378.625,6214991.891105839,0.5,630612685.5720245,100000000000.0,100000000000.0,1000000000.0,clip,False,0,441,0,441,475.6282552083333,405.1033935546875,528.9489135742188,6149.444661458333,6153.85107421875,768.8004150390625,0.0,999.11474609375,639433.4375
2026-05-18T19:56:32,0,1,1,1,442,74816,442,True,5.9090909090909085e-08,,,,,,6155.598878860474,669.7279958724976,0.0002644062042236328,0.09171772003173828,1.3930761814117432,0.18174505233764648,4.472464561462402,0,41.58815495258372,26616.41916965358,0.27350622071460784,2161814.25,6133928.338283722,0.5,621499189.1105839,100000000000.0,100000000000.0,1000000000.0,clip,False,0,442,0,442,,,,,,,,,
2026-05-18T19:56:38,0,1,1,1,443,74816,443,True,5.9224598930481283e-08,,,,,,6143.987417221069,669.7279958724976,0.0002777576446533203,0.09037280082702637,1.4024839401245117,0.18225908279418945,4.4667649269104,0,41.66675199927233,26666.72127953429,0.27350622071460784,2051816.75,6052286.106518048,0.5,613392833.8283722,100000000000.0,100000000000.0,1000000000.0,clip,False,0,443,0,443,,,,,,,,,
2026-05-18T19:56:44,0,1,1,1,444,74816,444,True,5.9358288770053475e-08,,,,,,6153.804302215576,669.7279958724976,0.00029206275939941406,0.08907771110534668,1.4076218605041504,0.1752181053161621,4.479728698730469,0,41.6002829189468,26624.181068125956,0.27350622071460784,1959095.875,5970422.301887687,0.5,605228610.6518048,100000000000.0,100000000000.0,1000000000.0,clip,False,0,444,0,444,,,,,,,,,
2026-05-18T19:56:50,0,1,1,1,445,74816,445,True,5.9491978609625667e-08,,,,,,6151.073217391968,669.7279958724976,0.00026488304138183594,0.09050559997558594,1.4018752574920654,0.1824650764465332,4.474132776260376,0,41.618753500798526,26636.002240511054,0.27350622071460784,1746197.0,5885937.795849934,0.5,597042230.1887687,100000000000.0,100000000000.0,1000000000.0,clip,False,0,445,0,445,,,,,,,,,
2026-05-18T19:56:57,0,1,1,1,446,74816,446,True,5.962566844919786e-08,,,,,,6145.582914352417,669.7279958724976,0.00026679039001464844,0.0885932445526123,1.4026813507080078,0.18258881568908691,4.469613790512085,0,41.6559346066484,26659.798148254977,0.27350622071460784,2337456.0,5814968.159932936,0.5,588593779.5849934,100000000000.0,100000000000.0,1000000000.0,clip,False,0,446,0,446,,,,,,,,,
2026-05-18T19:57:03,0,1,1,1,447,74816,447,True,5.975935828877005e-08,,,,,,6155.742883682251,669.7279958724976,0.00029468536376953125,0.08891868591308594,1.408308982849121,0.18926429748535156,4.467039108276367,0,41.5871820570364,26615.796516503295,0.27350622071460784,1950798.875,5737684.774234277,0.5,581496815.9932935,100000000000.0,100000000000.0,1000000000.0,clip,False,0,447,0,447,,,,,,,,,
2026-05-18T19:57:09,0,1,1,1,448,74816,448,True,5.989304812834224e-08,,,,,,6149.777173995972,669.7279958724976,0.0002689361572265625,0.09105229377746582,1.4003524780273438,0.18294310569763184,4.473205804824829,0,41.627524503242704,26641.61568207533,0.27350622071460784,1874119.25,5660413.463749591,0.5,573768477.4234277,100000000000.0,100000000000.0,1000000000.0,clip,False,0,448,0,448,,,,,,,,,
2026-05-18T19:57:15,0,1,1,1,449,74816,449,True,6.002673796791443e-08,,,,,,6150.198936462402,669.7279958724976,0.0002639293670654297,0.09483981132507324,1.3964037895202637,0.17514371871948242,4.481698513031006,0,41.62466981064052,26639.788678809935,0.27350622071460784,2161422.5,5590433.6444745995,0.5,566041346.3749591,100000000000.0,100000000000.0,1000000000.0,clip,False,0,449,0,449,,,,,,,,,
2026-05-18T19:57:21,0,1,1,1,450,74816,450,True,6.016042780748662e-08,,,,,,6157.225847244263,669.7279958724976,0.0003235340118408203,0.0922245979309082,1.39900803565979,0.179215669631958,4.4840779304504395,0,41.577165813168236,26609.386120427673,0.27350622071460784,1892383.875,5516472.649085107,0.5,559043364.4474599,100000000000.0,100000000000.0,1000000000.0,clip,False,0,450,0,450,,,,,,,,,
2026-05-18T19:57:27,0,1,1,1,451,74816,451,True,6.029411764705882e-08,417.980224609375,159.84458923339844,0.7171692848205566,255.42454528808594,1.993942141532898,6142.332315444946,669.7279958724976,0.0003020763397216797,0.09170770645141602,1.3979735374450684,0.1869676113128662,4.463356018066406,0,41.677979447039334,26673.906846105176,0.27350622071460784,2395271.75,5454048.631103405,0.5,551647264.9085107,100000000000.0,100000000000.0,1000000000.0,clip,False,0,451,0,451,470.497802734375,413.9529113769531,524.5675048828125,6149.251302083333,6154.44580078125,768.8004150390625,0.0,999.1461791992188,639453.5625
2026-05-18T19:57:33,0,1,1,1,452,74816,452,True,6.042780748663101e-08,,,,,,6166.179656982422,669.7279958724976,0.0002994537353515625,0.0924539566040039,1.3920843601226807,0.18238568305969238,4.476120471954346,0,41.51679228322714,26570.74706126537,0.27350622071460784,1967840.75,5384324.473481337,0.5,545404863.1103405,100000000000.0,100000000000.0,1000000000.0,clip,False,0,452,0,452,,,,,,,,,
2026-05-18T19:57:40,0,1,1,1,453,74816,453,True,6.056149732620321e-08,,,,,,6145.365476608276,669.7279958724976,0.0002827644348144531,0.09389257431030273,1.3955512046813965,0.18436598777770996,4.469295978546143,0,41.657408493349756,26660.741435743847,0.27350622071460784,2427014.25,5325178.26901171,0.5,538432447.3481337,100000000000.0,100000000000.0,1000000000.0,clip,False,0,453,0,453,,,,,,,,,
2026-05-18T19:57:46,0,1,1,1,454,74816,454,True,6.06951871657754e-08,,,,,,6149.749279022217,669.7279958724976,0.0002715587615966797,0.09054160118103027,1.4013495445251465,0.1887218952178955,4.466919898986816,0,41.62771332373779,26641.736527192184,0.27350622071460784,1849451.75,5255663.738631476,0.5,532517826.90117097,100000000000.0,100000000000.0,1000000000.0,clip,False,0,454,0,454,,,,,,,,,
2026-05-18T19:57:52,0,1,1,1,455,74816,455,True,6.08288770053476e-08,,,,,,6149.621963500977,669.7279958724976,0.0002658367156982422,0.09650468826293945,1.3958055973052979,0.18353009223937988,4.471519708633423,0,41.628575141594446,26642.28809062045,0.27350622071460784,1882167.75,5188193.818858846,0.5,525566373.86314756,100000000000.0,100000000000.0,1000000000.0,clip,False,0,455,0,455,,,,,,,,,
2026-05-18T19:57:58,0,1,1,1,456,74816,456,True,6.096256684491979e-08,,,,,,6144.936800003052,669.7279958724976,0.0002675056457519531,0.0916142463684082,1.4011762142181396,0.17727923393249512,4.472599506378174,0,41.66031455358058,26662.60131429157,0.27350622071460784,2146545.25,5127360.847481669,0.5,518819381.8858846,100000000000.0,100000000000.0,1000000000.0,clip,False,0,456,0,456,,,,,,,,,
2026-05-18T19:58:04,0,1,1,1,457,74816,457,True,6.109625668449198e-08,,,,,,6150.106430053711,669.7279958724976,0.0002911090850830078,0.08768057823181152,1.4091782569885254,0.1764369010925293,4.474344968795776,0,41.62529590528798,26640.189379384305,0.27350622071460784,1960050.875,5064014.648032036,0.5,512736084.7481669,100000000000.0,100000000000.0,1000000000.0,clip,False,0,457,0,457,,,,,,,,,
2026-05-18T19:58:10,0,1,1,1,458,74816,458,True,6.122994652406417e-08,,,,,,6155.015230178833,669.7279958724976,0.0003027915954589844,0.08873105049133301,1.4074113368988037,0.17870497703552246,4.477726697921753,0,41.592098545069234,26618.943068844306,0.27350622071460784,2798537.75,5018705.110071395,0.5,506401464.8032036,100000000000.0,100000000000.0,1000000000.0,clip,False,0,458,0,458,,,,,,,,,
2026-05-18T19:58:17,0,1,1,1,459,74816,459,True,6.136363636363636e-08,,,,,,6148.525714874268,669.7279958724976,0.0002639293670654297,0.08973860740661621,1.4037280082702637,0.18136167526245117,4.471414089202881,0,41.63599728967467,26647.038265391788,0.27350622071460784,1891452.75,4956160.062869966,0.5,501870511.00713944,100000000000.0,100000000000.0,1000000000.0,clip,False,0,459,0,459,,,,,,,,,
2026-05-18T19:58:23,0,1,1,1,460,74816,460,True,6.149732620320855e-08,,,,,,6149.134874343872,669.7279958724976,0.00030350685119628906,0.08951187133789062,1.405742883682251,0.18354177474975586,4.468208074569702,0,41.63187265059231,26644.398496379075,0.27350622071460784,2362625.0,4904289.361612567,0.5,495616006.2869966,100000000000.0,100000000000.0,1000000000.0,clip,False,0,460,0,460,,,,,,,,,
2026-05-18T19:58:29,0,1,1,1,461,74816,461,True,6.163101604278075e-08,493.8395690917969,194.82546997070312,0.7189938426017761,296.2917785644531,2.003328800201416,6148.079395294189,669.7279958724976,0.0002970695495605469,0.08870124816894531,1.4059078693389893,0.18340492248535156,4.46798300743103,0,41.639019853248044,26648.972706078748,0.27350622071460784,2082781.875,4847859.211880315,0.5,490428936.1612567,100000000000.0,100000000000.0,1000000000.0,clip,False,0,461,0,461,466.1287434895833,409.7030944824219,520.039306640625,6151.572916666667,6157.67431640625,768.8004150390625,0.0,998.7691650390625,639212.3125
2026-05-18T19:58:35,0,1,1,1,462,74816,462,True,6.176470588235294e-08,,,,,,6162.994146347046,669.7279958724976,0.00026416778564453125,0.09008145332336426,1.3939826488494873,0.18151330947875977,4.473709583282471,0,41.538251363054975,26584.480872355183,0.27350622071460784,1668274.75,4784267.522642708,0.5,484785921.1880315,100000000000.0,100000000000.0,1000000000.0,clip,False,0,462,0,462,,,,,,,,,
2026-05-18T19:58:41,0,1,1,1,463,74816,463,True,6.189839572192513e-08,,,,,,6149.171590805054,669.7279958724976,0.0002598762512207031,0.09130406379699707,1.4013218879699707,0.18802618980407715,4.466520071029663,0,41.63162406832175,26644.23940372592,0.27350622071460784,2035278.25,4729287.7371898545,0.5,478426752.26427084,100000000000.0,100000000000.0,1000000000.0,clip,False,0,463,0,463,,,,,,,,,
2026-05-18T19:58:47,0,1,1,1,464,74816,464,True,6.203208556149732e-08,,,,,,6149.205684661865,669.7279958724976,0.00025916099548339844,0.09002137184143066,1.4031434059143066,0.1828758716583252,4.47106671333313,0,41.63139324458571,26644.091676534852,0.27350622071460784,1877672.0,4672255.422446058,0.5,472928773.71898544,100000000000.0,100000000000.0,1000000000.0,clip,False,0,464,0,464,,,,,,,,,
2026-05-18T19:58:53,0,1,1,1,465,74816,465,True,6.216577540106951e-08,,,,,,6149.449586868286,669.7279958724976,0.000263214111328125,0.0917823314666748,1.4010779857635498,0.18301749229431152,4.471417188644409,0,41.629742041738155,26643.03490671242,0.27350622071460784,1950801.625,4617826.346497136,0.5,467225542.24460584,100000000000.0,100000000000.0,1000000000.0,clip,False,0,465,0,465,,,,,,,,,
2026-05-18T19:59:00,0,1,1,1,466,74816,466,True,6.229946524064172e-08,,,,,,6148.2603549957275,669.7279958724976,0.0002694129943847656,0.09184956550598145,1.4005484580993652,0.17998695373535156,4.473610162734985,0,41.637794305829765,26648.18835573105,0.27350622071460784,1928506.25,4564039.944567193,0.5,461782634.64971364,100000000000.0,100000000000.0,1000000000.0,clip,False,0,466,0,466,,,,,,,,,
2026-05-18T19:59:06,0,1,1,1,467,74816,467,True,6.24331550802139e-08,,,,,,6149.816036224365,669.7279958724976,0.0002627372741699219,0.09122800827026367,1.4023253917694092,0.18117189407348633,4.4729461669921875,0,41.62726144848543,26641.447327030677,0.27350622071460784,1791577.375,4508590.6931758495,0.5,456403994.45671934,100000000000.0,100000000000.0,1000000000.0,clip,False,0,467,0,467,,,,,,,,,
2026-05-18T19:59:12,0,1,1,1,468,74816,468,True,6.25668449197861e-08,,,,,,6273.3330726623535,669.7279958724976,0.0002608299255371094,0.09067559242248535,1.4025847911834717,0.1823887825012207,4.5955588817596436,0,40.80765313029292,26116.89800338747,0.27350622071460784,1982100.875,4458060.896812333,0.5,450859069.31758493,100000000000.0,100000000000.0,1000000000.0,clip,False,0,468,0,468,,,,,,,,,
2026-05-18T19:59:18,0,1,1,1,469,74816,469,True,6.270053475935828e-08,,,,,,6145.483732223511,669.7279958724976,0.00027060508728027344,0.08728337287902832,1.4059619903564453,0.18285655975341797,4.46724271774292,0,41.65660689290867,26660.22841146155,0.27350622071460784,1676478.75,4402429.253876086,0.5,445806089.6812333,100000000000.0,100000000000.0,1000000000.0,clip,False,0,469,0,469,,,,,,,,,
2026-05-18T19:59:24,0,1,1,1,470,74816,470,True,6.283422459893048e-08,,,,,,6153.624773025513,669.7279958724976,0.00029206275939941406,0.08729195594787598,1.4094245433807373,0.1825869083404541,4.47222113609314,0,41.60149658818637,26624.957816439277,0.27350622071460784,1904254.875,4352465.766298565,0.5,440242925.38760865,100000000000.0,100000000000.0,1000000000.0,clip,False,0,470,0,470,,,,,,,,,
2026-05-18T19:59:31,0,1,1,1,471,74816,471,True,6.296791443850267e-08,503.2422180175781,205.34298706054688,0.7202980518341064,295.2528991699219,1.9260408878326416,6441.769599914551,669.7279958724976,0.00026345252990722656,0.09065937995910645,1.401993989944458,0.1836237907409668,4.763437747955322,0,39.74063276081712,25434.00496692296,0.27350622071460784,1738705.125,4300190.553472593,0.5,435246576.6298565,100000000000.0,100000000000.0,1000000000.0,clip,False,0,471,0,471,476.6305338541667,412.51495361328125,527.1090698242188,6442.095052083333,6447.3916015625,768.8004150390625,0.0,953.7271728515625,610385.375
2026-05-18T19:59:37,0,1,1,1,472,74816,472,True,6.310160427807487e-08,,,,,,6157.672166824341,669.7279958724976,0.00028967857360839844,0.09117865562438965,1.393171787261963,0.1826920509338379,4.471928119659424,0,41.57415222253142,26607.457422420106,0.27350622071460784,1920161.875,4252589.979903141,0.5,430019055.34725934,100000000000.0,100000000000.0,1000000000.0,clip,False,0,472,0,472,,,,,,,,,
2026-05-18T19:59:43,0,1,1,1,473,74816,473,True,6.323529411764706e-08,,,,,,6150.145769119263,669.7279958724976,0.00026726722717285156,0.09649801254272461,1.3962507247924805,0.18457436561584473,4.470696687698364,0,41.625029651396495,26640.018976893756,0.27350622071460784,2173855.0,4211015.280305078,0.5,425258997.9903141,100000000000.0,100000000000.0,1000000000.0,clip,False,0,473,0,473,,,,,,,,,
2026-05-18T19:59:49,0,1,1,1,474,74816,474,True,6.336898395721925e-08,,,,,,6150.288820266724,669.7279958724976,0.00026798248291015625,0.09238624572753906,1.399972915649414,0.17925024032592773,4.476428031921387,0,41.624061484139844,26639.3993498495,0.27350622071460784,1859817.0,4163991.3146989765,0.5,421101528.0305078,100000000000.0,100000000000.0,1000000000.0,clip,False,0,474,0,474,,,,,,,,,
2026-05-18T19:59:55,0,1,1,1,475,74816,475,True,6.350267379679144e-08,,,,,,6149.7509479522705,669.7279958724976,0.0005381107330322266,0.0902714729309082,1.4020476341247559,0.18290066719055176,4.471965074539185,0,41.62770202673691,26641.729297111626,0.27350622071460784,1623745.25,4113186.393404997,0.5,416399131.4698976,100000000000.0,100000000000.0,1000000000.0,clip,False,0,475,0,475,,,,,,,,,
2026-05-18T20:00:01,0,1,1,1,476,74816,476,True,6.363636363636363e-08,,,,,,6152.460336685181,669.7279958724976,0.00030493736267089844,0.09126043319702148,1.40230131149292,0.1789381504058838,4.477587461471558,0,41.60937023414076,26629.996949850087,0.27350622071460784,1740267.25,4065728.010536897,0.5,411318639.3404997,100000000000.0,100000000000.0,1000000000.0,clip,False,0,476,0,476,,,,,,,,,
2026-05-18T20:00:08,0,1,1,1,477,74816,477,True,6.377005347593582e-08,,,,,,6153.649091720581,669.7279958724976,0.0003104209899902344,0.09293746948242188,1.3991844654083252,0.18650531768798828,4.472569227218628,0,41.601332182628816,26624.852596882443,0.27350622071460784,2192220.75,4028257.865326159,0.5,406572801.0536897,100000000000.0,100000000000.0,1000000000.0,clip,False,0,477,0,477,,,,,,,,,
2026-05-18T20:00:14,0,1,1,1,478,74816,478,True,6.390374331550802e-08,,,,,,6146.2037563323975,669.7279958724976,0.0002624988555908203,0.09055376052856445,1.4013245105743408,0.1816730499267578,4.470414638519287,0,41.65172684622515,26657.1051815841,0.27350622071460784,1855989.25,3984812.4930196363,0.5,402825786.5326159,100000000000.0,100000000000.0,1000000000.0,clip,False,0,478,0,478,,,,,,,,,
2026-05-18T20:00:20,0,1,1,1,479,74816,479,True,6.403743315508021e-08,,,,,,6144.35338973999,669.7279958724976,0.00026679039001464844,0.09143924713134766,1.4008564949035645,0.18099117279052734,4.468906402587891,0,41.66427022694948,26665.132945247668,0.27350622071460784,1819307.125,3941502.3856592434,0.5,398481249.3019636,100000000000.0,100000000000.0,1000000000.0,clip,False,0,479,0,479,,,,,,,,,
2026-05-18T20:00:26,0,1,1,1,480,74816,480,True,6.41711229946524e-08,,,,,,6155.489444732666,669.7279958724976,0.0006244182586669922,0.0867319107055664,1.4105603694915771,0.18620038032531738,4.469651699066162,0,41.588894319210084,26616.892364294454,0.27350622071460784,2775959.25,3918191.522946059,0.5,394150238.56592435,100000000000.0,100000000000.0,1000000000.0,clip,False,0,480,0,480,,,,,,,,,
2026-05-18T20:00:32,0,1,1,1,481,74816,481,True,6.430481283422459e-08,418.6566467285156,169.60977172851562,0.7166774272918701,246.3538360595703,1.9763529300689697,6149.362564086914,669.7279958724976,0.0002658367156982422,0.09126567840576172,1.4010834693908691,0.1845083236694336,4.470228910446167,0,41.63033116555424,26643.411945954715,0.27350622071460784,1832886.875,3876485.429987137,0.5,391819152.29460585,100000000000.0,100000000000.0,1000000000.0,clip,False,0,481,0,481,466.62646484375,398.2541198730469,540.8550415039062,6149.142578125,6152.6943359375,768.8004150390625,0.0,999.163818359375,639464.875
2026-05-18T20:00:38,0,1,1,1,482,74816,482,True,6.443850267379678e-08,,,,,,6157.325744628906,669.7279958724976,0.00029468536376953125,0.09372162818908691,1.390902042388916,0.18064188957214355,4.472270965576172,0,41.57649125893838,26608.954405720568,0.27350622071460784,2126098.0,3841477.681387394,0.5,387648542.99871373,100000000000.0,100000000000.0,1000000000.0,clip,False,0,482,0,482,,,,,,,,,
2026-05-18T20:00:45,0,1,1,1,483,74816,483,True,6.457219251336899e-08,,,,,,6149.228096008301,669.7279958724976,0.0002665519714355469,0.08972716331481934,1.4030823707580566,0.18346190452575684,4.470829963684082,0,41.631241515691926,26643.994570042832,0.27350622071460784,2208220.25,3808812.5327596464,0.5,384147768.1387394,100000000000.0,100000000000.0,1000000000.0,clip,False,0,483,0,483,,,,,,,,,
2026-05-18T20:00:51,0,1,1,1,484,74816,484,True,6.470588235294118e-08,,,,,,6149.001121520996,669.7279958724976,0.0002665519714355469,0.09108567237854004,1.4022250175476074,0.1867358684539795,4.466639757156372,0,41.63277822539683,26644.97806425397,0.27350622071460784,1982956.875,3772295.4196044537,0.5,380881253.2759646,100000000000.0,100000000000.0,1000000000.0,clip,False,0,484,0,484,,,,,,,,,
2026-05-18T20:00:57,0,1,1,1,485,74816,485,True,6.483957219251337e-08,,,,,,6150.625705718994,669.7279958724976,0.000263214111328125,0.09426379203796387,1.3983018398284912,0.1838533878326416,4.472075700759888,0,41.62178162816269,26637.94024202412,0.27350622071460784,1918317.75,3735215.8662123648,0.5,377229541.96044534,100000000000.0,100000000000.0,1000000000.0,clip,False,0,485,0,485,,,,,,,,,
2026-05-18T20:01:03,0,1,1,1,486,74816,486,True,6.497326203208556e-08,,,,,,6149.093151092529,669.7279958724976,0.00027179718017578125,0.09171581268310547,1.4001331329345703,0.18433547019958496,4.470782518386841,0,41.63215513404861,26644.57928579111,0.27350622071460784,1750189.5,3695515.3388881176,0.5,373521586.6212365,100000000000.0,100000000000.0,1000000000.0,clip,False,0,486,0,486,,,,,,,,,
2026-05-18T20:01:09,0,1,1,1,487,74816,487,True,6.510695187165775e-08,,,,,,6150.229930877686,669.7279958724976,0.00026488304138183594,0.09145188331604004,1.4017601013183594,0.18444538116455078,4.470430850982666,0,41.62446004087311,26639.654426158788,0.27350622071460784,1940920.625,3660423.4446103554,0.5,369551533.88881177,100000000000.0,100000000000.0,1000000000.0,clip,False,0,487,0,487,,,,,,,,,
2026-05-18T20:01:15,0,1,1,1,488,74816,488,True,6.524064171122994e-08,,,,,,6149.386405944824,669.7279958724976,0.00027680397033691406,0.09174132347106934,1.4004402160644531,0.18868422508239746,4.466478109359741,0,41.6301697601107,26643.308646470843,0.27350622071460784,2142666.5,3630068.305718148,0.5,366042344.46103555,100000000000.0,100000000000.0,1000000000.0,clip,False,0,488,0,488,,,,,,,,,
2026-05-18T20:01:21,0,1,1,1,489,74816,489,True,6.537433155080214e-08,,,,,,6149.489879608154,669.7279958724976,0.00027441978454589844,0.09085774421691895,1.402564525604248,0.18446993827819824,4.4692933559417725,0,41.62946927498844,26642.8603359926,0.27350622071460784,1873451.5,3594935.9696037853,0.5,363006830.57181484,100000000000.0,100000000000.0,1000000000.0,clip,False,0,489,0,489,,,,,,,,,
2026-05-18T20:01:28,0,1,1,1,490,74816,490,True,6.550802139037433e-08,,,,,,6415.287017822266,669.7279958724976,0.0002720355987548828,0.09174704551696777,1.400815725326538,0.1825246810913086,4.737928867340088,0,39.90468381053071,25538.997638739653,0.27350622071460784,1937712.375,3561791.4977117097,0.5,359493596.9603785,100000000000.0,100000000000.0,1000000000.0,clip,False,0,490,0,490,,,,,,,,,
2026-05-18T20:01:34,0,1,1,1,491,74816,491,True,6.564171122994652e-08,464.048583984375,185.59771728515625,0.7186821699142456,275.73040771484375,2.0017566680908203,6150.872468948364,669.7279958724976,0.0002655982971191406,0.529630184173584,0.9633195400238037,0.18966221809387207,4.465982437133789,0,41.62011182842313,26636.871570190804,0.27350622071460784,2167973.75,3533915.1427574754,0.5,356179149.771171,100000000000.0,100000000000.0,1000000000.0,clip,False,0,491,0,491,479.71728515625,446.21881103515625,551.65234375,6149.236328125,6151.59912109375,768.8004150390625,0.0,999.1484375,639455.0
2026-05-18T20:01:40,0,1,1,1,492,74816,492,True,6.577540106951871e-08,,,,,,6154.818296432495,669.7279958724976,0.0003006458282470703,0.09229922294616699,1.3927364349365234,0.18064260482788086,4.470486640930176,0,41.5934293541021,26619.79478662534,0.27350622071460784,2042119.0,3504079.219902326,0.5,353391514.27574754,100000000000.0,100000000000.0,1000000000.0,clip,False,0,492,0,492,,,,,,,,,
2026-05-18T20:01:46,0,1,1,1,493,74816,493,True,6.59090909090909e-08,,,,,,6152.684688568115,669.7279958724976,0.000324249267578125,0.0893716812133789,1.40557861328125,0.1811378002166748,4.474342346191406,0,41.60785298743753,26629.02591196002,0.27350622071460784,1871036.5,3471418.3655042793,0.5,350407921.9902326,100000000000.0,100000000000.0,1000000000.0,clip,False,0,493,0,493,,,,,,,,,
2026-05-18T20:01:52,0,1,1,1,494,74816,494,True,6.60427807486631e-08,,,,,,6148.597240447998,669.7279958724976,0.0002689361572265625,0.09014511108398438,1.4020628929138184,0.1813046932220459,4.472903490066528,0,41.63551294528236,26646.72828498071,0.27350622071460784,2346169.5,3448913.3881941936,0.5,347141836.5504279,100000000000.0,100000000000.0,1000000000.0,clip,False,0,494,0,494,,,,,,,,,
2026-05-18T20:01:59,0,1,1,1,495,74816,495,True,6.61764705882353e-08,,,,,,6149.284839630127,669.7279958724976,0.0002658367156982422,0.08914422988891602,1.403749704360962,0.185685396194458,4.468626976013184,0,41.63085735599103,26643.74870783426,0.27350622071460784,2643373.0,3432802.5804303098,0.5,344891338.8194194,100000000000.0,100000000000.0,1000000000.0,clip,False,0,495,0,495,,,,,,,,,
2026-05-18T20:02:05,0,1,1,1,496,74816,496,True,6.631016042780749e-08,,,,,,6148.260116577148,669.7279958724976,0.00026535987854003906,0.09009051322937012,1.4024360179901123,0.18228435516357422,4.471379041671753,0,41.63779592046929,26648.189389100342,0.27350622071460784,1914014.5,3402426.8188217035,0.5,343280258.043031,100000000000.0,100000000000.0,1000000000.0,clip,False,0,496,0,496,,,,,,,,,
2026-05-18T20:02:11,0,1,1,1,497,74816,497,True,6.644385026737967e-08,,,,,,6152.275085449219,669.7279958724976,0.00030303001403808594,0.0938260555267334,1.400144338607788,0.18188118934631348,4.4740424156188965,0,41.61062313443478,26630.798806038263,0.27350622071460784,1730129.5,3368980.8724452695,0.5,340242681.8821704,100000000000.0,100000000000.0,1000000000.0,clip,False,0,497,0,497,,,,,,,,,
2026-05-18T20:02:17,0,1,1,1,498,74816,498,True,6.657754010695186e-08,,,,,,6152.384996414185,669.7279958724976,0.0002980232238769531,0.09282875061035156,1.3995256423950195,0.1795036792755127,4.478060722351074,0,41.609879770073775,26630.323052847216,0.27350622071460784,2142847.75,3344458.209996364,0.5,336898087.2445269,100000000000.0,100000000000.0,1000000000.0,clip,False,0,498,0,498,,,,,,,,,
2026-05-18T20:02:23,0,1,1,1,499,74816,499,True,6.671122994652407e-08,,,,,,6148.196458816528,669.7279958724976,0.000339508056640625,0.0949552059173584,1.3958666324615479,0.19092059135437012,4.4638707637786865,0,41.63822703370114,26648.465301568733,0.27350622071460784,2524051.0,3328050.0657964367,0.5,334445820.9996364,100000000000.0,100000000000.0,1000000000.0,clip,False,0,499,0,499,,,,,,,,,
2026-05-18T20:02:29,0,1,1,1,500,74816,500,True,6.684491978609626e-08,,,,,,6151.952028274536,669.7279958724976,0.00032067298889160156,0.09244251251220703,1.398789644241333,0.18379569053649902,4.474626779556274,0,41.612808231178846,26632.19726795446,0.27350622071460784,1811987.5,3297728.8144805077,0.5,332805006.57964367,100000000000.0,100000000000.0,1000000000.0,clip,False,0,500,0,500,,,,,,,,,
