time,node_rank,rank,local_rank,epoch,batch_index,num_batches,update_step,should_step,lr,loss_total,loss_gep,loss_zero_prob,loss_gepc,loss_gepc_zero_prob,step_ms,data_load_s,to_device_s,forward_s,loss_s,backward_s,optimizer_s,grad_sync_s,samples_per_s,tokens_per_s,mfu,grad_norm_raw,grad_norm_ema,grad_clip_threshold,grad_skip_threshold,grad_skip_max,grad_hard_raw_norm_limit,grad_ema_contribution_cap,grad_action,skipped,skipped_count_cum,clipped_count_cum,consecutive_skips,consecutive_clips,cluster_loss_total_mean,cluster_loss_total_min,cluster_loss_total_max,cluster_step_ms_mean,cluster_step_ms_max,cluster_data_load_s_max,cluster_grad_sync_s_max,cluster_samples_per_s_sum,cluster_tokens_per_s_sum
2026-05-18T19:11:16,0,2,2,1,1,74816,1,True,1.3368983957219252e-10,590.2040405273438,160.63809204101562,0.7199469804763794,426.8462829589844,1.999725103378296,809447.5705623627,633.60200715065,0.0026557445526123047,0.5444989204406738,1.211449146270752,0.29967498779296875,16.44778537750244,0,0.3162650791849858,202.4096506783909,,91204840.0,91204840.0,0.5,100000000000.0,100000000000.0,100000000000.0,1000000000.0,clip,False,0,1,0,1,640.3086751302084,584.711669921875,701.3232421875,809494.5,810489.4375,768.8004150390625,0.0,7.5899224281311035,4857.55029296875
2026-05-18T19:11:22,0,2,2,1,2,74816,2,True,2.6737967914438504e-10,,,,,,7187.545537948608,633.60200715065,0.0002796649932861328,0.09801268577575684,1.3916916847229004,0.2232680320739746,4.422652721405029,0,35.61716564415183,22794.986012257174,,96543344.0,91311610.08,0.5,100000000000.0,100000000000.0,100000000000.0,1000000000.0,clip,False,0,2,0,2,,,,,,,,,
2026-05-18T19:11:28,0,2,2,1,3,74816,3,True,4.0106951871657755e-10,,,,,,6288.634777069092,633.60200715065,0.00029850006103515625,0.09794378280639648,1.403153657913208,0.18062233924865723,4.604547739028931,0,40.70835866211847,26053.34954375582,,98736800.0,91460113.8784,0.5,100000000000.0,100000000000.0,100000000000.0,1000000000.0,clip,False,0,3,0,3,,,,,,,,,
2026-05-18T19:11:34,0,2,2,1,4,74816,4,True,5.347593582887701e-10,,,,,,6149.68729019165,633.60200715065,0.00030303001403808594,0.09365129470825195,1.4093878269195557,0.18004345893859863,4.464276552200317,0,41.628132930970864,26642.00507582135,,97532808.0,91581567.760832,0.5,100000000000.0,100000000000.0,100000000000.0,1000000000.0,clip,False,0,4,0,4,,,,,,,,,
2026-05-18T19:11:40,0,2,2,1,5,74816,5,True,6.684491978609625e-10,,,,,,6151.2322425842285,633.60200715065,0.00030803680419921875,0.09666633605957031,1.4059805870056152,0.182877779006958,4.463387966156006,0,41.61767754885652,26635.313631268175,,96964872.0,91689233.84561536,0.5,100000000000.0,100000000000.0,100000000000.0,1000000000.0,clip,False,0,5,0,5,,,,,,,,,
2026-05-18T19:11:47,0,2,2,1,6,74816,6,True,8.021390374331551e-10,,,,,,6454.26607131958,633.60200715065,0.0003139972686767578,1.4747602939605713,0.2527809143066406,0.18054962158203125,4.543926477432251,0,39.66368866284755,25384.76074422243,,98021048.0,91815870.12870306,0.5,100000000000.0,100000000000.0,100000000000.0,1000000000.0,clip,False,0,6,0,6,,,,,,,,,
2026-05-18T19:11:53,0,2,2,1,7,74816,7,True,9.358288770053475e-10,,,,,,6163.462400436401,633.60200715065,0.0003292560577392578,0.09427022933959961,1.4080536365509033,0.18130970001220703,4.477523326873779,0,41.53509559527353,26582.46118097506,,97543176.0,91930416.24612899,0.5,100000000000.0,100000000000.0,100000000000.0,1000000000.0,clip,False,0,7,0,7,,,,,,,,,
2026-05-18T19:11:59,0,2,2,1,8,74816,8,True,1.0695187165775401e-09,,,,,,6208.559989929199,633.60200715065,0.0005228519439697266,0.11477017402648926,1.3866302967071533,0.18462038040161133,4.508679151535034,0,41.23339396176461,26389.372135529353,,98012136.0,92052050.64120641,0.5,100000000000.0,100000000000.0,100000000000.0,1000000000.0,clip,False,0,8,0,8,,,,,,,,,
2026-05-18T19:12:05,0,2,2,1,9,74816,9,True,1.2032085561497326e-09,,,,,,6144.877672195435,633.60200715065,0.0004889965057373047,0.09822940826416016,1.400813341140747,0.18546175956726074,4.457580327987671,0,41.660715421294405,26662.85786962842,,97280448.0,92156618.58838229,0.5,100000000000.0,100000000000.0,100000000000.0,1000000000.0,clip,False,0,9,0,9,,,,,,,,,
2026-05-18T19:12:12,0,2,2,1,10,74816,10,True,1.336898395721925e-09,,,,,,6151.6358852386475,633.60200715065,0.00032138824462890625,0.09525656700134277,1.4061009883880615,0.1817171573638916,4.466028213500977,0,41.61494678420303,26633.565941889938,,99618960.0,92305865.41661465,0.5,100000000000.0,100000000000.0,100000000000.0,1000000000.0,clip,False,0,10,0,10,,,,,,,,,
2026-05-18T19:12:18,0,2,2,1,11,74816,11,True,1.4705882352941176e-09,633.04443359375,196.31072998046875,0.7199932336807251,434.009521484375,2.0042123794555664,6150.561809539795,633.60200715065,0.00031185150146484375,0.09407329559326172,1.4083118438720703,0.1841597557067871,4.461386680603027,0,41.622214023267375,26638.21697489112,,97702480.0,92413797.70828237,0.5,100000000000.0,100000000000.0,100000000000.0,1000000000.0,clip,False,0,11,0,11,630.4042154947916,568.9302368164062,698.9390869140625,6149.360677083333,6154.24951171875,768.8004150390625,0.0,999.1285400390625,639442.25
2026-05-18T19:12:24,0,2,2,1,12,74816,12,True,1.6042780748663102e-09,,,,,,6161.279916763306,633.60200715065,0.0002856254577636719,0.09446215629577637,1.3904194831848145,0.18493247032165527,4.460879325866699,0,41.54980839346186,26591.87737181559,,97152176.0,92508565.27411671,0.5,100000000000.0,100000000000.0,100000000000.0,1000000000.0,clip,False,0,12,0,12,,,,,,,,,
2026-05-18T19:12:30,0,2,2,1,13,74816,13,True,1.7379679144385026e-09,,,,,,6153.235912322998,633.60200715065,0.0003151893615722656,0.09443354606628418,1.4072246551513672,0.18587899208068848,4.463306903839111,0,41.6041256418127,26626.640410760127,,96201584.0,92582425.64863437,0.5,100000000000.0,100000000000.0,100000000000.0,1000000000.0,clip,False,0,13,0,13,,,,,,,,,
2026-05-18T19:12:36,0,2,2,1,14,74816,14,True,1.871657754010695e-09,,,,,,6151.19743347168,633.60200715065,0.0003848075866699219,0.09725475311279297,1.4008917808532715,0.1877732276916504,4.461917400360107,0,41.617913059818,26635.464358283523,,98174080.0,92694258.7356617,0.5,100000000000.0,100000000000.0,100000000000.0,1000000000.0,clip,False,0,14,0,14,,,,,,,,,
2026-05-18T19:12:42,0,2,2,1,15,74816,15,True,2.0053475935828875e-09,,,,,,6151.673793792725,633.60200715065,0.0003402233123779297,0.10124993324279785,1.3983018398284912,0.188751220703125,4.4608917236328125,0,41.61469033977612,26633.401817456717,,97234856.0,92785070.68094847,0.5,100000000000.0,100000000000.0,100000000000.0,1000000000.0,clip,False,0,15,0,15,,,,,,,,,
2026-05-18T19:12:48,0,2,2,1,16,74816,16,True,2.1390374331550803e-09,,,,,,6154.138803482056,633.60200715065,0.00028395652770996094,0.09371519088745117,1.4045708179473877,0.18572592735290527,4.467819690704346,0,41.598021782536556,26622.733940823397,,96073600.0,92850841.2673295,0.5,100000000000.0,100000000000.0,100000000000.0,1000000000.0,clip,False,0,16,0,16,,,,,,,,,
2026-05-18T19:12:55,0,2,2,1,17,74816,17,True,2.2727272727272727e-09,,,,,,6150.599241256714,633.60200715065,0.0003178119659423828,0.09811949729919434,1.4031503200531006,0.18349409103393555,4.463303327560425,0,41.621960716090015,26638.05485829761,,97394552.0,92941715.48198292,0.5,100000000000.0,100000000000.0,100000000000.0,1000000000.0,clip,False,0,17,0,17,,,,,,,,,
2026-05-18T19:13:01,0,2,2,1,18,74816,18,True,2.406417112299465e-09,,,,,,6150.248050689697,633.60200715065,0.00030994415283203125,0.0974721908569336,1.4035675525665283,0.18471884727478027,4.462031602859497,0,41.62433740721918,26639.575940620274,,96955568.0,93021992.53234325,0.5,100000000000.0,100000000000.0,100000000000.0,1000000000.0,clip,False,0,18,0,18,,,,,,,,,
2026-05-18T19:13:07,0,2,2,1,19,74816,19,True,2.5401069518716575e-09,,,,,,6150.49934387207,633.60200715065,0.00031566619873046875,0.09556388854980469,1.4056742191314697,0.18143391609191895,4.465496301651001,0,41.6226367465693,26638.48751780435,,98589184.0,93133336.36169639,0.5,100000000000.0,100000000000.0,100000000000.0,1000000000.0,clip,False,0,19,0,19,,,,,,,,,
2026-05-18T19:13:13,0,2,2,1,20,74816,20,True,2.67379679144385e-09,,,,,,6155.126333236694,633.60200715065,0.00031185150146484375,0.0991981029510498,1.4029414653778076,0.18716716766357422,4.463280916213989,0,41.59134778723242,26618.46258382875,,97469176.0,93220053.15446246,0.5,100000000000.0,100000000000.0,100000000000.0,1000000000.0,clip,False,0,20,0,20,,,,,,,,,
2026-05-18T19:13:19,0,2,2,1,21,74816,21,True,2.8074866310160428e-09,587.9681396484375,160.31480407714844,0.7215854525566101,424.9514465332031,1.9802981615066528,6149.337291717529,633.60200715065,0.0003063678741455078,0.0964818000793457,1.4045641422271729,0.18082571029663086,4.464836359024048,0,41.63050225669088,26643.521444282163,,96557584.0,93286803.77137321,0.5,100000000000.0,100000000000.0,100000000000.0,1000000000.0,clip,False,0,21,0,21,627.0322265625,552.3350219726562,672.52197265625,6151.369791666667,6153.51416015625,768.8004150390625,0.0,998.802001953125,639233.25
2026-05-18T19:13:25,0,2,2,1,22,74816,22,True,2.941176470588235e-09,,,,,,6167.681932449341,633.60200715065,0.00030803680419921875,0.09493112564086914,1.3894531726837158,0.1913008689880371,4.4575722217559814,0,41.5066799494208,26564.275167629312,,96791840.0,93356904.49594574,0.5,100000000000.0,100000000000.0,100000000000.0,1000000000.0,clip,False,0,22,0,22,,,,,,,,,
2026-05-18T19:13:32,0,2,2,1,23,74816,23,True,3.074866310160428e-09,,,,,,6146.157026290894,633.60200715065,0.0003421306610107422,0.09690165519714355,1.402358055114746,0.18605399131774902,4.45780873298645,0,41.65204352979114,26657.30785906633,,97073120.0,93431228.80602683,0.5,100000000000.0,100000000000.0,100000000000.0,1000000000.0,clip,False,0,23,0,23,,,,,,,,,
2026-05-18T19:13:38,0,2,2,1,24,74816,24,True,3.2085561497326204e-09,,,,,,6157.552480697632,633.60200715065,0.0003001689910888672,0.09244966506958008,1.4098234176635742,0.18361949920654297,4.469331502914429,0,41.574960311340455,26607.97459925789,,96462200.0,93491848.22990629,0.5,100000000000.0,100000000000.0,100000000000.0,1000000000.0,clip,False,0,24,0,24,,,,,,,,,
2026-05-18T19:13:44,0,2,2,1,25,74816,25,True,3.3422459893048124e-09,,,,,,6151.16024017334,633.60200715065,0.00032711029052734375,0.09556365013122559,1.4063200950622559,0.18331694602966309,4.463464975357056,0,41.61816470461285,26635.625410952223,,96753424.0,93557079.74530816,0.5,100000000000.0,100000000000.0,100000000000.0,1000000000.0,clip,False,0,25,0,25,,,,,,,,,
2026-05-18T19:13:50,0,2,2,1,26,74816,26,True,3.4759358288770053e-09,,,,,,6149.950265884399,633.60200715065,0.00030040740966796875,0.09683895111083984,1.4051549434661865,0.18651080131530762,4.458707809448242,0,41.626352886153896,26640.865847138495,,97311880.0,93632175.750402,0.5,100000000000.0,100000000000.0,100000000000.0,1000000000.0,clip,False,0,26,0,26,,,,,,,,,
2026-05-18T19:13:56,0,2,2,1,27,74816,27,True,3.6096256684491977e-09,,,,,,6150.142431259155,633.60200715065,0.0003154277801513672,0.09284830093383789,1.4075660705566406,0.18914294242858887,4.45600438117981,0,41.62505224250353,26640.03343520226,,95252928.0,93664590.79539396,0.5,100000000000.0,100000000000.0,100000000000.0,1000000000.0,clip,False,0,27,0,27,,,,,,,,,
2026-05-18T19:14:02,0,2,2,1,28,74816,28,True,3.74331550802139e-09,,,,,,6150.566816329956,633.60200715065,0.00030159950256347656,0.09215784072875977,1.411189079284668,0.18735313415527344,4.457677602767944,0,41.622180141237,26638.195290391683,,96178352.0,93714866.01948608,0.5,100000000000.0,100000000000.0,100000000000.0,1000000000.0,clip,False,0,28,0,28,,,,,,,,,
2026-05-18T19:14:08,0,2,2,1,29,74816,29,True,3.8770053475935825e-09,,,,,,6151.026964187622,633.60200715065,0.0003027915954589844,0.09232521057128906,1.4109466075897217,0.18363738059997559,4.461927652359009,0,41.619066456784815,26636.202532342282,,95945680.0,93759482.29909638,0.5,100000000000.0,100000000000.0,100000000000.0,1000000000.0,clip,False,0,29,0,29,,,,,,,,,
2026-05-18T19:14:15,0,2,2,1,30,74816,30,True,4.010695187165775e-09,,,,,,6149.393320083618,633.60200715065,0.00029850006103515625,0.09124612808227539,1.411057949066162,0.18474745750427246,4.460110425949097,0,41.63012295276617,26643.278689770348,,97183760.0,93827967.85311446,0.5,100000000000.0,100000000000.0,100000000000.0,1000000000.0,clip,False,0,30,0,30,,,,,,,,,
2026-05-18T19:14:21,0,2,2,1,31,74816,31,True,4.144385026737968e-09,573.411376953125,159.0233154296875,0.7202081680297852,411.6878356933594,1.9799559116363525,6150.672912597656,633.60200715065,0.0003056526184082031,0.09250354766845703,1.4105722904205322,0.1838827133178711,4.4614903926849365,0,41.6214621778484,26637.735793822976,,95630088.0,93864010.25605217,0.5,100000000000.0,100000000000.0,100000000000.0,1000000000.0,clip,False,0,31,0,31,616.103515625,542.1213989257812,680.8824462890625,6150.972005208333,6155.2275390625,768.8004150390625,0.0,998.8665771484375,639274.625
2026-05-18T19:14:27,0,2,2,1,32,74816,32,True,4.2780748663101606e-09,,,,,,6170.797109603882,633.60200715065,0.00028228759765625,0.0924828052520752,1.392214059829712,0.18725228309631348,4.468207120895386,0,41.48572630942216,26550.864838030186,,95529488.0,93897319.81093113,0.5,100000000000.0,100000000000.0,100000000000.0,1000000000.0,clip,False,0,32,0,32,,,,,,,,,
2026-05-18T19:14:33,0,2,2,1,33,74816,33,True,4.411764705882352e-09,,,,,,6152.825593948364,633.60200715065,0.00029015541076660156,0.09708213806152344,1.4057540893554688,0.18665242195129395,4.461050033569336,0,41.606900129233274,26628.416082709296,,96741152.0,93954196.45471251,0.5,100000000000.0,100000000000.0,100000000000.0,1000000000.0,clip,False,0,33,0,33,,,,,,,,,
2026-05-18T19:14:39,0,2,2,1,34,74816,34,True,4.545454545454545e-09,,,,,,6149.51491355896,633.60200715065,0.00045561790466308594,0.09874606132507324,1.4024653434753418,0.18175601959228516,4.4635608196258545,0,41.62929980632293,26642.751876046677,,97046824.0,94016049.00561826,0.5,100000000000.0,100000000000.0,100000000000.0,1000000000.0,clip,False,0,34,0,34,,,,,,,,,
2026-05-18T19:14:45,0,2,2,1,35,74816,35,True,4.679144385026738e-09,,,,,,6148.793935775757,633.60200715065,0.00032210350036621094,0.09671926498413086,1.4046409130096436,0.1876528263092041,4.457486629486084,0,41.634181056305316,26645.8758760354,,96501528.0,94065758.58550589,0.5,100000000000.0,100000000000.0,100000000000.0,1000000000.0,clip,False,0,35,0,35,,,,,,,,,
2026-05-18T19:14:52,0,2,2,1,36,74816,36,True,4.81283422459893e-09,,,,,,6148.895502090454,633.60200715065,0.00030922889709472656,0.09478926658630371,1.4073255062103271,0.18857502937316895,4.455954551696777,0,41.633493350629735,26645.43574440303,,95597888.0,94096401.17379577,0.5,100000000000.0,100000000000.0,100000000000.0,1000000000.0,clip,False,0,36,0,36,,,,,,,,,
2026-05-18T19:14:58,0,2,2,1,37,74816,37,True,4.946524064171123e-09,,,,,,6149.775505065918,633.60200715065,0.0002963542938232422,0.09385299682617188,1.4090795516967773,0.18228483200073242,4.462308883666992,0,41.62753580014723,26641.622912094226,,94890496.0,94112283.07031986,0.5,100000000000.0,100000000000.0,100000000000.0,1000000000.0,clip,False,0,37,0,37,,,,,,,,,
2026-05-18T19:15:04,0,2,2,1,38,74816,38,True,5.080213903743315e-09,,,,,,6149.545907974243,633.60200715065,0.00031256675720214844,0.0984187126159668,1.4034242630004883,0.18525004386901855,4.459859132766724,0,41.629089989886815,26642.617593527564,,96836824.0,94166773.88891347,0.5,100000000000.0,100000000000.0,100000000000.0,1000000000.0,clip,False,0,38,0,38,,,,,,,,,
2026-05-18T19:15:10,0,2,2,1,39,74816,39,True,5.213903743315508e-09,,,,,,6150.5467891693115,633.60200715065,0.0003108978271484375,0.09735727310180664,1.4047374725341797,0.18616747856140137,4.459998369216919,0,41.622315669689456,26638.28202860125,,97421760.0,94231873.6111352,0.5,100000000000.0,100000000000.0,100000000000.0,1000000000.0,clip,False,0,39,0,39,,,,,,,,,
2026-05-18T19:15:16,0,2,2,1,40,74816,40,True,5.3475935828877e-09,,,,,,6150.655269622803,633.60200715065,0.00030732154846191406,0.09508585929870605,1.4074172973632812,0.17944765090942383,4.466431140899658,0,41.621581567796035,26637.81220338946,,95397328.0,94255182.6989125,0.5,100000000000.0,100000000000.0,100000000000.0,1000000000.0,clip,False,0,40,0,40,,,,,,,,,
2026-05-18T19:15:22,0,2,2,1,41,74816,41,True,5.481283422459893e-09,612.1444091796875,177.38658142089844,0.718235433101654,432.06951904296875,1.9700653553009033,6149.8308181762695,633.60200715065,0.0003006458282470703,0.09606146812438965,1.4072761535644531,0.17871546745300293,4.465429067611694,0,41.627161391720485,26641.38329070111,,96787872.0,94305836.48493424,0.5,100000000000.0,100000000000.0,100000000000.0,1000000000.0,clip,False,0,41,0,41,644.9625244140625,561.7142944335938,712.2764282226562,6150.124348958333,6153.1103515625,768.8004150390625,0.0,999.0042114257812,639362.75
2026-05-18T19:15:28,0,2,2,1,42,74816,42,True,5.6149732620320855e-09,,,,,,6160.059452056885,633.60200715065,0.0002853870391845703,0.09348797798156738,1.3909611701965332,0.18042397499084473,4.464131832122803,0,41.558040468995785,26597.145900157302,,95900544.0,94337730.63523555,0.5,100000000000.0,100000000000.0,100000000000.0,1000000000.0,clip,False,0,42,0,42,,,,,,,,,
2026-05-18T19:15:35,0,2,2,1,43,74816,43,True,5.748663101604277e-09,,,,,,6149.467945098877,633.60200715065,0.0003142356872558594,0.09504961967468262,1.4078989028930664,0.18754220008850098,4.4567131996154785,0,41.62961776295328,26642.9553682901,,96555600.0,94382088.02253084,0.5,100000000000.0,100000000000.0,100000000000.0,1000000000.0,clip,False,0,43,0,43,,,,,,,,,
2026-05-18T19:15:41,0,2,2,1,44,74816,44,True,5.88235294117647e-09,,,,,,6155.097961425781,633.60200715065,0.00031065940856933594,0.09659004211425781,1.4050767421722412,0.1871325969696045,4.463922739028931,0,41.59153950178553,26618.585281142743,,94829768.0,94391041.62208022,0.5,100000000000.0,100000000000.0,100000000000.0,1000000000.0,clip,False,0,44,0,44,,,,,,,,,
2026-05-18T19:15:47,0,2,2,1,45,74816,45,True,6.016042780748663e-09,,,,,,6149.919033050537,633.60200715065,0.0003116130828857422,0.09728717803955078,1.405447244644165,0.1782538890838623,4.466554641723633,0,41.626564288768634,26641.001144811926,,96611416.0,94435449.10963862,0.5,100000000000.0,100000000000.0,100000000000.0,1000000000.0,clip,False,0,45,0,45,,,,,,,,,
2026-05-18T19:15:53,0,2,2,1,46,74816,46,True,6.149732620320856e-09,,,,,,6150.34294128418,633.60200715065,0.00030159950256347656,0.09281563758850098,1.4094586372375488,0.17819762229919434,4.4675843715667725,0,41.623695205937196,26639.16493179981,,96316328.0,94473066.68744585,0.5,100000000000.0,100000000000.0,100000000000.0,1000000000.0,clip,False,0,46,0,46,,,,,,,,,
2026-05-18T19:15:59,0,2,2,1,47,74816,47,True,6.283422459893048e-09,,,,,,6151.5092849731445,633.60200715065,0.0003056526184082031,0.09360432624816895,1.409686803817749,0.1783156394958496,4.46762228012085,0,41.61580323472073,26634.11407022127,,95600176.0,94495608.87369692,0.5,100000000000.0,100000000000.0,100000000000.0,1000000000.0,clip,False,0,47,0,47,,,,,,,,,
2026-05-18T19:16:05,0,2,2,1,48,74816,48,True,6.417112299465241e-09,,,,,,6153.436660766602,633.60200715065,0.000377655029296875,0.09615612030029297,1.4054224491119385,0.17913293838500977,4.470154762268066,0,41.60276835743154,26625.77174875619,,96468944.0,94535075.57622297,0.5,100000000000.0,100000000000.0,100000000000.0,1000000000.0,clip,False,0,48,0,48,,,,,,,,,
2026-05-18T19:16:11,0,2,2,1,49,74816,49,True,6.550802139037433e-09,,,,,,6147.529125213623,633.60200715065,0.0003409385681152344,0.09903693199157715,1.402895450592041,0.18873071670532227,4.454248905181885,0,41.64274699407856,26651.35807621028,,95664432.0,94557662.70469852,0.5,100000000000.0,100000000000.0,100000000000.0,1000000000.0,clip,False,0,49,0,49,,,,,,,,,
2026-05-18T19:16:18,0,2,2,1,50,74816,50,True,6.684491978609625e-09,,,,,,6151.0491371154785,633.60200715065,0.0003113746643066406,0.09325242042541504,1.4095919132232666,0.1803269386291504,4.465401649475098,0,41.618916430905095,26636.106515779262,,94806176.0,94562632.97060454,0.5,100000000000.0,100000000000.0,100000000000.0,1000000000.0,clip,False,0,50,0,50,,,,,,,,,
2026-05-18T19:16:24,0,2,2,1,51,74816,51,True,6.818181818181818e-09,662.9072265625,197.2855224609375,0.7177765965461731,462.89959716796875,2.0043201446533203,6150.121212005615,633.60200715065,0.00030517578125,0.09297060966491699,1.409090518951416,0.18098235130310059,4.465039968490601,0,41.6251958579717,26640.125349101887,,95831632.0,94588012.95119245,0.5,100000000000.0,100000000000.0,100000000000.0,1000000000.0,clip,False,0,51,0,51,638.0814615885416,576.5716552734375,721.7869262695312,6150.464192708333,6153.8037109375,768.8004150390625,0.0,998.9490966796875,639327.4375
2026-05-18T19:16:30,0,2,2,1,52,74816,52,True,6.9518716577540105e-09,,,,,,6158.768892288208,633.60200715065,0.00028586387634277344,0.09449958801269531,1.3900022506713867,0.18055963516235352,4.46194314956665,0,41.56674888719304,26602.719287803546,,95770168.0,94611656.05216861,0.5,100000000000.0,100000000000.0,100000000000.0,1000000000.0,clip,False,0,52,0,52,,,,,,,,,
2026-05-18T19:16:36,0,2,2,1,53,74816,53,True,7.085561497326203e-09,,,,,,6149.290561676025,633.60200715065,0.0003066062927246094,0.09316754341125488,1.4099242687225342,0.18743205070495605,4.45647931098938,0,41.63081861759118,26643.723915258353,,94406568.0,94607554.29112524,0.5,100000000000.0,100000000000.0,100000000000.0,1000000000.0,clip,False,0,53,0,53,,,,,,,,,
2026-05-18T19:16:42,0,2,2,1,54,74816,54,True,7.219251336898395e-09,,,,,,6151.135206222534,633.60200715065,0.0003070831298828125,0.09553027153015137,1.4072751998901367,0.1805129051208496,4.465489387512207,0,41.618334082630554,26635.733812883554,,95468952.0,94624782.24530274,0.5,100000000000.0,100000000000.0,100000000000.0,1000000000.0,clip,False,0,54,0,54,,,,,,,,,
2026-05-18T19:16:48,0,2,2,1,55,74816,55,True,7.352941176470588e-09,,,,,,6149.751663208008,633.60200715065,0.00031065940856933594,0.09388303756713867,1.4082560539245605,0.18393158912658691,4.461323022842407,0,41.62769718516699,26641.726198506873,,94428672.0,94620860.04039668,0.5,100000000000.0,100000000000.0,100000000000.0,1000000000.0,clip,False,0,55,0,55,,,,,,,,,
2026-05-18T19:16:55,0,2,2,1,56,74816,56,True,7.48663101604278e-09,,,,,,6150.398254394531,633.60200715065,0.0003058910369873047,0.09242606163024902,1.4106459617614746,0.18202662467956543,4.462790012359619,0,41.62332086659348,26638.925354619827,,93425232.0,94596947.47958875,0.5,100000000000.0,100000000000.0,100000000000.0,1000000000.0,clip,False,0,56,0,56,,,,,,,,,
2026-05-18T19:17:01,0,2,2,1,57,74816,57,True,7.620320855614973e-09,,,,,,6150.161504745483,633.60200715065,0.00033283233642578125,0.09326171875,1.4085712432861328,0.18067383766174316,4.465152978897095,0,41.62492315079362,26639.950816507917,,96617720.0,94637362.92999698,0.5,100000000000.0,100000000000.0,100000000000.0,1000000000.0,clip,False,0,57,0,57,,,,,,,,,
2026-05-18T19:17:07,0,2,2,1,58,74816,58,True,7.754010695187165e-09,,,,,,6148.766756057739,633.60200715065,0.0003104209899902344,0.09277081489562988,1.4088521003723145,0.1882638931274414,4.4566450119018555,0,41.63436509407189,26645.99366020601,,96380424.0,94672224.15139705,0.5,100000000000.0,100000000000.0,100000000000.0,1000000000.0,clip,False,0,58,0,58,,,,,,,,,
2026-05-18T19:17:13,0,2,2,1,59,74816,59,True,7.887700534759358e-09,,,,,,6150.276184082031,633.60200715065,0.00030159950256347656,0.09675216674804688,1.405519962310791,0.18161392211914062,4.464305877685547,0,41.62414700376739,26639.45408241113,,94942496.0,94677629.5883691,0.5,100000000000.0,100000000000.0,100000000000.0,1000000000.0,clip,False,0,59,0,59,,,,,,,,,
2026-05-18T19:17:19,0,2,2,1,60,74816,60,True,8.02139037433155e-09,,,,,,6149.300813674927,633.60200715065,0.00030493736267089844,0.09647893905639648,1.4053385257720947,0.18711018562316895,4.458042860031128,0,41.630749211471745,26643.679495341916,,95344072.0,94690958.43660171,0.5,100000000000.0,100000000000.0,100000000000.0,1000000000.0,clip,False,0,60,0,60,,,,,,,,,
2026-05-18T19:17:25,0,2,2,1,61,74816,61,True,8.155080213903743e-09,592.5051879882812,166.38111877441406,0.7201708555221558,423.3861389160156,2.0177791118621826,6152.000188827515,633.60200715065,0.0003039836883544922,0.09319591522216797,1.4089915752410889,0.17621803283691406,4.471272230148315,0,41.612482467883346,26631.988779445343,,94183152.0,94680802.30786969,0.5,100000000000.0,100000000000.0,100000000000.0,1000000000.0,clip,False,0,61,0,61,622.8434244791666,570.582763671875,677.679931640625,6152.172526041667,6167.33642578125,768.8004150390625,0.0,998.671875,639150.0625
2026-05-18T19:17:31,0,2,2,1,62,74816,62,True,8.288770053475936e-09,,,,,,6166.303396224976,633.60200715065,0.0002944469451904297,0.09308433532714844,1.390782117843628,0.17931151390075684,4.465045213699341,0,41.51595916553891,26570.213865944905,,95311352.0,94693413.3017123,0.5,100000000000.0,100000000000.0,100000000000.0,1000000000.0,clip,False,0,62,0,62,,,,,,,,,
2026-05-18T19:17:38,0,2,2,1,63,74816,63,True,8.422459893048128e-09,,,,,,6153.03373336792,633.60200715065,0.00032782554626464844,0.09520936012268066,1.4070947170257568,0.17767071723937988,4.470577716827393,0,41.60549268756829,26627.515320043705,,94217216.0,94683889.35567807,0.5,100000000000.0,100000000000.0,100000000000.0,1000000000.0,clip,False,0,63,0,63,,,,,,,,,
2026-05-18T19:17:44,0,2,2,1,64,74816,64,True,8.556149732620321e-09,,,,,,6145.73860168457,633.60200715065,0.0003178119659423828,0.09648370742797852,1.4043309688568115,0.18601202964782715,4.456391096115112,0,41.654879354912595,26659.12278714406,,94706400.0,94684339.5685645,0.5,100000000000.0,100000000000.0,100000000000.0,1000000000.0,clip,False,0,64,0,64,,,,,,,,,
2026-05-18T19:17:50,0,2,2,1,65,74816,65,True,8.689839572192513e-09,,,,,,6149.484395980835,633.60200715065,0.00030541419982910156,0.09453773498535156,1.4069795608520508,0.1814134120941162,4.464200735092163,0,41.62950639688034,26642.884094003417,,93153376.0,94653720.29719321,0.5,100000000000.0,100000000000.0,100000000000.0,1000000000.0,clip,False,0,65,0,65,,,,,,,,,
2026-05-18T19:17:56,0,2,2,1,66,74816,66,True,8.823529411764704e-09,,,,,,6154.302358627319,633.60200715065,0.00030994415283203125,0.09360337257385254,1.408557653427124,0.17731285095214844,4.472475051879883,0,41.59691628428527,26622.026421942574,,94022856.0,94641103.01124935,0.5,100000000000.0,100000000000.0,100000000000.0,1000000000.0,clip,False,0,66,0,66,,,,,,,,,
2026-05-18T19:18:02,0,2,2,1,67,74816,67,True,8.9572192513369e-09,,,,,,6144.985914230347,633.60200715065,0.00029087066650390625,0.09340476989746094,1.4050557613372803,0.17918086051940918,4.465122222900391,0,41.65998158061909,26662.38821159622,,93629128.0,94620863.51102436,0.5,100000000000.0,100000000000.0,100000000000.0,1000000000.0,clip,False,0,67,0,67,,,,,,,,,
2026-05-18T19:18:08,0,2,2,1,68,74816,68,True,9.09090909090909e-09,,,,,,6152.733325958252,633.60200715065,0.00030231475830078125,0.09335517883300781,1.4088311195373535,0.1849374771118164,4.463198661804199,0,41.60752407713518,26628.815409366518,,92758432.0,94583614.88080387,0.5,100000000000.0,100000000000.0,100000000000.0,1000000000.0,clip,False,0,68,0,68,,,,,,,,,
2026-05-18T19:18:15,0,2,2,1,69,74816,69,True,9.224598930481282e-09,,,,,,6147.231817245483,633.60200715065,0.00031256675720214844,0.09386157989501953,1.4078991413116455,0.18239259719848633,4.460770606994629,0,41.644761025900465,26652.647056576297,,95296480.0,94597872.1831878,0.5,100000000000.0,100000000000.0,100000000000.0,1000000000.0,clip,False,0,69,0,69,,,,,,,,,
2026-05-18T19:18:21,0,2,2,1,70,74816,70,True,9.358288770053476e-09,,,,,,6150.527477264404,633.60200715065,0.0003104209899902344,0.09589719772338867,1.4060389995574951,0.18525481224060059,4.4609808921813965,0,41.62244635867592,26638.36566955259,,93468272.0,94575280.17952403,0.5,100000000000.0,100000000000.0,100000000000.0,1000000000.0,clip,False,0,70,0,70,,,,,,,,,
2026-05-18T19:18:27,0,2,2,1,71,74816,71,True,9.491978609625667e-09,614.9114379882812,171.0967559814453,0.7198386192321777,441.0452880859375,2.049546003341675,6150.957345962524,633.60200715065,0.0002830028533935547,0.09448575973510742,1.4085333347320557,0.1768040657043457,4.468797922134399,0,41.619537512813004,26636.50400820032,,93276976.0,94549314.09593354,0.5,100000000000.0,100000000000.0,100000000000.0,1000000000.0,clip,False,0,71,0,71,625.7650960286459,551.9337768554688,688.9147338867188,6150.05078125,6155.00830078125,768.8004150390625,0.0,999.0166015625,639370.625
2026-05-18T19:18:33,0,2,2,1,72,74816,72,True,9.62566844919786e-09,,,,,,6159.278154373169,633.60200715065,0.00029087066650390625,0.09471821784973145,1.3897113800048828,0.17704987525939941,4.467649221420288,0,41.56331206088438,26600.519718966003,,93895952.0,94536246.85401487,0.5,100000000000.0,100000000000.0,100000000000.0,1000000000.0,clip,False,0,72,0,72,,,,,,,,,
2026-05-18T19:18:39,0,2,2,1,73,74816,73,True,9.759358288770054e-09,,,,,,6151.950836181641,633.60200715065,0.0003113746643066406,0.09374523162841797,1.408268690109253,0.17887663841247559,4.468564510345459,0,41.61281629469144,26632.202428602523,,92776712.0,94501056.15693457,0.5,100000000000.0,100000000000.0,100000000000.0,1000000000.0,clip,False,0,73,0,73,,,,,,,,,
2026-05-18T19:18:45,0,2,2,1,74,74816,74,True,9.893048128342245e-09,,,,,,6147.034645080566,633.60200715065,0.0003008842468261719,0.09282445907592773,1.4089586734771729,0.18145036697387695,4.4613542556762695,0,41.64609682245328,26653.5019663701,,92730248.0,94465639.99379589,0.5,100000000000.0,100000000000.0,100000000000.0,1000000000.0,clip,False,0,74,0,74,,,,,,,,,
2026-05-18T19:18:51,0,2,2,1,75,74816,75,True,1.0026737967914437e-08,,,,,,6151.946544647217,633.60200715065,0.0003046989440917969,0.09485340118408203,1.4076385498046875,0.1834101676940918,4.463902711868286,0,41.612845323362656,26632.221006952102,,93646296.0,94449253.11391997,0.5,100000000000.0,100000000000.0,100000000000.0,1000000000.0,clip,False,0,75,0,75,,,,,,,,,
2026-05-18T19:18:58,0,2,2,1,76,74816,76,True,1.016042780748663e-08,,,,,,6148.927688598633,633.60200715065,0.0003275871276855469,0.09269046783447266,1.4089276790618896,0.17869973182678223,4.466250658035278,0,41.63327542047311,26645.29626910279,,93447704.0,94429222.13164157,0.5,100000000000.0,100000000000.0,100000000000.0,1000000000.0,clip,False,0,76,0,76,,,,,,,,,
2026-05-18T19:19:04,0,2,2,1,77,74816,77,True,1.0294117647058823e-08,,,,,,6150.607109069824,633.60200715065,0.00030159950256347656,0.09360814094543457,1.4086391925811768,0.18158841133117676,4.464468479156494,0,41.621907473572264,26638.02078308625,,92482904.0,94390295.76900873,0.5,100000000000.0,100000000000.0,100000000000.0,1000000000.0,clip,False,0,77,0,77,,,,,,,,,
2026-05-18T19:19:10,0,2,2,1,78,74816,78,True,1.0427807486631017e-08,,,,,,6151.939392089844,633.60200715065,0.0003101825714111328,0.0966341495513916,1.4059805870056152,0.18589377403259277,4.461206912994385,0,41.612893704571356,26632.251970925667,,92734624.0,94357182.33362855,0.5,100000000000.0,100000000000.0,100000000000.0,1000000000.0,clip,False,0,78,0,78,,,,,,,,,
2026-05-18T19:19:16,0,2,2,1,79,74816,79,True,1.0561497326203208e-08,,,,,,6161.9086265563965,633.60200715065,0.0018253326416015625,0.09632658958435059,1.4032599925994873,0.18693757057189941,4.471100568771362,0,41.54556899735569,26589.16415830764,,94295080.0,94355940.28695598,0.5,100000000000.0,100000000000.0,100000000000.0,1000000000.0,clip,False,0,79,0,79,,,,,,,,,
2026-05-18T19:19:22,0,2,2,1,80,74816,80,True,1.06951871657754e-08,,,,,,6147.381067276001,633.60200715065,0.00031447410583496094,0.09738779067993164,1.4036316871643066,0.1836104393005371,4.46022367477417,0,41.64374994788432,26651.999966645963,,90328096.0,94275383.40121686,0.5,100000000000.0,100000000000.0,100000000000.0,1000000000.0,clip,False,0,80,0,80,,,,,,,,,
2026-05-18T19:19:28,0,2,2,1,81,74816,81,True,1.0828877005347593e-08,610.0632934570312,177.84812927246094,0.7212422490119934,429.5182189941406,1.9756940603256226,6150.0091552734375,633.60200715065,0.0003039836883544922,0.09444284439086914,1.4085395336151123,0.18042588233947754,4.464207887649536,0,41.625954293171766,26640.61074762993,,92621048.0,94242296.69319253,0.5,100000000000.0,100000000000.0,100000000000.0,1000000000.0,clip,False,0,81,0,81,625.7777506510416,560.7505493164062,703.0800170898438,6150.2421875,6155.46484375,768.8004150390625,0.0,998.9851684570312,639350.5
2026-05-18T19:19:35,0,2,2,1,82,74816,82,True,1.0962566844919786e-08,,,,,,6161.778688430786,633.60200715065,0.00028514862060546875,0.0928795337677002,1.3913569450378418,0.18009471893310547,4.463595628738403,0,41.546445100447976,26589.724864286705,,91450808.0,94186466.91932867,0.5,100000000000.0,100000000000.0,100000000000.0,1000000000.0,clip,False,0,82,0,82,,,,,,,,,
2026-05-18T19:19:41,0,2,2,1,83,74816,83,True,1.1096256684491978e-08,,,,,,6149.357557296753,633.60200715065,0.00030612945556640625,0.09338116645812988,1.4092423915863037,0.18142199516296387,4.463128089904785,0,41.6303650608564,26643.433638948096,,92333616.0,94149409.9009421,0.5,100000000000.0,100000000000.0,100000000000.0,1000000000.0,clip,False,0,83,0,83,,,,,,,,,
2026-05-18T19:19:47,0,2,2,1,84,74816,84,True,1.1229946524064171e-08,,,,,,6149.491548538208,633.60200715065,0.0003075599670410156,0.09764599800109863,1.4045920372009277,0.18314385414123535,4.461818218231201,0,41.62945797703448,26642.853105302063,,91769184.0,94101805.38292326,0.5,100000000000.0,100000000000.0,100000000000.0,1000000000.0,clip,False,0,84,0,84,,,,,,,,,
2026-05-18T19:19:53,0,2,2,1,85,74816,85,True,1.1363636363636363e-08,,,,,,6150.4809856414795,633.60200715065,0.00030231475830078125,0.09470367431640625,1.4076995849609375,0.18036794662475586,4.465331554412842,0,41.622760983676116,26638.567029552716,,92992736.0,94079623.9952648,0.5,100000000000.0,100000000000.0,100000000000.0,1000000000.0,clip,False,0,85,0,85,,,,,,,,,
2026-05-18T19:19:59,0,2,2,1,86,74816,86,True,1.1497326203208554e-08,,,,,,6150.936603546143,633.60200715065,0.0003018379211425781,0.09348797798156738,1.4081618785858154,0.17902565002441406,4.4677276611328125,0,41.61967786375992,26636.593832806346,,90362544.0,94005282.3953595,0.5,100000000000.0,100000000000.0,100000000000.0,1000000000.0,clip,False,0,86,0,86,,,,,,,,,
2026-05-18T19:20:05,0,2,2,1,87,74816,87,True,1.1631016042780749e-08,,,,,,6150.721311569214,633.60200715065,0.0003039836883544922,0.09494614601135254,1.4075345993041992,0.1777498722076416,4.468348503112793,0,41.62113466569786,26637.526186046627,,92068928.0,93966555.3074523,0.5,100000000000.0,100000000000.0,100000000000.0,1000000000.0,clip,False,0,87,0,87,,,,,,,,,
2026-05-18T19:20:11,0,2,2,1,88,74816,88,True,1.176470588235294e-08,,,,,,6150.2134799957275,633.60200715065,0.0003046989440917969,0.09475517272949219,1.4073295593261719,0.1853640079498291,4.460440158843994,0,41.62457137994791,26639.725683166664,,92162400.0,93930472.20130326,0.5,100000000000.0,100000000000.0,100000000000.0,1000000000.0,clip,False,0,88,0,88,,,,,,,,,
2026-05-18T19:20:18,0,2,2,1,89,74816,89,True,1.1898395721925132e-08,,,,,,6152.818918228149,633.60200715065,0.0003027915954589844,0.09798479080200195,1.4053339958190918,0.17779326438903809,4.469431400299072,0,41.60694527212273,26628.44497415855,,91993600.0,93891734.75727719,0.5,100000000000.0,100000000000.0,100000000000.0,1000000000.0,clip,False,0,89,0,89,,,,,,,,,
2026-05-18T19:20:24,0,2,2,1,90,74816,90,True,1.2032085561497326e-08,,,,,,6146.606683731079,633.60200715065,0.0002884864807128906,0.09397649765014648,1.4062716960906982,0.18024349212646484,4.463911771774292,0,41.64899645809194,26655.357733178847,,91290376.0,93839707.58213164,0.5,100000000000.0,100000000000.0,100000000000.0,1000000000.0,clip,False,0,90,0,90,,,,,,,,,
2026-05-18T19:20:30,0,2,2,1,91,74816,91,True,1.2165775401069517e-08,608.2904052734375,184.7378387451172,0.7196568846702576,420.8510437011719,1.981898307800293,6150.174140930176,633.60200715065,0.0003008842468261719,0.09413433074951172,1.4089093208312988,0.17878103256225586,4.466254711151123,0,41.62483762797675,26639.896081905124,,90509656.0,93773106.55048901,0.5,100000000000.0,100000000000.0,100000000000.0,1000000000.0,clip,False,0,91,0,91,623.5843912760416,548.1868286132812,696.0104370117188,6167.912109375,6582.76025390625,768.8004150390625,0.0,996.307373046875,637636.625
2026-05-18T19:20:36,0,2,2,1,92,74816,92,True,1.2299465240641712e-08,,,,,,6578.7670612335205,633.60200715065,0.0002868175506591797,0.094146728515625,1.3903024196624756,0.17606830596923828,4.467577934265137,0,38.9130664784474,24904.362546206336,,90333960.0,93704323.61947922,0.5,100000000000.0,100000000000.0,100000000000.0,1000000000.0,clip,False,0,92,0,92,,,,,,,,,
2026-05-18T19:20:43,0,2,2,1,93,74816,93,True,1.2433155080213904e-08,,,,,,6150.809764862061,633.60200715065,0.0003104209899902344,0.09343862533569336,1.4095845222473145,0.17879319190979004,4.466763734817505,0,41.620536122326506,26637.143118288965,,92885360.0,93687944.34708965,0.5,100000000000.0,100000000000.0,100000000000.0,1000000000.0,clip,False,0,93,0,93,,,,,,,,,
2026-05-18T19:20:49,0,2,2,1,94,74816,94,True,1.2566844919786095e-08,,,,,,6153.732061386108,633.60200715065,0.00031256675720214844,0.0929112434387207,1.4098241329193115,0.18313813209533691,4.4656081199646,0,41.60077127932944,26624.493618770844,,89635568.0,93606896.82014786,0.5,100000000000.0,100000000000.0,100000000000.0,1000000000.0,clip,False,0,94,0,94,,,,,,,,,
2026-05-18T19:20:55,0,2,2,1,95,74816,95,True,1.2700534759358288e-08,,,,,,6150.595188140869,633.60200715065,0.00032448768615722656,0.09372949600219727,1.4046573638916016,0.18357229232788086,4.466313600540161,0,41.621988144106865,26638.072412228394,,90732376.0,93549406.40374489,0.5,100000000000.0,100000000000.0,100000000000.0,1000000000.0,clip,False,0,95,0,95,,,,,,,,,
2026-05-18T19:21:02,0,2,2,1,96,74816,96,True,1.2834224598930482e-08,,,,,,6751.061916351318,633.60200715065,0.0003399848937988281,0.09712409973144531,1.4036035537719727,0.18117022514343262,5.066481351852417,0,37.919960322087796,24268.77460613619,,90878384.0,93495985.95567,0.5,100000000000.0,100000000000.0,100000000000.0,1000000000.0,clip,False,0,96,0,96,,,,,,,,,
2026-05-18T19:21:08,0,2,2,1,97,74816,97,True,1.2967914438502673e-08,,,,,,6150.663375854492,633.60200715065,0.0003018379211425781,0.09366917610168457,1.4092237949371338,0.17851710319519043,4.466875791549683,0,41.62152671287018,26637.777096236914,,90492640.0,93435919.0365566,0.5,100000000000.0,100000000000.0,100000000000.0,1000000000.0,clip,False,0,97,0,97,,,,,,,,,
2026-05-18T19:21:14,0,2,2,1,98,74816,98,True,1.3101604278074867e-08,,,,,,6150.624513626099,633.60200715065,0.00030922889709472656,0.09346985816955566,1.4090368747711182,0.18503928184509277,4.460688352584839,0,41.621789695153296,26637.94540489811,,90247144.0,93372143.53582546,0.5,100000000000.0,100000000000.0,100000000000.0,1000000000.0,clip,False,0,98,0,98,,,,,,,,,
2026-05-18T19:21:20,0,2,2,1,99,74816,99,True,1.3235294117647058e-08,,,,,,6148.310899734497,633.60200715065,0.0002911090850830078,0.09412097930908203,1.409238338470459,0.18091559410095215,4.461842775344849,0,41.637452005079126,26647.969283250644,,90516408.0,93315028.82510895,0.5,100000000000.0,100000000000.0,100000000000.0,1000000000.0,clip,False,0,99,0,99,,,,,,,,,
2026-05-18T19:21:26,0,2,2,1,100,74816,100,True,1.336898395721925e-08,,,,,,6151.136875152588,633.60200715065,0.0003085136413574219,0.09572124481201172,1.40633225440979,0.18104815483093262,4.465622425079346,0,41.618322790719816,26635.72658606068,,90090384.0,93250535.92860678,0.5,100000000000.0,100000000000.0,100000000000.0,1000000000.0,clip,False,0,100,0,100,,,,,,,,,
2026-05-18T19:21:32,0,2,2,1,101,74816,101,True,1.3502673796791445e-08,622.0679931640625,196.2457733154297,0.7201045155525208,423.14532470703125,1.9568021297454834,6149.789810180664,633.60200715065,0.00032258033752441406,0.09379768371582031,1.4082460403442383,0.17697501182556152,4.468351602554321,0,41.62743896973601,26641.560940631047,0.2735594637420563,89970568.0,93184936.57003464,0.5,100000000000.0,100000000000.0,100000000000.0,1000000000.0,clip,False,0,101,0,101,618.3015950520834,552.9642944335938,678.120849609375,6149.111979166667,6151.9765625,768.8004150390625,0.0,999.168701171875,639467.9375
2026-05-18T19:21:39,0,2,2,1,102,74816,102,True,1.3636363636363636e-08,,,,,,6157.506227493286,633.60200715065,0.0002808570861816406,0.09333467483520508,1.3912551403045654,0.18149995803833008,4.46227502822876,0,41.57527260905708,26608.17446979653,0.2735594637420563,90262088.0,93126479.59863394,0.5,100000000000.0,100000000000.0,100000000000.0,1000000000.0,clip,False,0,102,0,102,,,,,,,,,
2026-05-18T19:21:45,0,2,2,1,103,74816,103,True,1.3770053475935828e-08,,,,,,6145.506858825684,633.60200715065,0.00030422210693359375,0.0948188304901123,1.4077460765838623,0.1782972812652588,4.4624176025390625,0,41.65645013191277,26660.128084424174,0.2735594637420563,90863944.0,93081228.88666126,0.5,100000000000.0,100000000000.0,100000000000.0,1000000000.0,clip,False,0,103,0,103,,,,,,,,,
2026-05-18T19:21:51,0,2,2,1,104,74816,104,True,1.3903743315508021e-08,,,,,,6149.026393890381,633.60200715065,0.0002994537353515625,0.0983121395111084,1.404223918914795,0.181107759475708,4.463222503662109,0,41.63260711555237,26644.868553953518,0.2735594637420563,90259768.0,93024799.66892803,0.5,100000000000.0,100000000000.0,100000000000.0,1000000000.0,clip,False,0,104,0,104,,,,,,,,,
2026-05-18T19:21:57,0,2,2,1,105,74816,105,True,1.4037433155080213e-08,,,,,,6151.197195053101,633.60200715065,0.0003056526184082031,0.09546518325805664,1.4072864055633545,0.17739510536193848,4.468719959259033,0,41.61791467291597,26635.46539066622,0.2735594637420563,89860824.0,92961520.15554947,0.5,100000000000.0,100000000000.0,100000000000.0,1000000000.0,clip,False,0,105,0,105,,,,,,,,,
2026-05-18T19:22:04,0,2,2,1,106,74816,106,True,1.4171122994652406e-08,,,,,,6799.647808074951,633.60200715065,0.00028705596923828125,0.09343743324279785,1.4093952178955078,1.024543046951294,4.270132780075073,0,37.64900877601132,24095.365616647246,0.2735594637420563,88961168.0,92881513.11243847,0.5,100000000000.0,100000000000.0,100000000000.0,1000000000.0,clip,False,0,106,0,106,,,,,,,,,
2026-05-18T19:22:10,0,2,2,1,107,74816,107,True,1.4304812834224599e-08,,,,,,6150.794267654419,633.60200715065,0.00030684471130371094,0.09377002716064453,1.4081711769104004,0.18233895301818848,4.464215040206909,0,41.62064098717198,26637.21023179007,0.2735594637420563,88680096.0,92797484.7701897,0.5,100000000000.0,100000000000.0,100000000000.0,1000000000.0,clip,False,0,107,0,107,,,,,,,,,
2026-05-18T19:22:16,0,2,2,1,108,74816,108,True,1.443850267379679e-08,,,,,,6150.59232711792,633.60200715065,0.0003066062927246094,0.09859466552734375,1.4040441513061523,0.18159818649291992,4.46394419670105,0,41.622007505081704,26638.08480325229,0.2735594637420563,88845048.0,92718436.03478591,0.5,100000000000.0,100000000000.0,100000000000.0,1000000000.0,clip,False,0,108,0,108,,,,,,,,,
2026-05-18T19:22:22,0,2,2,1,109,74816,109,True,1.4572192513368982e-08,,,,,,6151.188373565674,633.60200715065,0.0003123283386230469,0.09419560432434082,1.4080510139465332,0.17710661888122559,4.469462633132935,0,41.6179743576287,26635.50358888237,0.2735594637420563,88708984.0,92638246.9940902,0.5,100000000000.0,100000000000.0,100000000000.0,1000000000.0,clip,False,0,109,0,109,,,,,,,,,
2026-05-18T19:22:28,0,2,2,1,110,74816,110,True,1.4705882352941176e-08,,,,,,6149.605512619019,633.60200715065,0.0003101825714111328,0.09455657005310059,1.407865285873413,0.18279576301574707,4.462111234664917,0,41.6286865026849,26642.359361718336,0.2735594637420563,87703760.0,92539557.2542084,0.5,100000000000.0,100000000000.0,100000000000.0,1000000000.0,clip,False,0,110,0,110,,,,,,,,,
2026-05-18T19:22:35,0,2,2,1,111,74816,111,True,1.4839572192513369e-08,566.9700317382812,167.81129455566406,0.7202858328819275,396.4368896484375,2.001549243927002,6151.233911514282,633.60200715065,0.0003094673156738281,0.10116982460021973,1.401475191116333,0.18396425247192383,4.462425470352173,0,41.61766625730204,26635.30640467331,0.2735594637420563,88103120.0,92450828.50912423,0.5,100000000000.0,100000000000.0,100000000000.0,1000000000.0,clip,False,0,111,0,111,616.94189453125,543.0492553710938,687.5508422851562,6150.786458333333,6159.6005859375,768.8004150390625,0.0,998.8969116210938,639294.0
2026-05-18T19:22:41,0,2,2,1,112,74816,112,True,1.497326203208556e-08,,,,,,6164.032220840454,633.60200715065,0.00031685829162597656,0.0958409309387207,1.3882691860198975,0.17723512649536133,4.469116449356079,0,41.5312559746962,26580.003823805568,0.2735594637420563,88126536.0,92364342.65894175,0.5,100000000000.0,100000000000.0,100000000000.0,1000000000.0,clip,False,0,112,0,112,,,,,,,,,
2026-05-18T19:22:47,0,2,2,1,113,74816,113,True,1.5106951871657752e-08,,,,,,6147.2814083099365,633.60200715065,0.0003235340118408203,0.09641909599304199,1.405196189880371,0.17743301391601562,4.46582818031311,0,41.64442507120911,26652.432045573834,0.2735594637420563,88726832.0,92291592.4457629,0.5,100000000000.0,100000000000.0,100000000000.0,1000000000.0,clip,False,0,113,0,113,,,,,,,,,
2026-05-18T19:22:53,0,2,2,1,114,74816,114,True,1.5240641711229947e-08,,,,,,6149.35564994812,633.60200715065,0.0003032684326171875,0.09276652336120605,1.4102563858032227,0.18170499801635742,4.462413549423218,0,41.630377973366976,26643.441902954866,0.2735594637420563,85670592.0,92159172.43684764,0.5,100000000000.0,100000000000.0,100000000000.0,1000000000.0,clip,False,0,114,0,114,,,,,,,,,
2026-05-18T19:22:59,0,2,2,1,115,74816,115,True,1.537433155080214e-08,,,,,,6149.663209915161,633.60200715065,0.0003132820129394531,0.09240913391113281,1.4097139835357666,0.17875146865844727,4.46660852432251,0,41.62829593452349,26642.109398095035,0.2735594637420563,87739392.0,92070776.8281107,0.5,100000000000.0,100000000000.0,100000000000.0,1000000000.0,clip,False,0,115,0,115,,,,,,,,,
2026-05-18T19:23:05,0,2,2,1,116,74816,116,True,1.550802139037433e-08,,,,,,6149.878740310669,633.60200715065,0.00030684471130371094,0.09232139587402344,1.409559965133667,0.18282485008239746,4.462684392929077,0,41.62683701745115,26641.175691168737,0.2735594637420563,87676296.0,91982887.21154848,0.5,100000000000.0,100000000000.0,100000000000.0,1000000000.0,clip,False,0,116,0,116,,,,,,,,,
2026-05-18T19:23:11,0,2,2,1,117,74816,117,True,1.5641711229946525e-08,,,,,,6149.882793426514,633.60200715065,0.0003058910369873047,0.09422755241394043,1.4083483219146729,0.17882966995239258,4.466055393218994,0,41.62680958304332,26641.15813314772,0.2735594637420563,87861312.0,91900455.7073175,0.5,100000000000.0,100000000000.0,100000000000.0,1000000000.0,clip,False,0,117,0,117,,,,,,,,,
2026-05-18T19:23:18,0,2,2,1,118,74816,118,True,1.5775401069518716e-08,,,,,,6150.218963623047,633.60200715065,0.00031113624572753906,0.09479093551635742,1.4077565670013428,0.18175482749938965,4.4636523723602295,0,41.6245342668568,26639.70193078835,0.2735594637420563,88789280.0,91838232.19317114,0.5,100000000000.0,100000000000.0,100000000000.0,1000000000.0,clip,False,0,118,0,118,,,,,,,,,
2026-05-18T19:23:24,0,2,2,1,119,74816,119,True,1.5909090909090908e-08,,,,,,6151.248455047607,633.60200715065,0.00029921531677246094,0.09509491920471191,1.4072282314300537,0.17903709411621094,4.467641830444336,0,41.61756785972949,26635.243430226874,0.2735594637420563,83260888.0,91666685.30930772,0.5,100000000000.0,100000000000.0,100000000000.0,1000000000.0,clip,False,0,119,0,119,,,,,,,,,
2026-05-18T19:23:30,0,2,2,1,120,74816,120,True,1.60427807486631e-08,,,,,,6150.507211685181,633.60200715065,0.0003097057342529297,0.09764504432678223,1.404764175415039,0.17936420440673828,4.466527700424194,0,41.62258350232199,26638.453441486072,0.2735594637420563,85365064.0,91540652.88312156,0.5,100000000000.0,100000000000.0,100000000000.0,1000000000.0,clip,False,0,120,0,120,,,,,,,,,
2026-05-18T19:23:36,0,2,2,1,121,74816,121,True,1.6176470588235295e-08,617.8399047851562,174.2008056640625,0.719597339630127,440.9327697753906,1.9867480993270874,6161.4978313446045,633.60200715065,0.00030422210693359375,0.09425783157348633,1.4088201522827148,0.17789006233215332,4.47810959815979,0,41.5483388954036,26590.936893058308,0.2735594637420563,87429784.0,91458435.50545914,0.5,100000000000.0,100000000000.0,100000000000.0,1000000000.0,clip,False,0,121,0,121,604.25439453125,531.1227416992188,651.5750732421875,6160.485677083333,6164.4453125,768.8004150390625,0.0,997.324462890625,638287.625
2026-05-18T19:23:42,0,2,2,1,122,74816,122,True,1.6310160427807486e-08,,,,,,6156.155347824097,633.60200715065,0.0002923011779785156,0.09607672691345215,1.3884708881378174,0.17667937278747559,4.466176509857178,0,41.58439570412784,26614.01325064182,0.2735594637420563,86282168.0,91354910.15534995,0.5,100000000000.0,100000000000.0,100000000000.0,1000000000.0,clip,False,0,122,0,122,,,,,,,,,
2026-05-18T19:23:48,0,2,2,1,123,74816,123,True,1.6443850267379678e-08,,,,,,6151.088237762451,633.60200715065,0.0003020763397216797,0.09411358833312988,1.4085783958435059,0.18076777458190918,4.465238094329834,0,41.61865187177412,26635.937197935436,0.2735594637420563,86157864.0,91250969.23224296,0.5,100000000000.0,100000000000.0,100000000000.0,1000000000.0,clip,False,0,123,0,123,,,,,,,,,
2026-05-18T19:23:55,0,2,2,1,124,74816,124,True,1.6577540106951873e-08,,,,,,6148.490190505981,633.60200715065,0.0003027915954589844,0.09695982933044434,1.405836820602417,0.18092942237854004,4.462647914886475,0,41.63623785157781,26647.1922250098,0.2735594637420563,85590424.0,91137758.3275981,0.5,100000000000.0,100000000000.0,100000000000.0,1000000000.0,clip,False,0,124,0,124,,,,,,,,,
2026-05-18T19:24:01,0,2,2,1,125,74816,125,True,1.6711229946524064e-08,,,,,,6150.616407394409,633.60200715065,0.0003037452697753906,0.09508585929870605,1.4078948497772217,0.17799091339111328,4.46735954284668,0,41.62184455077235,26637.980512494305,0.2735594637420563,86556856.0,91046140.28104614,0.5,100000000000.0,100000000000.0,100000000000.0,1000000000.0,clip,False,0,125,0,125,,,,,,,,,
2026-05-18T19:24:07,0,2,2,1,126,74816,126,True,1.6844919786096256e-08,,,,,,6150.849103927612,633.60200715065,0.0002999305725097656,0.09501934051513672,1.407456874847412,0.17873048782348633,4.467360258102417,0,41.62026992932272,26636.972754766542,0.2735594637420563,85490960.0,90935036.67542522,0.5,100000000000.0,100000000000.0,100000000000.0,1000000000.0,clip,False,0,126,0,126,,,,,,,,,
2026-05-18T19:24:13,0,2,2,1,127,74816,127,True,1.6978609625668447e-08,,,,,,6155.448198318481,633.60200715065,0.00032639503479003906,0.09473872184753418,1.4075815677642822,0.18236088752746582,4.468420743942261,0,41.58917299798461,26617.07071871015,0.2735594637420563,86260952.0,90841554.98191671,0.5,100000000000.0,100000000000.0,100000000000.0,1000000000.0,clip,False,0,127,0,127,,,,,,,,,
2026-05-18T19:24:19,0,2,2,1,128,74816,128,True,1.7112299465240642e-08,,,,,,6146.816730499268,633.60200715065,0.00032329559326171875,0.09418368339538574,1.4034972190856934,0.18310761451721191,4.463619709014893,0,41.64757324385149,26654.446876064954,0.2735594637420563,85844880.0,90741621.48227838,0.5,100000000000.0,100000000000.0,100000000000.0,1000000000.0,clip,False,0,128,0,128,,,,,,,,,
2026-05-18T19:24:25,0,2,2,1,129,74816,129,True,1.7245989304812834e-08,,,,,,6149.232387542725,633.60200715065,0.0003387928009033203,0.09636759757995605,1.4056928157806396,0.18323659896850586,4.460500717163086,0,41.63121246134907,26643.97597526341,0.2735594637420563,84174256.0,90610274.17263281,0.5,100000000000.0,100000000000.0,100000000000.0,1000000000.0,clip,False,0,129,0,129,,,,,,,,,
2026-05-18T19:24:31,0,2,2,1,130,74816,130,True,1.7379679144385025e-08,,,,,,6149.905443191528,633.60200715065,0.0003142356872558594,0.09397649765014648,1.4081227779388428,0.17706656455993652,4.4683310985565186,0,41.626656273782864,26641.06001522103,0.2735594637420563,85666664.0,90511401.96918015,0.5,100000000000.0,100000000000.0,100000000000.0,1000000000.0,clip,False,0,130,0,130,,,,,,,,,
2026-05-18T19:24:38,0,2,2,1,131,74816,131,True,1.7513368983957217e-08,518.0183715820312,163.20159912109375,0.719369113445282,352.1443176269531,1.9530563354492188,6152.998208999634,633.60200715065,0.00030803680419921875,0.09401559829711914,1.4080440998077393,0.18267583847045898,4.466028451919556,0,41.60573289710432,26627.66905414676,0.2735594637420563,86574096.0,90432655.84979655,0.5,100000000000.0,100000000000.0,100000000000.0,1000000000.0,clip,False,0,131,0,131,606.4388834635416,518.0183715820312,685.4642333984375,6151.072265625,6153.2919921875,768.8004150390625,0.0,998.850341796875,639264.125
2026-05-18T19:24:44,0,2,2,1,132,74816,132,True,1.764705882352941e-08,,,,,,6154.431104660034,633.60200715065,0.0002913475036621094,0.09367990493774414,1.3904929161071777,0.17681145668029785,4.466765880584717,0,41.59604610833339,26621.469509333372,0.2735594637420563,83844408.0,90300890.89280061,0.5,100000000000.0,100000000000.0,100000000000.0,1000000000.0,clip,False,0,132,0,132,,,,,,,,,
2026-05-18T19:24:50,0,2,2,1,133,74816,133,True,1.7780748663101607e-08,,,,,,6150.257110595703,633.60200715065,0.00030994415283203125,0.09566235542297363,1.4066298007965088,0.17655038833618164,4.468993663787842,0,41.62427609066319,26639.53669802444,0.2735594637420563,84967528.0,90194223.6349446,0.5,100000000000.0,100000000000.0,100000000000.0,1000000000.0,clip,False,0,133,0,133,,,,,,,,,
2026-05-18T19:24:56,0,2,2,1,134,74816,134,True,1.79144385026738e-08,,,,,,6150.295734405518,633.60200715065,0.0003108978271484375,0.09340929985046387,1.409374713897705,0.17719531059265137,4.468045949935913,0,41.62401469053012,26639.36940193928,0.2735594637420563,84108736.0,90072513.8822457,0.5,100000000000.0,100000000000.0,100000000000.0,1000000000.0,clip,False,0,134,0,134,,,,,,,,,
2026-05-18T19:25:02,0,2,2,1,135,74816,135,True,1.804812834224599e-08,,,,,,6151.695728302002,633.60200715065,0.00030612945556640625,0.09344053268432617,1.4083807468414307,0.17932343482971191,4.468293190002441,0,41.61454195828073,26633.30685329967,0.2735594637420563,82765304.0,89926369.68460079,0.5,100000000000.0,100000000000.0,100000000000.0,1000000000.0,clip,False,0,135,0,135,,,,,,,,,
2026-05-18T19:25:08,0,2,2,1,136,74816,136,True,1.818181818181818e-08,,,,,,6148.252964019775,633.60200715065,0.0003108978271484375,0.09357881546020508,1.4090793132781982,0.17877507209777832,4.464502334594727,0,41.63784435971308,26648.220390216367,0.2735594637420563,84656304.0,89820968.37090877,0.5,100000000000.0,100000000000.0,100000000000.0,1000000000.0,clip,False,0,136,0,136,,,,,,,,,
2026-05-18T19:25:14,0,2,2,1,137,74816,137,True,1.8315508021390373e-08,,,,,,6151.0655879974365,633.60200715065,0.0003066062927246094,0.09651994705200195,1.4055960178375244,0.1764354705810547,4.470089673995972,0,41.61880512208037,26636.035278131436,0.2735594637420563,83023080.0,89685010.60349059,0.5,100000000000.0,100000000000.0,100000000000.0,1000000000.0,clip,False,0,137,0,137,,,,,,,,,
2026-05-18T19:25:21,0,2,2,1,138,74816,138,True,1.8449197860962565e-08,,,,,,6150.9740352630615,633.60200715065,0.0003108978271484375,0.0936894416809082,1.4085426330566406,0.17696666717529297,4.469459533691406,0,41.61942458745097,26636.431735968625,0.2735594637420563,84435472.0,89580019.83142078,0.5,100000000000.0,100000000000.0,100000000000.0,1000000000.0,clip,False,0,138,0,138,,,,,,,,,
2026-05-18T19:25:27,0,2,2,1,139,74816,139,True,1.858288770053476e-08,,,,,,6150.4411697387695,633.60200715065,0.0003147125244140625,0.0937349796295166,1.4083893299102783,0.18300294876098633,4.4631593227386475,0,41.623030435534304,26638.739478741954,0.2735594637420563,82931792.0,89447055.27479236,0.5,100000000000.0,100000000000.0,100000000000.0,1000000000.0,clip,False,0,139,0,139,,,,,,,,,
2026-05-18T19:25:33,0,2,2,1,140,74816,140,True,1.871657754010695e-08,,,,,,6150.4669189453125,633.60200715065,0.00031447410583496094,0.09358906745910645,1.4073853492736816,0.18313169479370117,4.464085817337036,0,41.62285617884424,26638.627954460313,0.2735594637420563,83515392.0,89328422.0092965,0.5,100000000000.0,100000000000.0,100000000000.0,1000000000.0,clip,False,0,140,0,140,,,,,,,,,
2026-05-18T19:25:39,0,2,2,1,141,74816,141,True,1.8850267379679143e-08,510.64654541015625,162.3333282470703,0.7199863791465759,345.57891845703125,2.0143239498138428,6152.384042739868,633.60200715065,0.00033211708068847656,0.09875631332397461,1.4028692245483398,0.17810988426208496,4.470375061035156,0,41.60988621997569,26630.327180784447,0.2735594637420563,82924904.0,89200351.64911057,0.5,100000000000.0,100000000000.0,100000000000.0,1000000000.0,clip,False,0,141,0,141,604.5564778645834,510.64654541015625,682.7819213867188,6150.318359375,6162.05078125,768.8004150390625,0.0,998.9729614257812,639342.6875
2026-05-18T19:25:45,0,2,2,1,142,74816,142,True,1.8983957219251334e-08,,,,,,6175.609350204468,633.60200715065,0.000293731689453125,0.0926978588104248,1.3912312984466553,0.1788647174835205,4.479206085205078,0,41.4533992490189,26530.175519372096,0.2735594637420563,82198928.0,89060323.17612836,0.5,100000000000.0,100000000000.0,100000000000.0,1000000000.0,clip,False,0,142,0,142,,,,,,,,,
2026-05-18T19:25:51,0,2,2,1,143,74816,143,True,1.911764705882353e-08,,,,,,6150.716066360474,633.60200715065,0.0003635883331298828,0.09672093391418457,1.4046590328216553,0.17662310600280762,4.469854116439819,0,41.621170159376476,26637.548902000945,0.2735594637420563,81404096.0,88907198.63260579,0.5,100000000000.0,100000000000.0,100000000000.0,1000000000.0,clip,False,0,143,0,143,,,,,,,,,
2026-05-18T19:25:58,0,2,2,1,144,74816,144,True,1.925133689839572e-08,,,,,,6147.827863693237,633.60200715065,0.00029850006103515625,0.09583687782287598,1.405540943145752,0.17571735382080078,4.468414783477783,0,41.64072346785112,26650.063019424717,0.2735594637420563,82001656.0,88769087.77995367,0.5,100000000000.0,100000000000.0,100000000000.0,1000000000.0,clip,False,0,144,0,144,,,,,,,,,
2026-05-18T19:26:04,0,2,2,1,145,74816,145,True,1.9385026737967916e-08,,,,,,6150.313854217529,633.60200715065,0.00031065940856933594,0.09321832656860352,1.4089672565460205,0.17628026008605957,4.469431638717651,0,41.62389205950035,26639.290918080223,0.2735594637420563,83126024.0,88656226.5043546,0.5,100000000000.0,100000000000.0,100000000000.0,1000000000.0,clip,False,0,145,0,145,,,,,,,,,
2026-05-18T19:26:10,0,2,2,1,146,74816,146,True,1.9518716577540107e-08,,,,,,6150.677680969238,633.60200715065,0.00032782554626464844,0.0928795337677002,1.4092912673950195,0.1767418384552002,4.469286203384399,0,41.62142991041256,26637.715142664038,0.2735594637420563,82900848.0,88541118.9342675,0.5,100000000000.0,100000000000.0,100000000000.0,1000000000.0,clip,False,0,146,0,146,,,,,,,,,
2026-05-18T19:26:16,0,2,2,1,147,74816,147,True,1.96524064171123e-08,,,,,,6149.100780487061,633.60200715065,0.0003070831298828125,0.09682059288024902,1.4057228565216064,0.18013215065002441,4.464071750640869,0,41.63210347964449,26644.546226972474,0.2735594637420563,80059904.0,88371494.63558215,0.5,100000000000.0,100000000000.0,100000000000.0,1000000000.0,clip,False,0,147,0,147,,,,,,,,,
2026-05-18T19:26:22,0,2,2,1,148,74816,148,True,1.978609625668449e-08,,,,,,6150.557279586792,633.60200715065,0.00028061866760253906,0.09351658821105957,1.409512996673584,0.17646193504333496,4.468677520751953,0,41.62224467848524,26638.23659423055,0.2735594637420563,79858176.0,88201228.2628705,0.5,100000000000.0,100000000000.0,100000000000.0,1000000000.0,clip,False,0,148,0,148,,,,,,,,,
2026-05-18T19:26:28,0,2,2,1,149,74816,149,True,1.9919786096256682e-08,,,,,,6149.89447593689,633.60200715065,0.0003044605255126953,0.09465932846069336,1.4074623584747314,0.18118739128112793,4.464280128479004,0,41.62673050759954,26641.107524863706,0.2735594637420563,81465280.0,88066509.29761308,0.5,100000000000.0,100000000000.0,100000000000.0,1000000000.0,clip,False,0,149,0,149,,,,,,,,,
2026-05-18T19:26:34,0,2,2,1,150,74816,150,True,2.0053475935828874e-08,,,,,,6150.474548339844,633.60200715065,0.0002999305725097656,0.09506011009216309,1.4073600769042969,0.17894601821899414,4.466773271560669,0,41.62280454751257,26638.594910408046,0.2735594637420563,79298840.0,87891155.91166082,0.5,100000000000.0,100000000000.0,100000000000.0,1000000000.0,clip,False,0,150,0,150,,,,,,,,,
2026-05-18T19:26:41,0,2,2,1,151,74816,151,True,2.018716577540107e-08,587.4537963867188,185.197998046875,0.7197059392929077,399.53887939453125,1.9971944093704224,6150.691270828247,633.60200715065,0.00031280517578125,0.0982961654663086,1.4039561748504639,0.1769092082977295,4.469365119934082,0,41.62133794849489,26637.65628703673,0.2735594637420563,80936384.0,87752060.47342761,0.5,100000000000.0,100000000000.0,100000000000.0,1000000000.0,clip,False,0,151,0,151,598.2009684244791,523.0301513671875,654.5228881835938,6150.462239583333,6159.45263671875,768.8004150390625,0.0,998.9495849609375,639327.75
2026-05-18T19:26:47,0,2,2,1,152,74816,152,True,2.032085561497326e-08,,,,,,6161.33451461792,633.60200715065,0.0002961158752441406,0.09415149688720703,1.3900706768035889,0.1759357452392578,4.468818426132202,0,41.54944020530513,26591.641731395288,0.2735594637420563,79546232.0,87587943.90395905,0.5,100000000000.0,100000000000.0,100000000000.0,1000000000.0,clip,False,0,152,0,152,,,,,,,,,
2026-05-18T19:26:53,0,2,2,1,153,74816,153,True,2.0454545454545455e-08,,,,,,6149.13272857666,633.60200715065,0.0003027915954589844,0.09379196166992188,1.4079174995422363,0.1775059700012207,4.467646598815918,0,41.63188717821941,26644.407794060422,0.2735594637420563,79763440.0,87431453.82587987,0.5,100000000000.0,100000000000.0,100000000000.0,1000000000.0,clip,False,0,153,0,153,,,,,,,,,
2026-05-18T19:26:59,0,2,2,1,154,74816,154,True,2.0588235294117647e-08,,,,,,6150.143146514893,633.60200715065,0.00032067298889160156,0.09253406524658203,1.409940242767334,0.18128705024719238,4.46402907371521,0,41.625047401549956,26640.03033699197,0.2735594637420563,81817760.0,87319179.94936228,0.5,100000000000.0,100000000000.0,100000000000.0,1000000000.0,clip,False,0,154,0,154,,,,,,,,,
2026-05-18T19:27:05,0,2,2,1,155,74816,155,True,2.0721925133689838e-08,,,,,,6152.35710144043,633.60200715065,0.0003070831298828125,0.09618210792541504,1.4061238765716553,0.1759030818939209,4.471981525421143,0,41.61006843053106,26630.44379553988,0.2735594637420563,79415768.0,87161111.71037503,0.5,100000000000.0,100000000000.0,100000000000.0,1000000000.0,clip,False,0,155,0,155,,,,,,,,,
2026-05-18T19:27:11,0,2,2,1,156,74816,156,True,2.0855614973262033e-08,,,,,,6148.452997207642,633.60200715065,0.00029349327087402344,0.09394049644470215,1.4064557552337646,0.1748952865600586,4.470978498458862,0,41.63648971802566,26647.35341953642,0.2735594637420563,79356368.0,87005016.83616753,0.5,100000000000.0,100000000000.0,100000000000.0,1000000000.0,clip,False,0,156,0,156,,,,,,,,,
2026-05-18T19:27:18,0,2,2,1,157,74816,157,True,2.0989304812834225e-08,,,,,,6153.0773639678955,633.60200715065,0.0003559589385986328,0.0974421501159668,1.40390944480896,0.1788923740386963,4.46979546546936,0,41.605197668913256,26627.326508104485,0.2735594637420563,79976368.0,86864443.85944417,0.5,100000000000.0,100000000000.0,100000000000.0,1000000000.0,clip,False,0,157,0,157,,,,,,,,,
2026-05-18T19:27:24,0,2,2,1,158,74816,158,True,2.1122994652406416e-08,,,,,,6146.083116531372,633.60200715065,0.0003077983856201172,0.09560799598693848,1.4054844379425049,0.18113327026367188,4.461531400680542,0,41.652544416691384,26657.628426682488,0.2735594637420563,79027056.0,86707696.10225528,0.5,100000000000.0,100000000000.0,100000000000.0,1000000000.0,clip,False,0,158,0,158,,,,,,,,,
2026-05-18T19:27:30,0,2,2,1,159,74816,159,True,2.1256684491978608e-08,,,,,,6150.139808654785,633.60200715065,0.00031375885009765625,0.0942540168762207,1.4081547260284424,0.17764592170715332,4.467639446258545,0,41.62506999267626,26640.044795312806,0.2735594637420563,78324928.0,86540040.74021018,0.5,100000000000.0,100000000000.0,100000000000.0,1000000000.0,clip,False,0,159,0,159,,,,,,,,,
2026-05-18T19:27:36,0,2,2,1,160,74816,160,True,2.13903743315508e-08,,,,,,6150.00581741333,633.60200715065,0.0002930164337158203,0.09305429458618164,1.4089102745056152,0.17751693725585938,4.46811842918396,0,41.62597688528247,26640.625206580782,0.2735594637420563,78880864.0,86386857.20540597,0.5,100000000000.0,100000000000.0,100000000000.0,1000000000.0,clip,False,0,160,0,160,,,,,,,,,
2026-05-18T19:27:42,0,2,2,1,161,74816,161,True,2.152406417112299e-08,562.8348388671875,169.8022918701172,0.7199671268463135,390.3122253417969,2.0003702640533447,6150.667905807495,633.60200715065,0.00029468536376953125,0.09340214729309082,1.4090323448181152,0.1813499927520752,4.4645514488220215,0,41.62149605870988,26637.757477574323,0.2735594637420563,76619304.0,86191506.14129785,0.5,100000000000.0,100000000000.0,100000000000.0,1000000000.0,clip,False,0,161,0,161,567.3617350260416,488.2982482910156,627.2603149414062,6150.458333333333,6156.61865234375,768.8004150390625,0.0,998.9500122070312,639328.0
2026-05-18T19:27:48,0,2,2,1,162,74816,162,True,2.1657754010695186e-08,,,,,,6159.833669662476,633.60200715065,0.00027871131896972656,0.0974876880645752,1.3868889808654785,0.17688965797424316,4.467274188995361,0,41.55956373640644,26598.12079130012,0.2735594637420563,79512184.0,86057919.69847189,0.5,100000000000.0,100000000000.0,100000000000.0,1000000000.0,clip,False,0,162,0,162,,,,,,,,,
2026-05-18T19:27:54,0,2,2,1,163,74816,163,True,2.179144385026738e-08,,,,,,6150.946140289307,633.60200715065,0.0003032684326171875,0.0941460132598877,1.4079530239105225,0.17639780044555664,4.47022271156311,0,41.61961333447137,26636.552534061673,0.2735594637420563,78255984.0,85901880.98450245,0.5,100000000000.0,100000000000.0,100000000000.0,1000000000.0,clip,False,0,163,0,163,,,,,,,,,
2026-05-18T19:28:01,0,2,2,1,164,74816,164,True,2.1925133689839573e-08,,,,,,6149.561405181885,633.60200715065,0.000308990478515625,0.09353184700012207,1.4089229106903076,0.17635679244995117,4.468513250350952,0,41.62898508246188,26642.550452775602,0.2735594637420563,78006264.0,85743968.6448124,0.5,100000000000.0,100000000000.0,100000000000.0,1000000000.0,clip,False,0,164,0,164,,,,,,,,,
2026-05-18T19:28:07,0,2,2,1,165,74816,165,True,2.2058823529411764e-08,,,,,,6149.984121322632,633.60200715065,0.0003063678741455078,0.09431600570678711,1.4084341526031494,0.1783127784729004,4.466633081436157,0,41.626123734599815,26640.719190143882,0.2735594637420563,78427328.0,85597635.83191615,0.5,100000000000.0,100000000000.0,100000000000.0,1000000000.0,clip,False,0,165,0,165,,,,,,,,,
2026-05-18T19:28:13,0,2,2,1,166,74816,166,True,2.2192513368983956e-08,,,,,,6150.6452560424805,633.60200715065,0.00033164024353027344,0.1018519401550293,1.4004158973693848,0.17708206176757812,4.4690046310424805,0,41.6216493299629,26637.855571176256,0.2735594637420563,78566160.0,85457006.31527783,0.5,100000000000.0,100000000000.0,100000000000.0,1000000000.0,clip,False,0,166,0,166,,,,,,,,,
2026-05-18T19:28:19,0,2,2,1,167,74816,167,True,2.2326203208556147e-08,,,,,,6150.485992431641,633.60200715065,0.00030922889709472656,0.09382414817810059,1.4092049598693848,0.17597675323486328,4.469136953353882,0,41.62272710075525,26638.545344483362,0.2735594637420563,75726432.0,85262394.82897227,0.5,100000000000.0,100000000000.0,100000000000.0,1000000000.0,clip,False,0,167,0,167,,,,,,,,,
2026-05-18T19:28:25,0,2,2,1,168,74816,168,True,2.2459893048128342e-08,,,,,,6149.794816970825,633.60200715065,0.00030493736267089844,0.09348773956298828,1.4088833332061768,0.17614150047302246,4.4691002368927,0,41.62740507919851,26641.539250687045,0.2735594637420563,75834472.0,85073836.37239282,0.5,100000000000.0,100000000000.0,100000000000.0,1000000000.0,clip,False,0,168,0,168,,,,,,,,,
2026-05-18T19:28:31,0,2,2,1,169,74816,169,True,2.2593582887700534e-08,,,,,,6149.2040157318115,633.60200715065,0.0003082752227783203,0.09480977058410645,1.4082214832305908,0.18052411079406738,4.463337182998657,0,41.63140454359013,26644.09890789768,0.2735594637420563,76603880.0,84904437.24494496,0.5,100000000000.0,100000000000.0,100000000000.0,1000000000.0,clip,False,0,169,0,169,,,,,,,,,
2026-05-18T19:28:37,0,2,2,1,170,74816,170,True,2.2727272727272725e-08,,,,,,6150.782346725464,633.60200715065,0.00030732154846191406,0.09823894500732422,1.4039695262908936,0.17547202110290527,4.470829010009766,0,41.620721652797315,26637.261857790283,0.2735594637420563,76373072.0,84733809.94004606,0.5,100000000000.0,100000000000.0,100000000000.0,1000000000.0,clip,False,0,170,0,170,,,,,,,,,
2026-05-18T19:28:44,0,2,2,1,171,74816,171,True,2.2860962566844917e-08,549.2261352539062,187.52549743652344,0.7178621888160706,358.9859619140625,1.996809482574463,6151.5820026397705,633.60200715065,0.0003440380096435547,0.09653210639953613,1.4057681560516357,0.1765270233154297,4.470196962356567,0,41.615311295557,26633.79922915648,0.2735594637420563,75068160.0,84540496.94124514,0.5,100000000000.0,100000000000.0,100000000000.0,1000000000.0,clip,False,0,171,0,171,565.9637858072916,514.614013671875,612.7957763671875,6150.322916666667,6153.490234375,768.8004150390625,0.0,998.9720458984375,639342.125
2026-05-18T19:28:50,0,2,2,1,172,74816,172,True,2.299465240641711e-08,,,,,,6158.691883087158,633.60200715065,0.00028896331787109375,0.09528827667236328,1.3889904022216797,0.17565298080444336,4.465570688247681,0,41.567268644015236,26603.051932169754,0.2735594637420563,75707240.0,84363831.80242023,0.5,100000000000.0,100000000000.0,100000000000.0,1000000000.0,clip,False,0,172,0,172,,,,,,,,,
2026-05-18T19:28:56,0,2,2,1,173,74816,173,True,2.3128342245989307e-08,,,,,,6149.463891983032,633.60200715065,0.0003058910369873047,0.09407925605773926,1.407827377319336,0.1800246238708496,4.465130090713501,0,41.629645201062736,26642.97292868015,0.2735594637420563,75068920.0,84177933.56637183,0.5,100000000000.0,100000000000.0,100000000000.0,1000000000.0,clip,False,0,173,0,173,,,,,,,,,
2026-05-18T19:29:02,0,2,2,1,174,74816,174,True,2.3262032085561498e-08,,,,,,6149.771690368652,633.60200715065,0.0003116130828857422,0.09432291984558105,1.4079296588897705,0.17604541778564453,4.46912956237793,0,41.6275616216663,26641.639437866434,0.2735594637420563,74087368.0,83976122.25504439,0.5,100000000000.0,100000000000.0,100000000000.0,1000000000.0,clip,False,0,174,0,174,,,,,,,,,
2026-05-18T19:29:08,0,2,2,1,175,74816,175,True,2.339572192513369e-08,,,,,,6150.370121002197,633.60200715065,0.00032067298889160156,0.0949242115020752,1.4068658351898193,0.17642545700073242,4.469769239425659,0,41.62351126248725,26639.047207991836,0.2735594637420563,75062280.0,83797845.40994349,0.5,100000000000.0,100000000000.0,100000000000.0,1000000000.0,clip,False,0,175,0,175,,,,,,,,,
2026-05-18T19:29:14,0,2,2,1,176,74816,176,True,2.352941176470588e-08,,,,,,6149.267911911011,633.60200715065,0.0003135204315185547,0.0931394100189209,1.4082496166229248,0.18126296997070312,4.464287281036377,0,41.630971957512706,26643.822052808133,0.2735594637420563,73494392.0,83591776.34174462,0.5,100000000000.0,100000000000.0,100000000000.0,1000000000.0,clip,False,0,176,0,176,,,,,,,,,
2026-05-18T19:29:21,0,2,2,1,177,74816,177,True,2.3663101604278073e-08,,,,,,6153.755664825439,633.60200715065,0.000308990478515625,0.09367942810058594,1.408437967300415,0.1777043342590332,4.471487998962402,0,41.60061171477497,26624.39149745598,0.2735594637420563,74524088.0,83410422.57490973,0.5,100000000000.0,100000000000.0,100000000000.0,1000000000.0,clip,False,0,177,0,177,,,,,,,,,
2026-05-18T19:29:27,0,2,2,1,178,74816,178,True,2.3796791443850265e-08,,,,,,6148.612499237061,633.60200715065,0.00030517578125,0.09384012222290039,1.4067788124084473,0.18236279487609863,4.463222026824951,0,41.635409619937064,26646.66215675972,0.2735594637420563,73879976.0,83219813.64341153,0.5,100000000000.0,100000000000.0,100000000000.0,1000000000.0,clip,False,0,178,0,178,,,,,,,,,
2026-05-18T19:29:33,0,2,2,1,179,74816,179,True,2.393048128342246e-08,,,,,,6149.797439575195,633.60200715065,0.0003223419189453125,0.09389615058898926,1.4086723327636719,0.1788477897644043,4.466137170791626,0,41.62738732703422,26641.527889301902,0.2735594637420563,73701304.0,83029443.4505433,0.5,100000000000.0,100000000000.0,100000000000.0,1000000000.0,clip,False,0,179,0,179,,,,,,,,,
2026-05-18T19:29:39,0,2,2,1,180,74816,180,True,2.406417112299465e-08,,,,,,6150.864839553833,633.60200715065,0.0003285408020019531,0.0931854248046875,1.4088518619537354,0.18154501914978027,4.4651854038238525,0,41.620163453074596,26636.904609967743,0.2735594637420563,74867240.0,82866199.38153243,0.5,100000000000.0,100000000000.0,100000000000.0,1000000000.0,clip,False,0,180,0,180,,,,,,,,,
2026-05-18T19:29:45,0,2,2,1,181,74816,181,True,2.4197860962566843e-08,613.9168701171875,204.0407257080078,0.7193639278411865,407.1462097167969,2.010545492172241,6149.663686752319,633.60200715065,0.00029778480529785156,0.09473085403442383,1.4069287776947021,0.1777634620666504,4.468050003051758,0,41.628292706717986,26642.10733229951,0.2735594637420563,73833368.0,82685542.75390178,0.5,100000000000.0,100000000000.0,100000000000.0,1000000000.0,clip,False,0,181,0,181,579.659423828125,537.8135375976562,622.4334716796875,6148.453125,6152.53955078125,768.8004150390625,0.0,999.2760009765625,639536.625
2026-05-18T19:29:51,0,2,2,1,182,74816,182,True,2.4331550802139034e-08,,,,,,6158.202648162842,633.60200715065,0.0002818107604980469,0.09448599815368652,1.3901114463806152,0.17693376541137695,4.46779727935791,0,41.5705709321488,26605.165396575234,0.2735594637420563,73268568.0,82497203.25882374,0.5,100000000000.0,100000000000.0,100000000000.0,1000000000.0,clip,False,0,182,0,182,,,,,,,,,
2026-05-18T19:29:57,0,2,2,1,183,74816,183,True,2.446524064171123e-08,,,,,,6151.031732559204,633.60200715065,0.00030875205993652344,0.09304118156433105,1.4088027477264404,0.17632699012756348,4.470585346221924,0,41.61903419306348,26636.181883560625,0.2735594637420563,71037512.0,82268009.43364726,0.5,100000000000.0,100000000000.0,100000000000.0,1000000000.0,clip,False,0,183,0,183,,,,,,,,,
2026-05-18T19:30:04,0,2,2,1,184,74816,184,True,2.4598930481283424e-08,,,,,,6148.886919021606,633.60200715065,0.0002932548522949219,0.09257745742797852,1.410120964050293,0.18114566802978516,4.462851047515869,0,41.63355146572349,26645.472938063034,0.2735594637420563,70782976.0,82038308.76497431,0.5,100000000000.0,100000000000.0,100000000000.0,1000000000.0,clip,False,0,184,0,184,,,,,,,,,
2026-05-18T19:30:10,0,2,2,1,185,74816,185,True,2.4732620320855616e-08,,,,,,6151.346683502197,633.60200715065,0.00029349327087402344,0.09318113327026367,1.4089715480804443,0.1753692626953125,4.471705198287964,0,41.61690328502984,26634.818102419096,0.2735594637420563,72611600.0,81849774.58967483,0.5,100000000000.0,100000000000.0,100000000000.0,1000000000.0,clip,False,0,185,0,185,,,,,,,,,
2026-05-18T19:30:16,0,2,2,1,186,74816,186,True,2.4866310160427807e-08,,,,,,6149.012565612793,633.60200715065,0.0003101825714111328,0.09361577033996582,1.407604455947876,0.18174529075622559,4.463694095611572,0,41.63270074151943,26644.928474572433,0.2735594637420563,72841224.0,81669603.57788134,0.5,100000000000.0,100000000000.0,100000000000.0,1000000000.0,clip,False,0,186,0,186,,,,,,,,,
2026-05-18T19:30:22,0,2,2,1,187,74816,187,True,2.5e-08,,,,,,6151.56364440918,633.60200715065,0.0003383159637451172,0.09663152694702148,1.4050309658050537,0.18141770362854004,4.465717077255249,0,41.61543548893693,26633.87871291964,0.2735594637420563,70788320.0,81451977.90632372,0.5,100000000000.0,100000000000.0,100000000000.0,1000000000.0,clip,False,0,187,0,187,,,,,,,,,
2026-05-18T19:30:28,0,2,2,1,188,74816,188,True,2.513368983957219e-08,,,,,,6148.141622543335,633.60200715065,0.0002970695495605469,0.09536504745483398,1.406479835510254,0.18137788772583008,4.462748765945435,0,41.63859841180742,26648.70298355675,0.2735594637420563,69961304.0,81222164.42819723,0.5,100000000000.0,100000000000.0,100000000000.0,1000000000.0,clip,False,0,188,0,188,,,,,,,,,
2026-05-18T19:30:34,0,2,2,1,189,74816,189,True,2.5267379679144382e-08,,,,,,6149.59979057312,633.60200715065,0.0003154277801513672,0.09420228004455566,1.407968282699585,0.19122838973999023,4.4537672996521,0,41.62872523711689,26642.38415175481,0.2735594637420563,71796080.0,81033642.73963328,0.5,100000000000.0,100000000000.0,100000000000.0,1000000000.0,clip,False,0,189,0,189,,,,,,,,,
2026-05-18T19:30:41,0,2,2,1,190,74816,190,True,2.5401069518716577e-08,,,,,,6150.007724761963,633.60200715065,0.00030875205993652344,0.09467792510986328,1.4075541496276855,0.1793687343597412,4.466033458709717,0,41.62596397550192,26640.61694432123,0.2735594637420563,70755848.0,80828086.84484062,0.5,100000000000.0,100000000000.0,100000000000.0,1000000000.0,clip,False,0,190,0,190,,,,,,,,,
2026-05-18T19:30:47,0,2,2,1,191,74816,191,True,2.553475935828877e-08,517.931640625,174.79844665527344,0.7191643118858337,340.4364318847656,1.9776052236557007,6154.874324798584,633.60200715065,0.0003161430358886719,0.09537053108215332,1.4073772430419922,0.18294239044189453,4.466830253601074,0,41.593050725430935,26619.5524642758,0.2735594637420563,69595128.0,80603427.6679438,0.5,100000000000.0,100000000000.0,100000000000.0,1000000000.0,clip,False,0,191,0,191,549.2158610026041,488.6321716308594,628.562744140625,6151.795572916667,6155.37255859375,768.8004150390625,0.0,998.73291015625,639189.0
2026-05-18T19:30:53,0,2,2,1,192,74816,192,True,2.5668449197860963e-08,,,,,,6263.928413391113,633.60200715065,0.0002872943878173828,0.0930781364440918,1.3917813301086426,0.18578100204467773,4.56707239151001,0,40.86892172214478,26156.109902172662,0.2735594637420563,71075312.0,80412865.35458492,0.5,100000000000.0,100000000000.0,100000000000.0,1000000000.0,clip,False,0,192,0,192,,,,,,,,,
2026-05-18T19:30:59,0,2,2,1,193,74816,193,True,2.5802139037433155e-08,,,,,,6149.956703186035,633.60200715065,0.0005872249603271484,0.0914459228515625,1.4106974601745605,0.17928409576416016,4.466086387634277,0,41.626309314889504,26640.837961529283,0.2735594637420563,68910592.0,80182819.88749322,0.5,100000000000.0,100000000000.0,100000000000.0,1000000000.0,clip,False,0,193,0,193,,,,,,,,,
2026-05-18T19:31:05,0,2,2,1,194,74816,194,True,2.5935828877005347e-08,,,,,,6152.037858963013,633.60200715065,0.0003235340118408203,0.09505820274353027,1.4070055484771729,0.1809849739074707,4.4665327072143555,0,41.61222766648438,26631.825706550004,0.2735594637420563,68309240.0,79945348.28974335,0.5,100000000000.0,100000000000.0,100000000000.0,1000000000.0,clip,False,0,194,0,194,,,,,,,,,
2026-05-18T19:31:11,0,2,2,1,195,74816,195,True,2.6069518716577538e-08,,,,,,6152.2321701049805,633.60200715065,0.0003135204315185547,0.09519720077514648,1.4076058864593506,0.18217015266418457,4.464964389801025,0,41.61091339237148,26630.984571117748,0.2735594637420563,68967104.0,79725783.40394849,0.5,100000000000.0,100000000000.0,100000000000.0,1000000000.0,clip,False,0,195,0,195,,,,,,,,,
2026-05-18T19:31:18,0,2,2,1,196,74816,196,True,2.6203208556149733e-08,,,,,,6146.466255187988,633.60200715065,0.0003218650817871094,0.09566760063171387,1.4035086631774902,0.18136334419250488,4.463586330413818,0,41.649948014262755,26655.966729128166,0.2735594637420563,70380296.0,79538873.65586951,0.5,100000000000.0,100000000000.0,100000000000.0,1000000000.0,clip,False,0,196,0,196,,,,,,,,,
2026-05-18T19:31:24,0,2,2,1,197,74816,197,True,2.6336898395721925e-08,,,,,,6235.982418060303,633.60200715065,0.0003154277801513672,0.09189391136169434,1.4107913970947266,0.18229150772094727,4.548532485961914,0,41.05207212557033,26273.32616036501,0.2735594637420563,68922392.0,79326544.02275212,0.5,100000000000.0,100000000000.0,100000000000.0,1000000000.0,clip,False,0,197,0,197,,,,,,,,,
2026-05-18T19:31:30,0,2,2,1,198,74816,198,True,2.6470588235294116e-08,,,,,,6150.822162628174,633.60200715065,0.00031375885009765625,0.09203958511352539,1.4099485874176025,0.18250656127929688,4.463855981826782,0,41.62045223083059,26637.089427731575,0.2735594637420563,68962104.0,79119255.22229707,0.5,100000000000.0,100000000000.0,100000000000.0,1000000000.0,clip,False,0,198,0,198,,,,,,,,,
2026-05-18T19:31:36,0,2,2,1,199,74816,199,True,2.6604278074866308e-08,,,,,,6435.925245285034,633.60200715065,0.0003066062927246094,0.09477996826171875,1.406581163406372,0.18316435813903809,4.749044418334961,0,39.77672055584329,25457.101155739707,0.2735594637420563,67420672.0,78885283.55785112,0.5,100000000000.0,100000000000.0,100000000000.0,1000000000.0,clip,False,0,199,0,199,,,,,,,,,
2026-05-18T19:31:43,0,2,2,1,200,74816,200,True,2.67379679144385e-08,,,,,,6150.220632553101,633.60200715065,0.0003159046173095703,0.09617853164672852,1.4060235023498535,0.1811988353729248,4.46468448638916,0,41.62452297158133,26639.69470181205,0.2735594637420563,66436436.0,78636306.6066941,0.5,100000000000.0,100000000000.0,100000000000.0,1000000000.0,clip,False,0,200,0,200,,,,,,,,,
2026-05-18T19:31:49,0,2,2,1,201,74816,201,True,2.687165775401069e-08,541.9112548828125,194.68946838378906,0.7186261415481567,344.515625,1.9875574111938477,6150.171995162964,633.60200715065,0.000316619873046875,0.09468293190002441,1.4074175357818604,0.17945003509521484,4.46623969078064,0,41.62485215069447,26639.90537644446,0.27355776378441465,66018268.0,78383945.83456022,0.5,7863630660.669411,100000000000.0,100000000000.0,1000000000.0,clip,False,0,201,0,201,552.5367024739584,499.5079040527344,603.2661743164062,6150.046223958333,6153.0234375,768.8004150390625,0.0,999.016845703125,639370.875
2026-05-18T19:31:55,0,2,2,1,202,74816,202,True,2.700534759358289e-08,,,,,,6160.49599647522,633.60200715065,0.0002906322479248047,0.09461188316345215,1.389329433441162,0.18024587631225586,4.465370178222656,0,41.55509558750993,26595.261176006356,0.27355776378441465,66378120.0,78143829.31786902,0.5,7838394583.456021,100000000000.0,100000000000.0,1000000000.0,clip,False,0,202,0,202,,,,,,,,,
2026-05-18T19:32:01,0,2,2,1,203,74816,203,True,2.713903743315508e-08,,,,,,6153.016090393066,633.60200715065,0.0003292560577392578,0.09531998634338379,1.4068427085876465,0.1798698902130127,4.468336343765259,0,41.605611985917335,26627.591670987094,0.27355776378441465,65047664.0,77881906.01151164,0.5,7814382931.786902,100000000000.0,100000000000.0,1000000000.0,clip,False,0,203,0,203,,,,,,,,,
2026-05-18T19:32:07,0,2,2,1,204,74816,204,True,2.7272727272727272e-08,,,,,,6145.899772644043,633.60200715065,0.0003066062927246094,0.0959329605102539,1.4035615921020508,0.18524765968322754,4.458885908126831,0,41.65378699136605,26658.42367447427,0.27355776378441465,66362900.0,77651525.89128141,0.5,7788190601.151164,100000000000.0,100000000000.0,1000000000.0,clip,False,0,204,0,204,,,,,,,,,
2026-05-18T19:32:13,0,2,2,1,205,74816,205,True,2.7406417112299464e-08,,,,,,6148.694753646851,633.60200715065,0.0003046989440917969,0.09411168098449707,1.40828275680542,0.17963433265686035,4.464192152023315,0,41.63485264058098,26646.30568997183,0.27355776378441465,67577416.0,77450043.69345579,0.5,7765152589.128141,100000000000.0,100000000000.0,1000000000.0,clip,False,0,205,0,205,,,,,,,,,
2026-05-18T19:32:19,0,2,2,1,206,74816,206,True,2.7540106951871656e-08,,,,,,6150.116443634033,633.60200715065,0.0003204345703125,0.09368610382080078,1.4085743427276611,0.1834251880645752,4.461988687515259,0,41.625228131246985,26640.146003998067,0.27355776378441465,64185820.0,77184759.21958667,0.5,7745004369.345578,100000000000.0,100000000000.0,1000000000.0,clip,False,0,206,0,206,,,,,,,,,
2026-05-18T19:32:26,0,2,2,1,207,74816,207,True,2.767379679144385e-08,,,,,,6150.467395782471,633.60200715065,0.00031065940856933594,0.6354000568389893,0.8665204048156738,0.18331074714660645,4.462679386138916,0,41.62285295188226,26638.625889204646,0.27355776378441465,66562800.0,76972320.03519493,0.5,7718475921.958667,100000000000.0,100000000000.0,1000000000.0,clip,False,0,207,0,207,,,,,,,,,
2026-05-18T19:32:32,0,2,2,1,208,74816,208,True,2.7807486631016042e-08,,,,,,6227.738380432129,633.60200715065,0.00030612945556640625,0.09790325164794922,1.4050726890563965,0.17933297157287598,4.543170213699341,0,41.10641526053263,26308.10576674088,0.27355776378441465,64594580.0,76724765.23449102,0.5,7697232003.519493,100000000000.0,100000000000.0,1000000000.0,clip,False,0,208,0,208,,,,,,,,,
2026-05-18T19:32:38,0,2,2,1,209,74816,209,True,2.7941176470588234e-08,,,,,,6149.765491485596,633.60200715065,0.00030422210693359375,0.09284472465515137,1.4092504978179932,0.18013811111450195,4.465092658996582,0,41.62760358170311,26641.666292289992,0.27355776378441465,65955304.0,76509376.0098012,0.5,7672476523.449102,100000000000.0,100000000000.0,1000000000.0,clip,False,0,209,0,209,,,,,,,,,
2026-05-18T19:32:44,0,2,2,1,210,74816,210,True,2.8074866310160425e-08,,,,,,6149.190902709961,633.60200715065,0.00030994415283203125,0.09283018112182617,1.408848762512207,0.1803116798400879,4.464784145355225,0,41.63149332169542,26644.155725885073,0.27355776378441465,65416528.0,76287519.04960518,0.5,7650937600.98012,100000000000.0,100000000000.0,1000000000.0,clip,False,0,210,0,210,,,,,,,,,
2026-05-18T19:32:50,0,2,2,1,211,74816,211,True,2.8208556149732617e-08,512.16552734375,182.19606018066406,0.7193727493286133,327.2885437011719,1.961527705192566,6150.479555130005,633.60200715065,0.0003032684326171875,0.09123826026916504,1.410684585571289,0.18415546417236328,4.4621570110321045,0,41.622770664520786,26638.5732252933,0.27355776378441465,63979412.0,76041356.90861307,0.5,7628751904.960518,100000000000.0,100000000000.0,1000000000.0,clip,False,0,211,0,211,552.7822672526041,493.17620849609375,607.4188232421875,6150.567057291667,6157.41796875,768.8004150390625,0.0,998.9324951171875,639316.8125
2026-05-18T19:32:56,0,2,2,1,212,74816,212,True,2.8342245989304812e-08,,,,,,6159.875154495239,633.60200715065,0.00028324127197265625,0.0950155258178711,1.389056921005249,0.1791987419128418,4.467041015625,0,41.55928384574175,26597.941661274723,0.27355776378441465,62386404.0,75768257.8504408,0.5,7604135690.861307,100000000000.0,100000000000.0,1000000000.0,clip,False,0,212,0,212,,,,,,,,,
2026-05-18T19:33:03,0,2,2,1,213,74816,213,True,2.8475935828877007e-08,,,,,,6150.837182998657,633.60200715065,0.00031685829162597656,0.09397625923156738,1.4089794158935547,0.1793229579925537,4.466165781021118,0,41.62035059350975,26637.02437984624,0.27355776378441465,64114820.0,75535189.093432,0.5,7576825785.04408,100000000000.0,100000000000.0,1000000000.0,clip,False,0,213,0,213,,,,,,,,,
2026-05-18T19:33:09,0,2,2,1,214,74816,214,True,2.8609625668449198e-08,,,,,,6149.6899127960205,633.60200715065,0.00030994415283203125,0.09173297882080078,1.4111454486846924,0.17944002151489258,4.464979887008667,0,41.62811517818578,26641.993714038897,0.27355776378441465,62101540.0,75266516.11156335,0.5,7553518909.3432,100000000000.0,100000000000.0,1000000000.0,clip,False,0,214,0,214,,,,,,,,,
2026-05-18T19:33:15,0,2,2,1,215,74816,215,True,2.874331550802139e-08,,,,,,6149.482488632202,633.60200715065,0.00029397010803222656,0.10213017463684082,1.4004149436950684,0.17932963371276855,4.4653425216674805,0,41.62951930885826,26642.892357669287,0.27355776378441465,62119232.0,75003570.42933209,0.5,7526651611.156336,100000000000.0,100000000000.0,1000000000.0,clip,False,0,215,0,215,,,,,,,,,
2026-05-18T19:33:21,0,2,2,1,216,74816,216,True,2.887700534759358e-08,,,,,,6149.991512298584,633.60200715065,0.000308990478515625,0.09361386299133301,1.409158706665039,0.17802119255065918,4.466984748840332,0,41.62607370889183,26640.68717369077,0.27355776378441465,62033536.0,74744169.74074546,0.5,7500357042.933209,100000000000.0,100000000000.0,1000000000.0,clip,False,0,216,0,216,,,,,,,,,
2026-05-18T19:33:27,0,2,2,1,217,74816,217,True,2.9010695187165773e-08,,,,,,6152.527332305908,633.60200715065,0.00029730796813964844,0.09360241889953613,1.4094035625457764,0.17965388298034668,4.46738076210022,0,41.60891714463195,26629.70697256445,0.27355776378441465,61189772.0,74473081.78593054,0.5,7474416974.074546,100000000000.0,100000000000.0,1000000000.0,clip,False,0,217,0,217,,,,,,,,,
2026-05-18T19:33:33,0,2,2,1,218,74816,218,True,2.9144385026737965e-08,,,,,,6150.962114334106,633.60200715065,0.0003352165222167969,0.09524774551391602,1.4066531658172607,0.17715072631835938,4.469155550003052,0,41.61950524836132,26636.483358951245,0.27355776378441465,61468856.0,74212997.27021194,0.5,7447308178.593055,100000000000.0,100000000000.0,1000000000.0,clip,False,0,218,0,218,,,,,,,,,
2026-05-18T19:33:39,0,2,2,1,219,74816,219,True,2.927807486631016e-08,,,,,,6147.763013839722,633.60200715065,0.0003085136413574219,0.09610271453857422,1.405747652053833,0.17783308029174805,4.465818405151367,0,41.64116271621042,26650.344138374665,0.27355776378441465,60956636.0,73947870.04480769,0.5,7421299727.0211935,100000000000.0,100000000000.0,1000000000.0,clip,False,0,219,0,219,,,,,,,,,
2026-05-18T19:33:46,0,2,2,1,220,74816,220,True,2.941176470588235e-08,,,,,,6149.807453155518,633.60200715065,0.0003113746643066406,0.09195971488952637,1.4104628562927246,0.1775202751159668,4.467556715011597,0,41.627319546182584,26641.484509556853,0.27355776378441465,60486212.0,73678636.88391152,0.5,7394787004.480769,100000000000.0,100000000000.0,1000000000.0,clip,False,0,220,0,220,,,,,,,,,
2026-05-18T19:33:52,0,2,2,1,221,74816,221,True,2.9545454545454543e-08,504.2064514160156,180.05764770507812,0.7201823592185974,321.4468994140625,1.9817049503326416,6149.776458740234,633.60200715065,0.00031948089599609375,0.09530997276306152,1.4063377380371094,0.17918157577514648,4.4663262367248535,0,41.62752934477246,26641.61878065438,0.27355776378441465,60243380.0,73409931.74623328,0.5,7367863688.391152,100000000000.0,100000000000.0,1000000000.0,clip,False,0,221,0,221,530.5683186848959,473.00701904296875,598.6720581054688,6150.180989583333,6153.35546875,768.8004150390625,0.0,998.9950561523438,639356.8125
2026-05-18T19:33:58,0,2,2,1,222,74816,222,True,2.9679144385026738e-08,,,,,,6157.975196838379,633.60200715065,0.00028252601623535156,0.09391355514526367,1.390620470046997,0.17618250846862793,4.467328310012817,0,41.57210638513699,26606.148086487676,0.27355776378441465,59943016.0,73140593.43130863,0.5,7340993174.623328,100000000000.0,100000000000.0,1000000000.0,clip,False,0,222,0,222,,,,,,,,,
2026-05-18T19:34:04,0,2,2,1,223,74816,223,True,2.981283422459893e-08,,,,,,6149.180173873901,633.60200715065,0.00030803680419921875,0.09375667572021484,1.4085793495178223,0.17532730102539062,4.469221115112305,0,41.63156595860866,26644.202213509543,0.27355776378441465,59706188.0,72871905.32268246,0.5,7314059343.130863,100000000000.0,100000000000.0,1000000000.0,clip,False,0,223,0,223,,,,,,,,,
2026-05-18T19:34:10,0,2,2,1,224,74816,224,True,2.994652406417112e-08,,,,,,6149.705648422241,633.60200715065,0.0002906322479248047,0.09299087524414062,1.409515619277954,0.17569494247436523,4.469230651855469,0,41.62800866179326,26641.925543547688,0.27355776378441465,58808396.0,72590635.1362288,0.5,7287190532.268246,100000000000.0,100000000000.0,1000000000.0,clip,False,0,224,0,224,,,,,,,,,
2026-05-18T19:34:16,0,2,2,1,225,74816,225,True,3.008021390374331e-08,,,,,,6150.0725746154785,633.60200715065,0.0002765655517578125,0.09157061576843262,1.4106769561767578,0.17969131469726562,4.4658472537994385,0,41.625525047727734,26640.33603054575,0.27355776378441465,58940752.0,72317637.47350423,0.5,7259063513.62288,100000000000.0,100000000000.0,1000000000.0,clip,False,0,225,0,225,,,,,,,,,
2026-05-18T19:34:23,0,2,2,1,226,74816,226,True,3.0213903743315504e-08,,,,,,6150.171756744385,633.60200715065,0.00029158592224121094,0.09316015243530273,1.4097442626953125,0.17983174324035645,4.465090274810791,0,41.624853764330396,26639.906409171454,0.27355776378441465,58558328.0,72042451.28403415,0.5,7231763747.350423,100000000000.0,100000000000.0,1000000000.0,clip,False,0,226,0,226,,,,,,,,,
2026-05-18T19:34:29,0,2,2,1,227,74816,227,True,3.03475935828877e-08,,,,,,6152.543067932129,633.60200715065,0.00031566619873046875,0.0934450626373291,1.409675121307373,0.1789994239807129,4.468066453933716,0,41.60881072646301,26629.638864936325,0.27355776378441465,59566752.0,71792937.29835346,0.5,7204245128.403415,100000000000.0,100000000000.0,1000000000.0,clip,False,0,227,0,227,,,,,,,,,
2026-05-18T19:34:35,0,2,2,1,228,74816,228,True,3.0481283422459894e-08,,,,,,6149.551630020142,633.60200715065,0.00031185150146484375,0.09482645988464355,1.4073998928070068,0.17980146408081055,4.465200901031494,0,41.62905125477604,26642.592803056665,0.27355776378441465,58321928.0,71523517.11238639,0.5,7179293729.835346,100000000000.0,100000000000.0,1000000000.0,clip,False,0,228,0,228,,,,,,,,,
2026-05-18T19:34:41,0,2,2,1,229,74816,229,True,3.0614973262032085e-08,,,,,,6149.356126785278,633.60200715065,0.00029206275939941406,0.09627890586853027,1.405970573425293,0.17928171157836914,4.465538501739502,0,41.63037474523858,26643.439836952693,0.27355776378441465,58265348.0,71258353.73013867,0.5,7152351711.238639,100000000000.0,100000000000.0,1000000000.0,clip,False,0,229,0,229,,,,,,,,,
2026-05-18T19:34:47,0,2,2,1,230,74816,230,True,3.074866310160428e-08,,,,,,6149.260759353638,633.60200715065,0.000293731689453125,0.09339046478271484,1.4092183113098145,0.18082284927368164,4.463555335998535,0,41.6310203808805,26643.85304376352,0.27355776378441465,58625084.0,71005688.33553591,0.5,7125835373.013867,100000000000.0,100000000000.0,1000000000.0,clip,False,0,230,0,230,,,,,,,,,
2026-05-18T19:34:53,0,2,2,1,231,74816,231,True,3.088235294117647e-08,551.658203125,191.76651000976562,0.7216481566429138,357.1927490234375,1.977304458618164,6149.419546127319,633.60200715065,0.0003108978271484375,0.09400367736816406,1.408344030380249,0.17526721954345703,4.469470500946045,0,41.62994540862308,26643.16506151877,0.27355776378441465,57755080.0,70740676.1688252,0.5,7100568833.553592,100000000000.0,100000000000.0,1000000000.0,clip,False,0,231,0,231,545.0289713541666,480.7418212890625,627.37109375,6149.13671875,6154.09765625,768.8004150390625,0.0,999.164794921875,639465.4375
2026-05-18T19:34:59,0,2,2,1,232,74816,232,True,3.101604278074866e-08,,,,,,6158.923387527466,633.60200715065,0.0002815723419189453,0.09381556510925293,1.3907263278961182,0.18113112449645996,4.462969779968262,0,41.56570619443484,26602.0519644383,0.27355776378441465,56587320.0,70457609.04544869,0.5,7074067616.88252,100000000000.0,100000000000.0,1000000000.0,clip,False,0,232,0,232,,,,,,,,,
2026-05-18T19:35:06,0,2,2,1,233,74816,233,True,3.114973262032086e-08,,,,,,6151.1218547821045,633.60200715065,0.00032711029052734375,0.09731006622314453,1.4050283432006836,0.17539596557617188,4.471023082733154,0,41.61842441813705,26635.791627607712,0.27355776378441465,57402168.0,70196500.22453971,0.5,7045760904.544869,100000000000.0,100000000000.0,1000000000.0,clip,False,0,233,0,233,,,,,,,,,
2026-05-18T19:35:12,0,2,2,1,234,74816,234,True,3.128342245989305e-08,,,,,,6150.774002075195,633.60200715065,0.0003409385681152344,0.09659719467163086,1.4048264026641846,0.18097424507141113,4.465554714202881,0,41.620778118921095,26637.297996109497,0.27355776378441465,55297912.0,69898528.46004891,0.5,7019650022.453971,100000000000.0,100000000000.0,1000000000.0,clip,False,0,234,0,234,,,,,,,,,
2026-05-18T19:35:18,0,2,2,1,235,74816,235,True,3.141711229946524e-08,,,,,,6149.967670440674,633.60200715065,0.0003082752227783203,0.09565258026123047,1.405606746673584,0.18227672576904297,4.464264392852783,0,41.626235082575064,26640.79045284804,0.27355776378441465,54752520.0,69595608.29084794,0.5,6989852846.004891,100000000000.0,100000000000.0,1000000000.0,clip,False,0,235,0,235,,,,,,,,,
2026-05-18T19:35:24,0,2,2,1,236,74816,236,True,3.155080213903743e-08,,,,,,6150.579452514648,633.60200715065,0.0003368854522705078,0.09329986572265625,1.4083120822906494,0.17955923080444336,4.467050313949585,0,41.62209462969136,26638.140563002475,0.27355776378441465,54630644.0,69296309.00503097,0.5,6959560829.084794,100000000000.0,100000000000.0,1000000000.0,clip,False,0,236,0,236,,,,,,,,,
2026-05-18T19:35:30,0,2,2,1,237,74816,237,True,3.1684491978609625e-08,,,,,,6152.363061904907,633.60200715065,0.0003097057342529297,0.09391951560974121,1.4089760780334473,0.18021273612976074,4.466750860214233,0,41.61002811832382,26630.417995727243,0.27355776378441465,54518588.0,69000754.58493036,0.5,6929630900.503098,100000000000.0,100000000000.0,1000000000.0,clip,False,0,237,0,237,,,,,,,,,
2026-05-18T19:35:36,0,2,2,1,238,74816,238,True,3.1818181818181816e-08,,,,,,6145.515918731689,633.60200715065,0.00028896331787109375,0.09281444549560547,1.4057111740112305,0.18054676055908203,4.464152097702026,0,41.65638872071025,26660.088781254555,0.27355776378441465,54150824.0,68703755.97323176,0.5,6900075458.493036,100000000000.0,100000000000.0,1000000000.0,clip,False,0,238,0,238,,,,,,,,,
2026-05-18T19:35:42,0,2,2,1,239,74816,239,True,3.195187165775401e-08,,,,,,6150.093555450439,633.60200715065,0.0003056526184082031,0.09532618522644043,1.4068987369537354,0.18540596961975098,4.460113286972046,0,41.62538304366498,26640.24514794559,0.27355776378441465,53159048.0,68392861.81376714,0.5,6870375597.323176,100000000000.0,100000000000.0,1000000000.0,clip,False,0,239,0,239,,,,,,,,,
2026-05-18T19:35:49,0,2,2,1,240,74816,240,True,3.20855614973262e-08,,,,,,6149.885892868042,633.60200715065,0.00031757354736328125,0.09270191192626953,1.4092683792114258,0.1784498691558838,4.46708083152771,0,41.62678860381467,26641.144706441388,0.27355776378441465,54011444.0,68105233.45749179,0.5,6839286181.376714,100000000000.0,100000000000.0,1000000000.0,clip,False,0,240,0,240,,,,,,,,,
2026-05-18T19:35:55,0,2,2,1,241,74816,241,True,3.221925133689839e-08,489.7228698730469,166.67286682128906,0.7197154760360718,320.3504638671875,1.979832649230957,6150.277853012085,633.60200715065,0.00029754638671875,0.09394264221191406,1.406022071838379,0.17802047729492188,4.467653751373291,0,41.6241357087021,26639.44685356934,0.27355776378441465,53774364.0,67818616.06834194,0.5,6810523345.749179,100000000000.0,100000000000.0,1000000000.0,clip,False,0,241,0,241,522.3448893229166,476.903076171875,592.1480712890625,6151.06640625,6155.68701171875,768.8004150390625,0.0,998.8511962890625,639264.8125
2026-05-18T19:36:01,0,2,2,1,242,74816,242,True,3.235294117647059e-08,,,,,,6158.857107162476,633.60200715065,0.00028133392333984375,0.09283804893493652,1.3913142681121826,0.1811666488647461,4.462092876434326,0,41.566153516093664,26602.338250299945,0.27355776378441465,54142976.0,67545103.2669751,0.5,6781861606.834194,100000000000.0,100000000000.0,1000000000.0,clip,False,0,242,0,242,,,,,,,,,
2026-05-18T19:36:07,0,2,2,1,243,74816,243,True,3.248663101604278e-08,,,,,,6149.62100982666,633.60200715065,0.0003075599670410156,0.09272003173828125,1.4097256660461426,0.17966938018798828,4.465331554412842,0,41.62858159729357,26642.292222267883,0.27355776378441465,53577656.0,67265754.3216356,0.5,6754510326.697511,100000000000.0,100000000000.0,1000000000.0,clip,False,0,243,0,243,,,,,,,,,
2026-05-18T19:36:13,0,2,2,1,244,74816,244,True,3.262032085561497e-08,,,,,,6150.024175643921,633.60200715065,0.00030875205993652344,0.09225845336914062,1.4096260070800781,0.1791517734527588,4.466706037521362,0,41.625852628977064,26640.545682545322,0.27355776378441465,53046752.0,66981374.27520289,0.5,6726575432.163561,100000000000.0,100000000000.0,1000000000.0,clip,False,0,244,0,244,,,,,,,,,
2026-05-18T19:36:19,0,2,2,1,245,74816,245,True,3.2754010695187164e-08,,,,,,6149.750232696533,633.60200715065,0.00030231475830078125,0.09351873397827148,1.4091298580169678,0.18436646461486816,4.460411071777344,0,41.62770686830797,26641.7323957171,0.27355776378441465,50884968.0,66659446.14969883,0.5,6698137427.520289,100000000000.0,100000000000.0,1000000000.0,clip,False,0,245,0,245,,,,,,,,,
2026-05-18T19:36:26,0,2,2,1,246,74816,246,True,3.2887700534759355e-08,,,,,,6150.402069091797,633.60200715065,0.0002930164337158203,0.09352612495422363,1.4093568325042725,0.1785421371459961,4.466656446456909,0,41.62329505033521,26638.908832214533,0.27355776378441465,51313892.0,66352535.066704854,0.5,6665944614.969883,100000000000.0,100000000000.0,1000000000.0,clip,False,0,246,0,246,,,,,,,,,
2026-05-18T19:36:32,0,2,2,1,247,74816,247,True,3.302139037433155e-08,,,,,,6150.390863418579,633.60200715065,0.0003199577331542969,0.0948936939239502,1.4074130058288574,0.1777961254119873,4.4678709506988525,0,41.62337088568501,26638.957366838407,0.27355776378441465,51964176.0,66064767.88537076,0.5,6635253506.6704855,100000000000.0,100000000000.0,1000000000.0,clip,False,0,247,0,247,,,,,,,,,
2026-05-18T19:36:38,0,2,2,1,248,74816,248,True,3.3155080213903745e-08,,,,,,6152.894735336304,633.60200715065,0.00030303001403808594,0.09224653244018555,1.4097821712493896,0.18227553367614746,4.4664106369018555,0,41.606432583639446,26628.116853529245,0.27355776378441465,50410068.0,65751673.88766334,0.5,6606476788.537076,100000000000.0,100000000000.0,1000000000.0,clip,False,0,248,0,248,,,,,,,,,
2026-05-18T19:36:44,0,2,2,1,249,74816,249,True,3.328877005347593e-08,,,,,,6147.1967697143555,633.60200715065,0.0002994537353515625,0.09417128562927246,1.405212163925171,0.17835736274719238,4.467118978500366,0,41.64499845868699,26652.799013559677,0.27355776378441465,49474644.0,65426133.28991008,0.5,6575167388.766335,100000000000.0,100000000000.0,1000000000.0,clip,False,0,249,0,249,,,,,,,,,
2026-05-18T19:36:50,0,2,2,1,250,74816,250,True,3.342245989304813e-08,,,,,,6150.250434875488,633.60200715065,0.00031113624572753906,0.0939631462097168,1.407947301864624,0.17855048179626465,4.467500686645508,0,41.62432127126588,26639.56561361016,0.27355776378441465,49363432.0,65104879.26411188,0.5,6542613328.991008,100000000000.0,100000000000.0,1000000000.0,clip,False,0,250,0,250,,,,,,,,,
2026-05-18T19:36:56,0,2,2,1,251,74816,251,True,3.355614973262032e-08,525.9059448242188,195.39430236816406,0.7186939120292664,327.7778625488281,2.015069007873535,6151.422023773193,633.60200715065,0.0003058910369873047,0.09372830390930176,1.4086720943450928,0.18047142028808594,4.466557025909424,0,41.61639357706973,26634.49188932463,0.27355776378441465,48146352.0,64765708.71882964,0.5,6510487926.411188,100000000000.0,100000000000.0,1000000000.0,clip,False,0,251,0,251,520.3386637369791,446.2673034667969,589.9898071289062,6150.311197916667,6153.888671875,768.8004150390625,0.0,998.9739379882812,639343.3125
2026-05-18T19:37:02,0,2,2,1,252,74816,252,True,3.368983957219251e-08,,,,,,6164.855003356934,633.60200715065,0.0003039836883544922,0.09489798545837402,1.3897817134857178,0.18369674682617188,4.4624292850494385,0,41.52571307201888,26576.456366092083,0.27355776378441465,49608352.0,64462561.58445305,0.5,6476570871.882964,100000000000.0,100000000000.0,1000000000.0,clip,False,0,252,0,252,,,,,,,,,
2026-05-18T19:37:09,0,2,2,1,253,74816,253,True,3.38235294117647e-08,,,,,,6146.542549133301,633.60200715065,0.00032448768615722656,0.0969703197479248,1.4047822952270508,0.17947125434875488,4.462719917297363,0,41.64943103437843,26655.635862002197,0.27355776378441465,47146624.0,64116242.832763985,0.5,6446256158.445305,100000000000.0,100000000000.0,1000000000.0,clip,False,0,253,0,253,,,,,,,,,
2026-05-18T19:37:15,0,2,2,1,254,74816,254,True,3.3957219251336895e-08,,,,,,6150.256156921387,633.60200715065,0.0003123283386230469,0.09402203559875488,1.4080612659454346,0.17839860916137695,4.467473030090332,0,41.624282545029,26639.540828818557,0.27355776378441465,49612916.0,63826176.29610871,0.5,6411624283.276399,100000000000.0,100000000000.0,1000000000.0,clip,False,0,254,0,254,,,,,,,,,
2026-05-18T19:37:21,0,2,2,1,255,74816,255,True,3.4090909090909086e-08,,,,,,6149.849414825439,633.60200715065,0.000293731689453125,0.09473562240600586,1.4078586101531982,0.1765737533569336,4.46847677230835,0,41.627035514538115,26641.302729304392,0.27355776378441465,49165924.0,63532971.25018654,0.5,6382617629.61087,100000000000.0,100000000000.0,1000000000.0,clip,False,0,255,0,255,,,,,,,,,
2026-05-18T19:37:27,0,2,2,1,256,74816,256,True,3.4224598930481285e-08,,,,,,6149.656772613525,633.60200715065,0.0003077983856201172,0.09300661087036133,1.4085474014282227,0.17714881896972656,4.468696355819702,0,41.628339509946876,26642.137286366,0.27355776378441465,46894376.0,63200199.34518281,0.5,6353297125.018654,100000000000.0,100000000000.0,1000000000.0,clip,False,0,256,0,256,,,,,,,,,
2026-05-18T19:37:33,0,2,2,1,257,74816,257,True,3.4358288770053476e-08,,,,,,6149.99794960022,633.60200715065,0.0003161430358886719,0.09270858764648438,1.4095392227172852,0.17682838439941406,4.468372821807861,0,41.62603013821188,26640.6592884556,0.27355776378441465,48409764.0,62904390.638279155,0.5,6320019934.518281,100000000000.0,100000000000.0,1000000000.0,clip,False,0,257,0,257,,,,,,,,,
2026-05-18T19:37:39,0,2,2,1,258,74816,258,True,3.449197860962567e-08,,,,,,6150.2790451049805,633.60200715065,0.00030517578125,0.0938262939453125,1.4082067012786865,0.18126845359802246,4.46451997756958,0,41.62412764080207,26639.441690113326,0.27355776378441465,48239144.0,62611085.705513574,0.5,6290439063.827915,100000000000.0,100000000000.0,1000000000.0,clip,False,0,258,0,258,,,,,,,,,
2026-05-18T19:37:45,0,2,2,1,259,74816,259,True,3.462566844919786e-08,,,,,,6150.175094604492,633.60200715065,0.00030493736267089844,0.09420347213745117,1.4088122844696045,0.17647075653076172,4.468348741531372,0,41.6248311734388,26639.891951000835,0.27355776378441465,45013156.0,62259127.1114033,0.5,6261108570.551357,100000000000.0,100000000000.0,1000000000.0,clip,False,0,259,0,259,,,,,,,,,
2026-05-18T19:37:52,0,2,2,1,260,74816,260,True,3.475935828877005e-08,,,,,,6149.702548980713,633.60200715065,0.0003180503845214844,0.09430956840515137,1.4078304767608643,0.1776413917541504,4.467703104019165,0,41.62802964225171,26641.938971041094,0.27355776378441465,45055440.0,61915053.36917524,0.5,6225912711.14033,100000000000.0,100000000000.0,1000000000.0,clip,False,0,260,0,260,,,,,,,,,
2026-05-18T19:37:58,0,2,2,1,261,74816,261,True,3.489304812834225e-08,521.0760498046875,195.85995483398438,0.720859706401825,322.48651123046875,2.0087060928344727,6151.2451171875,633.60200715065,0.0003066062927246094,0.09416580200195312,1.409013271331787,0.17687630653381348,4.468975305557251,0,41.61759044273779,26635.257883352187,0.27355776378441465,46434240.0,61605437.10179174,0.5,6191505336.917524,100000000000.0,100000000000.0,1000000000.0,clip,False,0,261,0,261,522.0421956380209,457.58673095703125,594.9293823242188,6150.477864583333,6155.04296875,768.8004150390625,0.0,998.94677734375,639326.0
2026-05-18T19:38:04,0,2,2,1,262,74816,262,True,3.5026737967914434e-08,,,,,,6156.158447265625,633.60200715065,0.0003070831298828125,0.09331130981445312,1.3901586532592773,0.17729783058166504,4.4670844078063965,0,41.5843747676292,26613.999851282686,0.27355776378441465,46431572.0,61301959.7997559,0.5,6160543710.179174,100000000000.0,100000000000.0,1000000000.0,clip,False,0,262,0,262,,,,,,,,,
2026-05-18T19:38:10,0,2,2,1,263,74816,263,True,3.516042780748663e-08,,,,,,6150.129079818726,633.60200715065,0.00030040740966796875,0.09463906288146973,1.4083733558654785,0.17697501182556152,4.467942237854004,0,41.62514260717688,26640.091268593205,0.27355776378441465,44481168.0,60965543.96376078,0.5,6130195979.97559,100000000000.0,100000000000.0,1000000000.0,clip,False,0,263,0,263,,,,,,,,,
2026-05-18T19:38:16,0,2,2,1,264,74816,264,True,3.529411764705882e-08,,,,,,6150.033950805664,633.60200715065,0.00030732154846191406,0.09309267997741699,1.4095139503479004,0.17943310737609863,4.465714693069458,0,41.62578646683139,26640.50333877209,0.27355776378441465,45840460.0,60663042.28448556,0.5,6096554396.376078,100000000000.0,100000000000.0,1000000000.0,clip,False,0,264,0,264,,,,,,,,,
2026-05-18T19:38:22,0,2,2,1,265,74816,265,True,3.5427807486631015e-08,,,,,,6150.748014450073,633.60200715065,0.0003070831298828125,0.09443402290344238,1.4086976051330566,0.17738103866577148,4.467882394790649,0,41.620953971545276,26637.410541788977,0.27355776378441465,45073684.0,60351255.11879585,0.5,6066304228.448556,100000000000.0,100000000000.0,1000000000.0,clip,False,0,265,0,265,,,,,,,,,
2026-05-18T19:38:29,0,2,2,1,266,74816,266,True,3.5561497326203214e-08,,,,,,6149.689435958862,633.60200715065,0.0002963542938232422,0.09323382377624512,1.4090545177459717,0.17713356018066406,4.467911005020142,0,41.62811840596376,26641.995779816807,0.27355776378441465,43446788.0,60013165.77641993,0.5,6035125511.879585,100000000000.0,100000000000.0,1000000000.0,clip,False,0,266,0,266,,,,,,,,,
2026-05-18T19:38:35,0,2,2,1,267,74816,267,True,3.56951871657754e-08,,,,,,6151.122331619263,633.60200715065,0.0003101825714111328,0.09456849098205566,1.4087677001953125,0.17515230178833008,4.470354080200195,0,41.61842119186221,26635.78956279181,0.27355776378441465,43656048.0,59686023.42089153,0.5,6001316577.641993,100000000000.0,100000000000.0,1000000000.0,clip,False,0,267,0,267,,,,,,,,,
2026-05-18T19:38:41,0,2,2,1,268,74816,268,True,3.58288770053476e-08,,,,,,6148.764133453369,633.60200715065,0.0003142356872558594,0.09365010261535645,1.408538579940796,0.1765451431274414,4.467894077301025,0,41.63438285218807,26646.005025400365,0.27355776378441465,43647636.0,59365255.6724737,0.5,5968602342.089153,100000000000.0,100000000000.0,1000000000.0,clip,False,0,268,0,268,,,,,,,,,
2026-05-18T19:38:47,0,2,2,1,269,74816,269,True,3.596256684491978e-08,,,,,,6150.290727615356,633.60200715065,0.00031876564025878906,0.09398603439331055,1.409982442855835,0.1770315170288086,4.466980695724487,0,41.62404857554734,26639.391088350298,0.27355776378441465,44574280.0,59069436.15902422,0.5,5936525567.24737,100000000000.0,100000000000.0,1000000000.0,clip,False,0,269,0,269,,,,,,,,,
2026-05-18T19:38:53,0,2,2,1,270,74816,270,True,3.609625668449198e-08,,,,,,6151.915550231934,633.60200715065,0.00033783912658691406,0.09645247459411621,1.405066967010498,0.1822218894958496,4.465526580810547,0,41.61305497607953,26632.3551846909,0.27355776378441465,42487884.0,58737805.115843736,0.5,5906943615.902422,100000000000.0,100000000000.0,1000000000.0,clip,False,0,270,0,270,,,,,,,,,
2026-05-18T19:38:59,0,2,2,1,271,74816,271,True,3.6229946524064165e-08,564.7507934570312,229.01309204101562,0.7207633852958679,333.03521728515625,1.981741189956665,6149.242639541626,633.60200715065,0.0003192424774169922,0.09611940383911133,1.40444016456604,0.17885303497314453,4.467392683029175,0,41.63114305391642,26643.931554506504,0.27355776378441465,40931880.0,58381686.61352686,0.5,5873780511.584373,100000000000.0,100000000000.0,1000000000.0,clip,False,0,271,0,271,514.5491943359375,445.29833984375,595.7996215820312,6151.416015625,6158.5341796875,768.8004150390625,0.0,998.7945556640625,639228.5625
2026-05-18T19:39:05,0,2,2,1,272,74816,272,True,3.636363636363636e-08,,,,,,6160.282611846924,633.60200715065,0.00028514862060546875,0.09394240379333496,1.3901751041412354,0.17850494384765625,4.467005014419556,0,41.55653500501469,26596.1824032094,0.27355776378441465,42326600.0,58060584.88125632,0.5,5838168661.352686,100000000000.0,100000000000.0,1000000000.0,clip,False,0,272,0,272,,,,,,,,,
2026-05-18T19:39:12,0,2,2,1,273,74816,273,True,3.6497326203208555e-08,,,,,,6161.705732345581,633.60200715065,0.0003123283386230469,0.0939033031463623,1.4084515571594238,0.17560410499572754,4.481283187866211,0,41.54693702040008,26590.03969305605,0.27355776378441465,40588204.0,57711137.26363119,0.5,5806058488.125632,100000000000.0,100000000000.0,1000000000.0,clip,False,0,273,0,273,,,,,,,,,
2026-05-18T19:39:18,0,2,2,1,274,74816,274,True,3.6631016042780746e-08,,,,,,6149.4715213775635,633.60200715065,0.00032210350036621094,0.09189152717590332,1.410644292831421,0.1773066520690918,4.467274904251099,0,41.62959355288673,26642.93987384751,0.27355776378441465,41725160.0,57391417.71835857,0.5,5771113726.363119,100000000000.0,100000000000.0,1000000000.0,clip,False,0,274,0,274,,,,,,,,,
2026-05-18T19:39:24,0,2,2,1,275,74816,275,True,3.676470588235294e-08,,,,,,6150.285005569458,633.60200715065,0.0003020763397216797,0.09467029571533203,1.4070539474487305,0.17864727973937988,4.467699289321899,0,41.624087301348865,26639.415872863272,0.27355776378441465,41067544.0,57064940.2439914,0.5,5739141771.835856,100000000000.0,100000000000.0,1000000000.0,clip,False,0,275,0,275,,,,,,,,,
2026-05-18T19:39:30,0,2,2,1,276,74816,276,True,3.689839572192513e-08,,,,,,6150.2134799957275,633.60200715065,0.00030922889709472656,0.09327459335327148,1.4089488983154297,0.1761913299560547,4.469542741775513,0,41.62457137994791,26639.725683166664,0.27355776378441465,39069532.0,56705032.07911157,0.5,5706494024.399139,100000000000.0,100000000000.0,1000000000.0,clip,False,0,276,0,276,,,,,,,,,
2026-05-18T19:39:36,0,2,2,1,277,74816,277,True,3.703208556149733e-08,,,,,,6151.531219482422,633.60200715065,0.0003027915954589844,0.09321737289428711,1.409642219543457,0.17525196075439453,4.471050500869751,0,41.615654845288965,26634.01910098494,0.27355776378441465,39422272.0,56359376.87752933,0.5,5670503207.911157,100000000000.0,100000000000.0,1000000000.0,clip,False,0,277,0,277,,,,,,,,,
2026-05-18T19:39:42,0,2,2,1,278,74816,278,True,3.716577540106952e-08,,,,,,6150.713682174683,633.60200715065,0.00030350685119628906,0.09536051750183105,1.4065163135528564,0.17993688583374023,4.466533899307251,0,41.62118629288677,26637.55922744753,0.27355776378441465,37076028.0,55973709.89997874,0.5,5635937687.7529335,100000000000.0,100000000000.0,1000000000.0,clip,False,0,278,0,278,,,,,,,,,
2026-05-18T19:39:49,0,2,2,1,279,74816,279,True,3.729946524064171e-08,,,,,,6150.213718414307,633.60200715065,0.0003037452697753906,0.0942385196685791,1.4085233211517334,0.17348766326904297,4.471695899963379,0,41.62456976633388,26639.72465045368,0.27355776378441465,37477984.0,55603795.38197917,0.5,5597370989.997874,100000000000.0,100000000000.0,1000000000.0,clip,False,0,279,0,279,,,,,,,,,
2026-05-18T19:39:55,0,2,2,1,280,74816,280,True,3.74331550802139e-08,,,,,,6150.675535202026,633.60200715065,0.0003116130828857422,0.09137368202209473,1.4111387729644775,0.17296957969665527,4.472976207733154,0,41.6214444307525,26637.724435681597,0.27355776378441465,37410640.0,55239932.27433958,0.5,5560379538.197917,100000000000.0,100000000000.0,1000000000.0,clip,False,0,280,0,280,,,,,,,,,
2026-05-18T19:40:01,0,2,2,1,281,74816,281,True,3.7566844919786094e-08,558.8810424804688,207.0137481689453,0.7208541631698608,349.16778564453125,1.978641152381897,6149.860620498657,633.60200715065,0.00030803680419921875,0.09276700019836426,1.4101383686065674,0.1757652759552002,4.468806743621826,0,41.62695966583425,26641.25418613392,0.27355776378441465,37701216.0,54889157.948852785,0.5,5523993227.433958,100000000000.0,100000000000.0,1000000000.0,clip,False,0,281,0,281,508.4671223958333,444.277587890625,559.5413208007812,6150.013020833333,6155.62646484375,768.8004150390625,0.0,999.0224609375,639374.375
2026-05-18T19:40:07,0,2,2,1,282,74816,282,True,3.7700534759358286e-08,,,,,,6477.372169494629,633.60200715065,0.00028324127197265625,0.09237957000732422,1.3915245532989502,0.1744229793548584,4.789377450942993,0,39.52220025362127,25294.208162317616,0.27355776378441465,38821152.0,54567797.82987573,0.5,5488915794.885279,100000000000.0,100000000000.0,1000000000.0,clip,False,0,282,0,282,,,,,,,,,
2026-05-18T19:40:13,0,2,2,1,283,74816,283,True,3.783422459893048e-08,,,,,,6154.960632324219,633.60200715065,0.0003046989440917969,0.09296083450317383,1.409449577331543,0.17525339126586914,4.4751245975494385,0,41.592467489646644,26619.17919337385,0.27355776378441465,36798984.0,54212421.553278215,0.5,5456779782.987573,100000000000.0,100000000000.0,1000000000.0,clip,False,0,283,0,283,,,,,,,,,
2026-05-18T19:40:20,0,2,2,1,284,74816,284,True,3.796791443850267e-08,,,,,,6150.432109832764,633.60200715065,0.00030732154846191406,0.09371113777160645,1.4090244770050049,0.18081259727478027,4.464694976806641,0,41.62309174842041,26638.77871898906,0.27355776378441465,37796180.0,53884096.72221265,0.5,5421242155.327822,100000000000.0,100000000000.0,1000000000.0,clip,False,0,284,0,284,,,,,,,,,
2026-05-18T19:40:26,0,2,2,1,285,74816,285,True,3.810160427807487e-08,,,,,,6149.95551109314,633.60200715065,0.00030803680419921875,0.0980379581451416,1.4041526317596436,0.17624974250793457,4.469306230545044,0,41.62631738363529,26640.843125526586,0.27355776378441465,36603848.0,53538491.747768395,0.5,5388409672.221265,100000000000.0,100000000000.0,1000000000.0,clip,False,0,285,0,285,,,,,,,,,
2026-05-18T19:40:32,0,2,2,1,286,74816,286,True,3.823529411764706e-08,,,,,,6150.369882583618,633.60200715065,0.000316619873046875,0.09320950508117676,1.4092061519622803,0.17692923545837402,4.468724966049194,0,41.62351287601921,26639.048240652297,0.27355776378441465,34099524.0,53149712.39281303,0.5,5353849174.776839,100000000000.0,100000000000.0,1000000000.0,clip,False,0,286,0,286,,,,,,,,,
2026-05-18T19:40:38,0,2,2,1,287,74816,287,True,3.836898395721925e-08,,,,,,6150.873422622681,633.60200715065,0.0003349781036376953,0.09504055976867676,1.406517744064331,0.17966365814208984,4.466761350631714,0,41.620105375350704,26636.86744022445,0.27355776378441465,34955144.0,52785821.02495677,0.5,5314971239.281302,100000000000.0,100000000000.0,1000000000.0,clip,False,0,287,0,287,,,,,,,,,
2026-05-18T19:40:44,0,2,2,1,288,74816,288,True,3.850267379679144e-08,,,,,,6148.667097091675,633.60200715065,0.00029206275939941406,0.09716677665710449,1.4042563438415527,0.17438864707946777,4.4706621170043945,0,41.63503991313633,26646.425544407255,0.27355776378441465,34880940.0,52427723.40445763,0.5,5278582102.495677,100000000000.0,100000000000.0,1000000000.0,clip,False,0,288,0,288,,,,,,,,,
2026-05-18T19:40:50,0,2,2,1,289,74816,289,True,3.8636363636363633e-08,,,,,,6150.524616241455,633.60200715065,0.00030922889709472656,0.09333562850952148,1.4098525047302246,0.17458176612854004,4.4702842235565186,0,41.622465720077045,26638.37806084931,0.27355776378441465,35866968.0,52096508.29636847,0.5,5242772340.445763,100000000000.0,100000000000.0,1000000000.0,clip,False,0,289,0,289,,,,,,,,,
2026-05-18T19:40:57,0,2,2,1,290,74816,290,True,3.877005347593583e-08,,,,,,6150.161266326904,633.60200715065,0.0002930164337158203,0.09287333488464355,1.4092721939086914,0.1756603717803955,4.469945669174194,0,41.62492476443505,26639.951849238434,0.27355776378441465,34597748.0,51746533.0904411,0.5,5209650829.6368475,100000000000.0,100000000000.0,1000000000.0,clip,False,0,290,0,290,,,,,,,,,
2026-05-18T19:41:03,0,2,2,1,291,74816,291,True,3.8903743315508017e-08,526.5808715820312,189.9894256591797,0.7204606533050537,333.9171142578125,1.9538817405700684,6150.597095489502,633.60200715065,0.0002865791320800781,0.09204459190368652,1.4102489948272705,0.17389798164367676,4.472172975540161,0,41.62197523680032,26638.064151552204,0.27355776378441465,34447972.0,51400561.86863227,0.5,5174653309.04411,100000000000.0,100000000000.0,1000000000.0,clip,False,0,291,0,291,502.3833821614583,429.375732421875,578.0230102539062,6152.766276041667,6167.822265625,768.8004150390625,0.0,998.5755004882812,639088.3125
2026-05-18T19:41:09,0,2,2,1,292,74816,292,True,3.9037433155080215e-08,,,,,,6166.767835617065,633.60200715065,0.0002808570861816406,0.09203147888183594,1.3920094966888428,0.17759251594543457,4.466104745864868,0,41.512832463293776,26568.212776508015,0.27355776378441465,32162550.0,51015801.63125963,0.5,5140056186.863227,100000000000.0,100000000000.0,1000000000.0,clip,False,0,292,0,292,,,,,,,,,
2026-05-18T19:41:15,0,2,2,1,293,74816,293,True,3.91711229946524e-08,,,,,,6152.312278747559,633.60200715065,0.00030612945556640625,0.09438371658325195,1.407850742340088,0.17514777183532715,4.472582101821899,0,41.61037158083181,26630.63781173236,0.27355776378441465,32273194.0,50640949.47863444,0.5,5101580163.125963,100000000000.0,100000000000.0,1000000000.0,clip,False,0,293,0,293,,,,,,,,,
2026-05-18T19:41:21,0,2,2,1,294,74816,294,True,3.93048128342246e-08,,,,,,6149.927139282227,633.60200715065,0.0003273487091064453,0.09212589263916016,1.4075589179992676,0.17473816871643066,4.473143577575684,0,41.626509420708096,26640.96602925318,0.27355776378441465,32316852.0,50274467.52906175,0.5,5064094947.863444,100000000000.0,100000000000.0,1000000000.0,clip,False,0,294,0,294,,,,,,,,,
2026-05-18T19:41:27,0,2,2,1,295,74816,295,True,3.943850267379678e-08,,,,,,6147.249460220337,633.60200715065,0.00032401084899902344,0.09569334983825684,1.4042222499847412,0.17713284492492676,4.467914819717407,0,41.644641502937176,26652.570561879795,0.27355776378441465,31991888.0,49908815.93848051,0.5,5027446752.906175,100000000000.0,100000000000.0,1000000000.0,clip,False,0,295,0,295,,,,,,,,,
2026-05-18T19:41:33,0,2,2,1,296,74816,296,True,3.957219251336898e-08,,,,,,6149.855613708496,633.60200715065,0.00030231475830078125,0.09192776679992676,1.4108827114105225,0.17793774604797363,4.466923952102661,0,41.6269935556465,26641.27587561376,0.27355776378441465,30834120.0,49527322.0197109,0.5,4990881593.848051,100000000000.0,100000000000.0,1000000000.0,clip,False,0,296,0,296,,,,,,,,,
2026-05-18T19:41:40,0,2,2,1,297,74816,297,True,3.970588235294118e-08,,,,,,6149.526596069336,633.60200715065,0.00031256675720214844,0.09437394142150879,1.4087023735046387,0.18162250518798828,4.462392807006836,0,41.62922072141789,26642.701261707447,0.27355776378441465,31128736.0,49159350.29931668,0.5,4952732201.97109,100000000000.0,100000000000.0,1000000000.0,clip,False,0,297,0,297,,,,,,,,,
2026-05-18T19:41:46,0,2,2,1,298,74816,298,True,3.9839572192513364e-08,,,,,,6149.957656860352,633.60200715065,0.0002949237823486328,0.09427070617675781,1.4077081680297852,0.176011323928833,4.469723701477051,0,41.62630285989513,26640.833830332882,0.27355776378441465,30111360.0,48778390.49333035,0.5,4915935029.931668,100000000000.0,100000000000.0,1000000000.0,clip,False,0,298,0,298,,,,,,,,,
2026-05-18T19:41:52,0,2,2,1,299,74816,299,True,3.997326203208556e-08,,,,,,6149.882793426514,633.60200715065,0.0003032684326171875,0.09189295768737793,1.4107754230499268,0.17552399635314941,4.469506025314331,0,41.62680958304332,26641.15813314772,0.27355776378441465,28917670.0,48381176.08346374,0.5,4877839049.333035,100000000000.0,100000000000.0,1000000000.0,clip,False,0,299,0,299,,,,,,,,,
2026-05-18T19:41:58,0,2,2,1,300,74816,300,True,4.010695187165775e-08,,,,,,6149.634122848511,633.60200715065,0.0003120899200439453,0.09288859367370605,1.4091808795928955,0.17510128021240234,4.470191955566406,0,41.62849283160618,26642.235412227958,0.27355776378441465,29107500.0,47995702.56179447,0.5,4838117608.3463745,100000000000.0,100000000000.0,1000000000.0,clip,False,0,300,0,300,,,,,,,,,
2026-05-18T19:42:04,0,2,2,1,301,74816,301,True,4.0240641711229946e-08,488.5606689453125,178.79031372070312,0.7193390130996704,307.0367736816406,2.014214515686035,6149.908781051636,633.60200715065,0.0003058910369873047,0.09384441375732422,1.408811092376709,0.17488622665405273,4.470073699951172,0,41.62663368093469,26641.0455557982,0.27355740457545685,28665978.0,47609108.07055858,0.5,4799570256.179447,100000000000.0,100000000000.0,1000000000.0,clip,False,0,301,0,301,488.4320475260417,441.6407775878906,543.6531372070312,6150.780598958333,6178.2734375,768.8004150390625,0.0,998.8985595703125,639295.0625
2026-05-18T19:42:10,0,2,2,1,302,74816,302,True,4.037433155080214e-08,,,,,,6177.327871322632,633.60200715065,0.0002868175506591797,0.09409952163696289,1.389819622039795,0.1762678623199463,4.468596696853638,0,41.44186699049013,26522.79487391368,0.27355740457545685,27995016.0,47216826.229147404,0.5,4760910807.055858,100000000000.0,100000000000.0,1000000000.0,clip,False,0,302,0,302,,,,,,,,,
2026-05-18T19:42:16,0,2,2,1,303,74816,303,True,4.050802139037433e-08,,,,,,6145.111322402954,633.60200715065,0.0003459453582763672,0.09537243843078613,1.4061925411224365,0.17556357383728027,4.465246200561523,0,41.659131392251986,26661.84409104127,0.27355740457545685,28069882.0,46833887.34456445,0.5,4721682622.914741,100000000000.0,100000000000.0,1000000000.0,clip,False,0,303,0,303,,,,,,,,,
2026-05-18T19:42:23,0,2,2,1,304,74816,304,True,4.064171122994652e-08,,,,,,6147.175073623657,633.60200715065,0.00031876564025878906,0.0950016975402832,1.4063284397125244,0.17551875114440918,4.46801233291626,0,41.645145442244946,26652.893083036768,0.27355740457545685,27141168.0,46440032.95767316,0.5,4683388734.456446,100000000000.0,100000000000.0,1000000000.0,clip,False,0,304,0,304,,,,,,,,,
2026-05-18T19:42:29,0,2,2,1,305,74816,305,True,4.077540106951871e-08,,,,,,6151.243209838867,633.60200715065,0.00031185150146484375,0.09536004066467285,1.4074633121490479,0.17894458770751953,4.46704363822937,0,41.617603347324966,26635.26614228798,0.27355740457545685,26645834.0,46044148.9785197,0.5,4644003295.767316,100000000000.0,100000000000.0,1000000000.0,clip,False,0,305,0,305,,,,,,,,,
2026-05-18T19:42:35,0,2,2,1,306,74816,306,True,4.090909090909091e-08,,,,,,6148.977279663086,633.60200715065,0.0003085136413574219,0.0909419059753418,1.410358190536499,0.17664122581481934,4.468597650527954,0,41.63293965106775,26645.08137668336,0.27355740457545685,25877594.0,45640817.87894931,0.5,4604414897.85197,100000000000.0,100000000000.0,1000000000.0,clip,False,0,306,0,306,,,,,,,,,
2026-05-18T19:42:41,0,2,2,1,307,74816,307,True,4.10427807486631e-08,,,,,,6224.423170089722,633.60200715065,0.00031948089599609375,0.6231892108917236,1.0367813110351562,0.17994070053100586,4.382150173187256,0,41.128309082544256,26322.117812828325,0.27355740457545685,25063334.0,45229268.20137032,0.5,4564081787.894931,100000000000.0,100000000000.0,1000000000.0,clip,False,0,307,0,307,,,,,,,,,
2026-05-18T19:42:47,0,2,2,1,308,74816,308,True,4.1176470588235293e-08,,,,,,6147.6593017578125,633.60200715065,0.00030803680419921875,0.09148359298706055,1.4090266227722168,0.17776846885681152,4.467176675796509,0,41.64186520986962,26650.793734316554,0.27355740457545685,26303576.0,44850754.357342914,0.5,4522926820.1370325,100000000000.0,100000000000.0,1000000000.0,clip,False,0,308,0,308,,,,,,,,,
2026-05-18T19:42:53,0,2,2,1,309,74816,309,True,4.1310160427807485e-08,,,,,,6152.060985565186,633.60200715065,0.0003018379211425781,0.09276962280273438,1.4103739261627197,0.17472505569458008,4.4717652797698975,0,41.6120712393233,26631.72559316691,0.27355740457545685,26563452.0,44485008.31019606,0.5,4485075435.734291,100000000000.0,100000000000.0,1000000000.0,clip,False,0,309,0,309,,,,,,,,,
2026-05-18T19:43:00,0,2,2,1,310,74816,310,True,4.1443850267379677e-08,,,,,,6151.039838790894,633.60200715065,0.0003247261047363281,0.09232187271118164,1.407670021057129,0.17651700973510742,4.4722020626068115,0,41.618979344852,26636.146780705283,0.27355740457545685,24101588.0,44077339.90399213,0.5,4448500831.019606,100000000000.0,100000000000.0,1000000000.0,clip,False,0,310,0,310,,,,,,,,,
2026-05-18T19:43:06,0,2,2,1,311,74816,311,True,4.157754010695187e-08,474.4319763183594,182.2687530517578,0.7183517217636108,289.4489440917969,1.9959404468536377,6149.5795249938965,633.60200715065,0.0003085136413574219,0.09248018264770508,1.4100053310394287,0.1782538890838623,4.4665656089782715,0,41.62886242214326,26642.471950171686,0.27355740457545685,25008156.0,43695956.22591229,0.5,4407733990.399213,100000000000.0,100000000000.0,1000000000.0,clip,False,0,311,0,311,477.830322265625,392.5810241699219,556.1157836914062,6151.244140625,6153.65380859375,768.8004150390625,0.0,998.8223876953125,639246.25
2026-05-18T19:43:12,0,2,2,1,312,74816,312,True,4.1711229946524066e-08,,,,,,6158.249616622925,633.60200715065,0.00027561187744140625,0.09203982353210449,1.391798496246338,0.17517518997192383,4.4693968296051025,0,41.570253876845264,26604.96248118097,0.27355740457545685,23462164.0,43291280.38139404,0.5,4369595622.5912285,100000000000.0,100000000000.0,1000000000.0,clip,False,0,312,0,312,,,,,,,,,
2026-05-18T19:43:18,0,2,2,1,313,74816,313,True,4.184491978609625e-08,,,,,,6153.56183052063,633.60200715065,0.0003101825714111328,0.09176135063171387,1.409637451171875,0.17983365058898926,4.469953536987305,0,41.60192211448712,26625.230153271754,0.27355740457545685,21730252.0,42860059.81376616,0.5,4329128038.139404,100000000000.0,100000000000.0,1000000000.0,clip,False,0,313,0,313,,,,,,,,,
2026-05-18T19:43:24,0,2,2,1,314,74816,314,True,4.197860962566845e-08,,,,,,6148.120641708374,633.60200715065,0.00031113624572753906,0.09142541885375977,1.4080300331115723,0.17795181274414062,4.468302249908447,0,41.63874050605251,26648.793923873603,0.27355740457545685,22829742.0,42459453.45749084,0.5,4286005981.376616,100000000000.0,100000000000.0,1000000000.0,clip,False,0,314,0,314,,,,,,,,,
2026-05-18T19:43:30,0,2,2,1,315,74816,315,True,4.2112299465240635e-08,,,,,,6150.44093132019,633.60200715065,0.0003123283386230469,0.09131813049316406,1.4110078811645508,0.17394232749938965,4.472013473510742,0,41.62303204902899,26638.740511378553,0.27355740457545685,22873234.0,42067729.068341024,0.5,4245945345.749084,100000000000.0,100000000000.0,1000000000.0,clip,False,0,315,0,315,,,,,,,,,
2026-05-18T19:43:37,0,2,2,1,316,74816,316,True,4.224598930481283e-08,,,,,,6153.983354568481,633.60200715065,0.00030875205993652344,0.09135556221008301,1.4105243682861328,0.1869947910308838,4.462875843048096,0,41.59907254379481,26623.40642802868,0.27355740457545685,22042778.0,41667230.046974204,0.5,4206772906.8341026,100000000000.0,100000000000.0,1000000000.0,clip,False,0,316,0,316,,,,,,,,,
2026-05-18T19:43:43,0,2,2,1,317,74816,317,True,4.237967914438503e-08,,,,,,6147.163867950439,633.60200715065,0.00029349327087402344,0.09279298782348633,1.4067723751068115,0.17894840240478516,4.46628737449646,0,41.645221357236146,26652.941668631134,0.27355740457545685,21559388.0,41265073.20603472,0.5,4166723004.6974206,100000000000.0,100000000000.0,1000000000.0,clip,False,0,317,0,317,,,,,,,,,
2026-05-18T19:43:49,0,2,2,1,318,74816,318,True,4.2513368983957216e-08,,,,,,6148.703098297119,633.60200715065,0.00030922889709472656,0.09319305419921875,1.406754493713379,0.17843914031982422,4.468101501464844,0,41.6347961362615,26646.269527207358,0.27355740457545685,21297070.0,40865713.141914025,0.5,4126507320.6034718,100000000000.0,100000000000.0,1000000000.0,clip,False,0,318,0,318,,,,,,,,,
2026-05-18T19:43:55,0,2,2,1,319,74816,319,True,4.2647058823529414e-08,,,,,,6150.413751602173,633.60200715065,0.0003077983856201172,0.09258556365966797,1.4100024700164795,0.17873358726501465,4.466408014297485,0,41.62321598824346,26638.858232475814,0.27355740457545685,20877030.0,40465939.479075745,0.5,4086571314.1914024,100000000000.0,100000000000.0,1000000000.0,clip,False,0,319,0,319,,,,,,,,,
2026-05-18T19:44:01,0,2,2,1,320,74816,320,True,4.27807486631016e-08,,,,,,6157.189607620239,633.60200715065,0.00028514862060546875,0.09247779846191406,1.4086706638336182,0.17762231826782227,4.476259469985962,0,41.57741052560249,26609.542736385592,0.27355740457545685,21939292.0,40095406.52949423,0.5,4046593947.9075747,100000000000.0,100000000000.0,1000000000.0,clip,False,0,320,0,320,,,,,,,,,
2026-05-18T19:44:07,0,2,2,1,321,74816,321,True,4.29144385026738e-08,508.1631164550781,203.7422332763672,0.7185730934143066,301.67633056640625,2.025977611541748,6150.503635406494,633.60200715065,0.00031828880310058594,0.09463930130004883,1.4083433151245117,0.17740416526794434,4.467696666717529,0,41.6226077042357,26638.468930710846,0.27355740457545685,19660710.0,39686712.59890435,0.5,4009540652.9494233,100000000000.0,100000000000.0,1000000000.0,clip,False,0,321,0,321,487.7889811197917,429.6623840332031,538.5887451171875,6150.602864583333,6154.76611328125,768.8004150390625,0.0,998.9265747070312,639313.0
2026-05-18T19:44:13,0,2,2,1,322,74816,322,True,4.304812834224598e-08,,,,,,6158.106565475464,633.60200715065,0.0002722740173339844,0.09467267990112305,1.3889687061309814,0.17663860321044922,4.4679577350616455,0,41.57121954258263,26605.580507252882,0.27355740457545685,19473388.0,39282446.10692626,0.5,3968671259.8904347,100000000000.0,100000000000.0,1000000000.0,clip,False,0,322,0,322,,,,,,,,,
2026-05-18T19:44:20,0,2,2,1,323,74816,323,True,4.318181818181818e-08,,,,,,6150.409698486328,633.60200715065,0.0002932548522949219,0.09333944320678711,1.4096362590789795,0.1786360740661621,4.466630697250366,0,41.623243417914736,26638.87578746543,0.27355740457545685,18420130.0,38865199.78478774,0.5,3928244610.692626,100000000000.0,100000000000.0,1000000000.0,clip,False,0,323,0,323,,,,,,,,,
2026-05-18T19:44:26,0,2,2,1,324,74816,324,True,4.331550802139037e-08,,,,,,6150.625944137573,633.60200715065,0.0002853870391845703,0.09235048294067383,1.4100408554077148,0.17835283279418945,4.467626333236694,0,41.621780014764944,26637.939209449563,0.27355740457545685,17427232.0,38436440.42909198,0.5,3886519978.4787736,100000000000.0,100000000000.0,1000000000.0,clip,False,0,324,0,324,,,,,,,,,
2026-05-18T19:44:32,0,2,2,1,325,74816,325,True,4.3449197860962564e-08,,,,,,6149.966716766357,633.60200715065,0.00030422210693359375,0.09110617637634277,1.4101934432983398,0.17488360404968262,4.471460819244385,0,41.62624153754842,26640.794584030988,0.27355740457545685,16921604.0,38006143.70051014,0.5,3843644042.9091983,100000000000.0,100000000000.0,1000000000.0,clip,False,0,325,0,325,,,,,,,,,
2026-05-18T19:44:38,0,2,2,1,326,74816,326,True,4.358288770053476e-08,,,,,,6150.177478790283,633.60200715065,0.0002944469451904297,0.0929880142211914,1.4094703197479248,0.17601943016052246,4.46950626373291,0,41.62481503710268,26639.88162374571,0.27355740457545685,18516650.0,37616353.82649993,0.5,3800614370.0510135,100000000000.0,100000000000.0,1000000000.0,clip,False,0,326,0,326,,,,,,,,,
2026-05-18T19:44:44,0,2,2,1,327,74816,327,True,4.371657754010695e-08,,,,,,6149.792194366455,633.60200715065,0.0003037452697753906,0.09730005264282227,1.4050626754760742,0.17375516891479492,4.471428394317627,0,41.627422831377935,26641.55061208188,0.27355740457545685,17368508.0,37211396.90996993,0.5,3761635382.649993,100000000000.0,100000000000.0,1000000000.0,clip,False,0,327,0,327,,,,,,,,,
2026-05-18T19:44:50,0,2,2,1,328,74816,328,True,4.3850267379679145e-08,,,,,,6150.87628364563,633.60200715065,0.0002930164337158203,0.09290027618408203,1.4091572761535645,0.17414379119873047,4.472505569458008,0,41.62008601614542,26636.85505033307,0.27355740457545685,15885966.0,36784888.29177053,0.5,3721139690.9969935,100000000000.0,100000000000.0,1000000000.0,clip,False,0,328,0,328,,,,,,,,,
2026-05-18T19:44:56,0,2,2,1,329,74816,329,True,4.3983957219251337e-08,,,,,,6150.81524848938,633.60200715065,0.00031566619873046875,0.0952916145324707,1.4050719738006592,0.17510533332824707,4.472952604293823,0,41.620499016430834,26637.11937051573,0.27355740457545685,16466709.0,36378524.70593512,0.5,3678488829.1770535,100000000000.0,100000000000.0,1000000000.0,clip,False,0,329,0,329,,,,,,,,,
2026-05-18T19:45:03,0,2,2,1,330,74816,330,True,4.411764705882353e-08,,,,,,6148.561954498291,633.60200715065,0.000293731689453125,0.09580683708190918,1.404235601425171,0.1766064167022705,4.4697020053863525,0,41.63575188710757,26646.88120774884,0.27355740457545685,14547720.0,35941908.61181641,0.5,3637852470.593512,100000000000.0,100000000000.0,1000000000.0,clip,False,0,330,0,330,,,,,,,,,
2026-05-18T19:45:09,0,2,2,1,331,74816,331,True,4.425133689839572e-08,498.22003173828125,204.43690490722656,0.7201627492904663,291.0795593261719,1.983412742614746,6150.656938552856,633.60200715065,0.00030612945556640625,0.09309124946594238,1.4101190567016602,0.1769108772277832,4.468365430831909,0,41.62157027412301,26637.804975438725,0.27355740457545685,14647137.0,35516013.179580085,0.5,3594190861.1816416,100000000000.0,100000000000.0,1000000000.0,clip,False,0,331,0,331,493.268310546875,421.0826416015625,552.0288696289062,6150.5,6155.63134765625,768.8004150390625,0.0,998.943115234375,639323.5625
2026-05-18T19:45:15,0,2,2,1,332,74816,332,True,4.438502673796791e-08,,,,,,6159.146308898926,633.60200715065,0.00029349327087402344,0.09395074844360352,1.3926527500152588,0.1765303611755371,4.468206405639648,0,41.5642017839588,26601.08914173363,0.27355740457545685,16609327.0,35137879.45598848,0.5,3551601317.9580083,100000000000.0,100000000000.0,1000000000.0,clip,False,0,332,0,332,,,,,,,,,
2026-05-18T19:45:21,0,2,2,1,333,74816,333,True,4.45187165775401e-08,,,,,,6149.551153182983,633.60200715065,0.0003101825714111328,0.09491610527038574,1.4059338569641113,0.17663359642028809,4.4696502685546875,0,41.62905448269918,26642.594868927477,0.27355740457545685,14749534.0,34730112.54686871,0.5,3513787945.5988483,100000000000.0,100000000000.0,1000000000.0,clip,False,0,333,0,333,,,,,,,,,
2026-05-18T19:45:27,0,2,2,1,334,74816,334,True,4.4652406417112295e-08,,,,,,6150.472640991211,633.60200715065,0.0003018379211425781,0.0980372428894043,1.4042980670928955,0.17565298080444336,4.470172643661499,0,41.62281745533348,26638.60317141343,0.27355740457545685,12362726.0,34282764.81593134,0.5,3473011254.686871,100000000000.0,100000000000.0,1000000000.0,clip,False,0,334,0,334,,,,,,,,,
2026-05-18T19:45:33,0,2,2,1,335,74816,335,True,4.478609625668449e-08,,,,,,6150.726795196533,633.60200715065,0.0002942085266113281,0.09565615653991699,1.4061293601989746,0.17435193061828613,4.472412586212158,0,41.62109755873494,26637.50243759036,0.27355740457545685,12703943.0,33851188.379612714,0.5,3428276481.5931344,100000000000.0,100000000000.0,1000000000.0,clip,False,0,335,0,335,,,,,,,,,
2026-05-18T19:45:40,0,2,2,1,336,74816,336,True,4.4919786096256684e-08,,,,,,6150.277853012085,633.60200715065,0.0003161430358886719,0.09418416023254395,1.4074862003326416,0.17546296119689941,4.470954179763794,0,41.6241357087021,26639.44685356934,0.27355740457545685,13633247.0,33446829.55202046,0.5,3385118837.9612713,100000000000.0,100000000000.0,1000000000.0,clip,False,0,336,0,336,,,,,,,,,
2026-05-18T19:45:46,0,2,2,1,337,74816,337,True,4.5053475935828876e-08,,,,,,6155.433416366577,633.60200715065,0.0003123283386230469,0.09860587120056152,1.403393268585205,0.18093085289001465,4.4700517654418945,0,41.58927287221172,26617.134638215502,0.27355740457545685,11605137.0,33009995.70098005,0.5,3344682955.202046,100000000000.0,100000000000.0,1000000000.0,clip,False,0,337,0,337,,,,,,,,,
2026-05-18T19:45:52,0,2,2,1,338,74816,338,True,4.518716577540107e-08,,,,,,6146.501779556274,633.60200715065,0.00028514862060546875,0.09185385704040527,1.4077186584472656,0.17826175689697266,4.4666032791137695,0,41.64970729390743,26655.81266810076,0.27355740457545685,13000839.0,32609812.566960447,0.5,3300999570.098005,100000000000.0,100000000000.0,1000000000.0,clip,False,0,338,0,338,,,,,,,,,
2026-05-18T19:45:58,0,2,2,1,339,74816,339,True,4.532085561497326e-08,,,,,,6150.481700897217,633.60200715065,0.000301361083984375,0.09359192848205566,1.406731128692627,0.18021059036254883,4.4677417278289795,0,41.62275614325547,26638.563931683504,0.27355740457545685,12162599.0,32200868.29562124,0.5,3260981256.6960444,100000000000.0,100000000000.0,1000000000.0,clip,False,0,339,0,339,,,,,,,,,
2026-05-18T19:46:04,0,2,2,1,340,74816,340,True,4.545454545454545e-08,,,,,,6150.083780288696,633.60200715065,0.0002808570861816406,0.09142804145812988,1.410076379776001,0.18169498443603516,4.464723587036133,0,41.625449204528216,26640.28749089806,0.27355740457545685,10830442.0,31773459.769708812,0.5,3220086829.562124,100000000000.0,100000000000.0,1000000000.0,clip,False,0,340,0,340,,,,,,,,,
2026-05-18T19:46:10,0,2,2,1,341,74816,341,True,4.558823529411765e-08,492.5694274902344,199.6688690185547,0.7194324731826782,290.1881408691406,1.9929667711257935,6151.28755569458,633.60200715065,0.00029206275939941406,0.09559369087219238,1.407357931137085,0.1758255958557129,4.470357418060303,0,41.617303317743115,26635.074123355596,0.27355740457545685,10459331.0,31347177.194314636,0.5,3177345976.9708815,100000000000.0,100000000000.0,1000000000.0,clip,False,0,341,0,341,480.501220703125,436.052001953125,569.6206665039062,6150.625,6156.19384765625,768.8004150390625,0.0,998.92333984375,639310.9375
2026-05-18T19:46:16,0,2,2,1,342,74816,342,True,4.5721925133689834e-08,,,,,,6159.166097640991,633.60200715065,0.00030875205993652344,0.09520649909973145,1.389578104019165,0.17958879470825195,4.466011047363281,0,41.56406824262297,26601.003675278705,0.27355740457545685,9251126.0,30905256.170428343,0.5,3134717719.4314637,100000000000.0,100000000000.0,1000000000.0,clip,False,0,342,0,342,,,,,,,,,
2026-05-18T19:46:23,0,2,2,1,343,74816,343,True,4.585561497326203e-08,,,,,,6146.832466125488,633.60200715065,0.000331878662109375,0.09460186958312988,1.407308578491211,0.18076086044311523,4.461755275726318,0,41.647466627858755,26654.378641829604,0.27355740457545685,9341008.0,30473971.207019776,0.5,3090525617.0428343,100000000000.0,100000000000.0,1000000000.0,clip,False,0,343,0,343,,,,,,,,,
2026-05-18T19:46:29,0,2,2,1,344,74816,344,True,4.598930481283422e-08,,,,,,6149.717569351196,633.60200715065,0.0003063678741455078,0.09119677543640137,1.4110827445983887,0.18228864669799805,4.462867975234985,0,41.627927967919405,26641.873899468417,0.27355740457545685,8579942.0,30036090.62287938,0.5,3047397120.7019777,100000000000.0,100000000000.0,1000000000.0,clip,False,0,344,0,344,,,,,,,,,
2026-05-18T19:46:35,0,2,2,1,345,74816,345,True,4.6122994652406415e-08,,,,,,6150.349855422974,633.60200715065,0.0003256797790527344,0.09258604049682617,1.4093236923217773,0.1802504062652588,4.4657065868377686,0,41.62364841315101,26639.134984416647,0.27355740457545685,5703405.5,29549436.92042179,0.5,3003609062.2879376,100000000000.0,100000000000.0,1000000000.0,clip,False,0,345,0,345,,,,,,,,,
2026-05-18T19:46:41,0,2,2,1,346,74816,346,True,4.6256684491978613e-08,,,,,,6148.694753646851,633.60200715065,0.00030732154846191406,0.09161925315856934,1.410651683807373,0.1785449981689453,4.465458393096924,0,41.63485264058098,26646.30568997183,0.27355740457545685,9421759.0,29146883.362013355,0.5,2954943692.042179,100000000000.0,100000000000.0,1000000000.0,clip,False,0,346,0,346,,,,,,,,,
2026-05-18T19:46:47,0,2,2,1,347,74816,347,True,4.63903743315508e-08,,,,,,6150.4857540130615,633.60200715065,0.0003135204315185547,0.09265422821044922,1.41001558303833,0.1843428611755371,4.461203336715698,0,41.62272871422642,26638.54637710491,0.27355740457545685,7534801.5,28714641.72477309,0.5,2914688336.2013354,100000000000.0,100000000000.0,1000000000.0,clip,False,0,347,0,347,,,,,,,,,
2026-05-18T19:46:53,0,2,2,1,348,74816,348,True,4.6524064171122997e-08,,,,,,6149.9223709106445,633.60200715065,0.0003247261047363281,0.09202098846435547,1.4107141494750977,0.17879223823547363,4.466143369674683,0,41.626541696020304,26640.986685452997,0.27355740457545685,6339982.5,28267148.540277626,0.5,2871464172.477309,100000000000.0,100000000000.0,1000000000.0,clip,False,0,348,0,348,,,,,,,,,
2026-05-18T19:47:00,0,2,2,1,349,74816,349,True,4.665775401069518e-08,,,,,,6150.231838226318,633.60200715065,0.00033164024353027344,0.09406876564025879,1.4083514213562012,0.1789078712463379,4.4665443897247314,0,41.6244471320334,26639.646164501377,0.27355740457545685,7715086.0,27856107.289472073,0.5,2826714854.0277624,100000000000.0,100000000000.0,1000000000.0,clip,False,0,349,0,349,,,,,,,,,
2026-05-18T19:47:06,0,2,2,1,350,74816,350,True,4.679144385026738e-08,,,,,,6151.404857635498,633.60200715065,0.0003044605255126953,0.09301543235778809,1.409492015838623,0.1790764331817627,4.467627048492432,0,41.61650971196234,26634.566215655894,0.27355740457545685,6443031.5,27427845.77368263,0.5,2785610728.9472075,100000000000.0,100000000000.0,1000000000.0,clip,False,0,350,0,350,,,,,,,,,
2026-05-18T19:47:12,0,2,2,1,351,74816,351,True,4.6925133689839565e-08,489.21624755859375,189.3939666748047,0.7187280654907227,297.1054382324219,1.9981122016906738,6150.059223175049,633.60200715065,0.0003020763397216797,0.09410214424133301,1.4083528518676758,0.18149113655090332,4.464113235473633,0,41.625615414453954,26640.393865250528,0.27355740457545685,6354207.5,27006373.008208975,0.5,2742784577.3682632,100000000000.0,100000000000.0,1000000000.0,clip,False,0,351,0,351,491.3892008463542,395.34490966796875,559.47998046875,6149.962239583333,6151.74462890625,768.8004150390625,0.0,999.030517578125,639379.5
2026-05-18T19:47:18,0,2,2,1,352,74816,352,True,4.705882352941176e-08,,,,,,6156.275510787964,633.60200715065,0.0002765655517578125,0.09442019462585449,1.3896450996398926,0.17878174781799316,4.465072393417358,0,41.58358402761504,26613.493777673626,0.27355740457545685,4672576.5,26559697.0780448,0.5,2700637300.8208976,100000000000.0,100000000000.0,1000000000.0,clip,False,0,352,0,352,,,,,,,,,
2026-05-18T19:47:24,0,2,2,1,353,74816,353,True,4.7192513368983955e-08,,,,,,6149.930477142334,633.60200715065,0.0003228187561035156,0.0950632095336914,1.4075002670288086,0.17877626419067383,4.466238975524902,0,41.62648682801933,26640.95156993237,0.27355740457545685,6263533.0,26153773.7964839,0.5,2655969707.8044796,100000000000.0,100000000000.0,1000000000.0,clip,False,0,353,0,353,,,,,,,,,
2026-05-18T19:47:30,0,2,2,1,354,74816,354,True,4.7326203208556146e-08,,,,,,6150.156497955322,633.60200715065,0.0003142356872558594,0.0930473804473877,1.4093968868255615,0.1762864589691162,4.469117641448975,0,41.62495703728997,26639.972503865578,0.27355740457545685,4934951.5,25729397.350554224,0.5,2615377379.64839,100000000000.0,100000000000.0,1000000000.0,clip,False,0,354,0,354,,,,,,,,,
2026-05-18T19:47:36,0,2,2,1,355,74816,355,True,4.7459893048128344e-08,,,,,,6149.894714355469,633.60200715065,0.0003285408020019531,0.0928802490234375,1.4091670513153076,0.17497873306274414,4.470696687698364,0,41.6267288938181,26641.106492043586,0.27355740457545685,3949054.5,25293790.49354314,0.5,2572939735.0554223,100000000000.0,100000000000.0,1000000000.0,clip,False,0,355,0,355,,,,,,,,,
2026-05-18T19:47:43,0,2,2,1,356,74816,356,True,4.759358288770053e-08,,,,,,6149.852752685547,633.60200715065,0.0003056526184082031,0.09073448181152344,1.411978006362915,0.1810903549194336,4.463877439498901,0,41.62701292127827,26641.288269618093,0.27355740457545685,2888567.0,24845686.02367228,0.5,2529379049.354314,100000000000.0,100000000000.0,1000000000.0,clip,False,0,356,0,356,,,,,,,,,
2026-05-18T19:47:49,0,2,2,1,357,74816,357,True,4.772727272727273e-08,,,,,,6150.982141494751,633.60200715065,0.0003261566162109375,0.09429192543029785,1.407989740371704,0.18064260482788086,4.465572357177734,0,41.61936973821052,26636.396632454736,0.27355740457545685,3880360.5,24426379.513198834,0.5,2484568602.367228,100000000000.0,100000000000.0,1000000000.0,clip,False,0,357,0,357,,,,,,,,,
2026-05-18T19:47:55,0,2,2,1,358,74816,358,True,4.786096256684492e-08,,,,,,6149.919509887695,633.60200715065,0.00030875205993652344,0.0935361385345459,1.4083325862884521,0.17978119850158691,4.46604061126709,0,41.626561061231655,26640.99907918826,0.27355740457545685,3423797.25,24006327.867934857,0.5,2442637951.3198833,100000000000.0,100000000000.0,1000000000.0,clip,False,0,358,0,358,,,,,,,,,
2026-05-18T19:48:01,0,2,2,1,359,74816,359,True,4.799465240641711e-08,,,,,,6152.188539505005,633.60200715065,0.00030732154846191406,0.0948479175567627,1.407850742340088,0.18170785903930664,4.4653589725494385,0,41.61120849209172,26631.1734349387,0.27355740457545685,2049862.0,23567198.550576158,0.5,2400632786.7934856,100000000000.0,100000000000.0,1000000000.0,clip,False,0,359,0,359,,,,,,,,,
2026-05-18T19:48:07,0,2,2,1,360,74816,360,True,4.81283422459893e-08,,,,,,6149.7838497161865,633.60200715065,0.00030732154846191406,0.09566307067871094,1.4070355892181396,0.18091559410095215,4.463963031768799,0,41.62747931568594,26641.586762039,0.27355740457545685,2342583.5,23142706.249564636,0.5,2356719855.0576158,100000000000.0,100000000000.0,1000000000.0,clip,False,0,360,0,360,,,,,,,,,
2026-05-18T19:48:13,0,2,2,1,361,74816,361,True,4.8262032085561494e-08,484.096923828125,189.6371307373047,0.7187268137931824,291.73785400390625,2.003237009048462,6149.976015090942,633.60200715065,0.0002989768981933594,0.09572267532348633,1.4076287746429443,0.18679165840148926,4.4575464725494385,0,41.62617860164361,26640.75430505191,0.27355740457545685,2009171.25,22720035.549573343,0.5,2314270624.956464,100000000000.0,100000000000.0,1000000000.0,clip,False,0,361,0,361,488.7589111328125,407.0879821777344,569.8740234375,6149.388671875,6152.240234375,768.8004150390625,0.0,999.123779296875,639439.1875
2026-05-18T19:48:19,0,2,2,1,362,74816,362,True,4.8395721925133685e-08,,,,,,6158.548593521118,633.60200715065,0.00029087066650390625,0.09385371208190918,1.3907241821289062,0.17803001403808594,4.466388702392578,0,41.56823578031286,26603.670899400233,0.27355740457545685,2445125.0,22314537.338581875,0.5,2272003554.9573345,100000000000.0,100000000000.0,1000000000.0,clip,False,0,362,0,362,,,,,,,,,
2026-05-18T19:48:26,0,2,2,1,363,74816,363,True,4.8529411764705884e-08,,,,,,6151.063442230225,633.60200715065,0.0003371238708496094,0.09614300727844238,1.4056580066680908,0.17927789688110352,4.467035293579102,0,41.61881964058896,26636.044569976933,0.27355740457545685,1805772.0,21904362.03181024,0.5,2231453733.8581877,100000000000.0,100000000000.0,1000000000.0,clip,False,0,363,0,363,,,,,,,,,
2026-05-18T19:48:32,0,2,2,1,364,74816,364,True,4.866310160427807e-08,,,,,,6147.997140884399,633.60200715065,0.000324249267578125,0.0981590747833252,1.4033441543579102,0.18254399299621582,4.461694955825806,0,41.63957694410606,26649.329244227876,0.27355740457545685,1874630.0,21503767.391174037,0.5,2190436203.181024,100000000000.0,100000000000.0,1000000000.0,clip,False,0,364,0,364,,,,,,,,,
2026-05-18T19:48:38,0,2,2,1,365,74816,365,True,4.879679144385027e-08,,,,,,6150.262355804443,633.60200715065,0.0002987384796142578,0.09434676170349121,1.408217191696167,0.17822933197021484,4.467126369476318,0,41.62424059168703,26639.513978679697,0.27355740457545685,1813063.25,21109953.308350556,0.5,2150376739.1174035,100000000000.0,100000000000.0,1000000000.0,clip,False,0,365,0,365,,,,,,,,,
2026-05-18T19:48:44,0,2,2,1,366,74816,366,True,4.893048128342246e-08,,,,,,6149.836778640747,633.60200715065,0.00030875205993652344,0.1038064956665039,1.3980278968811035,0.18231201171875,4.463316440582275,0,41.627121046386826,26641.35746968757,0.27355740457545685,2727165.0,20742297.542183544,0.5,2110995330.8350556,100000000000.0,100000000000.0,1000000000.0,clip,False,0,366,0,366,,,,,,,,,
2026-05-18T19:48:50,0,2,2,1,367,74816,367,True,4.906417112299465e-08,,,,,,6149.758577346802,633.60200715065,0.00030732154846191406,0.09363985061645508,1.4090979099273682,0.18120098114013672,4.463442087173462,0,41.62765038338243,26641.696245364757,0.27355740457545685,1911258.375,20365676.758839875,0.5,2074229754.2183545,100000000000.0,100000000000.0,1000000000.0,clip,False,0,367,0,367,,,,,,,,,
2026-05-18T19:48:56,0,2,2,1,368,74816,368,True,4.919786096256685e-08,,,,,,6148.892641067505,633.60200715065,0.00031185150146484375,0.0933082103729248,1.40895676612854,0.17791438102722168,4.4664483070373535,0,41.633512722309625,26645.44814227816,0.27355740457545685,1772896.125,19993821.146163076,0.5,2036567675.8839874,100000000000.0,100000000000.0,1000000000.0,clip,False,0,368,0,368,,,,,,,,,
2026-05-18T19:49:03,0,2,2,1,369,74816,369,True,4.933155080213903e-08,,,,,,6149.939060211182,633.60200715065,0.00031256675720214844,0.09370994567871094,1.4083547592163086,0.1786060333251953,4.466885328292847,0,41.626428732646545,26640.914388893787,0.27355740457545685,1950284.5,19632950.413239814,0.5,1999382114.6163077,100000000000.0,100000000000.0,1000000000.0,clip,False,0,369,0,369,,,,,,,,,
2026-05-18T19:49:09,0,2,2,1,370,74816,370,True,4.946524064171123e-08,,,,,,6150.5982875823975,633.60200715065,0.0002880096435546875,0.0929117202758789,1.4090960025787354,0.1825413703918457,4.463799715042114,0,41.621967169737786,26638.058988632183,0.27355740457545685,2128330.75,19282858.019975018,0.5,1963295041.3239815,100000000000.0,100000000000.0,1000000000.0,clip,False,0,370,0,370,,,,,,,,,
2026-05-18T19:49:15,0,2,2,1,371,74816,371,True,4.9598930481283416e-08,510.94891357421875,211.71182250976562,0.7197620272636414,296.5490417480469,1.9682871103286743,6150.08282661438,633.60200715065,0.00029087066650390625,0.09337830543518066,1.4091899394989014,0.18665480613708496,4.4587976932525635,0,41.62545565925784,26640.29162192502,0.27355740457545685,1772807.375,18932657.00707552,0.5,1928285801.9975019,100000000000.0,100000000000.0,1000000000.0,clip,False,0,371,0,371,475.6385091145833,414.7314147949219,530.9563598632812,6149.959635416667,6152.31787109375,768.8004150390625,0.0,999.031005859375,639379.875
2026-05-18T19:49:21,0,2,2,1,372,74816,372,True,4.9732620320855615e-08,,,,,,6157.149314880371,633.60200715065,0.0002841949462890625,0.09261846542358398,1.391714334487915,0.1814579963684082,4.462163925170898,0,41.5776826105725,26609.716870766402,0.27355740457545685,1918538.5,18592374.63693401,0.5,1893265700.707552,100000000000.0,100000000000.0,1000000000.0,clip,False,0,372,0,372,,,,,,,,,
2026-05-18T19:49:27,0,2,2,1,373,74816,373,True,4.98663101604278e-08,,,,,,6150.241851806641,633.60200715065,0.0002911090850830078,0.09381222724914551,1.4095160961151123,0.18555188179016113,4.459102392196655,0,41.62437936075631,26639.602790884037,0.27355740457545685,1834358.75,18257214.31919533,0.5,1859237463.6934009,100000000000.0,100000000000.0,1000000000.0,clip,False,0,373,0,373,,,,,,,,,
2026-05-18T19:49:33,0,2,2,1,374,74816,374,True,5e-08,,,,,,6150.0396728515625,633.60200715065,0.000308990478515625,0.09426474571228027,1.4080071449279785,0.18253207206726074,4.462926387786865,0,41.6257477378681,26640.478552235585,0.27355740457545685,1869805.25,17929466.137811422,0.5,1825721431.919533,100000000000.0,100000000000.0,1000000000.0,clip,False,0,374,0,374,,,,,,,,,
2026-05-18T19:49:39,0,2,2,1,375,74816,375,True,5.0133689839572196e-08,,,,,,6149.794101715088,633.60200715065,0.00030350685119628906,0.09449982643127441,1.4080145359039307,0.17942547798156738,4.465589761734009,0,41.62740992070049,26641.542349248313,0.27355740457545685,1841016.0,17607697.135055196,0.5,1792946613.7811422,100000000000.0,100000000000.0,1000000000.0,clip,False,0,375,0,375,,,,,,,,,
2026-05-18T19:49:46,0,2,2,1,376,74816,376,True,5.026737967914438e-08,,,,,,6148.477792739868,633.60200715065,0.0002918243408203125,0.09187889099121094,1.411048173904419,0.18050003051757812,4.4629809856414795,0,41.63632180672185,26647.245956301984,0.27355740457545685,1851669.125,17292576.57485409,0.5,1760769713.5055196,100000000000.0,100000000000.0,1000000000.0,clip,False,0,376,0,376,,,,,,,,,
2026-05-18T19:49:52,0,2,2,1,377,74816,377,True,5.040106951871658e-08,,,,,,6150.729656219482,633.60200715065,0.00028824806213378906,0.0935525894165039,1.4094834327697754,0.1798417568206787,4.465516567230225,0,41.62107819860664,26637.490047108247,0.27355740457545685,1790081.0,16982526.66335701,0.5,1729257657.485409,100000000000.0,100000000000.0,1000000000.0,clip,False,0,377,0,377,,,,,,,,,
2026-05-18T19:49:58,0,2,2,1,378,74816,378,True,5.0534759358288764e-08,,,,,,6531.647205352783,633.60200715065,0.00031495094299316406,0.09318852424621582,1.4096038341522217,0.17942476272583008,4.847003936767578,0,39.193788634236725,25084.024725911506,0.27355740457545685,2009985.75,16683075.845089868,0.5,1698252666.3357008,100000000000.0,100000000000.0,1000000000.0,clip,False,0,378,0,378,,,,,,,,,
2026-05-18T19:50:04,0,2,2,1,379,74816,379,True,5.066844919786096e-08,,,,,,6150.048494338989,633.60200715065,0.00030303001403808594,0.09380078315734863,1.4086904525756836,0.18429207801818848,4.461109638214111,0,41.62568803085755,26640.440339748835,0.27355740457545685,2065843.25,16390731.19318807,0.5,1668307584.5089867,100000000000.0,100000000000.0,1000000000.0,clip,False,0,379,0,379,,,,,,,,,
2026-05-18T19:50:11,0,2,2,1,380,74816,380,True,5.0802139037433154e-08,,,,,,6150.711536407471,633.60200715065,0.00030541419982910156,0.09269356727600098,1.4095885753631592,0.18032026290893555,4.465944766998291,0,41.621200813056724,26637.568520356304,0.27355740457545685,1937581.375,16101668.196824307,0.5,1639073119.318807,100000000000.0,100000000000.0,1000000000.0,clip,False,0,380,0,380,,,,,,,,,
2026-05-18T19:50:17,0,2,2,1,381,74816,381,True,5.0935828877005345e-08,455.6912841796875,172.88621520996094,0.7189037203788757,280.09259033203125,1.9935989379882812,6147.991180419922,633.60200715065,0.0002913475036621094,0.09295892715454102,1.410207986831665,0.18069243431091309,4.462082386016846,0,41.63961731358805,26649.35508069635,0.27355740457545685,2251707.5,15824668.982887821,0.5,1610166819.6824307,100000000000.0,100000000000.0,1000000000.0,clip,False,0,381,0,381,480.5680338541667,412.36761474609375,515.8884887695312,6149.529947916667,6154.765625,768.8004150390625,0.0,999.1007690429688,639424.5
2026-05-18T19:50:23,0,2,2,1,382,74816,382,True,5.106951871657754e-08,,,,,,6161.868333816528,633.60200715065,0.00028252601623535156,0.09370017051696777,1.3908021450042725,0.18134784698486328,4.465825796127319,0,41.545840665738325,26589.33802607253,0.27355740457545685,2410926.5,15556394.133230064,0.5,1582466898.2887821,100000000000.0,100000000000.0,1000000000.0,clip,False,0,382,0,382,,,,,,,,,
2026-05-18T19:50:29,0,2,2,1,383,74816,383,True,5.120320855614973e-08,,,,,,6148.0467319488525,633.60200715065,0.00030350685119628906,0.09326171875,1.4093091487884521,0.18094348907470703,4.462254762649536,0,41.639241073050734,26649.11428675247,0.27355740457545685,1958415.25,15284434.555565462,0.5,1555639413.3230064,100000000000.0,100000000000.0,1000000000.0,clip,False,0,383,0,383,,,,,,,,,
2026-05-18T19:50:35,0,2,2,1,384,74816,384,True,5.133689839572193e-08,,,,,,6151.007175445557,633.60200715065,0.0003490447998046875,0.09451484680175781,1.4074101448059082,0.17888355255126953,4.467400550842285,0,41.61920035176293,26636.28822512827,0.27355740457545685,1840009.75,15015546.059454152,0.5,1528443455.5565462,100000000000.0,100000000000.0,1000000000.0,clip,False,0,384,0,384,,,,,,,,,
2026-05-18T19:50:41,0,2,2,1,385,74816,385,True,5.147058823529411e-08,,,,,,6148.321628570557,633.60200715065,0.00029969215393066406,0.09572410583496094,1.4048070907592773,0.18441271781921387,4.461002826690674,0,41.637379347625036,26647.922782480022,0.27355740457545685,2005012.625,14755335.390765069,0.5,1501554605.9454153,100000000000.0,100000000000.0,1000000000.0,clip,False,0,385,0,385,,,,,,,,,
2026-05-18T19:50:47,0,2,2,1,386,74816,386,True,5.160427807486631e-08,,,,,,6156.400442123413,633.60200715065,0.0003101825714111328,0.09335017204284668,1.4089381694793701,0.17959070205688477,4.472190856933594,0,41.582740175313006,26612.953712200324,0.27355740457545685,1907956.5,14498387.812949767,0.5,1475533539.0765069,100000000000.0,100000000000.0,1000000000.0,clip,False,0,386,0,386,,,,,,,,,
2026-05-18T19:50:54,0,2,2,1,387,74816,387,True,5.17379679144385e-08,,,,,,6150.032520294189,633.60200715065,0.0003361701965332031,0.0926065444946289,1.4040932655334473,0.18239855766296387,4.468602180480957,0,41.62579614908347,26640.509535413425,0.27355740457545685,1945667.375,14247333.404190771,0.5,1449838781.2949767,100000000000.0,100000000000.0,1000000000.0,clip,False,0,387,0,387,,,,,,,,,
2026-05-18T19:51:00,0,2,2,1,388,74816,388,True,5.187165775401069e-08,,,,,,6149.228572845459,633.60200715065,0.0002887248992919922,0.09244155883789062,1.4039957523345947,0.18215560913085938,4.468475341796875,0,41.63123828742961,26643.99250395495,0.27355740457545685,1761006.75,13997606.871106956,0.5,1424733340.4190772,100000000000.0,100000000000.0,1000000000.0,clip,False,0,388,0,388,,,,,,,,,
2026-05-18T19:51:06,0,2,2,1,389,74816,389,True,5.2005347593582885e-08,,,,,,6150.34556388855,633.60200715065,0.00029659271240234375,0.09273695945739746,1.4037048816680908,0.18250632286071777,4.46912693977356,0,41.623677456936946,26639.15357243965,0.27355740457545685,1715063.875,13751956.011184817,0.5,1399760687.1106956,100000000000.0,100000000000.0,1000000000.0,clip,False,0,389,0,389,,,,,,,,,
2026-05-18T19:51:12,0,2,2,1,390,74816,390,True,5.2139037433155076e-08,,,,,,6150.3496170043945,633.60200715065,0.0003190040588378906,0.09378242492675781,1.4021227359771729,0.1804811954498291,4.471554517745972,0,41.62365002669361,26639.13601708391,0.27355740457545685,2466424.0,13526245.37096112,0.5,1375195601.1184816,100000000000.0,100000000000.0,1000000000.0,clip,False,0,390,0,390,,,,,,,,,
2026-05-18T19:51:18,0,2,2,1,391,74816,391,True,5.227272727272727e-08,474.1710510253906,191.45286560058594,0.7206228971481323,279.98974609375,2.0078036785125732,6150.790214538574,633.60200715065,0.0003228187561035156,0.09455537796020508,1.4015729427337646,0.1848611831665039,4.467568874359131,0,41.620668413449515,26637.22778460769,0.27355740457545685,2134575.75,13298411.978541898,0.5,1352624537.096112,100000000000.0,100000000000.0,1000000000.0,clip,False,0,391,0,391,476.1582845052083,396.6743469238281,557.782470703125,6150.966145833333,6158.52685546875,768.8004150390625,0.0,998.86767578125,639275.25
2026-05-18T19:51:24,0,2,2,1,392,74816,392,True,5.2406417112299466e-08,,,,,,6162.996768951416,633.60200715065,0.0002727508544921875,0.09440088272094727,1.3904049396514893,0.1810741424560547,4.469151973724365,0,41.53823368684912,26584.46955958344,0.27355740457545685,2262237.75,13077688.493971061,0.5,1329841197.8541899,100000000000.0,100000000000.0,1000000000.0,clip,False,0,392,0,392,,,,,,,,,
2026-05-18T19:51:31,0,2,2,1,393,74816,393,True,5.254010695187165e-08,,,,,,6149.12486076355,633.60200715065,0.0003101825714111328,0.09344196319580078,1.40232515335083,0.1807417869567871,4.470242023468018,0,41.63194044627221,26644.441885614215,0.27355740457545685,2868942.0,12873513.56409164,0.5,1307768849.3971062,100000000000.0,100000000000.0,1000000000.0,clip,False,0,393,0,393,,,,,,,,,
2026-05-18T19:51:37,0,2,2,1,394,74816,394,True,5.267379679144385e-08,,,,,,6149.329662322998,633.60200715065,0.00029277801513671875,0.0932314395904541,1.402839183807373,0.18488717079162598,4.466088771820068,0,41.630553907121694,26643.554500557882,0.27355740457545685,1815598.875,12652355.270309806,0.5,1287351356.409164,100000000000.0,100000000000.0,1000000000.0,clip,False,0,394,0,394,,,,,,,,,
2026-05-18T19:51:43,0,2,2,1,395,74816,395,True,5.280748663101604e-08,,,,,,6149.727821350098,633.60200715065,0.0003077983856201172,0.09251737594604492,1.403571367263794,0.18258357048034668,4.468869924545288,0,41.6278585714381,26641.829485720384,0.27355740457545685,1940925.125,12438126.667403609,0.5,1265235527.0309806,100000000000.0,100000000000.0,1000000000.0,clip,False,0,395,0,395,,,,,,,,,
2026-05-18T19:51:49,0,2,2,1,396,74816,396,True,5.294117647058823e-08,,,,,,6149.665355682373,633.60200715065,0.0003058910369873047,0.09222221374511719,1.403665542602539,0.18225812911987305,4.4693334102630615,0,41.62828140940264,26642.10010201769,0.27355740457545685,1931296.5,12227990.064055536,0.5,1243812666.7403607,100000000000.0,100000000000.0,1000000000.0,clip,False,0,396,0,396,,,,,,,,,
2026-05-18T19:51:55,0,2,2,1,397,74816,397,True,5.307486631016043e-08,,,,,,6151.317834854126,633.60200715065,0.0002894401550292969,0.09669303894042969,1.3995702266693115,0.1871044635772705,4.465496778488159,0,41.61709846132034,26634.943015245015,0.27355740457545685,1913020.5,12021690.672774425,0.5,1222799006.4055536,100000000000.0,100000000000.0,1000000000.0,clip,False,0,397,0,397,,,,,,,,,
2026-05-18T19:52:01,0,2,2,1,398,74816,398,True,5.3208556149732616e-08,,,,,,6152.218580245972,633.60200715065,0.000308990478515625,0.09382200241088867,1.402416706085205,0.17653989791870117,4.4771504402160645,0,41.61100530822897,26631.043397266538,0.27355740457545685,2313800.75,11827532.874318937,0.5,1202169067.2774425,100000000000.0,100000000000.0,1000000000.0,clip,False,0,398,0,398,,,,,,,,,
2026-05-18T19:52:07,0,2,2,1,399,74816,399,True,5.3342245989304814e-08,,,,,,6147.712469100952,633.60200715065,0.00031256675720214844,0.09485626220703125,1.3985748291015625,0.17849063873291016,4.473604679107666,0,41.6415050779754,26650.56324990426,0.27355740457545685,2123673.0,11633455.676832559,0.5,1182753287.4318936,100000000000.0,100000000000.0,1000000000.0,clip,False,0,399,0,399,,,,,,,,,
2026-05-18T19:52:14,0,2,2,1,400,74816,400,True,5.3475935828877e-08,,,,,,6150.922060012817,633.60200715065,0.00030040740966796875,0.09270143508911133,1.4036414623260498,0.17945075035095215,4.472841501235962,0,41.619776271310215,26636.656813638536,0.27355740457545685,1876730.375,11438321.170795906,0.5,1163345567.683256,100000000000.0,100000000000.0,1000000000.0,clip,False,0,400,0,400,,,,,,,,,
2026-05-18T19:52:20,0,2,2,1,401,74816,401,True,5.36096256684492e-08,504.8804016113281,208.85081481933594,0.7196751832962036,293.29364013671875,2.016258955001831,6152.566432952881,633.60200715065,0.000335693359375,0.09352302551269531,1.4035825729370117,0.17540192604064941,4.477675199508667,0,41.60865271261031,26629.537736070597,0.2735452648889468,1859300.25,11246740.75237999,0.5,1143832117.0795906,100000000000.0,100000000000.0,1000000000.0,clip,False,0,401,0,401,477.1020100911458,420.2447204589844,534.6539306640625,6150.674479166667,6156.46875,768.8004150390625,0.0,998.9152221679688,639305.75
2026-05-18T19:52:26,0,2,2,1,402,74816,402,True,5.374331550802138e-08,,,,,,6159.406900405884,633.60200715065,0.00030517578125,0.09719586372375488,1.387040615081787,0.1769545078277588,4.474385023117065,0,41.56244329029967,26599.963705791786,0.2735452648889468,2196421.5,11065734.36733239,0.5,1124674075.237999,100000000000.0,100000000000.0,1000000000.0,clip,False,0,402,0,402,,,,,,,,,
2026-05-18T19:52:32,0,2,2,1,403,74816,403,True,5.387700534759358e-08,,,,,,6147.850513458252,633.60200715065,0.0003180503845214844,0.09591937065124512,1.3995723724365234,0.17771530151367188,4.472352743148804,0,41.64057005608557,26649.964835894767,0.2735452648889468,2220988.75,10888839.454985742,0.5,1106573436.733239,100000000000.0,100000000000.0,1000000000.0,clip,False,0,403,0,403,,,,,,,,,
2026-05-18T19:52:38,0,2,2,1,404,74816,404,True,5.401069518716578e-08,,,,,,6149.537086486816,633.60200715065,0.00031566619873046875,0.09300374984741211,1.4028918743133545,0.17603254318237305,4.47528600692749,0,41.62914970665717,26642.655812260586,0.2735452648889468,2163798.75,10714338.640886026,0.5,1088883945.4985743,100000000000.0,100000000000.0,1000000000.0,clip,False,0,404,0,404,,,,,,,,,
2026-05-18T19:52:44,0,2,2,1,405,74816,405,True,5.4144385026737963e-08,,,,,,6150.54988861084,633.60200715065,0.0003039836883544922,0.09242415428161621,1.4041223526000977,0.1768021583557129,4.474823236465454,0,41.62229469499028,26638.26860479378,0.2735452648889468,2988044.75,10559812.763068303,0.5,1071433864.0886025,100000000000.0,100000000000.0,1000000000.0,clip,False,0,405,0,405,,,,,,,,,
2026-05-18T19:52:51,0,2,2,1,406,74816,406,True,5.427807486631016e-08,,,,,,6152.594327926636,633.60200715065,0.0003063678741455078,0.09322333335876465,1.4029366970062256,0.1760404109954834,4.478047609329224,0,41.608464064990535,26629.41700159394,0.2735452648889468,2198951.75,10392595.542806936,0.5,1055981276.3068304,100000000000.0,100000000000.0,1000000000.0,clip,False,0,406,0,406,,,,,,,,,
2026-05-18T19:52:57,0,2,2,1,407,74816,407,True,5.4411764705882347e-08,,,,,,6147.150278091431,633.60200715065,0.0003075599670410156,0.09405303001403809,1.4021542072296143,0.17618155479431152,4.472344398498535,0,41.6453134247245,26653.00059182368,0.2735452648889468,2086925.75,10226482.146950798,0.5,1039259554.2806937,100000000000.0,100000000000.0,1000000000.0,clip,False,0,407,0,407,,,,,,,,,
2026-05-18T19:53:03,0,2,2,1,408,74816,408,True,5.4545454545454545e-08,,,,,,6150.087594985962,633.60200715065,0.0003120899200439453,0.09272360801696777,1.4035592079162598,0.17620062828063965,4.475310802459717,0,41.62542338562974,26640.27096680303,0.2735452648889468,2181916.75,10065590.839011783,0.5,1022648214.6950798,100000000000.0,100000000000.0,1000000000.0,clip,False,0,408,0,408,,,,,,,,,
2026-05-18T19:53:09,0,2,2,1,409,74816,409,True,5.4679144385026736e-08,,,,,,6149.231195449829,633.60200715065,0.00030541419982910156,0.0927741527557373,1.4039177894592285,0.176375150680542,4.473728895187378,0,41.6312205319958,26643.98114047731,0.2735452648889468,2115110.5,9906581.232231548,0.5,1006559083.9011782,100000000000.0,100000000000.0,1000000000.0,clip,False,0,409,0,409,,,,,,,,,
2026-05-18T19:53:15,0,2,2,1,410,74816,410,True,5.481283422459893e-08,,,,,,6149.723052978516,633.60200715065,0.00031685829162597656,0.09592056274414062,1.400869607925415,0.17970728874206543,4.470902681350708,0,41.62789084884248,26641.850143259187,0.2735452648889468,2018638.75,9748822.382586917,0.5,990658123.2231548,100000000000.0,100000000000.0,1000000000.0,clip,False,0,410,0,410,,,,,,,,,
2026-05-18T19:53:21,0,2,2,1,411,74816,411,True,5.494652406417112e-08,400.1653747558594,152.24708557128906,0.7198455333709717,245.19061279296875,2.007835626602173,6150.599241256714,633.60200715065,0.0003085136413574219,0.09273052215576172,1.4043924808502197,0.17744207382202148,4.473757028579712,0,41.621960716090015,26638.05485829761,0.2735452648889468,1983252.625,9593510.987435179,0.5,974882238.2586917,100000000000.0,100000000000.0,1000000000.0,clip,False,0,411,0,411,482.2058919270833,400.1653747558594,572.1884765625,6150.05078125,6153.1416015625,768.8004150390625,0.0,999.0162353515625,639370.375
2026-05-18T19:53:27,0,2,2,1,412,74816,412,True,5.508021390374331e-08,,,,,,6160.125970840454,633.60200715065,0.0002868175506591797,0.0921173095703125,1.3915255069732666,0.17760944366455078,4.474002361297607,0,41.55759171351373,26596.85869664879,0.2735452648889468,1900208.0,9439644.927686475,0.5,959351098.7435179,100000000000.0,100000000000.0,1000000000.0,clip,False,0,412,0,412,,,,,,,,,
2026-05-18T19:53:34,0,2,2,1,413,74816,413,True,5.52139037433155e-08,,,,,,6151.435136795044,633.60200715065,0.000316619873046875,0.09807968139648438,1.3982586860656738,0.18065571784973145,4.472115755081177,0,41.61630486335233,26634.435112545492,0.2735452648889468,2434302.5,9299538.079132747,0.5,943964492.7686476,100000000000.0,100000000000.0,1000000000.0,clip,False,0,413,0,413,,,,,,,,,
2026-05-18T19:53:40,0,2,2,1,414,74816,414,True,5.53475935828877e-08,,,,,,6149.428606033325,633.60200715065,0.0003097057342529297,0.0943608283996582,1.40169095993042,0.1778106689453125,4.473158836364746,0,41.629884075543764,26643.125808348006,0.2735452648889468,2386713.5,9161281.58755009,0.5,929953807.9132746,100000000000.0,100000000000.0,1000000000.0,clip,False,0,414,0,414,,,,,,,,,
2026-05-18T19:53:46,0,2,2,1,415,74816,415,True,5.548128342245989e-08,,,,,,6150.475978851318,633.60200715065,0.00030422210693359375,0.6308634281158447,0.8646605014801025,0.1776437759399414,4.475038528442383,0,41.62279486665215,26638.588714657373,0.2735452648889468,2126020.25,9020576.360799087,0.5,916128158.755009,100000000000.0,100000000000.0,1000000000.0,clip,False,0,415,0,415,,,,,,,,,
2026-05-18T19:53:52,0,2,2,1,416,74816,416,True,5.5614973262032084e-08,,,,,,6151.9176959991455,633.60200715065,0.0003151893615722656,0.09647560119628906,1.4000647068023682,0.17549467086791992,4.477652072906494,0,41.613040461592604,26632.34589541927,0.2735452648889468,3130588.0,8902776.593583105,0.5,902057636.0799087,100000000000.0,100000000000.0,1000000000.0,clip,False,0,416,0,416,,,,,,,,,
2026-05-18T19:53:58,0,2,2,1,417,74816,417,True,5.5748663101604276e-08,,,,,,6150.553464889526,633.60200715065,0.0002872943878173828,0.09371590614318848,1.4025852680206299,0.17606019973754883,4.4757184982299805,0,41.622270493440574,26638.253115801966,0.2735452648889468,2087920.375,8766479.469211444,0.5,890277659.3583105,100000000000.0,100000000000.0,1000000000.0,clip,False,0,417,0,417,,,,,,,,,
2026-05-18T19:54:04,0,2,2,1,418,74816,418,True,5.588235294117647e-08,,,,,,6150.105953216553,633.60200715065,0.00033593177795410156,0.09392166137695312,1.4017069339752197,0.1852273941040039,4.466659069061279,0,41.62529913262877,26640.191444882414,0.2735452648889468,1865511.0,8628460.099827215,0.5,876647946.9211445,100000000000.0,100000000000.0,1000000000.0,clip,False,0,418,0,418,,,,,,,,,
2026-05-18T19:54:10,0,2,2,1,419,74816,419,True,5.6016042780748665e-08,,,,,,6151.534080505371,633.60200715065,0.00033211708068847656,0.09788107872009277,1.3985002040863037,0.17721343040466309,4.474823236465454,0,41.61563549022371,26634.006713743176,0.2735452648889468,1987126.25,8495633.422830671,0.5,862846009.9827216,100000000000.0,100000000000.0,1000000000.0,clip,False,0,419,0,419,,,,,,,,,
2026-05-18T19:54:17,0,2,2,1,420,74816,420,True,5.614973262032085e-08,,,,,,6151.164770126343,633.60200715065,0.00032210350036621094,0.09489059448242188,1.400428056716919,0.17834687232971191,4.475285053253174,0,41.618134055404575,26635.605795458927,0.2735452648889468,2355707.75,8372834.909374057,0.5,849563342.2830671,100000000000.0,100000000000.0,1000000000.0,clip,False,0,420,0,420,,,,,,,,,
2026-05-18T19:54:23,0,2,2,1,421,74816,421,True,5.628342245989305e-08,471.1663818359375,190.13870239257812,0.7187399864196777,278.3023986816406,2.006516456604004,6148.241281509399,633.60200715065,0.000339508056640625,0.09304189682006836,1.4008190631866455,0.17553281784057617,4.476275205612183,0,41.63792347738698,26648.271025527665,0.2735452648889468,1847503.75,8242328.286186576,0.5,837283490.9374057,100000000000.0,100000000000.0,1000000000.0,clip,False,0,421,0,421,480.3531087239583,400.7298583984375,543.6072998046875,6150.263020833333,6155.4560546875,768.8004150390625,0.0,998.98193359375,639348.4375
2026-05-18T19:54:29,0,2,2,1,422,74816,422,True,5.6417112299465234e-08,,,,,,6164.142847061157,633.60200715065,0.00027632713317871094,0.09367704391479492,1.3911960124969482,0.1769556999206543,4.4731056690216064,0,41.530510624368745,26579.526799596,0.2735452648889468,2683304.75,8131147.8154628435,0.5,824232828.6186576,100000000000.0,100000000000.0,1000000000.0,clip,False,0,422,0,422,,,,,,,,,
2026-05-18T19:54:35,0,2,2,1,423,74816,423,True,5.655080213903743e-08,,,,,,6149.148464202881,633.60200715065,0.0003256797790527344,0.09388017654418945,1.4019031524658203,0.18163800239562988,4.46930193901062,0,41.63178064252275,26644.33961121456,0.2735452648889468,2413682.0,8016798.499153586,0.5,813114781.5462843,100000000000.0,100000000000.0,1000000000.0,clip,False,0,423,0,423,,,,,,,,,
2026-05-18T19:54:41,0,2,2,1,424,74816,424,True,5.6684491978609623e-08,,,,,,6150.639057159424,633.60200715065,0.000308990478515625,0.09257960319519043,1.403409719467163,0.1758413314819336,4.476552724838257,0,41.62169127808153,26637.88241797218,0.2735452648889468,1801998.5,7892502.499170514,0.5,801679849.9153587,100000000000.0,100000000000.0,1000000000.0,clip,False,0,424,0,424,,,,,,,,,
2026-05-18T19:54:47,0,2,2,1,425,74816,425,True,5.6818181818181815e-08,,,,,,6149.872303009033,633.60200715065,0.00031638145446777344,0.09410715103149414,1.4021289348602295,0.17599201202392578,4.475265264511108,0,41.62688058982027,26641.203577484972,0.2735452648889468,2461779.25,7783888.034187104,0.5,789250249.9170514,100000000000.0,100000000000.0,1000000000.0,clip,False,0,425,0,425,,,,,,,,,
2026-05-18T19:54:54,0,2,2,1,426,74816,426,True,5.695187165775401e-08,,,,,,6150.44379234314,633.60200715065,0.00029349327087402344,0.09328627586364746,1.402508020401001,0.1759498119354248,4.476361036300659,0,41.62301268710099,26638.728119744632,0.2735452648889468,3038065.75,7688971.588503362,0.5,778388803.4187104,100000000000.0,100000000000.0,1000000000.0,clip,False,0,426,0,426,,,,,,,,,
2026-05-18T19:55:00,0,2,2,1,427,74816,427,True,5.70855614973262e-08,,,,,,6149.444103240967,633.60200715065,0.00029730796813964844,0.09328651428222656,1.4022209644317627,0.17711091041564941,4.474485874176025,0,41.62977916411652,26643.058665034572,0.2735452648889468,2156152.0,7578315.196733294,0.5,768897158.8503362,100000000000.0,100000000000.0,1000000000.0,clip,False,0,427,0,427,,,,,,,,,
2026-05-18T19:55:06,0,2,2,1,428,74816,428,True,5.7219251336898396e-08,,,,,,6149.15132522583,633.60200715065,0.00028824806213378906,0.09624600410461426,1.399080753326416,0.17673254013061523,4.474912881851196,0,41.63176127245467,26644.327214370987,0.2735452648889468,1872495.375,7464198.8002986275,0.5,757831519.6733294,100000000000.0,100000000000.0,1000000000.0,clip,False,0,428,0,428,,,,,,,,,
2026-05-18T19:55:12,0,2,2,1,429,74816,429,True,5.735294117647058e-08,,,,,,6151.458263397217,633.60200715065,0.00028896331787109375,0.09459447860717773,1.4008078575134277,0.17695164680480957,4.476832866668701,0,41.61614840553611,26634.33497954311,0.2735452648889468,1762996.875,7350174.761792655,0.5,746419880.0298628,100000000000.0,100000000000.0,1000000000.0,clip,False,0,429,0,429,,,,,,,,,
2026-05-18T19:55:18,0,2,2,1,430,74816,430,True,5.748663101604278e-08,,,,,,6149.423599243164,633.60200715065,0.0002911090850830078,0.09365439414978027,1.4001729488372803,0.1816864013671875,4.471668481826782,0,41.62991797011789,26643.147500875446,0.2735452648889468,2250054.75,7248172.361556802,0.5,735017476.1792655,100000000000.0,100000000000.0,1000000000.0,clip,False,0,430,0,430,,,,,,,,,
2026-05-18T19:55:24,0,2,2,1,431,74816,431,True,5.762032085561497e-08,485.4979248046875,196.95358276367188,0.7196374535560608,285.8222961425781,2.0024166107177734,6150.085926055908,633.60200715065,0.0002963542938232422,0.09823322296142578,1.3970391750335693,0.17632055282592773,4.476163864135742,0,41.62543468139388,26640.278196092084,0.2735452648889468,2344780.5,7150104.524325666,0.5,724817236.1556802,100000000000.0,100000000000.0,1000000000.0,clip,False,0,431,0,431,470.4340006510417,415.120361328125,539.5479736328125,6150.759114583333,6155.64111328125,768.8004150390625,0.0,998.9012451171875,639296.75
2026-05-18T19:55:30,0,2,2,1,432,74816,432,True,5.775401069518716e-08,,,,,,6156.440019607544,633.60200715065,0.00027441978454589844,0.09290409088134766,1.3912878036499023,0.17490935325622559,4.47613787651062,0,41.58247285520038,26612.782627328244,0.2735452648889468,1830411.125,7043710.656339153,0.5,715010452.4325666,100000000000.0,100000000000.0,1000000000.0,clip,False,0,432,0,432,,,,,,,,,
2026-05-18T19:55:37,0,2,2,1,433,74816,433,True,5.7887700534759354e-08,,,,,,6153.01513671875,633.60200715065,0.00029540061950683594,0.09485125541687012,1.4008519649505615,0.17724037170410156,4.477803707122803,0,41.605618434496236,26627.59579807759,0.2735452648889468,2080738.5,6944451.21321237,0.5,704371065.6339153,100000000000.0,100000000000.0,1000000000.0,clip,False,0,433,0,433,,,,,,,,,
2026-05-18T19:55:43,0,2,2,1,434,74816,434,True,5.8021390374331546e-08,,,,,,6145.566701889038,633.60200715065,0.00030112266540527344,0.09325647354125977,1.399134874343872,0.17674875259399414,4.474085092544556,0,41.65604449811116,26659.86847879114,0.2735452648889468,2744293.25,6860448.053948123,0.5,694445121.321237,100000000000.0,100000000000.0,1000000000.0,clip,False,0,434,0,434,,,,,,,,,
2026-05-18T19:55:49,0,2,2,1,435,74816,435,True,5.8155080213903744e-08,,,,,,6154.860973358154,633.60200715065,0.0002892017364501953,0.09361767768859863,1.4021215438842773,0.1745295524597168,4.482439279556274,0,41.593140951212064,26619.61020877572,0.2735452648889468,1794814.0,6759135.372869161,0.5,686044805.3948123,100000000000.0,100000000000.0,1000000000.0,clip,False,0,435,0,435,,,,,,,,,
2026-05-18T19:55:55,0,2,2,1,436,74816,436,True,5.828877005347593e-08,,,,,,6149.350643157959,633.60200715065,0.0003056526184082031,0.09388947486877441,1.3979952335357666,0.17789626121520996,4.477229118347168,0,41.630411868745355,26643.46359599703,0.2735452648889468,2562083.25,6675194.330411778,0.5,675913537.2869161,100000000000.0,100000000000.0,1000000000.0,clip,False,0,436,0,436,,,,,,,,,
2026-05-18T19:56:01,0,2,2,1,437,74816,437,True,5.842245989304813e-08,,,,,,6154.127836227417,633.60200715065,0.0003180503845214844,0.0940706729888916,1.4002625942230225,0.18112492561340332,4.476270914077759,0,41.59809591425911,26622.781385125832,0.2735452648889468,1689606.875,6575482.5813035425,0.5,667519433.0411777,100000000000.0,100000000000.0,1000000000.0,clip,False,0,437,0,437,,,,,,,,,
2026-05-18T19:56:07,0,2,2,1,438,74816,438,True,5.855614973262032e-08,,,,,,6144.846677780151,633.60200715065,0.0003027915954589844,0.09456920623779297,1.3970699310302734,0.1748948097229004,4.47611665725708,0,41.660925556645616,26662.99235625319,0.2735452648889468,1998851.0,6483949.949677472,0.5,657548258.1303543,100000000000.0,100000000000.0,1000000000.0,clip,False,0,438,0,438,,,,,,,,,
2026-05-18T19:56:13,0,2,2,1,439,74816,439,True,5.868983957219251e-08,,,,,,6151.626110076904,633.60200715065,0.0003173351287841797,0.09429931640625,1.4019873142242432,0.17636895179748535,4.476769924163818,0,41.61501291189487,26633.608263612718,0.2735452648889468,1962764.875,6393526.248183923,0.5,648394994.9677472,100000000000.0,100000000000.0,1000000000.0,clip,False,0,439,0,439,,,,,,,,,
2026-05-18T19:56:20,0,2,2,1,440,74816,440,True,5.88235294117647e-08,,,,,,6149.169206619263,633.60200715065,0.0003120899200439453,0.09361410140991211,1.4017763137817383,0.1777811050415039,4.473596572875977,0,41.6316402099375,26644.249734360004,0.2735452648889468,2023556.625,6306126.855720244,0.5,639352624.8183923,100000000000.0,100000000000.0,1000000000.0,clip,False,0,440,0,440,,,,,,,,,
2026-05-18T19:56:26,0,2,2,1,441,74816,441,True,5.8957219251336894e-08,481.4095153808594,193.88400268554688,0.7188169956207275,284.8061828613281,2.0005133152008057,6150.243520736694,633.60200715065,0.0003306865692138672,0.09562873840332031,1.4005236625671387,0.17548704147338867,4.475687265396118,0,41.624368065564916,26639.595561961545,0.2735452648889468,1749378.625,6214991.891105839,0.5,630612685.5720245,100000000000.0,100000000000.0,1000000000.0,clip,False,0,441,0,441,475.6282552083333,405.1033935546875,528.9489135742188,6149.444661458333,6153.85107421875,768.8004150390625,0.0,999.11474609375,639433.4375
2026-05-18T19:56:32,0,2,2,1,442,74816,442,True,5.9090909090909085e-08,,,,,,6153.553485870361,633.60200715065,0.00030159950256347656,0.09539461135864258,1.3893399238586426,0.17582941055297852,4.473443269729614,0,41.601978529612346,26625.266258951902,0.2735452648889468,2161814.25,6133928.338283722,0.5,621499189.1105839,100000000000.0,100000000000.0,1000000000.0,clip,False,0,442,0,442,,,,,,,,,
2026-05-18T19:56:38,0,2,2,1,443,74816,443,True,5.9224598930481283e-08,,,,,,6148.926734924316,633.60200715065,0.0003161430358886719,0.0929114818572998,1.403667688369751,0.17480802536010742,4.4752795696258545,0,41.63328187763014,26645.30040168329,0.2735452648889468,2051816.75,6052286.106518048,0.5,613392833.8283722,100000000000.0,100000000000.0,1000000000.0,clip,False,0,443,0,443,,,,,,,,,
2026-05-18T19:56:44,0,2,2,1,444,74816,444,True,5.9358288770053475e-08,,,,,,6149.433374404907,633.60200715065,0.000301361083984375,0.09293031692504883,1.4039342403411865,0.17723941802978516,4.4731285572052,0,41.62985179504829,26643.105148830906,0.2735452648889468,1959095.875,5970422.301887687,0.5,605228610.6518048,100000000000.0,100000000000.0,1000000000.0,clip,False,0,444,0,444,,,,,,,,,
2026-05-18T19:56:50,0,2,2,1,445,74816,445,True,5.9491978609625667e-08,,,,,,6150.420904159546,633.60200715065,0.00029397010803222656,0.09351587295532227,1.4024510383605957,0.17476868629455566,4.4773595333099365,0,41.6231675830294,26638.827253138817,0.2735452648889468,1746197.0,5885937.795849934,0.5,597042230.1887687,100000000000.0,100000000000.0,1000000000.0,clip,False,0,445,0,445,,,,,,,,,
2026-05-18T19:56:57,0,2,2,1,446,74816,446,True,5.962566844919786e-08,,,,,,6150.8002281188965,633.60200715065,0.00028967857360839844,0.09440016746520996,1.4014263153076172,0.17558956146240234,4.477092981338501,0,41.620600654476576,26637.184418865007,0.2735452648889468,2337456.0,5814968.159932936,0.5,588593779.5849934,100000000000.0,100000000000.0,1000000000.0,clip,False,0,446,0,446,,,,,,,,,
2026-05-18T19:57:03,0,2,2,1,447,74816,447,True,5.975935828877005e-08,,,,,,6150.725364685059,633.60200715065,0.00028967857360839844,0.09501147270202637,1.4017069339752197,0.17429518699645996,4.4773032665252686,0,41.62110723880584,26637.50863283574,0.2735452648889468,1950798.875,5737684.774234277,0.5,581496815.9932935,100000000000.0,100000000000.0,1000000000.0,clip,False,0,447,0,447,,,,,,,,,
2026-05-18T19:57:09,0,2,2,1,448,74816,448,True,5.989304812834224e-08,,,,,,6148.701906204224,633.60200715065,0.0002884864807128906,0.0907449722290039,1.404583215713501,0.1797471046447754,4.471508026123047,0,41.63480420829775,26646.27469331056,0.2735452648889468,1874119.25,5660413.463749591,0.5,573768477.4234277,100000000000.0,100000000000.0,1000000000.0,clip,False,0,448,0,448,,,,,,,,,
2026-05-18T19:57:15,0,2,2,1,449,74816,449,True,6.002673796791443e-08,,,,,,6155.142545700073,633.60200715065,0.0003046989440917969,0.0923314094543457,1.4040601253509521,0.17438387870788574,4.482032537460327,0,41.59123823685274,26618.392471585754,0.2735452648889468,2161422.5,5590433.6444745995,0.5,566041346.3749591,100000000000.0,100000000000.0,1000000000.0,clip,False,0,449,0,449,,,,,,,,,
2026-05-18T19:57:21,0,2,2,1,450,74816,450,True,6.016042780748662e-08,,,,,,6145.95890045166,633.60200715065,0.0003154277801513672,0.09277224540710449,1.3987722396850586,0.17717838287353516,4.474865674972534,0,41.65338625697397,26658.167204463338,0.2735452648889468,1892383.875,5516472.649085107,0.5,559043364.4474599,100000000000.0,100000000000.0,1000000000.0,clip,False,0,450,0,450,,,,,,,,,
2026-05-18T19:57:27,0,2,2,1,451,74816,451,True,6.029411764705882e-08,466.35882568359375,188.4032745361328,0.7175934910774231,275.21759033203125,2.0203967094421387,6149.251461029053,633.60200715065,0.00031638145446777344,0.09298515319824219,1.4037492275238037,0.1748192310333252,4.475600957870483,0,41.63108333142704,26643.893332113308,0.2735452648889468,2395271.75,5454048.631103405,0.5,551647264.9085107,100000000000.0,100000000000.0,1000000000.0,clip,False,0,451,0,451,470.497802734375,413.9529113769531,524.5675048828125,6149.251302083333,6154.44580078125,768.8004150390625,0.0,999.1461791992188,639453.5625
2026-05-18T19:57:33,0,2,2,1,452,74816,452,True,6.042780748663101e-08,,,,,,6161.98205947876,633.60200715065,0.00027871131896972656,0.09260797500610352,1.3920066356658936,0.17913556098937988,4.4702394008636475,0,41.54507389488488,26588.847292726325,0.2735452648889468,1967840.75,5384324.473481337,0.5,545404863.1103405,100000000000.0,100000000000.0,1000000000.0,clip,False,0,452,0,452,,,,,,,,,
2026-05-18T19:57:40,0,2,2,1,453,74816,453,True,6.056149732620321e-08,,,,,,6150.339126586914,633.60200715065,0.0003314018249511719,0.09679150581359863,1.3992586135864258,0.17604994773864746,4.475908041000366,0,41.62372102269185,26639.181454522786,0.2735452648889468,2427014.25,5325178.26901171,0.5,538432447.3481337,100000000000.0,100000000000.0,1000000000.0,clip,False,0,453,0,453,,,,,,,,,
2026-05-18T19:57:46,0,2,2,1,454,74816,454,True,6.06951871657754e-08,,,,,,6150.03514289856,633.60200715065,0.0003139972686767578,0.0940248966217041,1.4021100997924805,0.17629480361938477,4.475098133087158,0,41.62577839829143,26640.498174906515,0.2735452648889468,1849451.75,5255663.738631476,0.5,532517826.90117097,100000000000.0,100000000000.0,1000000000.0,clip,False,0,454,0,454,,,,,,,,,
2026-05-18T19:57:52,0,2,2,1,455,74816,455,True,6.08288770053476e-08,,,,,,6150.06422996521,633.60200715065,0.0003159046173095703,0.09448480606079102,1.4018287658691406,0.17622160911560059,4.47524881362915,0,41.62558152688564,26640.37217720681,0.2735452648889468,1882167.75,5188193.818858846,0.5,525566373.86314756,100000000000.0,100000000000.0,1000000000.0,clip,False,0,455,0,455,,,,,,,,,
2026-05-18T19:57:58,0,2,2,1,456,74816,456,True,6.096256684491979e-08,,,,,,6149.009943008423,633.60200715065,0.0003159046173095703,0.09264659881591797,1.4034616947174072,0.1768651008605957,4.473773002624512,0,41.63271849821586,26644.93983885815,0.2735452648889468,2146545.25,5127360.847481669,0.5,518819381.8858846,100000000000.0,100000000000.0,1000000000.0,clip,False,0,456,0,456,,,,,,,,,
2026-05-18T19:58:04,0,2,2,1,457,74816,457,True,6.109625668449198e-08,,,,,,6150.177478790283,633.60200715065,0.0003077983856201172,0.09325361251831055,1.4025657176971436,0.1770620346069336,4.474889516830444,0,41.62481503710268,26639.88162374571,0.2735452648889468,1960050.875,5064014.648032036,0.5,512736084.7481669,100000000000.0,100000000000.0,1000000000.0,clip,False,0,457,0,457,,,,,,,,,
2026-05-18T19:58:10,0,2,2,1,458,74816,458,True,6.122994652406417e-08,,,,,,6150.772333145142,633.60200715065,0.0003161430358886719,0.09310746192932129,1.4028139114379883,0.1768054962158203,4.475797414779663,0,41.620789412164235,26637.305223785108,0.2735452648889468,2798537.75,5018705.110071395,0.5,506401464.8032036,100000000000.0,100000000000.0,1000000000.0,clip,False,0,458,0,458,,,,,,,,,
2026-05-18T19:58:17,0,2,2,1,459,74816,459,True,6.136363636363636e-08,,,,,,6151.097536087036,633.60200715065,0.0003147125244140625,0.09381675720214844,1.4023635387420654,0.17664146423339844,4.475897550582886,0,41.61858895881726,26635.89693364305,0.2735452648889468,1891452.75,4956160.062869966,0.5,501870511.00713944,100000000000.0,100000000000.0,1000000000.0,clip,False,0,459,0,459,,,,,,,,,
2026-05-18T19:58:23,0,2,2,1,460,74816,460,True,6.149732620320855e-08,,,,,,6148.682117462158,633.60200715065,0.0003170967102050781,0.09377551078796387,1.401648759841919,0.18322372436523438,4.467592239379883,0,41.63493820455673,26646.36045091631,0.2735452648889468,2362625.0,4904289.361612567,0.5,495616006.2869966,100000000000.0,100000000000.0,1000000000.0,clip,False,0,460,0,460,,,,,,,,,
2026-05-18T19:58:29,0,2,2,1,461,74816,461,True,6.163101604278075e-08,490.2872619628906,197.74253845214844,0.7189337611198425,289.81646728515625,2.009307861328125,6150.705099105835,633.60200715065,0.00031495094299316406,0.09642291069030762,1.4007549285888672,0.1764833927154541,4.4747490882873535,0,41.621244373627384,26637.596399121525,0.2735452648889468,2082781.875,4847859.211880315,0.5,490428936.1612567,100000000000.0,100000000000.0,1000000000.0,clip,False,0,461,0,461,466.1287434895833,409.7030944824219,520.039306640625,6151.572916666667,6157.67431640625,768.8004150390625,0.0,998.7691650390625,639212.3125
2026-05-18T19:58:35,0,2,2,1,462,74816,462,True,6.176470588235294e-08,,,,,,6158.127546310425,633.60200715065,0.00028324127197265625,0.09399747848510742,1.3900718688964844,0.17902755737304688,4.471928119659424,0,41.57107790880032,26605.489861632203,0.2735452648889468,1668274.75,4784267.522642708,0.5,484785921.1880315,100000000000.0,100000000000.0,1000000000.0,clip,False,0,462,0,462,,,,,,,,,
2026-05-18T19:58:41,0,2,2,1,463,74816,463,True,6.189839572192513e-08,,,,,,6150.384187698364,633.60200715065,0.0003216266632080078,0.09389066696166992,1.4019274711608887,0.1777806282043457,4.4745001792907715,0,41.62341606432263,26638.986281166486,0.2735452648889468,2035278.25,4729287.7371898545,0.5,478426752.26427084,100000000000.0,100000000000.0,1000000000.0,clip,False,0,463,0,463,,,,,,,,,
2026-05-18T19:58:47,0,2,2,1,464,74816,464,True,6.203208556149732e-08,,,,,,6150.924205780029,633.60200715065,0.00035881996154785156,0.09636521339416504,1.3987605571746826,0.17569565773010254,4.477483749389648,0,41.61976175213418,26636.647521365878,0.2735452648889468,1877672.0,4672255.422446058,0.5,472928773.71898544,100000000000.0,100000000000.0,1000000000.0,clip,False,0,464,0,464,,,,,,,,,
2026-05-18T19:58:53,0,2,2,1,465,74816,465,True,6.216577540106951e-08,,,,,,6147.754907608032,633.60200715065,0.00029778480529785156,0.09875249862670898,1.3955268859863281,0.177778959274292,4.473204851150513,0,41.64121762290691,26650.379278660417,0.2735452648889468,1950801.625,4617826.346497136,0.5,467225542.24460584,100000000000.0,100000000000.0,1000000000.0,clip,False,0,465,0,465,,,,,,,,,
2026-05-18T19:59:00,0,2,2,1,466,74816,466,True,6.229946524064172e-08,,,,,,6147.761821746826,633.60200715065,0.0002980232238769531,0.09387016296386719,1.4004428386688232,0.18001127243041992,4.471144676208496,0,41.64117079071553,26650.349306057935,0.2735452648889468,1928506.25,4564039.944567193,0.5,461782634.64971364,100000000000.0,100000000000.0,1000000000.0,clip,False,0,466,0,466,,,,,,,,,
2026-05-18T19:59:06,0,2,2,1,467,74816,467,True,6.24331550802139e-08,,,,,,6149.875640869141,633.60200715065,0.00031185150146484375,0.09425759315490723,1.4023375511169434,0.17539286613464355,4.475473403930664,0,41.626857996728596,26641.189117906302,0.2735452648889468,1791577.375,4508590.6931758495,0.5,456403994.45671934,100000000000.0,100000000000.0,1000000000.0,clip,False,0,467,0,467,,,,,,,,,
2026-05-18T19:59:12,0,2,2,1,468,74816,468,True,6.25668449197861e-08,,,,,,6272.545099258423,633.60200715065,0.0003113746643066406,0.0935981273651123,1.402214765548706,0.17664265632629395,4.597875595092773,0,40.81277949364857,26120.178875935086,0.2735452648889468,1982100.875,4458060.896812333,0.5,450859069.31758493,100000000000.0,100000000000.0,1000000000.0,clip,False,0,468,0,468,,,,,,,,,
2026-05-18T19:59:18,0,2,2,1,469,74816,469,True,6.270053475935828e-08,,,,,,6150.120973587036,633.60200715065,0.00030732154846191406,0.09622550010681152,1.3996696472167969,0.17770171165466309,4.474135637283325,0,41.62519747163427,26640.126381845934,0.2735452648889468,1676478.75,4402429.253876086,0.5,445806089.6812333,100000000000.0,100000000000.0,1000000000.0,clip,False,0,469,0,469,,,,,,,,,
2026-05-18T19:59:24,0,2,2,1,470,74816,470,True,6.283422459893048e-08,,,,,,6148.721218109131,633.60200715065,0.0003113746643066406,0.09413576126098633,1.4023640155792236,0.1771540641784668,4.472553730010986,0,41.63467344169585,26646.191002685344,0.2735452648889468,1904254.875,4352465.766298565,0.5,440242925.38760865,100000000000.0,100000000000.0,1000000000.0,clip,False,0,470,0,470,,,,,,,,,
2026-05-18T19:59:31,0,2,2,1,471,74816,471,True,6.296791443850267e-08,527.1090698242188,225.0015869140625,0.7207344174385071,299.41650390625,1.9702509641647339,6443.01962852478,633.60200715065,0.0002999305725097656,0.0945596694946289,1.4023573398590088,0.17718815803527832,4.766509056091309,0,39.732922567335834,25429.070443094934,0.2735452648889468,1738705.125,4300190.553472593,0.5,435246576.6298565,100000000000.0,100000000000.0,1000000000.0,clip,False,0,471,0,471,476.6305338541667,412.51495361328125,527.1090698242188,6442.095052083333,6447.3916015625,768.8004150390625,0.0,953.7271728515625,610385.375
2026-05-18T19:59:37,0,2,2,1,472,74816,472,True,6.310160427807487e-08,,,,,,6156.538009643555,633.60200715065,0.0002853870391845703,0.09355711936950684,1.3906028270721436,0.17665863037109375,4.473701000213623,0,41.58181101115652,26612.359047140173,0.2735452648889468,1920161.875,4252589.979903141,0.5,430019055.34725934,100000000000.0,100000000000.0,1000000000.0,clip,False,0,472,0,472,,,,,,,,,
2026-05-18T19:59:43,0,2,2,1,473,74816,473,True,6.323529411764706e-08,,,,,,6149.479389190674,633.60200715065,0.0003185272216796875,0.09377670288085938,1.4021878242492676,0.17740750312805176,4.473738431930542,0,41.629540290839465,26642.905786137257,0.2735452648889468,2173855.0,4211015.280305078,0.5,425258997.9903141,100000000000.0,100000000000.0,1000000000.0,clip,False,0,473,0,473,,,,,,,,,
2026-05-18T19:59:49,0,2,2,1,474,74816,474,True,6.336898395721925e-08,,,,,,6150.451898574829,633.60200715065,0.0003209114074707031,0.09332585334777832,1.4026401042938232,0.17692828178405762,4.475219964981079,0,41.62295782840279,26638.693010177787,0.2735452648889468,1859817.0,4163991.3146989765,0.5,421101528.0305078,100000000000.0,100000000000.0,1000000000.0,clip,False,0,474,0,474,,,,,,,,,
2026-05-18T19:59:55,0,2,2,1,475,74816,475,True,6.350267379679144e-08,,,,,,6151.140451431274,633.60200715065,0.0003120899200439453,0.09357762336730957,1.40299391746521,0.17628192901611328,4.476057052612305,0,41.618298593788865,26635.711100024873,0.2735452648889468,1623745.25,4113186.393404997,0.5,416399131.4698976,100000000000.0,100000000000.0,1000000000.0,clip,False,0,475,0,475,,,,,,,,,
2026-05-18T20:00:01,0,2,2,1,476,74816,476,True,6.363636363636363e-08,,,,,,6150.882959365845,633.60200715065,0.0003101825714111328,0.09309101104736328,1.4029779434204102,0.18047618865966797,4.472163200378418,0,41.62004084473647,26636.826140631343,0.2735452648889468,1740267.25,4065728.010536897,0.5,411318639.3404997,100000000000.0,100000000000.0,1000000000.0,clip,False,0,476,0,476,,,,,,,,,
2026-05-18T20:00:08,0,2,2,1,477,74816,477,True,6.377005347593582e-08,,,,,,6149.799346923828,633.60200715065,0.0003001689910888672,0.09397482872009277,1.4024794101715088,0.17737698554992676,4.473559379577637,0,41.6273744163788,26641.51962648243,0.2735452648889468,2192220.75,4028257.865326159,0.5,406572801.0536897,100000000000.0,100000000000.0,1000000000.0,clip,False,0,477,0,477,,,,,,,,,
2026-05-18T20:00:14,0,2,2,1,478,74816,478,True,6.390374331550802e-08,,,,,,6150.362730026245,633.60200715065,0.00031566619873046875,0.09414029121398926,1.402214765548706,0.17716765403747559,4.474381685256958,0,41.623561282036384,26639.079220503285,0.2735452648889468,1855989.25,3984812.4930196363,0.5,402825786.5326159,100000000000.0,100000000000.0,1000000000.0,clip,False,0,478,0,478,,,,,,,,,
2026-05-18T20:00:20,0,2,2,1,479,74816,479,True,6.403743315508021e-08,,,,,,6150.181531906128,633.60200715065,0.00032258033752441406,0.09564995765686035,1.4014129638671875,0.1824800968170166,4.468155384063721,0,41.62478760535997,26639.864067430382,0.2735452648889468,1819307.125,3941502.3856592434,0.5,398481249.3019636,100000000000.0,100000000000.0,1000000000.0,clip,False,0,479,0,479,,,,,,,,,
2026-05-18T20:00:26,0,2,2,1,480,74816,480,True,6.41711229946524e-08,,,,,,6149.861574172974,633.60200715065,0.00031447410583496094,0.09323883056640625,1.4027020931243896,0.17811012268066406,4.473483562469482,0,41.62695321063818,26641.25005480843,0.2735452648889468,2775959.25,3918191.522946059,0.5,394150238.56592435,100000000000.0,100000000000.0,1000000000.0,clip,False,0,480,0,480,,,,,,,,,
2026-05-18T20:00:32,0,2,2,1,481,74816,481,True,6.430481283422459e-08,540.8550415039062,224.4066162109375,0.7196987867355347,313.75115966796875,1.9775854349136353,6152.694463729858,633.60200715065,0.0003108978271484375,0.09469032287597656,1.4019427299499512,0.1771564483642578,4.476628065109253,0,41.607786882498445,26628.983604799003,0.2735452648889468,1832886.875,3876485.429987137,0.5,391819152.29460585,100000000000.0,100000000000.0,1000000000.0,clip,False,0,481,0,481,466.62646484375,398.2541198730469,540.8550415039062,6149.142578125,6152.6943359375,768.8004150390625,0.0,999.163818359375,639464.875
2026-05-18T20:00:38,0,2,2,1,482,74816,482,True,6.443850267379678e-08,,,,,,6154.783487319946,633.60200715065,0.0002853870391845703,0.09321784973144531,1.3912489414215088,0.17649316787719727,4.473307847976685,0,41.593664590705735,26619.945338051668,0.2735452648889468,2126098.0,3841477.681387394,0.5,387648542.99871373,100000000000.0,100000000000.0,1000000000.0,clip,False,0,482,0,482,,,,,,,,,
2026-05-18T20:00:45,0,2,2,1,483,74816,483,True,6.457219251336899e-08,,,,,,6150.545597076416,633.60200715065,0.0003409385681152344,0.09572100639343262,1.3998961448669434,0.17870092391967773,4.473748207092285,0,41.622323736887076,26638.287191607727,0.2735452648889468,2208220.25,3808812.5327596464,0.5,384147768.1387394,100000000000.0,100000000000.0,1000000000.0,clip,False,0,483,0,483,,,,,,,,,
2026-05-18T20:00:51,0,2,2,1,484,74816,484,True,6.470588235294118e-08,,,,,,6147.929906845093,633.60200715065,0.00032973289489746094,0.09538483619689941,1.400568962097168,0.17717218399047852,4.471617698669434,0,41.64003231640135,26649.620682496865,0.2735452648889468,1982956.875,3772295.4196044537,0.5,380881253.2759646,100000000000.0,100000000000.0,1000000000.0,clip,False,0,484,0,484,,,,,,,,,
2026-05-18T20:00:57,0,2,2,1,485,74816,485,True,6.483957219251337e-08,,,,,,6149.218559265137,633.60200715065,0.00031566619873046875,0.0985724925994873,1.3971796035766602,0.1759333610534668,4.475069999694824,0,41.63130608104346,26644.035891867814,0.2735452648889468,1918317.75,3735215.8662123648,0.5,377229541.96044534,100000000000.0,100000000000.0,1000000000.0,clip,False,0,485,0,485,,,,,,,,,
2026-05-18T20:01:03,0,2,2,1,486,74816,486,True,6.497326203208556e-08,,,,,,6152.37283706665,633.60200715065,0.0005824565887451172,0.09381675720214844,1.4024457931518555,0.18472981452941895,4.46865177154541,0,41.609962006473026,26630.37568414274,0.2735452648889468,1750189.5,3695515.3388881176,0.5,373521586.6212365,100000000000.0,100000000000.0,1000000000.0,clip,False,0,486,0,486,,,,,,,,,
2026-05-18T20:01:09,0,2,2,1,487,74816,487,True,6.510695187165775e-08,,,,,,6147.330284118652,633.60200715065,0.0002951622009277344,0.09425497055053711,1.4026193618774414,0.1747729778289795,4.47329306602478,0,41.64409396732177,26652.220139085934,0.2735452648889468,1940920.625,3660423.4446103554,0.5,369551533.88881177,100000000000.0,100000000000.0,1000000000.0,clip,False,0,487,0,487,,,,,,,,,
2026-05-18T20:01:15,0,2,2,1,488,74816,488,True,6.524064171122994e-08,,,,,,6149.483680725098,633.60200715065,0.00030922889709472656,0.09296941757202148,1.402695894241333,0.1771385669708252,4.474372625350952,0,41.62951123887112,26642.88719287752,0.2735452648889468,2142666.5,3630068.305718148,0.5,366042344.46103555,100000000000.0,100000000000.0,1000000000.0,clip,False,0,488,0,488,,,,,,,,,
2026-05-18T20:01:21,0,2,2,1,489,74816,489,True,6.537433155080214e-08,,,,,,6149.963855743408,633.60200715065,0.0003132820129394531,0.09497237205505371,1.4017081260681152,0.17713427543640137,4.473635196685791,0,41.62626090248049,26640.806977587516,0.2735452648889468,1873451.5,3594935.9696037853,0.5,363006830.57181484,100000000000.0,100000000000.0,1000000000.0,clip,False,0,489,0,489,,,,,,,,,
2026-05-18T20:01:28,0,2,2,1,490,74816,490,True,6.550802139037433e-08,,,,,,6415.746212005615,633.60200715065,0.00031065940856933594,0.09345030784606934,1.402623176574707,0.1813817024230957,4.735773086547852,0,39.90182771272249,25537.169736142394,0.2735452648889468,1937712.375,3561791.4977117097,0.5,359493596.9603785,100000000000.0,100000000000.0,1000000000.0,clip,False,0,490,0,490,,,,,,,,,
2026-05-18T20:01:34,0,2,2,1,491,74816,491,True,6.564171122994652e-08,455.2050476074219,188.23545837402344,0.7197762131690979,264.28704833984375,1.9627596139907837,6151.599168777466,633.60200715065,0.0003108978271484375,0.09428572654724121,1.4024741649627686,0.17741703987121582,4.475095510482788,0,41.61519516735288,26633.724907105843,0.2735452648889468,2167973.75,3533915.1427574754,0.5,356179149.771171,100000000000.0,100000000000.0,1000000000.0,clip,False,0,491,0,491,479.71728515625,446.21881103515625,551.65234375,6149.236328125,6151.59912109375,768.8004150390625,0.0,999.1484375,639455.0
2026-05-18T20:01:40,0,2,2,1,492,74816,492,True,6.577540106951871e-08,,,,,,6155.619382858276,633.60200715065,0.0002875328063964844,0.09231185913085938,1.3916540145874023,0.1778256893157959,4.4725377559661865,0,41.588016424941785,26616.33051196274,0.2735452648889468,2042119.0,3504079.219902326,0.5,353391514.27574754,100000000000.0,100000000000.0,1000000000.0,clip,False,0,492,0,492,,,,,,,,,
2026-05-18T20:01:46,0,2,2,1,493,74816,493,True,6.59090909090909e-08,,,,,,6149.575233459473,633.60200715065,0.000316619873046875,0.09311270713806152,1.4028716087341309,0.17602038383483887,4.475310802459717,0,41.628891473206025,26642.490542851858,0.2735452648889468,1871036.5,3471418.3655042793,0.5,350407921.9902326,100000000000.0,100000000000.0,1000000000.0,clip,False,0,493,0,493,,,,,,,,,
2026-05-18T20:01:52,0,2,2,1,494,74816,494,True,6.60427807486631e-08,,,,,,6149.440050125122,633.60200715065,0.00031375885009765625,0.0943901538848877,1.4018244743347168,0.1779491901397705,4.473024129867554,0,41.629806602438734,26643.07622556079,0.2735452648889468,2346169.5,3448913.3881941936,0.5,347141836.5504279,100000000000.0,100000000000.0,1000000000.0,clip,False,0,494,0,494,,,,,,,,,
2026-05-18T20:01:59,0,2,2,1,495,74816,495,True,6.61764705882353e-08,,,,,,6149.439573287964,633.60200715065,0.00030875205993652344,0.09563565254211426,1.400789499282837,0.17604637145996094,4.474592924118042,0,41.62980983047902,26643.078291506576,0.2735452648889468,2643373.0,3432802.5804303098,0.5,344891338.8194194,100000000000.0,100000000000.0,1000000000.0,clip,False,0,495,0,495,,,,,,,,,
2026-05-18T20:02:05,0,2,2,1,496,74816,496,True,6.631016042780749e-08,,,,,,6149.413824081421,633.60200715065,0.0003085136413574219,0.09338259696960449,1.4029133319854736,0.1805591583251953,4.470383405685425,0,41.62998414539786,26643.18985305463,0.2735452648889468,1914014.5,3402426.8188217035,0.5,343280258.043031,100000000000.0,100000000000.0,1000000000.0,clip,False,0,496,0,496,,,,,,,,,
2026-05-18T20:02:11,0,2,2,1,497,74816,497,True,6.644385026737967e-08,,,,,,6150.156497955322,633.60200715065,0.0003063678741455078,0.09919595718383789,1.400097131729126,0.17590546607971191,4.472455978393555,0,41.62495703728997,26639.972503865578,0.2735452648889468,1730129.5,3368980.8724452695,0.5,340242681.8821704,100000000000.0,100000000000.0,1000000000.0,clip,False,0,497,0,497,,,,,,,,,
2026-05-18T20:02:17,0,2,2,1,498,74816,498,True,6.657754010695186e-08,,,,,,6150.023698806763,633.60200715065,0.00031256675720214844,0.09440231323242188,1.401681900024414,0.17867183685302734,4.472858190536499,0,41.625855856404186,26640.547748098677,0.2735452648889468,2142847.75,3344458.209996364,0.5,336898087.2445269,100000000000.0,100000000000.0,1000000000.0,clip,False,0,498,0,498,,,,,,,,,
2026-05-18T20:02:23,0,2,2,1,499,74816,499,True,6.671122994652407e-08,,,,,,6150.220632553101,633.60200715065,0.0003314018249511719,0.09355664253234863,1.4031322002410889,0.18417716026306152,4.467089414596558,0,41.62452297158133,26639.69470181205,0.2735452648889468,2524051.0,3328050.0657964367,0.5,334445820.9996364,100000000000.0,100000000000.0,1000000000.0,clip,False,0,499,0,499,,,,,,,,,
2026-05-18T20:02:29,0,2,2,1,500,74816,500,True,6.684491978609626e-08,,,,,,6154.841661453247,633.60200715065,0.0003368854522705078,0.09548830986022949,1.399360179901123,0.17766046524047852,4.4799206256866455,0,41.593271457052346,26619.693732513504,0.2735452648889468,1811987.5,3297728.8144805077,0.5,332805006.57964367,100000000000.0,100000000000.0,1000000000.0,clip,False,0,500,0,500,,,,,,,,,
