time,node_rank,rank,local_rank,epoch,batch_index,num_batches,update_step,should_step,lr,loss_total,loss_gep,loss_zero_prob,loss_gepc,loss_gepc_zero_prob,step_ms,data_load_s,to_device_s,forward_s,loss_s,backward_s,optimizer_s,grad_sync_s,samples_per_s,tokens_per_s,mfu,grad_norm_raw,grad_norm_ema,grad_clip_threshold,grad_skip_threshold,grad_skip_max,grad_hard_raw_norm_limit,grad_ema_contribution_cap,grad_action,skipped,skipped_count_cum,clipped_count_cum,consecutive_skips,consecutive_clips,cluster_loss_total_mean,cluster_loss_total_min,cluster_loss_total_max,cluster_step_ms_mean,cluster_step_ms_max,cluster_data_load_s_max,cluster_grad_sync_s_max,cluster_samples_per_s_sum,cluster_tokens_per_s_sum
2026-05-18T19:11:16,0,7,7,1,1,74816,1,True,1.3368983957219252e-10,669.3991088867188,207.18603515625,0.7194421291351318,459.503662109375,1.9899674654006958,809445.686340332,666.9150078296661,0.0020020008087158203,0.46156787872314453,1.2439689636230469,0.2737104892730713,7.3715410232543945,0,0.3162658153846342,202.4101218461659,,91204840.0,91204840.0,0.5,100000000000.0,100000000000.0,100000000000.0,1000000000.0,clip,False,0,1,0,1,640.3086751302084,584.711669921875,701.3232421875,809494.5,810489.4375,768.8004150390625,0.0,7.5899224281311035,4857.55029296875
2026-05-18T19:11:22,0,7,7,1,2,74816,2,True,2.6737967914438504e-10,,,,,,7196.605682373047,666.9150078296661,0.0002682209014892578,0.0943746566772461,1.3981428146362305,0.2615535259246826,4.382138729095459,0,35.572325523827395,22766.288335249534,,96543344.0,91311610.08,0.5,100000000000.0,100000000000.0,100000000000.0,1000000000.0,clip,False,0,2,0,2,,,,,,,,,
2026-05-18T19:11:28,0,7,7,1,3,74816,3,True,4.0106951871657755e-10,,,,,,6288.515329360962,666.9150078296661,0.00029921531677246094,1.1673977375030518,0.549734354019165,0.17441225051879883,4.394731283187866,0,40.70913190029779,26053.844416190586,,98736800.0,91460113.8784,0.5,100000000000.0,100000000000.0,100000000000.0,1000000000.0,clip,False,0,3,0,3,,,,,,,,,
2026-05-18T19:11:34,0,7,7,1,4,74816,4,True,5.347593582887701e-10,,,,,,6149.816989898682,666.9150078296661,0.0002894401550292969,0.08798384666442871,1.4163484573364258,0.17452549934387207,4.468846559524536,0,41.627254993195756,26641.443195645286,,97532808.0,91581567.760832,0.5,100000000000.0,100000000000.0,100000000000.0,1000000000.0,clip,False,0,4,0,4,,,,,,,,,
2026-05-18T19:11:40,0,7,7,1,5,74816,5,True,6.684491978609625e-10,,,,,,6151.328802108765,666.9150078296661,0.00029730796813964844,0.09043216705322266,1.414046287536621,0.1737971305847168,4.4708240032196045,0,41.617024261853715,26634.895527586377,,96964872.0,91689233.84561536,0.5,100000000000.0,100000000000.0,100000000000.0,1000000000.0,clip,False,0,5,0,5,,,,,,,,,
2026-05-18T19:11:47,0,7,7,1,6,74816,6,True,8.021390374331551e-10,,,,,,6452.738285064697,666.9150078296661,0.0002894401550292969,0.09003424644470215,1.414264440536499,0.17313861846923828,4.773075342178345,0,39.673079658682184,25390.770981556598,,98021048.0,91815870.12870306,0.5,100000000000.0,100000000000.0,100000000000.0,1000000000.0,clip,False,0,6,0,6,,,,,,,,,
2026-05-18T19:11:53,0,7,7,1,7,74816,7,True,9.358288770053475e-10,,,,,,6154.039621353149,666.9150078296661,0.00028252601623535156,0.08815956115722656,1.416599988937378,0.17515897750854492,4.471956014633179,0,41.598692200767914,26623.163008491465,,97543176.0,91930416.24612899,0.5,100000000000.0,100000000000.0,100000000000.0,1000000000.0,clip,False,0,7,0,7,,,,,,,,,
2026-05-18T19:11:59,0,7,7,1,8,74816,8,True,1.0695187165775401e-09,,,,,,6213.062763214111,666.9150078296661,0.00041937828063964844,0.09194707870483398,1.411778450012207,0.17998218536376953,4.525530815124512,0,41.203511014842434,26370.247049499158,,98012136.0,92052050.64120641,0.5,100000000000.0,100000000000.0,100000000000.0,1000000000.0,clip,False,0,8,0,8,,,,,,,,,
2026-05-18T19:12:05,0,7,7,1,9,74816,9,True,1.2032085561497326e-09,,,,,,6150.332927703857,666.9150078296661,0.0002837181091308594,0.09168791770935059,1.4127066135406494,0.17400336265563965,4.469777822494507,0,41.62376297498648,26639.208303991345,,97280448.0,92156618.58838229,0.5,100000000000.0,100000000000.0,100000000000.0,1000000000.0,clip,False,0,9,0,9,,,,,,,,,
2026-05-18T19:12:12,0,7,7,1,10,74816,10,True,1.336898395721925e-09,,,,,,6151.51834487915,666.9150078296661,0.000270843505859375,0.08648109436035156,1.4172492027282715,0.16994667053222656,4.475517511367798,0,41.61574194330542,26634.07484371547,,99618960.0,92305865.41661465,0.5,100000000000.0,100000000000.0,100000000000.0,1000000000.0,clip,False,0,10,0,10,,,,,,,,,
2026-05-18T19:12:18,0,7,7,1,11,74816,11,True,1.4705882352941176e-09,626.3353881835938,177.64450073242188,0.7190528512001038,445.982666015625,1.989174723625183,6150.131702423096,666.9150078296661,0.0002694129943847656,0.08781743049621582,1.416609525680542,0.17162156105041504,4.471940040588379,0,41.62512485694222,26640.079908443022,,97702480.0,92413797.70828237,0.5,100000000000.0,100000000000.0,100000000000.0,1000000000.0,clip,False,0,11,0,11,630.4042154947916,568.9302368164062,698.9390869140625,6149.360677083333,6154.24951171875,768.8004150390625,0.0,999.1285400390625,639442.25
2026-05-18T19:12:24,0,7,7,1,12,74816,12,True,1.6042780748663102e-09,,,,,,6160.968780517578,666.9150078296661,0.0002682209014892578,0.08603358268737793,1.4000720977783203,0.17719531059265137,4.465930938720703,0,41.55190670816768,26593.220293227314,,97152176.0,92508565.27411671,0.5,100000000000.0,100000000000.0,100000000000.0,1000000000.0,clip,False,0,12,0,12,,,,,,,,,
2026-05-18T19:12:30,0,7,7,1,13,74816,13,True,1.7379679144385026e-09,,,,,,6150.8917808532715,666.9150078296661,0.0002930164337158203,0.08780026435852051,1.417147159576416,0.1720435619354248,4.471689701080322,0,41.619981154096465,26636.787938621736,,96201584.0,92582425.64863437,0.5,100000000000.0,100000000000.0,100000000000.0,1000000000.0,clip,False,0,13,0,13,,,,,,,,,
2026-05-18T19:12:36,0,7,7,1,14,74816,14,True,1.871657754010695e-09,,,,,,6150.069236755371,666.9150078296661,0.0002841949462890625,0.09061312675476074,1.4133656024932861,0.17885208129882812,4.464870452880859,0,41.625547639372506,26640.350489198405,,98174080.0,92694258.7356617,0.5,100000000000.0,100000000000.0,100000000000.0,1000000000.0,clip,False,0,14,0,14,,,,,,,,,
2026-05-18T19:12:42,0,7,7,1,15,74816,15,True,2.0053475935828875e-09,,,,,,6152.054309844971,666.9150078296661,0.0002980232238769531,0.09136295318603516,1.4134578704833984,0.1782069206237793,4.4668543338775635,0,41.61211639343462,26631.754491798154,,97234856.0,92785070.68094847,0.5,100000000000.0,100000000000.0,100000000000.0,1000000000.0,clip,False,0,15,0,15,,,,,,,,,
2026-05-18T19:12:48,0,7,7,1,16,74816,16,True,2.1390374331550803e-09,,,,,,6158.59842300415,666.9150078296661,0.0003006458282470703,0.08617711067199707,1.4180676937103271,0.17357397079467773,4.478633880615234,0,41.56789944994072,26603.45564796206,,96073600.0,92850841.2673295,0.5,100000000000.0,100000000000.0,100000000000.0,1000000000.0,clip,False,0,16,0,16,,,,,,,,,
2026-05-18T19:12:55,0,7,7,1,17,74816,17,True,2.2727272727272727e-09,,,,,,6150.0890254974365,666.9150078296661,0.0002951622009277344,0.08871078491210938,1.415989875793457,0.1784191131591797,4.464341878890991,0,41.62541370355106,26640.26477027268,,97394552.0,92941715.48198292,0.5,100000000000.0,100000000000.0,100000000000.0,1000000000.0,clip,False,0,17,0,17,,,,,,,,,
2026-05-18T19:13:01,0,7,7,1,18,74816,18,True,2.406417112299465e-09,,,,,,6149.780988693237,666.9150078296661,0.0002887248992919922,0.0876762866973877,1.4174089431762695,0.17804741859436035,4.4644935131073,0,41.62749868176969,26641.5991563326,,96955568.0,93021992.53234325,0.5,100000000000.0,100000000000.0,100000000000.0,1000000000.0,clip,False,0,18,0,18,,,,,,,,,
2026-05-18T19:13:07,0,7,7,1,19,74816,19,True,2.5401069518716575e-09,,,,,,6151.730060577393,666.9150078296661,0.0002903938293457031,0.08589673042297363,1.418644905090332,0.17824029922485352,4.466677188873291,0,41.61430971110787,26633.158215109037,,98589184.0,93133336.36169639,0.5,100000000000.0,100000000000.0,100000000000.0,1000000000.0,clip,False,0,19,0,19,,,,,,,,,
2026-05-18T19:13:13,0,7,7,1,20,74816,20,True,2.67379679144385e-09,,,,,,6151.629447937012,666.9150078296661,0.0003216266632080078,0.08719468116760254,1.4174208641052246,0.1717383861541748,4.472892761230469,0,41.614990331683785,26633.59381227762,,97469176.0,93220053.15446246,0.5,100000000000.0,100000000000.0,100000000000.0,1000000000.0,clip,False,0,20,0,20,,,,,,,,,
2026-05-18T19:13:19,0,7,7,1,21,74816,21,True,2.8074866310160428e-09,632.5908203125,190.21585083007812,0.7176292538642883,439.6566467285156,2.000697374343872,6151.270151138306,666.9150078296661,0.00030112266540527344,0.09462261199951172,1.4094057083129883,0.17771005630493164,4.46712851524353,0,41.61742107077294,26635.149485294685,,96557584.0,93286803.77137321,0.5,100000000000.0,100000000000.0,100000000000.0,1000000000.0,clip,False,0,21,0,21,627.0322265625,552.3350219726562,672.52197265625,6151.369791666667,6153.51416015625,768.8004150390625,0.0,998.802001953125,639233.25
2026-05-18T19:13:25,0,7,7,1,22,74816,22,True,2.941176470588235e-09,,,,,,6163.588762283325,666.9150078296661,0.00026416778564453125,0.08633637428283691,1.4004325866699219,0.18122577667236328,4.46067476272583,0,41.53424407003491,26581.91620482234,,96791840.0,93356904.49594574,0.5,100000000000.0,100000000000.0,100000000000.0,1000000000.0,clip,False,0,22,0,22,,,,,,,,,
2026-05-18T19:13:32,0,7,7,1,23,74816,23,True,3.074866310160428e-09,,,,,,6154.682636260986,666.9150078296661,0.00031948089599609375,0.08847951889038086,1.416245460510254,0.1729869842529297,4.474677324295044,0,41.59434614739483,26620.38153433269,,97073120.0,93431228.80602683,0.5,100000000000.0,100000000000.0,100000000000.0,1000000000.0,clip,False,0,23,0,23,,,,,,,,,
2026-05-18T19:13:38,0,7,7,1,24,74816,24,True,3.2085561497326204e-09,,,,,,6156.923055648804,666.9150078296661,0.00028824806213378906,0.08942818641662598,1.4127197265625,0.1831350326538086,4.469369173049927,0,41.57921053847298,26610.694744622706,,96462200.0,93491848.22990629,0.5,100000000000.0,100000000000.0,100000000000.0,1000000000.0,clip,False,0,24,0,24,,,,,,,,,
2026-05-18T19:13:44,0,7,7,1,25,74816,25,True,3.3422459893048124e-09,,,,,,6149.941444396973,666.9150078296661,0.00029850006103515625,0.09046316146850586,1.4125487804412842,0.18288064002990723,4.461947679519653,0,41.62641259507177,26640.904060845933,,96753424.0,93557079.74530816,0.5,100000000000.0,100000000000.0,100000000000.0,1000000000.0,clip,False,0,25,0,25,,,,,,,,,
2026-05-18T19:13:50,0,7,7,1,26,74816,26,True,3.4759358288770053e-09,,,,,,6149.974822998047,666.9150078296661,0.0003132820129394531,0.08902907371520996,1.4152650833129883,0.17575907707214355,4.467307806015015,0,41.62618667033872,26640.75946901678,,97311880.0,93632175.750402,0.5,100000000000.0,100000000000.0,100000000000.0,1000000000.0,clip,False,0,26,0,26,,,,,,,,,
2026-05-18T19:13:56,0,7,7,1,27,74816,27,True,3.6096256684491977e-09,,,,,,6149.730205535889,666.9150078296661,0.0002856254577636719,0.08800864219665527,1.4162395000457764,0.1785743236541748,4.464858055114746,0,41.627842432754676,26641.819156962993,,95252928.0,93664590.79539396,0.5,100000000000.0,100000000000.0,100000000000.0,1000000000.0,clip,False,0,27,0,27,,,,,,,,,
2026-05-18T19:14:02,0,7,7,1,28,74816,28,True,3.74331550802139e-09,,,,,,6150.132417678833,666.9150078296661,0.00029730796813964844,0.08579826354980469,1.4190165996551514,0.17152118682861328,4.471598386764526,0,41.62512001597176,26640.076810221926,,96178352.0,93714866.01948608,0.5,100000000000.0,100000000000.0,100000000000.0,1000000000.0,clip,False,0,28,0,28,,,,,,,,,
2026-05-18T19:14:08,0,7,7,1,29,74816,29,True,3.8770053475935825e-09,,,,,,6151.044845581055,666.9150078296661,0.0002892017364501953,0.08769035339355469,1.4176630973815918,0.17842316627502441,4.465168714523315,0,41.61894546808772,26636.125099576144,,95945680.0,93759482.29909638,0.5,100000000000.0,100000000000.0,100000000000.0,1000000000.0,clip,False,0,29,0,29,,,,,,,,,
2026-05-18T19:14:15,0,7,7,1,30,74816,30,True,4.010695187165775e-09,,,,,,6149.611711502075,666.9150078296661,0.0002918243408203125,0.08630132675170898,1.4182226657867432,0.1763441562652588,4.466521501541138,0,41.62864454046492,26642.33250589755,,97183760.0,93827967.85311446,0.5,100000000000.0,100000000000.0,100000000000.0,1000000000.0,clip,False,0,30,0,30,,,,,,,,,
2026-05-18T19:14:21,0,7,7,1,31,74816,31,True,4.144385026737968e-09,594.3971557617188,179.97406005859375,0.7192305326461792,411.6808776855469,2.0230019092559814,6151.057958602905,666.9150078296661,0.0003001689910888672,0.0910787582397461,1.413461446762085,0.17096638679504395,4.4733476638793945,0,41.61885674349027,26636.06831583377,,95630088.0,93864010.25605217,0.5,100000000000.0,100000000000.0,100000000000.0,1000000000.0,clip,False,0,31,0,31,616.103515625,542.1213989257812,680.8824462890625,6150.972005208333,6155.2275390625,768.8004150390625,0.0,998.8665771484375,639274.625
2026-05-18T19:14:27,0,7,7,1,32,74816,32,True,4.2780748663101606e-09,,,,,,6171.20885848999,666.9150078296661,0.00027108192443847656,0.08770155906677246,1.3990874290466309,0.1771397590637207,4.477265357971191,0,41.48295834256364,26549.09333924073,,95529488.0,93897319.81093113,0.5,100000000000.0,100000000000.0,100000000000.0,1000000000.0,clip,False,0,32,0,32,,,,,,,,,
2026-05-18T19:14:33,0,7,7,1,33,74816,33,True,4.411764705882352e-09,,,,,,6149.718284606934,666.9150078296661,0.0002849102020263672,0.0901651382446289,1.4140102863311768,0.17199492454528809,4.471251010894775,0,41.62792312629692,26641.87080083003,,96741152.0,93954196.45471251,0.5,100000000000.0,100000000000.0,100000000000.0,1000000000.0,clip,False,0,33,0,33,,,,,,,,,
2026-05-18T19:14:39,0,7,7,1,34,74816,34,True,4.545454545454545e-09,,,,,,6152.4977684021,666.9150078296661,0.0003452301025390625,0.08770394325256348,1.416933536529541,0.18092918395996094,4.464679479598999,0,41.60911708326994,26629.834933292765,,97046824.0,94016049.00561826,0.5,100000000000.0,100000000000.0,100000000000.0,1000000000.0,clip,False,0,34,0,34,,,,,,,,,
2026-05-18T19:14:45,0,7,7,1,35,74816,35,True,4.679144385026738e-09,,,,,,6147.988080978394,666.9150078296661,0.0003154277801513672,0.09040474891662598,1.4125721454620361,0.17621612548828125,4.466145992279053,0,41.63963830574962,26649.368515679755,,96501528.0,94065758.58550589,0.5,100000000000.0,100000000000.0,100000000000.0,1000000000.0,clip,False,0,35,0,35,,,,,,,,,
2026-05-18T19:14:52,0,7,7,1,36,74816,36,True,4.81283422459893e-09,,,,,,6149.346113204956,666.9150078296661,0.0002982616424560547,0.0873727798461914,1.4166924953460693,0.17810440063476562,4.46491265296936,0,41.63044253604002,26643.483223065617,,95597888.0,94096401.17379577,0.5,100000000000.0,100000000000.0,100000000000.0,1000000000.0,clip,False,0,36,0,36,,,,,,,,,
2026-05-18T19:14:58,0,7,7,1,37,74816,37,True,4.946524064171123e-09,,,,,,6150.046110153198,666.9150078296661,0.0002963542938232422,0.09130239486694336,1.4135539531707764,0.1667921543121338,4.476137399673462,0,41.625704167870545,26640.450667437148,,94890496.0,94112283.07031986,0.5,100000000000.0,100000000000.0,100000000000.0,1000000000.0,clip,False,0,37,0,37,,,,,,,,,
2026-05-18T19:15:04,0,7,7,1,38,74816,38,True,5.080213903743315e-09,,,,,,6149.518966674805,666.9150078296661,0.0002994537353515625,0.08633995056152344,1.41749906539917,0.17347311973571777,4.469757080078125,0,41.62927236866877,26642.734315948015,,96836824.0,94166773.88891347,0.5,100000000000.0,100000000000.0,100000000000.0,1000000000.0,clip,False,0,38,0,38,,,,,,,,,
2026-05-18T19:15:10,0,7,7,1,39,74816,39,True,5.213903743315508e-09,,,,,,6153.451919555664,666.9150078296661,0.0003039836883544922,0.08691620826721191,1.4167940616607666,0.17005634307861328,4.477389574050903,0,41.60266519454426,26625.705724508327,,97421760.0,94231873.6111352,0.5,100000000000.0,100000000000.0,100000000000.0,1000000000.0,clip,False,0,39,0,39,,,,,,,,,
2026-05-18T19:15:16,0,7,7,1,40,74816,40,True,5.3475935828877e-09,,,,,,6148.148536682129,666.9150078296661,0.0003151893615722656,0.08982706069946289,1.4114353656768799,0.17055583000183105,4.473980903625488,0,41.638551585507294,26648.673014724667,,95397328.0,94255182.6989125,0.5,100000000000.0,100000000000.0,100000000000.0,1000000000.0,clip,False,0,40,0,40,,,,,,,,,
2026-05-18T19:15:22,0,7,7,1,41,74816,41,True,5.481283422459893e-09,686.6968383789062,207.87164306640625,0.7202019691467285,476.1282958984375,1.9767074584960938,6149.963855743408,666.9150078296661,0.00029349327087402344,0.08916902542114258,1.4144842624664307,0.1691732406616211,4.474799871444702,0,41.62626090248049,26640.806977587516,,96787872.0,94305836.48493424,0.5,100000000000.0,100000000000.0,100000000000.0,1000000000.0,clip,False,0,41,0,41,644.9625244140625,561.7142944335938,712.2764282226562,6150.124348958333,6153.1103515625,768.8004150390625,0.0,999.0042114257812,639362.75
2026-05-18T19:15:28,0,7,7,1,42,74816,42,True,5.6149732620320855e-09,,,,,,6160.214185714722,666.9150078296661,0.0002751350402832031,0.08715939521789551,1.3998115062713623,0.17222905158996582,4.471483469009399,0,41.55699660470463,26596.477827010964,,95900544.0,94337730.63523555,0.5,100000000000.0,100000000000.0,100000000000.0,1000000000.0,clip,False,0,42,0,42,,,,,,,,,
2026-05-18T19:15:35,0,7,7,1,43,74816,43,True,5.748663101604277e-09,,,,,,6150.522470474243,666.9150078296661,0.00032258033752441406,0.09118175506591797,1.4128859043121338,0.17709827423095703,4.4669189453125,0,41.62248024113971,26638.387354329418,,96555600.0,94382088.02253084,0.5,100000000000.0,100000000000.0,100000000000.0,1000000000.0,clip,False,0,43,0,43,,,,,,,,,
2026-05-18T19:15:41,0,7,7,1,44,74816,44,True,5.88235294117647e-09,,,,,,6152.155637741089,666.9150078296661,0.00029540061950683594,0.08867263793945312,1.4149339199066162,0.1784822940826416,4.467521905899048,0,41.611431029075284,26631.315858608184,,94829768.0,94391041.62208022,0.5,100000000000.0,100000000000.0,100000000000.0,1000000000.0,clip,False,0,44,0,44,,,,,,,,,
2026-05-18T19:15:47,0,7,7,1,45,74816,45,True,6.016042780748663e-09,,,,,,6150.228023529053,666.9150078296661,0.0002923011779785156,0.0925288200378418,1.4127306938171387,0.17391729354858398,4.468762636184692,0,41.62447294972082,26639.662687821325,,96611416.0,94435449.10963862,0.5,100000000000.0,100000000000.0,100000000000.0,1000000000.0,clip,False,0,45,0,45,,,,,,,,,
2026-05-18T19:15:53,0,7,7,1,46,74816,46,True,6.149732620320856e-09,,,,,,6149.993419647217,666.9150078296661,0.0002956390380859375,0.08723616600036621,1.4169576168060303,0.17858362197875977,4.464963436126709,0,41.626060799051224,26640.678911392784,,96316328.0,94473066.68744585,0.5,100000000000.0,100000000000.0,100000000000.0,1000000000.0,clip,False,0,46,0,46,,,,,,,,,
2026-05-18T19:15:59,0,7,7,1,47,74816,47,True,6.283422459893048e-09,,,,,,6151.177406311035,666.9150078296661,0.0002906322479248047,0.09512639045715332,1.4096996784210205,0.17772984504699707,4.466428518295288,0,41.61804856048324,26635.55107870927,,95600176.0,94495608.87369692,0.5,100000000000.0,100000000000.0,100000000000.0,1000000000.0,clip,False,0,47,0,47,,,,,,,,,
2026-05-18T19:16:05,0,7,7,1,48,74816,48,True,6.417112299465241e-09,,,,,,6150.834321975708,666.9150078296661,0.0002655982971191406,0.08615994453430176,1.4185001850128174,0.17533469200134277,4.468698024749756,0,41.62036995296116,26637.036769895145,,96468944.0,94535075.57622297,0.5,100000000000.0,100000000000.0,100000000000.0,1000000000.0,clip,False,0,48,0,48,,,,,,,,,
2026-05-18T19:16:11,0,7,7,1,49,74816,49,True,6.550802139037433e-09,,,,,,6151.162624359131,666.9150078296661,0.0002925395965576172,0.08765220642089844,1.4177169799804688,0.1738264560699463,4.469829797744751,0,41.61814857344498,26635.615087004782,,95664432.0,94557662.70469852,0.5,100000000000.0,100000000000.0,100000000000.0,1000000000.0,clip,False,0,49,0,49,,,,,,,,,
2026-05-18T19:16:18,0,7,7,1,50,74816,50,True,6.684491978609625e-09,,,,,,6150.877952575684,666.9150078296661,0.0002956390380859375,0.08651852607727051,1.4178364276885986,0.17863965034484863,4.465541839599609,0,41.62007472328399,26636.847822901756,,94806176.0,94562632.97060454,0.5,100000000000.0,100000000000.0,100000000000.0,1000000000.0,clip,False,0,50,0,50,,,,,,,,,
2026-05-18T19:16:24,0,7,7,1,51,74816,51,True,6.818181818181818e-09,599.3731689453125,180.44886779785156,0.7191832661628723,416.23699951171875,1.968159794807434,6151.281118392944,666.9150078296661,0.00026226043701171875,0.08688807487487793,1.4164636135101318,0.17154788970947266,4.474502801895142,0,41.61734687015595,26635.101996899808,,95831632.0,94588012.95119245,0.5,100000000000.0,100000000000.0,100000000000.0,1000000000.0,clip,False,0,51,0,51,638.0814615885416,576.5716552734375,721.7869262695312,6150.464192708333,6153.8037109375,768.8004150390625,0.0,998.9490966796875,639327.4375
2026-05-18T19:16:30,0,7,7,1,52,74816,52,True,6.9518716577540105e-09,,,,,,6159.058332443237,666.9150078296661,0.00028586387634277344,0.09145116806030273,1.3947718143463135,0.17552995681762695,4.466644525527954,0,41.564795490165025,26601.469113705618,,95770168.0,94611656.05216861,0.5,100000000000.0,100000000000.0,100000000000.0,1000000000.0,clip,False,0,52,0,52,,,,,,,,,
2026-05-18T19:16:36,0,7,7,1,53,74816,53,True,7.085561497326203e-09,,,,,,6147.031307220459,666.9150078296661,0.0002791881561279297,0.09492301940917969,1.4093470573425293,0.1793069839477539,4.461312770843506,0,41.64611943643364,26653.516439317526,,94406568.0,94607554.29112524,0.5,100000000000.0,100000000000.0,100000000000.0,1000000000.0,clip,False,0,53,0,53,,,,,,,,,
2026-05-18T19:16:42,0,7,7,1,54,74816,54,True,7.219251336898395e-09,,,,,,6153.696298599243,666.9150078296661,0.00030541419982910156,0.0859990119934082,1.419008731842041,0.1792774200439453,4.4672181606292725,0,41.601013046138284,26624.648349528503,,95468952.0,94624782.24530274,0.5,100000000000.0,100000000000.0,100000000000.0,1000000000.0,clip,False,0,54,0,54,,,,,,,,,
2026-05-18T19:16:48,0,7,7,1,55,74816,55,True,7.352941176470588e-09,,,,,,6150.028467178345,666.9150078296661,0.00029754638671875,0.08972859382629395,1.4129273891448975,0.17633509635925293,4.468895196914673,0,41.625823582155505,26640.527092579523,,94428672.0,94620860.04039668,0.5,100000000000.0,100000000000.0,100000000000.0,1000000000.0,clip,False,0,55,0,55,,,,,,,,,
2026-05-18T19:16:55,0,7,7,1,56,74816,56,True,7.48663101604278e-09,,,,,,6147.611856460571,666.9150078296661,0.00029349327087402344,0.08859014511108398,1.4140374660491943,0.1750333309173584,4.467755317687988,0,41.64218658843396,26650.999416597733,,93425232.0,94596947.47958875,0.5,100000000000.0,100000000000.0,100000000000.0,1000000000.0,clip,False,0,56,0,56,,,,,,,,,
2026-05-18T19:17:01,0,7,7,1,57,74816,57,True,7.620320855614973e-09,,,,,,6151.555776596069,666.9150078296661,0.00028324127197265625,0.09237241744995117,1.4122247695922852,0.17811036109924316,4.466869354248047,0,41.615488714898106,26633.91277753479,,96617720.0,94637362.92999698,0.5,100000000000.0,100000000000.0,100000000000.0,1000000000.0,clip,False,0,57,0,57,,,,,,,,,
2026-05-18T19:17:07,0,7,7,1,58,74816,58,True,7.754010695187165e-09,,,,,,6149.454832077026,666.9150078296661,0.0002942085266113281,0.0888662338256836,1.414388656616211,0.18077635765075684,4.463336944580078,0,41.62970653343818,26643.012181400438,,96380424.0,94672224.15139705,0.5,100000000000.0,100000000000.0,100000000000.0,1000000000.0,clip,False,0,58,0,58,,,,,,,,,
2026-05-18T19:17:13,0,7,7,1,59,74816,59,True,7.887700534759358e-09,,,,,,6150.865316390991,666.9150078296661,0.0002942085266113281,0.09551644325256348,1.4067363739013672,0.1813979148864746,4.465009689331055,0,41.62016022653013,26636.902544979283,,94942496.0,94677629.5883691,0.5,100000000000.0,100000000000.0,100000000000.0,1000000000.0,clip,False,0,59,0,59,,,,,,,,,
2026-05-18T19:17:19,0,7,7,1,60,74816,60,True,8.02139037433155e-09,,,,,,6147.03369140625,666.9150078296661,0.00023746490478515625,0.1062774658203125,1.396381139755249,0.16752076148986816,4.474652528762817,0,41.64610328358802,26653.506101496332,,95344072.0,94690958.43660171,0.5,100000000000.0,100000000000.0,100000000000.0,1000000000.0,clip,False,0,60,0,60,,,,,,,,,
2026-05-18T19:17:25,0,7,7,1,61,74816,61,True,8.155080213903743e-09,570.582763671875,176.03797912597656,0.7192516326904297,391.8251647949219,2.0003604888916016,6152.523994445801,666.9150078296661,0.0003058910369873047,0.08695864677429199,1.4182846546173096,0.1736154556274414,4.471420764923096,0,41.60893971825292,26629.72141968187,,94183152.0,94680802.30786969,0.5,100000000000.0,100000000000.0,100000000000.0,1000000000.0,clip,False,0,61,0,61,622.8434244791666,570.582763671875,677.679931640625,6152.172526041667,6167.33642578125,768.8004150390625,0.0,998.671875,639150.0625
2026-05-18T19:17:31,0,7,7,1,62,74816,62,True,8.288770053475936e-09,,,,,,6166.584491729736,666.9150078296661,0.00028777122497558594,0.0900883674621582,1.3966803550720215,0.1788637638092041,4.462361812591553,0,41.51406671607796,26569.002698289896,,95311352.0,94693413.3017123,0.5,100000000000.0,100000000000.0,100000000000.0,1000000000.0,clip,False,0,62,0,62,,,,,,,,,
2026-05-18T19:17:38,0,7,7,1,63,74816,63,True,8.422459893048128e-09,,,,,,6151.12829208374,666.9150078296661,0.0003025531768798828,0.08888363838195801,1.4152235984802246,0.17374658584594727,4.471048593521118,0,41.618380863468886,26635.76375262009,,94217216.0,94683889.35567807,0.5,100000000000.0,100000000000.0,100000000000.0,1000000000.0,clip,False,0,63,0,63,,,,,,,,,
2026-05-18T19:17:44,0,7,7,1,64,74816,64,True,8.556149732620321e-09,,,,,,6149.2578983306885,666.9150078296661,0.00028705596923828125,0.08940768241882324,1.4126605987548828,0.18195748329162598,4.463056802749634,0,41.63103975025916,26643.865440165864,,94706400.0,94684339.5685645,0.5,100000000000.0,100000000000.0,100000000000.0,1000000000.0,clip,False,0,64,0,64,,,,,,,,,
2026-05-18T19:17:50,0,7,7,1,65,74816,65,True,8.689839572192513e-09,,,,,,6147.549867630005,666.9150078296661,0.0002911090850830078,0.09017515182495117,1.411958932876587,0.17518162727355957,4.468074560165405,0,41.64260648750016,26651.268152000102,,93153376.0,94653720.29719321,0.5,100000000000.0,100000000000.0,100000000000.0,1000000000.0,clip,False,0,65,0,65,,,,,,,,,
2026-05-18T19:17:56,0,7,7,1,66,74816,66,True,8.823529411764704e-09,,,,,,6151.755571365356,666.9150078296661,0.0003008842468261719,0.09015178680419922,1.4139835834503174,0.17496967315673828,4.470537424087524,0,41.61413714023457,26633.047769750123,,94022856.0,94641103.01124935,0.5,100000000000.0,100000000000.0,100000000000.0,1000000000.0,clip,False,0,66,0,66,,,,,,,,,
2026-05-18T19:18:02,0,7,7,1,67,74816,67,True,8.9572192513369e-09,,,,,,6153.9294719696045,666.9150078296661,0.00028514862060546875,0.09004855155944824,1.412588119506836,0.1825265884399414,4.466623544692993,0,41.59943677711106,26623.63953735108,,93629128.0,94620863.51102436,0.5,100000000000.0,100000000000.0,100000000000.0,1000000000.0,clip,False,0,67,0,67,,,,,,,,,
2026-05-18T19:18:08,0,7,7,1,68,74816,68,True,9.09090909090909e-09,,,,,,6146.167516708374,666.9150078296661,0.0002849102020263672,0.0893712043762207,1.4128241539001465,0.18127679824829102,4.460458993911743,0,41.65197243714287,26657.262359771434,,92758432.0,94583614.88080387,0.5,100000000000.0,100000000000.0,100000000000.0,1000000000.0,clip,False,0,68,0,68,,,,,,,,,
2026-05-18T19:18:15,0,7,7,1,69,74816,69,True,9.224598930481282e-09,,,,,,6146.561861038208,666.9150078296661,0.0002951622009277344,0.09010982513427734,1.4122307300567627,0.18059635162353516,4.46140456199646,0,41.64930017588066,26655.552112563622,,95296480.0,94597872.1831878,0.5,100000000000.0,100000000000.0,100000000000.0,1000000000.0,clip,False,0,69,0,69,,,,,,,,,
2026-05-18T19:18:21,0,7,7,1,70,74816,70,True,9.358288770053476e-09,,,,,,6151.601552963257,666.9150078296661,0.00029087066650390625,0.08845281600952148,1.4170660972595215,0.17212629318237305,4.471801042556763,0,41.6151790384869,26633.714584631616,,93468272.0,94575280.17952403,0.5,100000000000.0,100000000000.0,100000000000.0,1000000000.0,clip,False,0,70,0,70,,,,,,,,,
2026-05-18T19:18:27,0,7,7,1,71,74816,71,True,9.491978609625667e-09,644.8213500976562,193.1077880859375,0.719195544719696,449.003662109375,1.9907060861587524,6151.481866836548,666.9150078296661,0.0003256797790527344,0.09137320518493652,1.4131181240081787,0.17684268951416016,4.467605352401733,0,41.61598872299857,26634.23278271909,,93276976.0,94549314.09593354,0.5,100000000000.0,100000000000.0,100000000000.0,1000000000.0,clip,False,0,71,0,71,625.7650960286459,551.9337768554688,688.9147338867188,6150.05078125,6155.00830078125,768.8004150390625,0.0,999.0166015625,639370.625
2026-05-18T19:18:33,0,7,7,1,72,74816,72,True,9.62566844919786e-09,,,,,,6158.059358596802,666.9150078296661,0.00027632713317871094,0.09050679206848145,1.3957023620605469,0.17340421676635742,4.469517946243286,0,41.57153822212151,26605.784462157764,,93895952.0,94536246.85401487,0.5,100000000000.0,100000000000.0,100000000000.0,1000000000.0,clip,False,0,72,0,72,,,,,,,,,
2026-05-18T19:18:39,0,7,7,1,73,74816,73,True,9.759358288770054e-09,,,,,,6149.4104862213135,666.9150078296661,0.0002942085266113281,0.09378814697265625,1.4108660221099854,0.17902731895446777,4.463691711425781,0,41.630006741883115,26643.204314805193,,92776712.0,94501056.15693457,0.5,100000000000.0,100000000000.0,100000000000.0,1000000000.0,clip,False,0,73,0,73,,,,,,,,,
2026-05-18T19:18:45,0,7,7,1,74,74816,74,True,9.893048128342245e-09,,,,,,6149.195671081543,666.9150078296661,0.00029158592224121094,0.08777785301208496,1.416694164276123,0.1729295253753662,4.469560861587524,0,41.63146103870424,26644.13506477071,,92730248.0,94465639.99379589,0.5,100000000000.0,100000000000.0,100000000000.0,1000000000.0,clip,False,0,74,0,74,,,,,,,,,
2026-05-18T19:18:51,0,7,7,1,75,74816,75,True,1.0026737967914437e-08,,,,,,6151.1805057525635,666.9150078296661,0.0002608299255371094,0.08718585968017578,1.4176175594329834,0.1726675033569336,4.4717020988464355,0,41.61802759008448,26635.53765765407,,93646296.0,94449253.11391997,0.5,100000000000.0,100000000000.0,100000000000.0,1000000000.0,clip,False,0,75,0,75,,,,,,,,,
2026-05-18T19:18:58,0,7,7,1,76,74816,76,True,1.016042780748663e-08,,,,,,6149.919748306274,666.9150078296661,0.0002751350402832031,0.08752012252807617,1.4174928665161133,0.17815256118774414,4.464656114578247,0,41.62655944746336,26640.998046376546,,93447704.0,94429222.13164157,0.5,100000000000.0,100000000000.0,100000000000.0,1000000000.0,clip,False,0,76,0,76,,,,,,,,,
2026-05-18T19:19:04,0,7,7,1,77,74816,77,True,1.0294117647058823e-08,,,,,,6150.368213653564,666.9150078296661,0.00027871131896972656,0.08932781219482422,1.4154748916625977,0.18026018142700195,4.463197946548462,0,41.62352417074648,26639.055469277748,,92482904.0,94390295.76900873,0.5,100000000000.0,100000000000.0,100000000000.0,1000000000.0,clip,False,0,77,0,77,,,,,,,,,
2026-05-18T19:19:10,0,7,7,1,78,74816,78,True,1.0427807486631017e-08,,,,,,6153.146266937256,666.9150078296661,0.0002906322479248047,0.0894932746887207,1.4164047241210938,0.1784818172454834,4.466646671295166,0,41.60473177365645,26627.028335140127,,92734624.0,94357182.33362855,0.5,100000000000.0,100000000000.0,100000000000.0,1000000000.0,clip,False,0,78,0,78,,,,,,,,,
2026-05-18T19:19:16,0,7,7,1,79,74816,79,True,1.0561497326203208e-08,,,,,,6160.334587097168,666.9150078296661,0.0003085136413574219,0.08908414840698242,1.413501262664795,0.17382287979125977,4.481662750244141,0,41.55618438910647,26595.95800902814,,94295080.0,94355940.28695598,0.5,100000000000.0,100000000000.0,100000000000.0,1000000000.0,clip,False,0,79,0,79,,,,,,,,,
2026-05-18T19:19:22,0,7,7,1,80,74816,80,True,1.06951871657754e-08,,,,,,6149.930477142334,666.9150078296661,0.00033354759216308594,0.09000015258789062,1.4138755798339844,0.17384672164916992,4.469610691070557,0,41.62648682801933,26640.95156993237,,90328096.0,94275383.40121686,0.5,100000000000.0,100000000000.0,100000000000.0,1000000000.0,clip,False,0,80,0,80,,,,,,,,,
2026-05-18T19:19:28,0,7,7,1,81,74816,81,True,1.0828877005347593e-08,674.9861450195312,206.50379943847656,0.7207377552986145,465.772216796875,1.989354133605957,6148.391008377075,666.9150078296661,0.00029277801513671875,0.08966946601867676,1.4148712158203125,0.1804184913635254,4.46135401725769,0,41.63690950221033,26647.62208141461,,92621048.0,94242296.69319253,0.5,100000000000.0,100000000000.0,100000000000.0,1000000000.0,clip,False,0,81,0,81,625.7777506510416,560.7505493164062,703.0800170898438,6150.2421875,6155.46484375,768.8004150390625,0.0,998.9851684570312,639350.5
2026-05-18T19:19:35,0,7,7,1,82,74816,82,True,1.0962566844919786e-08,,,,,,6161.991596221924,666.9150078296661,0.00027298927307128906,0.08764290809631348,1.399071455001831,0.1735982894897461,4.468151569366455,0,41.54500959672847,26588.80614190622,,91450808.0,94186466.91932867,0.5,100000000000.0,100000000000.0,100000000000.0,1000000000.0,clip,False,0,82,0,82,,,,,,,,,
2026-05-18T19:19:41,0,7,7,1,83,74816,83,True,1.1096256684491978e-08,,,,,,6148.934841156006,666.9150078296661,0.0002944469451904297,0.08858275413513184,1.4159877300262451,0.17842769622802734,4.4637932777404785,0,41.63322699185925,26645.26527478992,,92333616.0,94149409.9009421,0.5,100000000000.0,100000000000.0,100000000000.0,1000000000.0,clip,False,0,83,0,83,,,,,,,,,
2026-05-18T19:19:47,0,7,7,1,84,74816,84,True,1.1229946524064171e-08,,,,,,6149.526834487915,666.9150078296661,0.00029659271240234375,0.0889284610748291,1.4162168502807617,0.17412161827087402,4.46807861328125,0,41.62921910744336,26642.70022876375,,91769184.0,94101805.38292326,0.5,100000000000.0,100000000000.0,100000000000.0,1000000000.0,clip,False,0,84,0,84,,,,,,,,,
2026-05-18T19:19:53,0,7,7,1,85,74816,85,True,1.1363636363636363e-08,,,,,,6150.50745010376,666.9150078296661,0.00027751922607421875,0.09029245376586914,1.4146013259887695,0.17785358428955078,4.465636253356934,0,41.62258188886207,26638.452408871726,,92992736.0,94079623.9952648,0.5,100000000000.0,100000000000.0,100000000000.0,1000000000.0,clip,False,0,85,0,85,,,,,,,,,
2026-05-18T19:19:59,0,7,7,1,86,74816,86,True,1.1497326203208554e-08,,,,,,6151.376724243164,666.9150078296661,0.0002899169921875,0.09520244598388672,1.4097306728363037,0.17422986030578613,4.469993829727173,0,41.616700045549074,26634.688029151406,,90362544.0,94005282.3953595,0.5,100000000000.0,100000000000.0,100000000000.0,1000000000.0,clip,False,0,86,0,86,,,,,,,,,
2026-05-18T19:20:05,0,7,7,1,87,74816,87,True,1.1631016042780749e-08,,,,,,6153.86176109314,666.9150078296661,0.0002968311309814453,0.08882570266723633,1.4156568050384521,0.18097257614135742,4.4661865234375,0,41.59989449527796,26623.93247697789,,92068928.0,93966555.3074523,0.5,100000000000.0,100000000000.0,100000000000.0,1000000000.0,clip,False,0,87,0,87,,,,,,,,,
2026-05-18T19:20:11,0,7,7,1,88,74816,88,True,1.176470588235294e-08,,,,,,6146.745204925537,666.9150078296661,0.0002791881561279297,0.08847284317016602,1.4156215190887451,0.17660069465637207,4.464069366455078,0,41.648057868880095,26654.75703608326,,92162400.0,93930472.20130326,0.5,100000000000.0,100000000000.0,100000000000.0,1000000000.0,clip,False,0,88,0,88,,,,,,,,,
2026-05-18T19:20:18,0,7,7,1,89,74816,89,True,1.1898395721925132e-08,,,,,,6149.827241897583,666.9150078296661,0.0002982616424560547,0.08854913711547852,1.4163596630096436,0.17231535911560059,4.470458984375,0,41.62718559895822,26641.398783333258,,91993600.0,93891734.75727719,0.5,100000000000.0,100000000000.0,100000000000.0,1000000000.0,clip,False,0,89,0,89,,,,,,,,,
2026-05-18T19:20:24,0,7,7,1,90,74816,90,True,1.2032085561497326e-08,,,,,,6150.537014007568,666.9150078296661,0.00030875205993652344,0.0874166488647461,1.4180569648742676,0.17946124076843262,4.463486909866333,0,41.622381820802254,26638.324365313445,,91290376.0,93839707.58213164,0.5,100000000000.0,100000000000.0,100000000000.0,1000000000.0,clip,False,0,90,0,90,,,,,,,,,
2026-05-18T19:20:30,0,7,7,1,91,74816,91,True,1.2165775401069517e-08,658.7999267578125,205.48037719726562,0.7216742634773254,450.60369873046875,1.9941225051879883,6149.672031402588,666.9150078296661,0.0003235340118408203,0.09067964553833008,1.4137353897094727,0.1771082878112793,4.4648919105529785,0,41.62823622020258,26642.07118092965,,90509656.0,93773106.55048901,0.5,100000000000.0,100000000000.0,100000000000.0,1000000000.0,clip,False,0,91,0,91,623.5843912760416,548.1868286132812,696.0104370117188,6167.912109375,6582.76025390625,768.8004150390625,0.0,996.307373046875,637636.625
2026-05-18T19:20:36,0,7,7,1,92,74816,92,True,1.2299465240641712e-08,,,,,,6578.14884185791,666.9150078296661,0.0002570152282714844,0.08584284782409668,1.400871753692627,0.17732882499694824,4.463675260543823,0,38.916723557701715,24906.703076929098,,90333960.0,93704323.61947922,0.5,100000000000.0,100000000000.0,100000000000.0,1000000000.0,clip,False,0,92,0,92,,,,,,,,,
2026-05-18T19:20:43,0,7,7,1,93,74816,93,True,1.2433155080213904e-08,,,,,,6150.52604675293,666.9150078296661,0.00028586387634277344,0.08948302268981934,1.415555715560913,0.17254090309143066,4.470818996429443,0,41.622456039374235,26638.371865199508,,92885360.0,93687944.34708965,0.5,100000000000.0,100000000000.0,100000000000.0,1000000000.0,clip,False,0,93,0,93,,,,,,,,,
2026-05-18T19:20:49,0,7,7,1,94,74816,94,True,1.2566844919786095e-08,,,,,,6150.857210159302,666.9150078296661,0.0002987384796142578,0.08783125877380371,1.4167451858520508,0.1729273796081543,4.47118353843689,0,41.620215077854134,26636.937649826647,,89635568.0,93606896.82014786,0.5,100000000000.0,100000000000.0,100000000000.0,1000000000.0,clip,False,0,94,0,94,,,,,,,,,
2026-05-18T19:20:55,0,7,7,1,95,74816,95,True,1.2700534759358288e-08,,,,,,6151.165246963501,666.9150078296661,0.00030231475830078125,0.08832311630249023,1.4158930778503418,0.17732906341552734,4.4674036502838135,0,41.61813082917475,26635.60373067184,,90732376.0,93549406.40374489,0.5,100000000000.0,100000000000.0,100000000000.0,1000000000.0,clip,False,0,95,0,95,,,,,,,,,
2026-05-18T19:21:02,0,7,7,1,96,74816,96,True,1.2834224598930482e-08,,,,,,6755.925178527832,666.9150078296661,0.0002961158752441406,0.08904600143432617,1.4147975444793701,0.17270302772521973,5.077239990234375,0,37.892663585682925,24251.304694837072,,90878384.0,93495985.95567,0.5,100000000000.0,100000000000.0,100000000000.0,1000000000.0,clip,False,0,96,0,96,,,,,,,,,
2026-05-18T19:21:08,0,7,7,1,97,74816,97,True,1.2967914438502673e-08,,,,,,6148.685932159424,666.9150078296661,0.0002675056457519531,0.08996796607971191,1.4161531925201416,0.1779310703277588,4.46264386177063,0,41.634912373885484,26646.34391928671,,90492640.0,93435919.0365566,0.5,100000000000.0,100000000000.0,100000000000.0,1000000000.0,clip,False,0,97,0,97,,,,,,,,,
2026-05-18T19:21:14,0,7,7,1,98,74816,98,True,1.3101604278074867e-08,,,,,,6150.260448455811,666.9150078296661,0.0002951622009277344,0.08706045150756836,1.4182071685791016,0.17298293113708496,4.469842195510864,0,41.62425350039862,26639.522240255123,,90247144.0,93372143.53582546,0.5,100000000000.0,100000000000.0,100000000000.0,1000000000.0,clip,False,0,98,0,98,,,,,,,,,
2026-05-18T19:21:20,0,7,7,1,99,74816,99,True,1.3235294117647058e-08,,,,,,6148.4949588775635,666.9150078296661,0.0002970695495605469,0.0863494873046875,1.4166171550750732,0.1774892807006836,4.465757608413696,0,41.636205561227946,26647.171559185885,,90516408.0,93315028.82510895,0.5,100000000000.0,100000000000.0,100000000000.0,1000000000.0,clip,False,0,99,0,99,,,,,,,,,
2026-05-18T19:21:26,0,7,7,1,100,74816,100,True,1.336898395721925e-08,,,,,,6150.766849517822,666.9150078296661,0.0002868175506591797,0.08706164360046387,1.4179127216339111,0.17206621170043945,4.471611738204956,0,41.6208265185777,26637.32897188973,,90090384.0,93250535.92860678,0.5,100000000000.0,100000000000.0,100000000000.0,1000000000.0,clip,False,0,100,0,100,,,,,,,,,
2026-05-18T19:21:32,0,7,7,1,101,74816,101,True,1.3502673796791445e-08,552.9642944335938,162.67376708984375,0.718976616859436,387.55279541015625,2.0187182426452637,6150.410175323486,666.9150078296661,0.0002894401550292969,0.08798480033874512,1.4163768291473389,0.1792593002319336,4.464595079421997,0,41.62324019089271,26638.873722171335,0.2735318709879217,89970568.0,93184936.57003464,0.5,100000000000.0,100000000000.0,100000000000.0,1000000000.0,clip,False,0,101,0,101,618.3015950520834,552.9642944335938,678.120849609375,6149.111979166667,6151.9765625,768.8004150390625,0.0,999.168701171875,639467.9375
2026-05-18T19:21:39,0,7,7,1,102,74816,102,True,1.3636363636363636e-08,,,,,,6158.767938613892,666.9150078296661,0.0002880096435546875,0.09004664421081543,1.3966054916381836,0.17154622077941895,4.471373081207275,0,41.56675532373055,26602.72340718755,0.2735318709879217,90262088.0,93126479.59863394,0.5,100000000000.0,100000000000.0,100000000000.0,1000000000.0,clip,False,0,102,0,102,,,,,,,,,
2026-05-18T19:21:45,0,7,7,1,103,74816,103,True,1.3770053475935828e-08,,,,,,6144.032955169678,666.9150078296661,0.0003044605255126953,0.531959056854248,1.0375604629516602,0.17882990837097168,4.393453598022461,0,41.666443176317586,26666.523632843255,0.2735318709879217,90863944.0,93081228.88666126,0.5,100000000000.0,100000000000.0,100000000000.0,1000000000.0,clip,False,0,103,0,103,,,,,,,,,
2026-05-18T19:21:51,0,7,7,1,104,74816,104,True,1.3903743315508021e-08,,,,,,6149.075269699097,666.9150078296661,0.00028777122497558594,0.08779215812683105,1.416987657546997,0.17243027687072754,4.469665765762329,0,41.632276199560536,26644.656767718745,0.2735318709879217,90259768.0,93024799.66892803,0.5,100000000000.0,100000000000.0,100000000000.0,1000000000.0,clip,False,0,104,0,104,,,,,,,,,
2026-05-18T19:21:57,0,7,7,1,105,74816,105,True,1.4037433155080213e-08,,,,,,6153.147459030151,666.9150078296661,0.0002892017364501953,0.08900904655456543,1.4160113334655762,0.169480562210083,4.476456642150879,0,41.6047237132767,26627.02317649709,0.2735318709879217,89860824.0,92961520.15554947,0.5,100000000000.0,100000000000.0,100000000000.0,1000000000.0,clip,False,0,105,0,105,,,,,,,,,
2026-05-18T19:22:04,0,7,7,1,106,74816,106,True,1.4171122994652406e-08,,,,,,6797.274589538574,666.9150078296661,0.0002856254577636719,0.08963418006896973,1.4134490489959717,0.17459344863891602,5.1174657344818115,0,37.66215365111185,24103.778336711584,0.2735318709879217,88961168.0,92881513.11243847,0.5,100000000000.0,100000000000.0,100000000000.0,1000000000.0,clip,False,0,106,0,106,,,,,,,,,
2026-05-18T19:22:10,0,7,7,1,107,74816,107,True,1.4304812834224599e-08,,,,,,6150.700330734253,666.9150078296661,0.00028586387634277344,0.08739233016967773,1.4174697399139404,0.16941547393798828,4.4740705490112305,0,41.62127664077555,26637.617050096353,0.2735318709879217,88680096.0,92797484.7701897,0.5,100000000000.0,100000000000.0,100000000000.0,1000000000.0,clip,False,0,107,0,107,,,,,,,,,
2026-05-18T19:22:16,0,7,7,1,108,74816,108,True,1.443850267379679e-08,,,,,,6152.837038040161,666.9150078296661,0.0002923011779785156,0.08714103698730469,1.418790340423584,0.17578887939453125,4.4689764976501465,0,41.60682274165068,26628.366554656437,0.2735318709879217,88845048.0,92718436.03478591,0.5,100000000000.0,100000000000.0,100000000000.0,1000000000.0,clip,False,0,108,0,108,,,,,,,,,
2026-05-18T19:22:22,0,7,7,1,109,74816,109,True,1.4572192513368982e-08,,,,,,6154.473543167114,666.9150078296661,0.00029277801513671875,0.0904843807220459,1.4116251468658447,0.17791485786437988,4.472333669662476,0,41.5957592805349,26621.285939542337,0.2735318709879217,88708984.0,92638246.9940902,0.5,100000000000.0,100000000000.0,100000000000.0,1000000000.0,clip,False,0,109,0,109,,,,,,,,,
2026-05-18T19:22:28,0,7,7,1,110,74816,110,True,1.4705882352941176e-08,,,,,,6146.892547607422,666.9150078296661,0.00028634071350097656,0.09062504768371582,1.4084556102752686,0.17374873161315918,4.471937656402588,0,41.64705955363476,26654.118114326247,0.2735318709879217,87703760.0,92539557.2542084,0.5,100000000000.0,100000000000.0,100000000000.0,1000000000.0,clip,False,0,110,0,110,,,,,,,,,
2026-05-18T19:22:35,0,7,7,1,111,74816,111,True,1.4839572192513369e-08,627.12451171875,188.2205047607422,0.7212826609611511,436.16217041015625,2.0205681324005127,6147.65191078186,666.9150078296661,0.00030159950256347656,0.08954882621765137,1.4131557941436768,0.16913270950317383,4.473648548126221,0,41.64191527354089,26650.825775066172,0.2735318709879217,88103120.0,92450828.50912423,0.5,100000000000.0,100000000000.0,100000000000.0,1000000000.0,clip,False,0,111,0,111,616.94189453125,543.0492553710938,687.5508422851562,6150.786458333333,6159.6005859375,768.8004150390625,0.0,998.8969116210938,639294.0
2026-05-18T19:22:41,0,7,7,1,112,74816,112,True,1.497326203208556e-08,,,,,,6163.031578063965,666.9150078296661,0.000270843505859375,0.08576226234436035,1.40097975730896,0.17344045639038086,4.468599796295166,0,41.537999076814565,26584.319409161322,0.2735318709879217,88126536.0,92364342.65894175,0.5,100000000000.0,100000000000.0,100000000000.0,1000000000.0,clip,False,0,112,0,112,,,,,,,,,
2026-05-18T19:22:47,0,7,7,1,113,74816,113,True,1.5106951871657752e-08,,,,,,6151.887655258179,666.9150078296661,0.00028586387634277344,0.08810043334960938,1.4166522026062012,0.16971802711486816,4.475317478179932,0,41.613243665330934,26632.4759458118,0.2735318709879217,88726832.0,92291592.4457629,0.5,100000000000.0,100000000000.0,100000000000.0,1000000000.0,clip,False,0,113,0,113,,,,,,,,,
2026-05-18T19:22:53,0,7,7,1,114,74816,114,True,1.5240641711229947e-08,,,,,,6147.948741912842,666.9150078296661,0.0003132820129394531,0.08523941040039062,1.4175198078155518,0.1697087287902832,4.473291397094727,0,41.639904746562586,26649.539037800052,0.2735318709879217,85670592.0,92159172.43684764,0.5,100000000000.0,100000000000.0,100000000000.0,1000000000.0,clip,False,0,114,0,114,,,,,,,,,
2026-05-18T19:22:59,0,7,7,1,115,74816,115,True,1.537433155080214e-08,,,,,,6150.865316390991,666.9150078296661,0.00030159950256347656,0.08712387084960938,1.4170081615447998,0.17066264152526855,4.473866701126099,0,41.62016022653013,26636.902544979283,0.2735318709879217,87739392.0,92070776.8281107,0.5,100000000000.0,100000000000.0,100000000000.0,1000000000.0,clip,False,0,115,0,115,,,,,,,,,
2026-05-18T19:23:05,0,7,7,1,116,74816,116,True,1.550802139037433e-08,,,,,,6147.298812866211,666.9150078296661,0.00031256675720214844,0.08709335327148438,1.4153625965118408,0.1744534969329834,4.468315124511719,0,41.644307165318786,26652.35658580402,0.2735318709879217,87676296.0,91982887.21154848,0.5,100000000000.0,100000000000.0,100000000000.0,1000000000.0,clip,False,0,116,0,116,,,,,,,,,
2026-05-18T19:23:11,0,7,7,1,117,74816,117,True,1.5641711229946525e-08,,,,,,6150.391101837158,666.9150078296661,0.00029158592224121094,0.08646512031555176,1.4179468154907227,0.17033123970031738,4.467400312423706,0,41.623369272164055,26638.956334184997,0.2735318709879217,87861312.0,91900455.7073175,0.5,100000000000.0,100000000000.0,100000000000.0,1000000000.0,clip,False,0,117,0,117,,,,,,,,,
2026-05-18T19:23:18,0,7,7,1,118,74816,118,True,1.5775401069518716e-08,,,,,,6152.987241744995,666.9150078296661,0.0002949237823486328,0.09074664115905762,1.4138286113739014,0.1796731948852539,4.466372013092041,0,41.60580705631336,26627.71651604055,0.2735318709879217,88789280.0,91838232.19317114,0.5,100000000000.0,100000000000.0,100000000000.0,1000000000.0,clip,False,0,118,0,118,,,,,,,,,
2026-05-18T19:23:24,0,7,7,1,119,74816,119,True,1.5909090909090908e-08,,,,,,6151.135444641113,666.9150078296661,0.00029921531677246094,0.0914914608001709,1.4109148979187012,0.18010807037353516,4.465397834777832,0,41.61833246950007,26635.732780480044,0.2735318709879217,83260888.0,91666685.30930772,0.5,100000000000.0,100000000000.0,100000000000.0,1000000000.0,clip,False,0,119,0,119,,,,,,,,,
2026-05-18T19:23:30,0,7,7,1,120,74816,120,True,1.60427807486631e-08,,,,,,6147.276163101196,666.9150078296661,0.00030231475830078125,0.09705805778503418,1.4053764343261719,0.18135643005371094,4.461285591125488,0,41.644460604622054,26652.454786958115,0.2735318709879217,85365064.0,91540652.88312156,0.5,100000000000.0,100000000000.0,100000000000.0,1000000000.0,clip,False,0,120,0,120,,,,,,,,,
2026-05-18T19:23:36,0,7,7,1,121,74816,121,True,1.6176470588235295e-08,644.6215209960938,199.00961303710938,0.7201828360557556,442.9151306152344,1.9766461849212646,6164.445400238037,666.9150078296661,0.0002911090850830078,0.08674263954162598,1.4175117015838623,0.17277932167053223,4.485101699829102,0,41.52847229210833,26578.222266949335,0.2735318709879217,87429784.0,91458435.50545914,0.5,100000000000.0,100000000000.0,100000000000.0,1000000000.0,clip,False,0,121,0,121,604.25439453125,531.1227416992188,651.5750732421875,6160.485677083333,6164.4453125,768.8004150390625,0.0,997.324462890625,638287.625
2026-05-18T19:23:42,0,7,7,1,122,74816,122,True,1.6310160427807486e-08,,,,,,6153.1662940979,666.9150078296661,0.00029087066650390625,0.08729386329650879,1.3987908363342285,0.17205572128295898,4.468693017959595,0,41.604596359691186,26626.94167020236,0.2735318709879217,86282168.0,91354910.15534995,0.5,100000000000.0,100000000000.0,100000000000.0,1000000000.0,clip,False,0,122,0,122,,,,,,,,,
2026-05-18T19:23:48,0,7,7,1,123,74816,123,True,1.6443850267379678e-08,,,,,,6150.454759597778,666.9150078296661,0.00029277801513671875,0.08736920356750488,1.4176025390625,0.1779937744140625,4.4652099609375,0,41.622938466543836,26638.680618588056,0.2735318709879217,86157864.0,91250969.23224296,0.5,100000000000.0,100000000000.0,100000000000.0,1000000000.0,clip,False,0,123,0,123,,,,,,,,,
2026-05-18T19:23:55,0,7,7,1,124,74816,124,True,1.6577540106951873e-08,,,,,,6149.257183074951,666.9150078296661,0.00029349327087402344,0.0868532657623291,1.4188258647918701,0.17301273345947266,4.468382120132446,0,41.63104459260664,26643.868539268253,0.2735318709879217,85590424.0,91137758.3275981,0.5,100000000000.0,100000000000.0,100000000000.0,1000000000.0,clip,False,0,124,0,124,,,,,,,,,
2026-05-18T19:24:01,0,7,7,1,125,74816,125,True,1.6711229946524064e-08,,,,,,6150.485038757324,666.9150078296661,0.0002899169921875,0.0895075798034668,1.4151475429534912,0.1766812801361084,4.467006206512451,0,41.62273355464069,26638.549474970037,0.2735318709879217,86556856.0,91046140.28104614,0.5,100000000000.0,100000000000.0,100000000000.0,1000000000.0,clip,False,0,125,0,125,,,,,,,,,
2026-05-18T19:24:07,0,7,7,1,126,74816,126,True,1.6844919786096256e-08,,,,,,6150.5701541900635,666.9150078296661,0.00028395652770996094,0.09064006805419922,1.4150865077972412,0.17166948318481445,4.470960378646851,0,41.622157553247405,26638.18083407834,0.2735318709879217,85490960.0,90935036.67542522,0.5,100000000000.0,100000000000.0,100000000000.0,1000000000.0,clip,False,0,126,0,126,,,,,,,,,
2026-05-18T19:24:13,0,7,7,1,127,74816,127,True,1.6978609625668447e-08,,,,,,6151.679039001465,666.9150078296661,0.0002834796905517578,0.08829975128173828,1.4167838096618652,0.17869830131530762,4.4656407833099365,0,41.61465485714835,26633.379108574944,0.2735318709879217,86260952.0,90841554.98191671,0.5,100000000000.0,100000000000.0,100000000000.0,1000000000.0,clip,False,0,127,0,127,,,,,,,,,
2026-05-18T19:24:19,0,7,7,1,128,74816,128,True,1.7112299465240642e-08,,,,,,6149.728536605835,666.9150078296661,0.00029468536376953125,0.08697390556335449,1.4178130626678467,0.17083334922790527,4.471905469894409,0,41.627853729831756,26641.826387092326,0.2735318709879217,85844880.0,90741621.48227838,0.5,100000000000.0,100000000000.0,100000000000.0,1000000000.0,clip,False,0,128,0,128,,,,,,,,,
2026-05-18T19:24:25,0,7,7,1,129,74816,129,True,1.7245989304812834e-08,,,,,,6150.260210037231,666.9150078296661,0.0002880096435546875,0.08864212036132812,1.4165434837341309,0.17621779441833496,4.4667112827301025,0,41.62425511398814,26639.52327295241,0.2735318709879217,84174256.0,90610274.17263281,0.5,100000000000.0,100000000000.0,100000000000.0,1000000000.0,clip,False,0,129,0,129,,,,,,,,,
2026-05-18T19:24:31,0,7,7,1,130,74816,130,True,1.7379679144385025e-08,,,,,,6150.333642959595,666.9150078296661,0.0002911090850830078,0.09184575080871582,1.4127981662750244,0.17812204360961914,4.465474367141724,0,41.62375813433278,26639.20520597298,0.2735318709879217,85666664.0,90511401.96918015,0.5,100000000000.0,100000000000.0,100000000000.0,1000000000.0,clip,False,0,130,0,130,,,,,,,,,
2026-05-18T19:24:38,0,7,7,1,131,74816,131,True,1.7513368983957217e-08,676.7163696289062,217.2285614013672,0.7214139699935913,456.7467041015625,2.019697427749634,6150.494575500488,666.9150078296661,0.00029659271240234375,0.08781051635742188,1.4167757034301758,0.17852783203125,4.465240240097046,0,41.62266901587639,26638.50817016089,0.2735318709879217,86574096.0,90432655.84979655,0.5,100000000000.0,100000000000.0,100000000000.0,1000000000.0,clip,False,0,131,0,131,606.4388834635416,518.0183715820312,685.4642333984375,6151.072265625,6153.2919921875,768.8004150390625,0.0,998.850341796875,639264.125
2026-05-18T19:24:44,0,7,7,1,132,74816,132,True,1.764705882352941e-08,,,,,,6156.274318695068,666.9150078296661,0.0002696514129638672,0.08801507949829102,1.3993968963623047,0.17201590538024902,4.467532157897949,0,41.58359207980578,26613.4989310757,0.2735318709879217,83844408.0,90300890.89280061,0.5,100000000000.0,100000000000.0,100000000000.0,1000000000.0,clip,False,0,132,0,132,,,,,,,,,
2026-05-18T19:24:50,0,7,7,1,133,74816,133,True,1.7780748663101607e-08,,,,,,6150.774002075195,666.9150078296661,0.00028705596923828125,0.0906515121459961,1.4142036437988281,0.17404842376708984,4.4697349071502686,0,41.620778118921095,26637.297996109497,0.2735318709879217,84967528.0,90194223.6349446,0.5,100000000000.0,100000000000.0,100000000000.0,1000000000.0,clip,False,0,133,0,133,,,,,,,,,
2026-05-18T19:24:56,0,7,7,1,134,74816,134,True,1.79144385026738e-08,,,,,,6151.207208633423,666.9150078296661,0.0002932548522949219,0.09743428230285645,1.4078357219696045,0.1824510097503662,4.461288690567017,0,41.617846922908974,26635.422030661743,0.2735318709879217,84108736.0,90072513.8822457,0.5,100000000000.0,100000000000.0,100000000000.0,1000000000.0,clip,False,0,134,0,134,,,,,,,,,
2026-05-18T19:25:02,0,7,7,1,135,74816,135,True,1.804812834224599e-08,,,,,,6148.821115493774,666.9150078296661,0.00030541419982910156,0.09004521369934082,1.4140536785125732,0.17543959617614746,4.466990232467651,0,41.633997020165744,26645.758092906075,0.2735318709879217,82765304.0,89926369.68460079,0.5,100000000000.0,100000000000.0,100000000000.0,1000000000.0,clip,False,0,135,0,135,,,,,,,,,
2026-05-18T19:25:08,0,7,7,1,136,74816,136,True,1.818181818181818e-08,,,,,,6150.58708190918,666.9150078296661,0.0002987384796142578,0.08927297592163086,1.4150030612945557,0.1757488250732422,4.467573404312134,0,41.622043000249015,26638.10752015937,0.2735318709879217,84656304.0,89820968.37090877,0.5,100000000000.0,100000000000.0,100000000000.0,1000000000.0,clip,False,0,136,0,136,,,,,,,,,
2026-05-18T19:25:14,0,7,7,1,137,74816,137,True,1.8315508021390373e-08,,,,,,6150.265693664551,666.9150078296661,0.0002913475036621094,0.08964323997497559,1.4147334098815918,0.1798536777496338,4.463833570480347,0,41.624218001460996,26639.499520935038,0.2735318709879217,83023080.0,89685010.60349059,0.5,100000000000.0,100000000000.0,100000000000.0,1000000000.0,clip,False,0,137,0,137,,,,,,,,,
2026-05-18T19:25:21,0,7,7,1,138,74816,138,True,1.8449197860962565e-08,,,,,,6150.264501571655,666.9150078296661,0.00028896331787109375,0.08613157272338867,1.4188244342803955,0.17359614372253418,4.469663381576538,0,41.62422606939605,26639.504684413474,0.2735318709879217,84435472.0,89580019.83142078,0.5,100000000000.0,100000000000.0,100000000000.0,1000000000.0,clip,False,0,138,0,138,,,,,,,,,
2026-05-18T19:25:27,0,7,7,1,139,74816,139,True,1.858288770053476e-08,,,,,,6150.390148162842,666.9150078296661,0.000286102294921875,0.08727693557739258,1.4173181056976318,0.17995667457580566,4.463648080825806,0,41.62337572624864,26638.96046479913,0.2735318709879217,82931792.0,89447055.27479236,0.5,100000000000.0,100000000000.0,100000000000.0,1000000000.0,clip,False,0,139,0,139,,,,,,,,,
2026-05-18T19:25:33,0,7,7,1,140,74816,140,True,1.871657754010695e-08,,,,,,6150.379180908203,666.9150078296661,0.0003020763397216797,0.08894467353820801,1.4160590171813965,0.17348790168762207,4.469577074050903,0,41.623449948365206,26639.007966953734,0.2735318709879217,83515392.0,89328422.0092965,0.5,100000000000.0,100000000000.0,100000000000.0,1000000000.0,clip,False,0,140,0,140,,,,,,,,,
2026-05-18T19:25:39,0,7,7,1,141,74816,141,True,1.8850267379679143e-08,550.0784912109375,163.91139221191406,0.7199035286903381,383.4423828125,2.0048506259918213,6150.488376617432,666.9150078296661,0.0002911090850830078,0.08941984176635742,1.4155073165893555,0.1758289337158203,4.467546463012695,0,41.62271096605042,26638.53501827227,0.2735318709879217,82924904.0,89200351.64911057,0.5,100000000000.0,100000000000.0,100000000000.0,1000000000.0,clip,False,0,141,0,141,604.5564778645834,510.64654541015625,682.7819213867188,6150.318359375,6162.05078125,768.8004150390625,0.0,998.9729614257812,639342.6875
2026-05-18T19:25:45,0,7,7,1,142,74816,142,True,1.8983957219251334e-08,,,,,,6180.072069168091,666.9150078296661,0.0002765655517578125,0.08925700187683105,1.3972110748291016,0.17320752143859863,4.483318567276001,0,41.423465152965534,26511.01769789794,0.2735318709879217,82198928.0,89060323.17612836,0.5,100000000000.0,100000000000.0,100000000000.0,1000000000.0,clip,False,0,142,0,142,,,,,,,,,
2026-05-18T19:25:51,0,7,7,1,143,74816,143,True,1.911764705882353e-08,,,,,,6147.204637527466,666.9150078296661,0.0002791881561279297,0.08797812461853027,1.4173760414123535,0.17815065383911133,4.4616312980651855,0,41.644945157213535,26652.76490061666,0.2735318709879217,81404096.0,88907198.63260579,0.5,100000000000.0,100000000000.0,100000000000.0,1000000000.0,clip,False,0,143,0,143,,,,,,,,,
2026-05-18T19:25:58,0,7,7,1,144,74816,144,True,1.925133689839572e-08,,,,,,6149.620056152344,666.9150078296661,0.00030422210693359375,0.0874488353729248,1.417858600616455,0.1723642349243164,4.4698615074157715,0,41.628588052994694,26642.2963539166,0.2735318709879217,82001656.0,88769087.77995367,0.5,100000000000.0,100000000000.0,100000000000.0,1000000000.0,clip,False,0,144,0,144,,,,,,,,,
2026-05-18T19:26:04,0,7,7,1,145,74816,145,True,1.9385026737967916e-08,,,,,,6152.008056640625,666.9150078296661,0.0002911090850830078,0.09095072746276855,1.4142844676971436,0.17650198936462402,4.468283653259277,0,41.612429249611836,26631.954719751575,0.2735318709879217,83126024.0,88656226.5043546,0.5,100000000000.0,100000000000.0,100000000000.0,1000000000.0,clip,False,0,145,0,145,,,,,,,,,
2026-05-18T19:26:10,0,7,7,1,146,74816,146,True,1.9518716577540107e-08,,,,,,6149.026155471802,666.9150078296661,0.00028252601623535156,0.08772110939025879,1.416745662689209,0.17279863357543945,4.469771146774292,0,41.63260872978962,26644.869587065354,0.2735318709879217,82900848.0,88541118.9342675,0.5,100000000000.0,100000000000.0,100000000000.0,1000000000.0,clip,False,0,146,0,146,,,,,,,,,
2026-05-18T19:26:16,0,7,7,1,147,74816,147,True,1.96524064171123e-08,,,,,,6149.600505828857,666.9150078296661,0.0002865791320800781,0.0879976749420166,1.4170217514038086,0.17946529388427734,4.462906837463379,0,41.62872039530895,26642.381052997727,0.2735318709879217,80059904.0,88371494.63558215,0.5,100000000000.0,100000000000.0,100000000000.0,1000000000.0,clip,False,0,147,0,147,,,,,,,,,
2026-05-18T19:26:22,0,7,7,1,148,74816,148,True,1.978609625668449e-08,,,,,,6150.14910697937,666.9150078296661,0.00028896331787109375,0.08760285377502441,1.4182791709899902,0.172623872756958,4.4694578647613525,0,41.62500706031398,26640.00451860095,0.2735318709879217,79858176.0,88201228.2628705,0.5,100000000000.0,100000000000.0,100000000000.0,1000000000.0,clip,False,0,148,0,148,,,,,,,,,
2026-05-18T19:26:28,0,7,7,1,149,74816,149,True,1.9919786096256682e-08,,,,,,6149.778842926025,666.9150078296661,0.00029206275939941406,0.08837437629699707,1.4165112972259521,0.17868351936340332,4.4641029834747314,0,41.62751320634432,26641.60845206036,0.2735318709879217,81465280.0,88066509.29761308,0.5,100000000000.0,100000000000.0,100000000000.0,1000000000.0,clip,False,0,149,0,149,,,,,,,,,
2026-05-18T19:26:34,0,7,7,1,150,74816,150,True,2.0053475935828874e-08,,,,,,6150.285482406616,666.9150078296661,0.0002872943878173828,0.08841085433959961,1.4166748523712158,0.17337894439697266,4.469618797302246,0,41.624084074195984,26639.41380748543,0.2735318709879217,79298840.0,87891155.91166082,0.5,100000000000.0,100000000000.0,100000000000.0,1000000000.0,clip,False,0,150,0,150,,,,,,,,,
2026-05-18T19:26:41,0,7,7,1,151,74816,151,True,2.018716577540107e-08,637.217041015625,213.2340545654297,0.7187674641609192,421.2363586425781,2.0278241634368896,6150.767803192139,666.9150078296661,0.00029397010803222656,0.08818674087524414,1.416804552078247,0.175828218460083,4.467954874038696,0,41.62082006528365,26637.324841781538,0.2735318709879217,80936384.0,87752060.47342761,0.5,100000000000.0,100000000000.0,100000000000.0,1000000000.0,clip,False,0,151,0,151,598.2009684244791,523.0301513671875,654.5228881835938,6150.462239583333,6159.45263671875,768.8004150390625,0.0,998.9495849609375,639327.75
2026-05-18T19:26:47,0,7,7,1,152,74816,152,True,2.032085561497326e-08,,,,,,6161.065340042114,666.9150078296661,0.0002741813659667969,0.08902525901794434,1.397386074066162,0.17333626747131348,4.468206882476807,0,41.55125548437214,26592.803509998168,0.2735318709879217,79546232.0,87587943.90395905,0.5,100000000000.0,100000000000.0,100000000000.0,1000000000.0,clip,False,0,152,0,152,,,,,,,,,
2026-05-18T19:26:53,0,7,7,1,153,74816,153,True,2.0454545454545455e-08,,,,,,6150.454759597778,666.9150078296661,0.00029969215393066406,0.09041762351989746,1.4145281314849854,0.17453384399414062,4.468769311904907,0,41.622938466543836,26638.680618588056,0.2735318709879217,79763440.0,87431453.82587987,0.5,100000000000.0,100000000000.0,100000000000.0,1000000000.0,clip,False,0,153,0,153,,,,,,,,,
2026-05-18T19:26:59,0,7,7,1,154,74816,154,True,2.0588235294117647e-08,,,,,,6151.589155197144,666.9150078296661,0.0003108978271484375,0.08897089958190918,1.4153742790222168,0.17951440811157227,4.465231895446777,0,41.61526290872652,26633.768261584974,0.2735318709879217,81817760.0,87319179.94936228,0.5,100000000000.0,100000000000.0,100000000000.0,1000000000.0,clip,False,0,154,0,154,,,,,,,,,
2026-05-18T19:27:05,0,7,7,1,155,74816,155,True,2.0721925133689838e-08,,,,,,6147.995710372925,666.9150078296661,0.0003139972686767578,0.08875560760498047,1.4147565364837646,0.1810750961303711,4.461190938949585,0,41.639586632774595,26649.335444975743,0.2735318709879217,79415768.0,87161111.71037503,0.5,100000000000.0,100000000000.0,100000000000.0,1000000000.0,clip,False,0,155,0,155,,,,,,,,,
2026-05-18T19:27:11,0,7,7,1,156,74816,156,True,2.0855614973262033e-08,,,,,,6149.397134780884,666.9150078296661,0.0002880096435546875,0.08839249610900879,1.41636061668396,0.17485904693603516,4.467608451843262,0,41.63009712806942,26643.26216196443,0.2735318709879217,79356368.0,87005016.83616753,0.5,100000000000.0,100000000000.0,100000000000.0,1000000000.0,clip,False,0,156,0,156,,,,,,,,,
2026-05-18T19:27:18,0,7,7,1,157,74816,157,True,2.0989304812834225e-08,,,,,,6150.574684143066,666.9150078296661,0.0002789497375488281,0.0880734920501709,1.4172003269195557,0.17431044578552246,4.468721628189087,0,41.62212689815787,26638.16121482104,0.2735318709879217,79976368.0,86864443.85944417,0.5,100000000000.0,100000000000.0,100000000000.0,1000000000.0,clip,False,0,157,0,157,,,,,,,,,
2026-05-18T19:27:24,0,7,7,1,158,74816,158,True,2.1122994652406416e-08,,,,,,6149.60503578186,666.9150078296661,0.00027298927307128906,0.08756303787231445,1.4176042079925537,0.17575621604919434,4.466506719589233,0,41.62868973055148,26642.361427552947,0.2735318709879217,79027056.0,86707696.10225528,0.5,100000000000.0,100000000000.0,100000000000.0,1000000000.0,clip,False,0,158,0,158,,,,,,,,,
2026-05-18T19:27:30,0,7,7,1,159,74816,159,True,2.1256684491978608e-08,,,,,,6150.467872619629,666.9150078296661,0.0002872943878173828,0.08771395683288574,1.4169533252716064,0.17443084716796875,4.4689764976501465,0,41.622849724920776,26638.623823949296,0.2735318709879217,78324928.0,86540040.74021018,0.5,100000000000.0,100000000000.0,100000000000.0,1000000000.0,clip,False,0,159,0,159,,,,,,,,,
2026-05-18T19:27:36,0,7,7,1,160,74816,160,True,2.13903743315508e-08,,,,,,6150.195837020874,666.9150078296661,0.00029468536376953125,0.08821392059326172,1.4162685871124268,0.1769561767578125,4.466597318649292,0,41.62469078773355,26639.802104149472,0.2735318709879217,78880864.0,86386857.20540597,0.5,100000000000.0,100000000000.0,100000000000.0,1000000000.0,clip,False,0,160,0,160,,,,,,,,,
2026-05-18T19:27:42,0,7,7,1,161,74816,161,True,2.152406417112299e-08,561.953369140625,194.26248168945312,0.7199639678001404,364.9648132324219,2.006086826324463,6150.897741317749,666.9150078296661,0.0002963542938232422,0.08892631530761719,1.4158105850219727,0.1736278533935547,4.470418691635132,0,41.61994082267987,26636.762126515117,0.2735318709879217,76619304.0,86191506.14129785,0.5,100000000000.0,100000000000.0,100000000000.0,1000000000.0,clip,False,0,161,0,161,567.3617350260416,488.2982482910156,627.2603149414062,6150.458333333333,6156.61865234375,768.8004150390625,0.0,998.9500122070312,639328.0
2026-05-18T19:27:48,0,7,7,1,162,74816,162,True,2.1657754010695186e-08,,,,,,6159.198760986328,666.9150078296661,0.0002651214599609375,0.0877983570098877,1.3990840911865234,0.18009066581726074,4.46117091178894,0,41.56384782084941,26600.862605343624,0.2735318709879217,79512184.0,86057919.69847189,0.5,100000000000.0,100000000000.0,100000000000.0,1000000000.0,clip,False,0,162,0,162,,,,,,,,,
2026-05-18T19:27:54,0,7,7,1,163,74816,163,True,2.179144385026738e-08,,,,,,6151.115894317627,666.9150078296661,0.000286102294921875,0.08797645568847656,1.4168381690979004,0.1782524585723877,4.465937852859497,0,41.61846474661478,26635.81743783346,0.2735318709879217,78255984.0,85901880.98450245,0.5,100000000000.0,100000000000.0,100000000000.0,1000000000.0,clip,False,0,163,0,163,,,,,,,,,
2026-05-18T19:28:01,0,7,7,1,164,74816,164,True,2.1925133689839573e-08,,,,,,6149.150609970093,666.9150078296661,0.0003075599670410156,0.09155058860778809,1.4136312007904053,0.17337703704833984,4.468508005142212,0,41.63176611497,26644.3303135808,0.2735318709879217,78006264.0,85743968.6448124,0.5,100000000000.0,100000000000.0,100000000000.0,1000000000.0,clip,False,0,164,0,164,,,,,,,,,
2026-05-18T19:28:07,0,7,7,1,165,74816,165,True,2.2058823529411764e-08,,,,,,6155.108690261841,666.9150078296661,0.00029015541076660156,0.08924412727355957,1.4159209728240967,0.1721036434173584,4.475691318511963,0,41.59146700447781,26618.5388828658,0.2735318709879217,78427328.0,85597635.83191615,0.5,100000000000.0,100000000000.0,100000000000.0,1000000000.0,clip,False,0,165,0,165,,,,,,,,,
2026-05-18T19:28:13,0,7,7,1,166,74816,166,True,2.2192513368983956e-08,,,,,,6146.166086196899,666.9150078296661,0.00029468536376953125,0.08977937698364258,1.4154624938964844,0.1784803867340088,4.460315704345703,0,41.65198213158061,26657.26856421159,0.2735318709879217,78566160.0,85457006.31527783,0.5,100000000000.0,100000000000.0,100000000000.0,1000000000.0,clip,False,0,166,0,166,,,,,,,,,
2026-05-18T19:28:19,0,7,7,1,167,74816,167,True,2.2326203208556147e-08,,,,,,6149.930715560913,666.9150078296661,0.00028967857360839844,0.0908513069152832,1.4137747287750244,0.1741189956665039,4.46895956993103,0,41.62648521425678,26640.950537124343,0.2735318709879217,75726432.0,85262394.82897227,0.5,100000000000.0,100000000000.0,100000000000.0,1000000000.0,clip,False,0,167,0,167,,,,,,,,,
2026-05-18T19:28:25,0,7,7,1,168,74816,168,True,2.2459893048128342e-08,,,,,,6149.733066558838,666.9150078296661,0.0002956390380859375,0.093017578125,1.4122843742370605,0.18001294136047363,4.462339401245117,0,41.62782306635109,26641.806762464697,0.2735318709879217,75834472.0,85073836.37239282,0.5,100000000000.0,100000000000.0,100000000000.0,1000000000.0,clip,False,0,168,0,168,,,,,,,,,
2026-05-18T19:28:31,0,7,7,1,169,74816,169,True,2.2593582887700534e-08,,,,,,6149.430274963379,666.9150078296661,0.0002865791320800781,0.09121346473693848,1.4144871234893799,0.1741352081298828,4.467571020126343,0,41.62987277736465,26643.118577513378,0.2735318709879217,76603880.0,84904437.24494496,0.5,100000000000.0,100000000000.0,100000000000.0,1000000000.0,clip,False,0,169,0,169,,,,,,,,,
2026-05-18T19:28:37,0,7,7,1,170,74816,170,True,2.2727272727272725e-08,,,,,,6150.033950805664,666.9150078296661,0.0002865791320800781,0.09177708625793457,1.4139442443847656,0.17946720123291016,4.4628214836120605,0,41.62578646683139,26640.50333877209,0.2735318709879217,76373072.0,84733809.94004606,0.5,100000000000.0,100000000000.0,100000000000.0,1000000000.0,clip,False,0,170,0,170,,,,,,,,,
2026-05-18T19:28:44,0,7,7,1,171,74816,171,True,2.2860962566844917e-08,542.2594604492188,176.94520568847656,0.7209435701370239,362.59033203125,2.0030202865600586,6152.632236480713,666.9150078296661,0.00034046173095703125,0.08740687370300293,1.4170701503753662,0.17427897453308105,4.471601724624634,0,41.60820770045427,26629.252928290734,0.2735318709879217,75068160.0,84540496.94124514,0.5,100000000000.0,100000000000.0,100000000000.0,1000000000.0,clip,False,0,171,0,171,565.9637858072916,514.614013671875,612.7957763671875,6150.322916666667,6153.490234375,768.8004150390625,0.0,998.9720458984375,639342.125
2026-05-18T19:28:50,0,7,7,1,172,74816,172,True,2.299465240641711e-08,,,,,,6160.50910949707,666.9150078296661,0.0003483295440673828,0.0903315544128418,1.3968849182128906,0.1749863624572754,4.466301202774048,0,41.55500713493779,26595.204566360186,0.2735318709879217,75707240.0,84363831.80242023,0.5,100000000000.0,100000000000.0,100000000000.0,1000000000.0,clip,False,0,172,0,172,,,,,,,,,
2026-05-18T19:28:56,0,7,7,1,173,74816,173,True,2.3128342245989307e-08,,,,,,6147.346258163452,666.9150078296661,0.0003247261047363281,0.09011268615722656,1.4138433933258057,0.17433476448059082,4.4668803215026855,0,41.643985754022125,26652.15088257416,0.2735318709879217,75068920.0,84177933.56637183,0.5,100000000000.0,100000000000.0,100000000000.0,1000000000.0,clip,False,0,173,0,173,,,,,,,,,
2026-05-18T19:29:02,0,7,7,1,174,74816,174,True,2.3262032085561498e-08,,,,,,6150.554180145264,666.9150078296661,0.0002925395965576172,0.0887906551361084,1.4161810874938965,0.1804041862487793,4.463008165359497,0,41.62226565313401,26638.250018005765,0.2735318709879217,74087368.0,83976122.25504439,0.5,100000000000.0,100000000000.0,100000000000.0,1000000000.0,clip,False,0,174,0,174,,,,,,,,,
2026-05-18T19:29:08,0,7,7,1,175,74816,175,True,2.339572192513369e-08,,,,,,6149.288654327393,666.9150078296661,0.0002911090850830078,0.08808350563049316,1.4160528182983398,0.1697702407836914,4.473240375518799,0,41.63083153038312,26643.732179445196,0.2735318709879217,75062280.0,83797845.40994349,0.5,100000000000.0,100000000000.0,100000000000.0,1000000000.0,clip,False,0,175,0,175,,,,,,,,,
2026-05-18T19:29:14,0,7,7,1,176,74816,176,True,2.352941176470588e-08,,,,,,6149.594306945801,666.9150078296661,0.00029277801513671875,0.08901762962341309,1.4159409999847412,0.1698906421661377,4.472712278366089,0,41.62876235768186,26642.40790891639,0.2735318709879217,73494392.0,83591776.34174462,0.5,100000000000.0,100000000000.0,100000000000.0,1000000000.0,clip,False,0,176,0,176,,,,,,,,,
2026-05-18T19:29:21,0,7,7,1,177,74816,177,True,2.3663101604278073e-08,,,,,,6154.188632965088,666.9150078296661,0.0002989768981933594,0.08809709548950195,1.4166080951690674,0.1750926971435547,4.47217059135437,0,41.59768496999404,26622.518380796184,0.2735318709879217,74524088.0,83410422.57490973,0.5,100000000000.0,100000000000.0,100000000000.0,1000000000.0,clip,False,0,177,0,177,,,,,,,,,
2026-05-18T19:29:27,0,7,7,1,178,74816,178,True,2.3796791443850265e-08,,,,,,6148.160219192505,666.9150078296661,0.00029468536376953125,0.0866856575012207,1.4183099269866943,0.16909480094909668,4.471922397613525,0,41.6384724654464,26648.622377885695,0.2735318709879217,73879976.0,83219813.64341153,0.5,100000000000.0,100000000000.0,100000000000.0,1000000000.0,clip,False,0,178,0,178,,,,,,,,,
2026-05-18T19:29:33,0,7,7,1,179,74816,179,True,2.393048128342246e-08,,,,,,6149.789094924927,666.9150078296661,0.0002906322479248047,0.08674168586730957,1.4179117679595947,0.17052030563354492,4.472500801086426,0,41.627443811245875,26641.564039197357,0.2735318709879217,73701304.0,83029443.4505433,0.5,100000000000.0,100000000000.0,100000000000.0,1000000000.0,clip,False,0,179,0,179,,,,,,,,,
2026-05-18T19:29:39,0,7,7,1,180,74816,180,True,2.406417112299465e-08,,,,,,6150.4809856414795,666.9150078296661,0.0002906322479248047,0.0881338119506836,1.4177637100219727,0.1716172695159912,4.47095513343811,0,41.622760983676116,26638.567029552716,0.2735318709879217,74867240.0,82866199.38153243,0.5,100000000000.0,100000000000.0,100000000000.0,1000000000.0,clip,False,0,180,0,180,,,,,,,,,
2026-05-18T19:29:45,0,7,7,1,181,74816,181,True,2.4197860962566843e-08,618.2203369140625,214.39505004882812,0.7172268629074097,401.0892028808594,2.0188844203948975,6149.6875286102295,666.9150078296661,0.00028252601623535156,0.08763360977172852,1.4169330596923828,0.17743754386901855,4.465655088424683,0,41.62813131708068,26642.004042931636,0.2735318709879217,73833368.0,82685542.75390178,0.5,100000000000.0,100000000000.0,100000000000.0,1000000000.0,clip,False,0,181,0,181,579.659423828125,537.8135375976562,622.4334716796875,6148.453125,6152.53955078125,768.8004150390625,0.0,999.2760009765625,639536.625
2026-05-18T19:29:51,0,7,7,1,182,74816,182,True,2.4331550802139034e-08,,,,,,6157.84215927124,666.9150078296661,0.00026869773864746094,0.09217572212219238,1.3938283920288086,0.17321300506591797,4.468977212905884,0,41.57300453285681,26606.722901028355,0.2735318709879217,73268568.0,82497203.25882374,0.5,100000000000.0,100000000000.0,100000000000.0,1000000000.0,clip,False,0,182,0,182,,,,,,,,,
2026-05-18T19:29:57,0,7,7,1,183,74816,183,True,2.446524064171123e-08,,,,,,6154.39772605896,666.9150078296661,0.00029397010803222656,0.08782720565795898,1.4169018268585205,0.17118549346923828,4.476409435272217,0,41.59627170601023,26621.613891846544,0.2735318709879217,71037512.0,82268009.43364726,0.5,100000000000.0,100000000000.0,100000000000.0,1000000000.0,clip,False,0,183,0,183,,,,,,,,,
2026-05-18T19:30:04,0,7,7,1,184,74816,184,True,2.4598930481283424e-08,,,,,,6145.698070526123,666.9150078296661,0.0003037452697753906,0.08749604225158691,1.4158148765563965,0.1737985610961914,4.4664952754974365,0,41.655154070737524,26659.29860527202,0.2735318709879217,70782976.0,82038308.76497431,0.5,100000000000.0,100000000000.0,100000000000.0,1000000000.0,clip,False,0,184,0,184,,,,,,,,,
2026-05-18T19:30:10,0,7,7,1,185,74816,185,True,2.4732620320855616e-08,,,,,,6150.331497192383,666.9150078296661,0.00029349327087402344,0.08881449699401855,1.4159741401672363,0.1732170581817627,4.470264196395874,0,41.62377265629725,26639.214500030237,0.2735318709879217,72611600.0,81849774.58967483,0.5,100000000000.0,100000000000.0,100000000000.0,1000000000.0,clip,False,0,185,0,185,,,,,,,,,
2026-05-18T19:30:16,0,7,7,1,186,74816,186,True,2.4866310160427807e-08,,,,,,6149.938344955444,666.9150078296661,0.0002892017364501953,0.08838796615600586,1.4164071083068848,0.17014217376708984,4.472967624664307,0,41.62643357392141,26640.917487309704,0.2735318709879217,72841224.0,81669603.57788134,0.5,100000000000.0,100000000000.0,100000000000.0,1000000000.0,clip,False,0,186,0,186,,,,,,,,,
2026-05-18T19:30:22,0,7,7,1,187,74816,187,True,2.5e-08,,,,,,6150.319337844849,666.9150078296661,0.00029349327087402344,0.08816766738891602,1.4166343212127686,0.169877290725708,4.473376512527466,0,41.62385494762061,26639.267166477188,0.2735318709879217,70788320.0,81451977.90632372,0.5,100000000000.0,100000000000.0,100000000000.0,1000000000.0,clip,False,0,187,0,187,,,,,,,,,
2026-05-18T19:30:28,0,7,7,1,188,74816,188,True,2.513368983957219e-08,,,,,,6149.931192398071,666.9150078296661,0.0003044605255126953,0.08886837959289551,1.416644811630249,0.1713879108428955,4.470977067947388,0,41.626481986732074,26640.948471508524,0.2735318709879217,69961304.0,81222164.42819723,0.5,100000000000.0,100000000000.0,100000000000.0,1000000000.0,clip,False,0,188,0,188,,,,,,,,,
2026-05-18T19:30:34,0,7,7,1,189,74816,189,True,2.5267379679144382e-08,,,,,,6149.814605712891,666.9150078296661,0.00031113624572753906,0.08745002746582031,1.4178881645202637,0.17080044746398926,4.471496820449829,0,41.6272711314237,26641.453524111163,0.2735318709879217,71796080.0,81033642.73963328,0.5,100000000000.0,100000000000.0,100000000000.0,1000000000.0,clip,False,0,189,0,189,,,,,,,,,
2026-05-18T19:30:41,0,7,7,1,190,74816,190,True,2.5401069518716577e-08,,,,,,6151.164293289185,666.9150078296661,0.0003254413604736328,0.08964133262634277,1.414961814880371,0.17297744750976562,4.471080780029297,0,41.6181372816349,26635.607860246335,0.2735318709879217,70755848.0,80828086.84484062,0.5,100000000000.0,100000000000.0,100000000000.0,1000000000.0,clip,False,0,190,0,190,,,,,,,,,
2026-05-18T19:30:47,0,7,7,1,191,74816,191,True,2.553475935828877e-08,488.6953125,160.10597229003906,0.7201861143112183,325.85992431640625,2.0092077255249023,6149.9388217926025,666.9150078296661,0.00031065940856933594,0.0909116268157959,1.4135653972625732,0.17355728149414062,4.469719409942627,0,41.62643034640471,26640.915421699014,0.2735318709879217,69595128.0,80603427.6679438,0.5,100000000000.0,100000000000.0,100000000000.0,1000000000.0,clip,False,0,191,0,191,549.2158610026041,488.6321716308594,628.562744140625,6151.795572916667,6155.37255859375,768.8004150390625,0.0,998.73291015625,639189.0
2026-05-18T19:30:53,0,7,7,1,192,74816,192,True,2.5668449197860963e-08,,,,,,6266.772985458374,666.9150078296661,0.00027942657470703125,0.08936190605163574,1.3966915607452393,0.1711111068725586,4.57915186882019,0,40.8503707720115,26144.237294087357,0.2735318709879217,71075312.0,80412865.35458492,0.5,100000000000.0,100000000000.0,100000000000.0,1000000000.0,clip,False,0,192,0,192,,,,,,,,,
2026-05-18T19:30:59,0,7,7,1,193,74816,193,True,2.5802139037433155e-08,,,,,,6149.509906768799,666.9150078296661,0.0002911090850830078,0.08759689331054688,1.4175658226013184,0.17067193984985352,4.471538305282593,0,41.629333699945654,26642.773567965218,0.2735318709879217,68910592.0,80182819.88749322,0.5,100000000000.0,100000000000.0,100000000000.0,1000000000.0,clip,False,0,193,0,193,,,,,,,,,
2026-05-18T19:31:05,0,7,7,1,194,74816,194,True,2.5935828877005347e-08,,,,,,6152.812957763672,666.9150078296661,0.0002856254577636719,0.5262386798858643,0.9795074462890625,0.1707596778869629,4.474206209182739,0,41.606985578356806,26628.470770148357,0.2735318709879217,68309240.0,79945348.28974335,0.5,100000000000.0,100000000000.0,100000000000.0,1000000000.0,clip,False,0,194,0,194,,,,,,,,,
2026-05-18T19:31:11,0,7,7,1,195,74816,195,True,2.6069518716577538e-08,,,,,,6148.971796035767,666.9150078296661,0.0002906322479248047,0.08844614028930664,1.4164440631866455,0.175384521484375,4.466580152511597,0,41.63297677914913,26645.105138655443,0.2735318709879217,68967104.0,79725783.40394849,0.5,100000000000.0,100000000000.0,100000000000.0,1000000000.0,clip,False,0,195,0,195,,,,,,,,,
2026-05-18T19:31:18,0,7,7,1,196,74816,196,True,2.6203208556149733e-08,,,,,,6149.513006210327,666.9150078296661,0.0002949237823486328,0.08763289451599121,1.417994499206543,0.16958141326904297,4.472065210342407,0,41.6293127181727,26642.76013963053,0.2735318709879217,70380296.0,79538873.65586951,0.5,100000000000.0,100000000000.0,100000000000.0,1000000000.0,clip,False,0,196,0,196,,,,,,,,,
2026-05-18T19:31:24,0,7,7,1,197,74816,197,True,2.6336898395721925e-08,,,,,,6236.140489578247,666.9150078296661,0.0002872943878173828,0.08857917785644531,1.4168379306793213,0.17139887809753418,4.557124614715576,0,41.05103155193885,26272.660193240863,0.2735318709879217,68922392.0,79326544.02275212,0.5,100000000000.0,100000000000.0,100000000000.0,1000000000.0,clip,False,0,197,0,197,,,,,,,,,
2026-05-18T19:31:30,0,7,7,1,198,74816,198,True,2.6470588235294116e-08,,,,,,6149.744033813477,666.9150078296661,0.00029158592224121094,0.0888833999633789,1.4168226718902588,0.17105484008789062,4.470799446105957,0,41.6277488286376,26641.75925032806,0.2735318709879217,68962104.0,79119255.22229707,0.5,100000000000.0,100000000000.0,100000000000.0,1000000000.0,clip,False,0,198,0,198,,,,,,,,,
2026-05-18T19:31:36,0,7,7,1,199,74816,199,True,2.6604278074866308e-08,,,,,,6437.072992324829,666.9150078296661,0.0002942085266113281,0.08713436126708984,1.4173498153686523,0.1711716651916504,4.759320259094238,0,39.7696282619816,25452.562087668226,0.2735318709879217,67420672.0,78885283.55785112,0.5,100000000000.0,100000000000.0,100000000000.0,1000000000.0,clip,False,0,199,0,199,,,,,,,,,
2026-05-18T19:31:43,0,7,7,1,200,74816,200,True,2.67379679144385e-08,,,,,,6150.104522705078,666.9150078296661,0.0002872943878173828,0.08798623085021973,1.41752290725708,0.17641234397888184,4.466104745864868,0,41.62530881465414,26640.19764137865,0.2735318709879217,66436436.0,78636306.6066941,0.5,100000000000.0,100000000000.0,100000000000.0,1000000000.0,clip,False,0,200,0,200,,,,,,,,,
2026-05-18T19:31:49,0,7,7,1,201,74816,201,True,2.687165775401069e-08,576.2898559570312,216.6288604736328,0.7182580828666687,356.97186279296875,1.970888614654541,6149.867534637451,666.9150078296661,0.00028324127197265625,0.08947563171386719,1.4150469303131104,0.1720573902130127,4.4712817668914795,0,41.62691286570806,26641.224234053156,0.27353428452807177,66018268.0,78383945.83456022,0.5,7863630660.669411,100000000000.0,100000000000.0,1000000000.0,clip,False,0,201,0,201,552.5367024739584,499.5079040527344,603.2661743164062,6150.046223958333,6153.0234375,768.8004150390625,0.0,999.016845703125,639370.875
2026-05-18T19:31:55,0,7,7,1,202,74816,202,True,2.700534759358289e-08,,,,,,6160.009145736694,666.9150078296661,0.00027489662170410156,0.08876681327819824,1.3983485698699951,0.17181944847106934,4.468915224075317,0,41.55837985681824,26597.363108363676,0.27353428452807177,66378120.0,78143829.31786902,0.5,7838394583.456021,100000000000.0,100000000000.0,1000000000.0,clip,False,0,202,0,202,,,,,,,,,
2026-05-18T19:32:01,0,7,7,1,203,74816,203,True,2.713903743315508e-08,,,,,,6149.540185928345,666.9150078296661,0.0002894401550292969,0.08799195289611816,1.417372465133667,0.16994452476501465,4.4721527099609375,0,41.629128725069684,26642.642384044597,0.27353428452807177,65047664.0,77881906.01151164,0.5,7814382931.786902,100000000000.0,100000000000.0,1000000000.0,clip,False,0,203,0,203,,,,,,,,,
2026-05-18T19:32:07,0,7,7,1,204,74816,204,True,2.7272727272727272e-08,,,,,,6149.90496635437,666.9150078296661,0.00029015541076660156,0.08758354187011719,1.4174339771270752,0.16977477073669434,4.4730260372161865,0,41.6266595013346,26641.062080854146,0.27353428452807177,66362900.0,77651525.89128141,0.5,7788190601.151164,100000000000.0,100000000000.0,1000000000.0,clip,False,0,204,0,204,,,,,,,,,
2026-05-18T19:32:13,0,7,7,1,205,74816,205,True,2.7406417112299464e-08,,,,,,6149.271011352539,666.9150078296661,0.0002875328063964844,0.08859801292419434,1.4164199829101562,0.16879868507385254,4.473419427871704,0,41.630950974088314,26643.80862341652,0.27353428452807177,67577416.0,77450043.69345579,0.5,7765152589.128141,100000000000.0,100000000000.0,1000000000.0,clip,False,0,205,0,205,,,,,,,,,
2026-05-18T19:32:19,0,7,7,1,206,74816,206,True,2.7540106951871656e-08,,,,,,6149.397850036621,666.9150078296661,0.00029277801513671875,0.0890204906463623,1.4164338111877441,0.16995716094970703,4.471786260604858,0,41.63009228594235,26643.259063003105,0.27353428452807177,64185820.0,77184759.21958667,0.5,7745004369.345578,100000000000.0,100000000000.0,1000000000.0,clip,False,0,206,0,206,,,,,,,,,
2026-05-18T19:32:26,0,7,7,1,207,74816,207,True,2.767379679144385e-08,,,,,,6151.141166687012,666.9150078296661,0.0002961158752441406,0.08925080299377441,1.415982723236084,0.17168521881103516,4.471994400024414,0,41.61829375440605,26635.708002819872,0.27353428452807177,66562800.0,76972320.03519493,0.5,7718475921.958667,100000000000.0,100000000000.0,1000000000.0,clip,False,0,207,0,207,,,,,,,,,
2026-05-18T19:32:32,0,7,7,1,208,74816,208,True,2.7807486631016042e-08,,,,,,6228.649854660034,666.9150078296661,0.0002892017364501953,0.08906722068786621,1.416210651397705,0.17216157913208008,4.549058437347412,0,41.100399921898116,26304.255950014795,0.27353428452807177,64594580.0,76724765.23449102,0.5,7697232003.519493,100000000000.0,100000000000.0,1000000000.0,clip,False,0,208,0,208,,,,,,,,,
2026-05-18T19:32:38,0,7,7,1,209,74816,209,True,2.7941176470588234e-08,,,,,,6151.280164718628,666.9150078296661,0.00031876564025878906,0.09176087379455566,1.4125566482543945,0.17304396629333496,4.47151780128479,0,41.61735332237301,26635.10612631873,0.27353428452807177,65955304.0,76509376.0098012,0.5,7672476523.449102,100000000000.0,100000000000.0,1000000000.0,clip,False,0,209,0,209,,,,,,,,,
2026-05-18T19:32:44,0,7,7,1,210,74816,210,True,2.8074866310160425e-08,,,,,,6146.762132644653,666.9150078296661,0.000308990478515625,0.09334826469421387,1.4111781120300293,0.18036937713623047,4.4596943855285645,0,41.64794317327123,26654.68363089359,0.27353428452807177,65416528.0,76287519.04960518,0.5,7650937600.98012,100000000000.0,100000000000.0,1000000000.0,clip,False,0,210,0,210,,,,,,,,,
2026-05-18T19:32:50,0,7,7,1,211,74816,211,True,2.8208556149732617e-08,523.4193725585938,177.0653839111328,0.7198434472084045,343.6204528808594,2.013671398162842,6156.1784744262695,666.9150078296661,0.0002932548522949219,0.08858156204223633,1.4165918827056885,0.17185235023498535,4.476977825164795,0,41.584239486146174,26613.91327113355,0.27353428452807177,63979412.0,76041356.90861307,0.5,7628751904.960518,100000000000.0,100000000000.0,1000000000.0,clip,False,0,211,0,211,552.7822672526041,493.17620849609375,607.4188232421875,6150.567057291667,6157.41796875,768.8004150390625,0.0,998.9324951171875,639316.8125
2026-05-18T19:32:56,0,7,7,1,212,74816,212,True,2.8342245989304812e-08,,,,,,6153.379440307617,666.9150078296661,0.00026988983154296875,0.08843374252319336,1.3977103233337402,0.16980695724487305,4.472461700439453,0,41.6031552228156,26626.019342601987,0.27353428452807177,62386404.0,75768257.8504408,0.5,7604135690.861307,100000000000.0,100000000000.0,1000000000.0,clip,False,0,212,0,212,,,,,,,,,
2026-05-18T19:33:03,0,7,7,1,213,74816,213,True,2.8475935828877007e-08,,,,,,6151.020288467407,666.9150078296661,0.0002894401550292969,0.08939146995544434,1.4160869121551514,0.16974425315856934,4.473647832870483,0,41.61911162607873,26636.231440690386,0.27353428452807177,64114820.0,75535189.093432,0.5,7576825785.04408,100000000000.0,100000000000.0,1000000000.0,clip,False,0,213,0,213,,,,,,,,,
2026-05-18T19:33:09,0,7,7,1,214,74816,214,True,2.8609625668449198e-08,,,,,,6152.470350265503,666.9150078296661,0.0002989768981933594,0.09653234481811523,1.408308506011963,0.16985273361206055,4.475661277770996,0,41.609302511949956,26629.95360764797,0.27353428452807177,62101540.0,75266516.11156335,0.5,7553518909.3432,100000000000.0,100000000000.0,1000000000.0,clip,False,0,214,0,214,,,,,,,,,
2026-05-18T19:33:15,0,7,7,1,215,74816,215,True,2.874331550802139e-08,,,,,,6147.477865219116,666.9150078296661,0.0003082752227783203,0.09185791015625,1.4109842777252197,0.1715996265411377,4.470832347869873,0,41.64309422704612,26651.58030530952,0.27353428452807177,62119232.0,75003570.42933209,0.5,7526651611.156336,100000000000.0,100000000000.0,1000000000.0,clip,False,0,215,0,215,,,,,,,,,
2026-05-18T19:33:21,0,7,7,1,216,74816,216,True,2.887700534759358e-08,,,,,,6149.574041366577,666.9150078296661,0.00030350685119628906,0.08765721321105957,1.4176304340362549,0.17069411277770996,4.471429109573364,0,41.62889954295288,26642.495707489845,0.27353428452807177,62033536.0,74744169.74074546,0.5,7500357042.933209,100000000000.0,100000000000.0,1000000000.0,clip,False,0,216,0,216,,,,,,,,,
2026-05-18T19:33:27,0,7,7,1,217,74816,217,True,2.9010695187165773e-08,,,,,,6151.519298553467,666.9150078296661,0.00028896331787109375,0.08954691886901855,1.415442943572998,0.17055583000183105,4.473778963088989,0,41.615735491588,26634.07071461632,0.27353428452807177,61189772.0,74473081.78593054,0.5,7474416974.074546,100000000000.0,100000000000.0,1000000000.0,clip,False,0,217,0,217,,,,,,,,,
2026-05-18T19:33:33,0,7,7,1,218,74816,218,True,2.9144385026737965e-08,,,,,,6149.855852127075,666.9150078296661,0.0002887248992919922,0.08732485771179199,1.418215274810791,0.17211651802062988,4.470100164413452,0,41.626991941844665,26641.274842780585,0.27353428452807177,61468856.0,74212997.27021194,0.5,7447308178.593055,100000000000.0,100000000000.0,1000000000.0,clip,False,0,218,0,218,,,,,,,,,
2026-05-18T19:33:39,0,7,7,1,219,74816,219,True,2.927807486631016e-08,,,,,,6149.670124053955,666.9150078296661,0.0002913475036621094,0.08745145797729492,1.4175045490264893,0.17099785804748535,4.471591472625732,0,41.628249131392586,26642.079444091254,0.27353428452807177,60956636.0,73947870.04480769,0.5,7421299727.0211935,100000000000.0,100000000000.0,1000000000.0,clip,False,0,219,0,219,,,,,,,,,
2026-05-18T19:33:46,0,7,7,1,220,74816,220,True,2.941176470588235e-08,,,,,,6151.756525039673,666.9150078296661,0.00028586387634277344,0.08586859703063965,1.419159173965454,0.16779494285583496,4.476853847503662,0,41.61413068901472,26633.04364096942,0.27353428452807177,60486212.0,73678636.88391152,0.5,7394787004.480769,100000000000.0,100000000000.0,1000000000.0,clip,False,0,220,0,220,,,,,,,,,
2026-05-18T19:33:52,0,7,7,1,221,74816,221,True,2.9545454545454543e-08,503.7939758300781,168.05091857910156,0.7217892408370972,333.0157470703125,2.0055363178253174,6148.4534740448,666.9150078296661,0.00030612945556640625,0.09265661239624023,1.4094319343566895,0.17024564743041992,4.4738500118255615,0,41.63648648894935,26647.351352927584,0.27353428452807177,60243380.0,73409931.74623328,0.5,7367863688.391152,100000000000.0,100000000000.0,1000000000.0,clip,False,0,221,0,221,530.5683186848959,473.00701904296875,598.6720581054688,6150.180989583333,6153.35546875,768.8004150390625,0.0,998.9950561523438,639356.8125
2026-05-18T19:33:58,0,7,7,1,222,74816,222,True,2.9679144385026738e-08,,,,,,6160.314321517944,666.9150078296661,0.0002715587615966797,0.09397745132446289,1.3926506042480469,0.16955113410949707,4.473635673522949,0,41.556321096440385,26596.04550172185,0.27353428452807177,59943016.0,73140593.43130863,0.5,7340993174.623328,100000000000.0,100000000000.0,1000000000.0,clip,False,0,222,0,222,,,,,,,,,
2026-05-18T19:34:04,0,7,7,1,223,74816,223,True,2.981283422459893e-08,,,,,,6146.66748046875,666.9150078296661,0.00030803680419921875,0.08836722373962402,1.4142653942108154,0.17359328269958496,4.468324899673462,0,41.64858450753175,26655.09408482032,0.27353428452807177,59706188.0,72871905.32268246,0.5,7314059343.130863,100000000000.0,100000000000.0,1000000000.0,clip,False,0,223,0,223,,,,,,,,,
2026-05-18T19:34:10,0,7,7,1,224,74816,224,True,2.994652406417112e-08,,,,,,6149.2767333984375,666.9150078296661,0.00028896331787109375,0.09147000312805176,1.413862943649292,0.1696336269378662,4.472398042678833,0,41.63091223551423,26643.78383072911,0.27353428452807177,58808396.0,72590635.1362288,0.5,7287190532.268246,100000000000.0,100000000000.0,1000000000.0,clip,False,0,224,0,224,,,,,,,,,
2026-05-18T19:34:16,0,7,7,1,225,74816,225,True,3.008021390374331e-08,,,,,,6150.526285171509,666.9150078296661,0.0002884864807128906,0.08824634552001953,1.4167404174804688,0.17313218116760254,4.470447778701782,0,41.622454425924204,26638.37083259149,0.27353428452807177,58940752.0,72317637.47350423,0.5,7259063513.62288,100000000000.0,100000000000.0,1000000000.0,clip,False,0,225,0,225,,,,,,,,,
2026-05-18T19:34:23,0,7,7,1,226,74816,226,True,3.0213903743315504e-08,,,,,,6149.924516677856,666.9150078296661,0.00028896331787109375,0.09160017967224121,1.4137539863586426,0.16979169845581055,4.472746133804321,0,41.626527172123616,26640.977390159114,0.27353428452807177,58558328.0,72042451.28403415,0.5,7231763747.350423,100000000000.0,100000000000.0,1000000000.0,clip,False,0,226,0,226,,,,,,,,,
2026-05-18T19:34:29,0,7,7,1,227,74816,227,True,3.03475935828877e-08,,,,,,6152.641773223877,666.9150078296661,0.00029587745666503906,0.08826947212219238,1.4166653156280518,0.16836023330688477,4.477136611938477,0,41.608143206728656,26629.211652306338,0.27353428452807177,59566752.0,71792937.29835346,0.5,7204245128.403415,100000000000.0,100000000000.0,1000000000.0,clip,False,0,227,0,227,,,,,,,,,
2026-05-18T19:34:35,0,7,7,1,228,74816,228,True,3.0481283422459894e-08,,,,,,6150.498867034912,666.9150078296661,0.00029659271240234375,0.0891427993774414,1.4166009426116943,0.17043209075927734,4.472088813781738,0,41.622639973497755,26638.489583038565,0.27353428452807177,58321928.0,71523517.11238639,0.5,7179293729.835346,100000000000.0,100000000000.0,1000000000.0,clip,False,0,228,0,228,,,,,,,,,
2026-05-18T19:34:41,0,7,7,1,229,74816,229,True,3.0614973262032085e-08,,,,,,6151.070117950439,666.9150078296661,0.00032067298889160156,0.09167981147766113,1.4125475883483887,0.17039203643798828,4.474039077758789,0,41.61877447192883,26636.01566203445,0.27353428452807177,58265348.0,71258353.73013867,0.5,7152351711.238639,100000000000.0,100000000000.0,1000000000.0,clip,False,0,229,0,229,,,,,,,,,
2026-05-18T19:34:47,0,7,7,1,230,74816,230,True,3.074866310160428e-08,,,,,,6146.8141078948975,666.9150078296661,0.00030493736267089844,0.08940601348876953,1.4152305126190186,0.1743762493133545,4.465532302856445,0,41.647591013236685,26654.458248471477,0.27353428452807177,58625084.0,71005688.33553591,0.5,7125835373.013867,100000000000.0,100000000000.0,1000000000.0,clip,False,0,230,0,230,,,,,,,,,
2026-05-18T19:34:53,0,7,7,1,231,74816,231,True,3.088235294117647e-08,569.8712768554688,207.49710083007812,0.7190426588058472,359.63690185546875,2.018235206604004,6149.144649505615,666.9150078296661,0.0002923011779785156,0.08855080604553223,1.416837215423584,0.1760387420654297,4.46557092666626,0,41.63180646930824,26644.35614035727,0.27353428452807177,57755080.0,70740676.1688252,0.5,7100568833.553592,100000000000.0,100000000000.0,1000000000.0,clip,False,0,231,0,231,545.0289713541666,480.7418212890625,627.37109375,6149.13671875,6154.09765625,768.8004150390625,0.0,999.164794921875,639465.4375
2026-05-18T19:34:59,0,7,7,1,232,74816,232,True,3.101604278074866e-08,,,,,,6158.882141113281,666.9150078296661,0.00027489662170410156,0.08861207962036133,1.398007869720459,0.1705927848815918,4.47018027305603,0,41.56598456253708,26602.230120023734,0.27353428452807177,56587320.0,70457609.04544869,0.5,7074067616.88252,100000000000.0,100000000000.0,1000000000.0,clip,False,0,232,0,232,,,,,,,,,
2026-05-18T19:35:06,0,7,7,1,233,74816,233,True,3.114973262032086e-08,,,,,,6150.240898132324,666.9150078296661,0.0002923011779785156,0.0891256332397461,1.4163379669189453,0.17045879364013672,4.472254514694214,0,41.62438581515414,26639.60692169865,0.27353428452807177,57402168.0,70196500.22453971,0.5,7045760904.544869,100000000000.0,100000000000.0,1000000000.0,clip,False,0,233,0,233,,,,,,,,,
2026-05-18T19:35:12,0,7,7,1,234,74816,234,True,3.128342245989305e-08,,,,,,6150.697946548462,666.9150078296661,0.0005457401275634766,0.08804130554199219,1.4168851375579834,0.17093586921691895,4.4724791049957275,0,41.62129277436839,26637.62737559577,0.27353428452807177,55297912.0,69898528.46004891,0.5,7019650022.453971,100000000000.0,100000000000.0,1000000000.0,clip,False,0,234,0,234,,,,,,,,,
2026-05-18T19:35:18,0,7,7,1,235,74816,235,True,3.141711229946524e-08,,,,,,6151.167392730713,666.9150078296661,0.00029087066650390625,0.08882403373718262,1.416508436203003,0.17171454429626465,4.471867084503174,0,41.618116311146736,26635.594439133907,0.27353428452807177,54752520.0,69595608.29084794,0.5,6989852846.004891,100000000000.0,100000000000.0,1000000000.0,clip,False,0,235,0,235,,,,,,,,,
2026-05-18T19:35:24,0,7,7,1,236,74816,236,True,3.155080213903743e-08,,,,,,6156.020402908325,666.9150078296661,0.00028324127197265625,0.08856010437011719,1.4163854122161865,0.1726384162902832,4.476263046264648,0,41.58530726750944,26614.596651206044,0.27353428452807177,54630644.0,69296309.00503097,0.5,6959560829.084794,100000000000.0,100000000000.0,1000000000.0,clip,False,0,236,0,236,,,,,,,,,
2026-05-18T19:35:30,0,7,7,1,237,74816,237,True,3.1684491978609625e-08,,,,,,6143.57328414917,666.9150078296661,0.0002930164337158203,0.09109354019165039,1.4081318378448486,0.17070817947387695,4.471380233764648,0,41.66956071973571,26668.51886063086,0.27353428452807177,54518588.0,69000754.58493036,0.5,6929630900.503098,100000000000.0,100000000000.0,1000000000.0,clip,False,0,237,0,237,,,,,,,,,
2026-05-18T19:35:36,0,7,7,1,238,74816,238,True,3.1818181818181816e-08,,,,,,6148.735284805298,666.9150078296661,0.00028824806213378906,0.08955526351928711,1.4154276847839355,0.17230653762817383,4.469376564025879,0,41.63457819246586,26646.13004317815,0.27353428452807177,54150824.0,68703755.97323176,0.5,6900075458.493036,100000000000.0,100000000000.0,1000000000.0,clip,False,0,238,0,238,,,,,,,,,
2026-05-18T19:35:42,0,7,7,1,239,74816,239,True,3.195187165775401e-08,,,,,,6150.18367767334,666.9150078296661,0.0002875328063964844,0.09284567832946777,1.4125514030456543,0.17642450332641602,4.466273784637451,0,41.6247730826873,26639.85477291987,0.27353428452807177,53159048.0,68392861.81376714,0.5,6870375597.323176,100000000000.0,100000000000.0,1000000000.0,clip,False,0,239,0,239,,,,,,,,,
2026-05-18T19:35:49,0,7,7,1,240,74816,240,True,3.20855614973262e-08,,,,,,6150.080442428589,666.9150078296661,0.0002923011779785156,0.08927297592163086,1.4159924983978271,0.17296266555786133,4.469753980636597,0,41.62547179609066,26640.30194949802,0.27353428452807177,54011444.0,68105233.45749179,0.5,6839286181.376714,100000000000.0,100000000000.0,1000000000.0,clip,False,0,240,0,240,,,,,,,,,
2026-05-18T19:35:55,0,7,7,1,241,74816,241,True,3.221925133689839e-08,507.66656494140625,178.2096710205078,0.7190906405448914,326.74334716796875,1.9944533109664917,6150.166273117065,666.9150078296661,0.0002894401550292969,0.09495663642883301,1.41017484664917,0.1716938018798828,4.471407651901245,0,41.624890877991255,26639.930161914403,0.27353428452807177,53774364.0,67818616.06834194,0.5,6810523345.749179,100000000000.0,100000000000.0,1000000000.0,clip,False,0,241,0,241,522.3448893229166,476.903076171875,592.1480712890625,6151.06640625,6155.68701171875,768.8004150390625,0.0,998.8511962890625,639264.8125
2026-05-18T19:36:01,0,7,7,1,242,74816,242,True,3.235294117647059e-08,,,,,,6161.483287811279,666.9150078296661,0.00027179718017578125,0.08964776992797852,1.397172212600708,0.17662858963012695,4.465969800949097,0,41.548436965888115,26590.999658168395,0.27353428452807177,54142976.0,67545103.2669751,0.5,6781861606.834194,100000000000.0,100000000000.0,1000000000.0,clip,False,0,242,0,242,,,,,,,,,
2026-05-18T19:36:07,0,7,7,1,243,74816,243,True,3.248663101604278e-08,,,,,,6147.235631942749,666.9150078296661,0.0002903938293457031,0.0889425277709961,1.4160256385803223,0.172499418258667,4.467727899551392,0,41.64473518303946,26652.630517145255,0.27353428452807177,53577656.0,67265754.3216356,0.5,6754510326.697511,100000000000.0,100000000000.0,1000000000.0,clip,False,0,243,0,243,,,,,,,,,
2026-05-18T19:36:13,0,7,7,1,244,74816,244,True,3.262032085561497e-08,,,,,,6150.173664093018,666.9150078296661,0.0002923011779785156,0.08842706680297852,1.4170055389404297,0.17203998565673828,4.470516920089722,0,41.62484085524648,26639.898147357748,0.27353428452807177,53046752.0,66981374.27520289,0.5,6726575432.163561,100000000000.0,100000000000.0,1000000000.0,clip,False,0,244,0,244,,,,,,,,,
2026-05-18T19:36:19,0,7,7,1,245,74816,245,True,3.2754010695187164e-08,,,,,,6149.382829666138,666.9150078296661,0.00029659271240234375,0.08858609199523926,1.4165735244750977,0.17135024070739746,4.470696687698364,0,41.630193970847436,26643.32414134236,0.27353428452807177,50884968.0,66659446.14969883,0.5,6698137427.520289,100000000000.0,100000000000.0,1000000000.0,clip,False,0,245,0,245,,,,,,,,,
2026-05-18T19:36:26,0,7,7,1,246,74816,246,True,3.2887700534759355e-08,,,,,,6150.172233581543,666.9150078296661,0.00029969215393066406,0.08736968040466309,1.417600393295288,0.1715221405029297,4.471509695053101,0,41.62485053705867,26639.90434371755,0.27353428452807177,51313892.0,66352535.066704854,0.5,6665944614.969883,100000000000.0,100000000000.0,1000000000.0,clip,False,0,246,0,246,,,,,,,,,
2026-05-18T19:36:32,0,7,7,1,247,74816,247,True,3.302139037433155e-08,,,,,,6150.562286376953,666.9150078296661,0.0003094673156738281,0.08910179138183594,1.415644884109497,0.17676186561584473,4.4668354988098145,0,41.622210796404964,26638.214909699174,0.27353428452807177,51964176.0,66064767.88537076,0.5,6635253506.6704855,100000000000.0,100000000000.0,1000000000.0,clip,False,0,247,0,247,,,,,,,,,
2026-05-18T19:36:38,0,7,7,1,248,74816,248,True,3.3155080213903745e-08,,,,,,6152.440547943115,666.9150078296661,0.0002853870391845703,0.08939695358276367,1.4161736965179443,0.17174100875854492,4.473070383071899,0,41.60950406673754,26630.082602712027,0.27353428452807177,50410068.0,65751673.88766334,0.5,6606476788.537076,100000000000.0,100000000000.0,1000000000.0,clip,False,0,248,0,248,,,,,,,,,
2026-05-18T19:36:44,0,7,7,1,249,74816,249,True,3.328877005347593e-08,,,,,,6147.3228931427,666.9150078296661,0.0002837181091308594,0.08841466903686523,1.4143128395080566,0.17153573036193848,4.470961809158325,0,41.64414403635221,26652.252183265417,0.27353428452807177,49474644.0,65426133.28991008,0.5,6575167388.766335,100000000000.0,100000000000.0,1000000000.0,clip,False,0,249,0,249,,,,,,,,,
2026-05-18T19:36:50,0,7,7,1,250,74816,250,True,3.342245989304813e-08,,,,,,6150.995254516602,666.9150078296661,0.00028061866760253906,0.08853864669799805,1.41745924949646,0.17182326316833496,4.471082925796509,0,41.61928101180411,26636.33984755463,0.27353428452807177,49363432.0,65104879.26411188,0.5,6542613328.991008,100000000000.0,100000000000.0,1000000000.0,clip,False,0,250,0,250,,,,,,,,,
2026-05-18T19:36:56,0,7,7,1,251,74816,251,True,3.355614973262032e-08,492.2113952636719,177.29022216796875,0.71927410364151,312.2221374511719,1.9797735214233398,6151.629209518433,666.9150078296661,0.0003077983856201172,0.08804082870483398,1.4168365001678467,0.17042756080627441,4.474350929260254,0,41.61499194455519,26633.594844515323,0.27353428452807177,48146352.0,64765708.71882964,0.5,6510487926.411188,100000000000.0,100000000000.0,1000000000.0,clip,False,0,251,0,251,520.3386637369791,446.2673034667969,589.9898071289062,6150.311197916667,6153.888671875,768.8004150390625,0.0,998.9739379882812,639343.3125
2026-05-18T19:37:02,0,7,7,1,252,74816,252,True,3.368983957219251e-08,,,,,,6168.050765991211,666.9150078296661,0.0002968311309814453,0.08934664726257324,1.396688461303711,0.17407917976379395,4.473285913467407,0,41.50419795691493,26562.686692425556,0.27353428452807177,49608352.0,64462561.58445305,0.5,6476570871.882964,100000000000.0,100000000000.0,1000000000.0,clip,False,0,252,0,252,,,,,,,,,
2026-05-18T19:37:09,0,7,7,1,253,74816,253,True,3.38235294117647e-08,,,,,,6143.022298812866,666.9150078296661,0.0002968311309814453,0.09067988395690918,1.408334493637085,0.17724895477294922,4.464593172073364,0,41.673298182471484,26670.91083678175,0.27353428452807177,47146624.0,64116242.832763985,0.5,6446256158.445305,100000000000.0,100000000000.0,1000000000.0,clip,False,0,253,0,253,,,,,,,,,
2026-05-18T19:37:15,0,7,7,1,254,74816,254,True,3.3957219251336895e-08,,,,,,6150.545120239258,666.9150078296661,0.0003082752227783203,0.0892190933227539,1.416226863861084,0.1709451675415039,4.472040891647339,0,41.622326963767,26638.28925681088,0.27353428452807177,49612916.0,63826176.29610871,0.5,6411624283.276399,100000000000.0,100000000000.0,1000000000.0,clip,False,0,254,0,254,,,,,,,,,
2026-05-18T19:37:21,0,7,7,1,255,74816,255,True,3.4090909090909086e-08,,,,,,6148.947238922119,666.9150078296661,0.00029659271240234375,0.08797478675842285,1.4168519973754883,0.17421412467956543,4.467743873596191,0,41.63314304919545,26645.21155148509,0.27353428452807177,49165924.0,63532971.25018654,0.5,6382617629.61087,100000000000.0,100000000000.0,1000000000.0,clip,False,0,255,0,255,,,,,,,,,
2026-05-18T19:37:27,0,7,7,1,256,74816,256,True,3.4224598930481285e-08,,,,,,6150.119304656982,666.9150078296661,0.00027942657470703125,0.08853769302368164,1.416874647140503,0.17273902893066406,4.469891786575317,0,41.62520876727581,26640.133611056513,0.27353428452807177,46894376.0,63200199.34518281,0.5,6353297125.018654,100000000000.0,100000000000.0,1000000000.0,clip,False,0,256,0,256,,,,,,,,,
2026-05-18T19:37:33,0,7,7,1,257,74816,257,True,3.4358288770053476e-08,,,,,,6152.2767543792725,666.9150078296661,0.0002841949462890625,0.08767485618591309,1.4167718887329102,0.17679977416992188,4.468840599060059,0,41.61061184670793,26630.791581893078,0.27353428452807177,48409764.0,62904390.638279155,0.5,6320019934.518281,100000000000.0,100000000000.0,1000000000.0,clip,False,0,257,0,257,,,,,,,,,
2026-05-18T19:37:39,0,7,7,1,258,74816,258,True,3.449197860962567e-08,,,,,,6147.907733917236,666.9150078296661,0.0003139972686767578,0.08931422233581543,1.4138944149017334,0.17188572883605957,4.470642328262329,0,41.640182494555035,26649.716796515222,0.27353428452807177,48239144.0,62611085.705513574,0.5,6290439063.827915,100000000000.0,100000000000.0,1000000000.0,clip,False,0,258,0,258,,,,,,,,,
2026-05-18T19:37:45,0,7,7,1,259,74816,259,True,3.462566844919786e-08,,,,,,6150.204658508301,666.9150078296661,0.00028896331787109375,0.0937814712524414,1.4110541343688965,0.1729123592376709,4.470257997512817,0,41.62463108375509,26639.76389360326,0.27353428452807177,45013156.0,62259127.1114033,0.5,6261108570.551357,100000000000.0,100000000000.0,1000000000.0,clip,False,0,259,0,259,,,,,,,,,
2026-05-18T19:37:52,0,7,7,1,260,74816,260,True,3.475935828877005e-08,,,,,,6149.724960327148,666.9150078296661,0.0003085136413574219,0.08951735496520996,1.4157826900482178,0.17169690132141113,4.470653295516968,0,41.62787793787472,26641.841880239823,0.27353428452807177,45055440.0,61915053.36917524,0.5,6225912711.14033,100000000000.0,100000000000.0,1000000000.0,clip,False,0,260,0,260,,,,,,,,,
2026-05-18T19:37:58,0,7,7,1,261,74816,261,True,3.489304812834225e-08,578.803466796875,214.8004913330078,0.7187200784683228,361.3066711425781,1.9775879383087158,6150.914669036865,666.9150078296661,0.00028443336486816406,0.0894310474395752,1.4157795906066895,0.17216706275939941,4.471414804458618,0,41.619826281882965,26636.6888204051,0.27353428452807177,46434240.0,61605437.10179174,0.5,6191505336.917524,100000000000.0,100000000000.0,1000000000.0,clip,False,0,261,0,261,522.0421956380209,457.58673095703125,594.9293823242188,6150.477864583333,6155.04296875,768.8004150390625,0.0,998.94677734375,639326.0
2026-05-18T19:38:04,0,7,7,1,262,74816,262,True,3.5026737967914434e-08,,,,,,6156.372785568237,666.9150078296661,0.00027251243591308594,0.08928298950195312,1.3975763320922852,0.1717686653137207,4.468390226364136,0,41.58292697935949,26613.073266790074,0.27353428452807177,46431572.0,61301959.7997559,0.5,6160543710.179174,100000000000.0,100000000000.0,1000000000.0,clip,False,0,262,0,262,,,,,,,,,
2026-05-18T19:38:10,0,7,7,1,263,74816,263,True,3.516042780748663e-08,,,,,,6150.365591049194,666.9150078296661,0.0002841949462890625,0.08918404579162598,1.4161698818206787,0.1739635467529297,4.468931436538696,0,41.623541919616,26639.06682855424,0.27353428452807177,44481168.0,60965543.96376078,0.5,6130195979.97559,100000000000.0,100000000000.0,1000000000.0,clip,False,0,263,0,263,,,,,,,,,
2026-05-18T19:38:16,0,7,7,1,264,74816,264,True,3.529411764705882e-08,,,,,,6150.397777557373,666.9150078296661,0.0002868175506591797,0.08944582939147949,1.4151391983032227,0.1742544174194336,4.469530344009399,0,41.623324093628014,26638.92741992193,0.27353428452807177,45840460.0,60663042.28448556,0.5,6096554396.376078,100000000000.0,100000000000.0,1000000000.0,clip,False,0,264,0,264,,,,,,,,,
2026-05-18T19:38:22,0,7,7,1,265,74816,265,True,3.5427807486631015e-08,,,,,,6150.692462921143,666.9150078296661,0.00029540061950683594,0.0879664421081543,1.4174370765686035,0.17334699630737305,4.469911098480225,0,41.6213298816794,26637.651124274813,0.27353428452807177,45073684.0,60351255.11879585,0.5,6066304228.448556,100000000000.0,100000000000.0,1000000000.0,clip,False,0,265,0,265,,,,,,,,,
2026-05-18T19:38:29,0,7,7,1,266,74816,266,True,3.5561497326203214e-08,,,,,,6149.288177490234,666.9150078296661,0.00028705596923828125,0.08877277374267578,1.416341781616211,0.17855620384216309,4.463571071624756,0,41.63083475858236,26643.73424549271,0.27353428452807177,43446788.0,60013165.77641993,0.5,6035125511.879585,100000000000.0,100000000000.0,1000000000.0,clip,False,0,266,0,266,,,,,,,,,
2026-05-18T19:38:35,0,7,7,1,267,74816,267,True,3.56951871657754e-08,,,,,,6151.2744426727295,666.9150078296661,0.0002942085266113281,0.09391069412231445,1.4113454818725586,0.17422842979431152,4.469613313674927,0,41.617392035717394,26635.13090285913,0.27353428452807177,43656048.0,59686023.42089153,0.5,6001316577.641993,100000000000.0,100000000000.0,1000000000.0,clip,False,0,267,0,267,,,,,,,,,
2026-05-18T19:38:41,0,7,7,1,268,74816,268,True,3.58288770053476e-08,,,,,,6148.3800411224365,666.9150078296661,0.00028967857360839844,0.09028291702270508,1.415295124053955,0.17293214797973633,4.467806100845337,0,41.636983772601205,26647.66961446477,0.27353428452807177,43647636.0,59365255.6724737,0.5,5968602342.089153,100000000000.0,100000000000.0,1000000000.0,clip,False,0,268,0,268,,,,,,,,,
2026-05-18T19:38:47,0,7,7,1,269,74816,269,True,3.596256684491978e-08,,,,,,6150.01368522644,666.9150078296661,0.00028133392333984375,0.09118533134460449,1.4142110347747803,0.17269611358642578,4.469899654388428,0,41.62592363248932,26640.59112479316,0.27353428452807177,44574280.0,59069436.15902422,0.5,5936525567.24737,100000000000.0,100000000000.0,1000000000.0,clip,False,0,269,0,269,,,,,,,,,
2026-05-18T19:38:53,0,7,7,1,270,74816,270,True,3.609625668449198e-08,,,,,,6150.548934936523,666.9150078296661,0.0003299713134765625,0.08764982223510742,1.4176630973815918,0.1730339527130127,4.469995021820068,0,41.62230114874162,26638.272735194638,0.27353428452807177,42487884.0,58737805.115843736,0.5,5906943615.902422,100000000000.0,100000000000.0,1000000000.0,clip,False,0,270,0,270,,,,,,,,,
2026-05-18T19:38:59,0,7,7,1,271,74816,271,True,3.6229946524064165e-08,540.628662109375,210.1586456298828,0.7202919125556946,327.7642822265625,1.9854679107666016,6152.766466140747,666.9150078296661,0.00032520294189453125,0.09216117858886719,1.4125657081604004,0.17342329025268555,4.472108364105225,0,41.60729996966277,26628.67198058417,0.27353428452807177,40931880.0,58381686.61352686,0.5,5873780511.584373,100000000000.0,100000000000.0,1000000000.0,clip,False,0,271,0,271,514.5491943359375,445.29833984375,595.7996215820312,6151.416015625,6158.5341796875,768.8004150390625,0.0,998.7945556640625,639228.5625
2026-05-18T19:39:05,0,7,7,1,272,74816,272,True,3.636363636363636e-08,,,,,,6158.765077590942,666.9150078296661,0.0002791881561279297,0.09191775321960449,1.3947222232818604,0.17471909523010254,4.467702150344849,0,41.56677463335503,26602.735765347217,0.27353428452807177,42326600.0,58060584.88125632,0.5,5838168661.352686,100000000000.0,100000000000.0,1000000000.0,clip,False,0,272,0,272,,,,,,,,,
2026-05-18T19:39:12,0,7,7,1,273,74816,273,True,3.6497326203208555e-08,,,,,,6161.806583404541,666.9150078296661,0.0002875328063964844,0.08940935134887695,1.4155991077423096,0.17644071578979492,4.478247165679932,0,41.54625701648591,26589.604490550984,0.27353428452807177,40588204.0,57711137.26363119,0.5,5806058488.125632,100000000000.0,100000000000.0,1000000000.0,clip,False,0,273,0,273,,,,,,,,,
2026-05-18T19:39:18,0,7,7,1,274,74816,274,True,3.6631016042780746e-08,,,,,,6149.235010147095,666.9150078296661,0.0002853870391845703,0.0894310474395752,1.4161877632141113,0.17235898971557617,4.4691002368927,0,41.6311947059373,26643.964611799867,0.27353428452807177,41725160.0,57391417.71835857,0.5,5771113726.363119,100000000000.0,100000000000.0,1000000000.0,clip,False,0,274,0,274,,,,,,,,,
2026-05-18T19:39:24,0,7,7,1,275,74816,275,True,3.676470588235294e-08,,,,,,6150.503396987915,666.9150078296661,0.0002880096435546875,0.08877682685852051,1.4163358211517334,0.17298340797424316,4.470203876495361,0,41.62260931769761,26638.46996332647,0.27353428452807177,41067544.0,57064940.2439914,0.5,5739141771.835856,100000000000.0,100000000000.0,1000000000.0,clip,False,0,275,0,275,,,,,,,,,
2026-05-18T19:39:30,0,7,7,1,276,74816,276,True,3.689839572192513e-08,,,,,,6150.557518005371,666.9150078296661,0.0002884864807128906,0.08933115005493164,1.4155824184417725,0.1726233959197998,4.470934152603149,0,41.62224306505159,26638.23556163302,0.27353428452807177,39069532.0,56705032.07911157,0.5,5706494024.399139,100000000000.0,100000000000.0,1000000000.0,clip,False,0,276,0,276,,,,,,,,,
2026-05-18T19:39:36,0,7,7,1,277,74816,277,True,3.703208556149733e-08,,,,,,6151.373863220215,666.9150078296661,0.0002875328063964844,0.08922386169433594,1.4153921604156494,0.1715552806854248,4.472971200942993,0,41.61671940160458,26634.70041702693,0.27353428452807177,39422272.0,56359376.87752933,0.5,5670503207.911157,100000000000.0,100000000000.0,1000000000.0,clip,False,0,277,0,277,,,,,,,,,
2026-05-18T19:39:42,0,7,7,1,278,74816,278,True,3.716577540106952e-08,,,,,,6150.6006717681885,666.9150078296661,0.0003085136413574219,0.08652901649475098,1.4187383651733398,0.17158865928649902,4.471496820449829,0,41.62195103562211,26638.04866279815,0.27353428452807177,37076028.0,55973709.89997874,0.5,5635937687.7529335,100000000000.0,100000000000.0,1000000000.0,clip,False,0,278,0,278,,,,,,,,,
2026-05-18T19:39:49,0,7,7,1,279,74816,279,True,3.729946524064171e-08,,,,,,6150.248765945435,666.9150078296661,0.0002872943878173828,0.08867311477661133,1.4165422916412354,0.17247271537780762,4.47050404548645,0,41.624332566431875,26639.572842516398,0.27353428452807177,37477984.0,55603795.38197917,0.5,5597370989.997874,100000000000.0,100000000000.0,1000000000.0,clip,False,0,279,0,279,,,,,,,,,
2026-05-18T19:39:55,0,7,7,1,280,74816,280,True,3.74331550802139e-08,,,,,,6150.416374206543,666.9150078296661,0.00028586387634277344,0.08834195137023926,1.416494607925415,0.1708536148071289,4.472663879394531,0,41.6231982396519,26638.846873377217,0.27353428452807177,37410640.0,55239932.27433958,0.5,5560379538.197917,100000000000.0,100000000000.0,1000000000.0,clip,False,0,280,0,280,,,,,,,,,
2026-05-18T19:40:01,0,7,7,1,281,74816,281,True,3.7566844919786094e-08,533.662353515625,197.04457092285156,0.7190602421760559,333.88543701171875,2.013317108154297,6150.04825592041,666.9150078296661,0.00029969215393066406,0.09056377410888672,1.4151999950408936,0.17079615592956543,4.4715282917022705,0,41.62568964455829,26640.441372517307,0.27353428452807177,37701216.0,54889157.948852785,0.5,5523993227.433958,100000000000.0,100000000000.0,1000000000.0,clip,False,0,281,0,281,508.4671223958333,444.277587890625,559.5413208007812,6150.013020833333,6155.62646484375,768.8004150390625,0.0,999.0224609375,639374.375
2026-05-18T19:40:07,0,7,7,1,282,74816,282,True,3.7700534759358286e-08,,,,,,6476.255416870117,666.9150078296661,0.0002689361572265625,0.09268307685852051,1.3938522338867188,0.17145133018493652,4.788200855255127,0,39.52901538335577,25298.569845347694,0.27353428452807177,38821152.0,54567797.82987573,0.5,5488915794.885279,100000000000.0,100000000000.0,1000000000.0,clip,False,0,282,0,282,,,,,,,,,
2026-05-18T19:40:13,0,7,7,1,283,74816,283,True,3.783422459893048e-08,,,,,,6156.2817096710205,666.9150078296661,0.0002827644348144531,0.08994007110595703,1.415372371673584,0.17550015449523926,4.473357677459717,0,41.58354215627344,26613.466980015,0.27353428452807177,36798984.0,54212421.553278215,0.5,5456779782.987573,100000000000.0,100000000000.0,1000000000.0,clip,False,0,283,0,283,,,,,,,,,
2026-05-18T19:40:20,0,7,7,1,284,74816,284,True,3.796791443850267e-08,,,,,,6150.5255699157715,666.9150078296661,0.0002899169921875,0.09095454216003418,1.414623498916626,0.17249536514282227,4.470368146896362,0,41.62245926627467,26638.37393041579,0.27353428452807177,37796180.0,53884096.72221265,0.5,5421242155.327822,100000000000.0,100000000000.0,1000000000.0,clip,False,0,284,0,284,,,,,,,,,
2026-05-18T19:40:26,0,7,7,1,285,74816,285,True,3.810160427807487e-08,,,,,,6153.388023376465,666.9150078296661,0.0002894401550292969,0.08850431442260742,1.4162862300872803,0.16596627235412598,4.480379819869995,0,41.60309719254932,26625.982203231564,0.27353428452807177,36603848.0,53538491.747768395,0.5,5388409672.221265,100000000000.0,100000000000.0,1000000000.0,clip,False,0,285,0,285,,,,,,,,,
2026-05-18T19:40:32,0,7,7,1,286,74816,286,True,3.823529411764706e-08,,,,,,6145.655155181885,666.9150078296661,0.00029850006103515625,0.09002494812011719,1.412461757659912,0.1701526641845703,4.470911026000977,0,41.655444950266414,26659.484768170507,0.27353428452807177,34099524.0,53149712.39281303,0.5,5353849174.776839,100000000000.0,100000000000.0,1000000000.0,clip,False,0,286,0,286,,,,,,,,,
2026-05-18T19:40:38,0,7,7,1,287,74816,287,True,3.836898395721925e-08,,,,,,6154.7088623046875,666.9150078296661,0.00029587745666503906,0.08882761001586914,1.416407585144043,0.17810916900634766,4.4691245555877686,0,41.59416890828179,26620.268101300342,0.27353428452807177,34955144.0,52785821.02495677,0.5,5314971239.281302,100000000000.0,100000000000.0,1000000000.0,clip,False,0,287,0,287,,,,,,,,,
2026-05-18T19:40:44,0,7,7,1,288,74816,288,True,3.850267379679144e-08,,,,,,6145.733118057251,666.9150078296661,0.0002849102020263672,0.08929634094238281,1.4156534671783447,0.17255020141601562,4.466171979904175,0,41.65491652213578,26659.146574166898,0.27353428452807177,34880940.0,52427723.40445763,0.5,5278582102.495677,100000000000.0,100000000000.0,1000000000.0,clip,False,0,288,0,288,,,,,,,,,
2026-05-18T19:40:50,0,7,7,1,289,74816,289,True,3.8636363636363633e-08,,,,,,6150.890588760376,666.9150078296661,0.00028896331787109375,0.09161782264709473,1.4135851860046387,0.1722736358642578,4.471453905105591,0,41.619989220389165,26636.793101049065,0.27353428452807177,35866968.0,52096508.29636847,0.5,5242772340.445763,100000000000.0,100000000000.0,1000000000.0,clip,False,0,289,0,289,,,,,,,,,
2026-05-18T19:40:57,0,7,7,1,290,74816,290,True,3.877005347593583e-08,,,,,,6149.857521057129,666.9150078296661,0.0003483295440673828,0.09490633010864258,1.4096574783325195,0.17790555953979492,4.465118169784546,0,41.62698064523533,26641.267612950607,0.27353428452807177,34597748.0,51746533.0904411,0.5,5209650829.6368475,100000000000.0,100000000000.0,1000000000.0,clip,False,0,290,0,290,,,,,,,,,
2026-05-18T19:41:03,0,7,7,1,291,74816,291,True,3.8903743315508017e-08,463.5080261230469,180.88644409179688,0.7187735438346863,279.9115905761719,1.9911983013153076,6152.328968048096,666.9150078296661,0.00031948089599609375,0.09034132957458496,1.4140183925628662,0.171250581741333,4.474153280258179,0,41.61025870520367,26630.56557133035,0.27353428452807177,34447972.0,51400561.86863227,0.5,5174653309.04411,100000000000.0,100000000000.0,1000000000.0,clip,False,0,291,0,291,502.3833821614583,429.375732421875,578.0230102539062,6152.766276041667,6167.822265625,768.8004150390625,0.0,998.5755004882812,639088.3125
2026-05-18T19:41:09,0,7,7,1,292,74816,292,True,3.9037433155080215e-08,,,,,,6164.892196655273,666.9150078296661,0.0002849102020263672,0.0923299789428711,1.394615888595581,0.17382359504699707,4.466367483139038,0,41.525462543998955,26576.296028159333,0.27353428452807177,32162550.0,51015801.63125963,0.5,5140056186.863227,100000000000.0,100000000000.0,1000000000.0,clip,False,0,292,0,292,,,,,,,,,
2026-05-18T19:41:15,0,7,7,1,293,74816,293,True,3.91711229946524e-08,,,,,,6150.165557861328,666.9150078296661,0.00028324127197265625,0.5173518657684326,0.9879820346832275,0.17364048957824707,4.469019889831543,0,41.62489571890842,26639.93326010139,0.27353428452807177,32273194.0,50640949.47863444,0.5,5101580163.125963,100000000000.0,100000000000.0,1000000000.0,clip,False,0,293,0,293,,,,,,,,,
2026-05-18T19:41:21,0,7,7,1,294,74816,294,True,3.93048128342246e-08,,,,,,6149.609327316284,666.9150078296661,0.00029158592224121094,0.08736920356750488,1.4183564186096191,0.1788499355316162,4.4628989696502686,0,41.628660679770285,26642.342835052983,0.27353428452807177,32316852.0,50274467.52906175,0.5,5064094947.863444,100000000000.0,100000000000.0,1000000000.0,clip,False,0,294,0,294,,,,,,,,,
2026-05-18T19:41:27,0,7,7,1,295,74816,295,True,3.943850267379678e-08,,,,,,6149.571418762207,666.9150078296661,0.00028967857360839844,0.08853292465209961,1.416902780532837,0.1736307144165039,4.468395948410034,0,41.628917296406975,26642.507069700463,0.27353428452807177,31991888.0,49908815.93848051,0.5,5027446752.906175,100000000000.0,100000000000.0,1000000000.0,clip,False,0,295,0,295,,,,,,,,,
2026-05-18T19:41:33,0,7,7,1,296,74816,296,True,3.957219251336898e-08,,,,,,6149.896621704102,666.9150078296661,0.0003008842468261719,0.08986210823059082,1.4151105880737305,0.17348599433898926,4.469348669052124,0,41.626715983571096,26641.098229485502,0.27353428452807177,30834120.0,49527322.0197109,0.5,4990881593.848051,100000000000.0,100000000000.0,1000000000.0,clip,False,0,296,0,296,,,,,,,,,
2026-05-18T19:41:40,0,7,7,1,297,74816,297,True,3.970588235294118e-08,,,,,,6150.029182434082,666.9150078296661,0.00029540061950683594,0.09038329124450684,1.4147021770477295,0.1727447509765625,4.469923973083496,0,41.62581874102252,26640.52399425441,0.27353428452807177,31128736.0,49159350.29931668,0.5,4952732201.97109,100000000000.0,100000000000.0,1000000000.0,clip,False,0,297,0,297,,,,,,,,,
2026-05-18T19:41:46,0,7,7,1,298,74816,298,True,3.9839572192513364e-08,,,,,,6149.54400062561,666.9150078296661,0.00031447410583496094,0.08919143676757812,1.416428804397583,0.17773151397705078,4.464160203933716,0,41.62910290160643,26642.625857028113,0.27353428452807177,30111360.0,48778390.49333035,0.5,4915935029.931668,100000000000.0,100000000000.0,1000000000.0,clip,False,0,298,0,298,,,,,,,,,
2026-05-18T19:41:52,0,7,7,1,299,74816,299,True,3.997326203208556e-08,,,,,,6154.792547225952,666.9150078296661,0.0002856254577636719,0.0893406867980957,1.4155895709991455,0.17381572723388672,4.473976373672485,0,41.59360336448426,26619.906153269923,0.27353428452807177,28917670.0,48381176.08346374,0.5,4877839049.333035,100000000000.0,100000000000.0,1000000000.0,clip,False,0,299,0,299,,,,,,,,,
2026-05-18T19:41:58,0,7,7,1,300,74816,300,True,4.010695187165775e-08,,,,,,6145.2836990356445,666.9150078296661,0.00029349327087402344,0.08946466445922852,1.4109289646148682,0.17226290702819824,4.470498323440552,0,41.65796284395675,26661.096220132324,0.27353428452807177,29107500.0,47995702.56179447,0.5,4838117608.3463745,100000000000.0,100000000000.0,1000000000.0,clip,False,0,300,0,300,,,,,,,,,
2026-05-18T19:42:04,0,7,7,1,301,74816,301,True,4.0240641711229946e-08,487.677978515625,186.29397583007812,0.719992458820343,298.7020263671875,1.9619659185409546,6149.83344078064,666.9150078296661,0.00028967857360839844,0.09115719795227051,1.4131505489349365,0.17261576652526855,4.470953941345215,0,41.627143639764036,26641.371929448986,0.27353660837001026,28665978.0,47609108.07055858,0.5,4799570256.179447,100000000000.0,100000000000.0,1000000000.0,clip,False,0,301,0,301,488.4320475260417,441.6407775878906,543.6531372070312,6150.780598958333,6178.2734375,768.8004150390625,0.0,998.8985595703125,639295.0625
2026-05-18T19:42:10,0,7,7,1,302,74816,302,True,4.037433155080214e-08,,,,,,6176.1486530303955,666.9150078296661,0.00026869773864746094,0.09545660018920898,1.3901855945587158,0.1764817237854004,4.465254068374634,0,41.44977952795725,26527.85889789264,0.27353660837001026,27995016.0,47216826.229147404,0.5,4760910807.055858,100000000000.0,100000000000.0,1000000000.0,clip,False,0,302,0,302,,,,,,,,,
2026-05-18T19:42:16,0,7,7,1,303,74816,303,True,4.050802139037433e-08,,,,,,6143.8586711883545,666.9150078296661,0.00029468536376953125,0.09048080444335938,1.4147322177886963,0.17186331748962402,4.46464204788208,0,41.66762513605869,26667.28008707756,0.27353660837001026,28069882.0,46833887.34456445,0.5,4721682622.914741,100000000000.0,100000000000.0,1000000000.0,clip,False,0,303,0,303,,,,,,,,,
2026-05-18T19:42:23,0,7,7,1,304,74816,304,True,4.064171122994652e-08,,,,,,6148.913621902466,666.9150078296661,0.0002906322479248047,0.09078669548034668,1.4146409034729004,0.17035269737243652,4.470989465713501,0,41.633370663742376,26645.35722479512,0.27353660837001026,27141168.0,46440032.95767316,0.5,4683388734.456446,100000000000.0,100000000000.0,1000000000.0,clip,False,0,304,0,304,,,,,,,,,
2026-05-18T19:42:29,0,7,7,1,305,74816,305,True,4.077540106951871e-08,,,,,,6152.926445007324,666.9150078296661,0.0002830028533935547,0.0906667709350586,1.4143486022949219,0.16939687728881836,4.476401090621948,0,41.60621816107136,26627.979623085674,0.27353660837001026,26645834.0,46044148.9785197,0.5,4644003295.767316,100000000000.0,100000000000.0,1000000000.0,clip,False,0,305,0,305,,,,,,,,,
2026-05-18T19:42:35,0,7,7,1,306,74816,306,True,4.090909090909091e-08,,,,,,6147.428750991821,666.9150078296661,0.00029754638671875,0.0889439582824707,1.413252592086792,0.1736431121826172,4.469494819641113,0,41.64342693011239,26651.793235271933,0.27353660837001026,25877594.0,45640817.87894931,0.5,4604414897.85197,100000000000.0,100000000000.0,1000000000.0,clip,False,0,306,0,306,,,,,,,,,
2026-05-18T19:42:41,0,7,7,1,307,74816,307,True,4.10427807486631e-08,,,,,,6226.648807525635,666.9150078296661,0.0002968311309814453,0.08991408348083496,1.4150009155273438,0.1722731590270996,4.547253608703613,0,41.11360828486007,26312.709302310443,0.27353660837001026,25063334.0,45229268.20137032,0.5,4564081787.894931,100000000000.0,100000000000.0,1000000000.0,clip,False,0,307,0,307,,,,,,,,,
2026-05-18T19:42:47,0,7,7,1,308,74816,308,True,4.1176470588235293e-08,,,,,,6145.303964614868,666.9150078296661,0.0002894401550292969,0.08881068229675293,1.4166200160980225,0.17219090461730957,4.4655921459198,0,41.65782546706683,26661.00829892277,0.27353660837001026,26303576.0,44850754.357342914,0.5,4522926820.1370325,100000000000.0,100000000000.0,1000000000.0,clip,False,0,308,0,308,,,,,,,,,
2026-05-18T19:42:53,0,7,7,1,309,74816,309,True,4.1310160427807485e-08,,,,,,6149.7743129730225,666.9150078296661,0.00028586387634277344,0.09117293357849121,1.4140608310699463,0.17589664459228516,4.466584205627441,0,41.627543869368495,26641.62807639584,0.27353660837001026,26563452.0,44485008.31019606,0.5,4485075435.734291,100000000000.0,100000000000.0,1000000000.0,clip,False,0,309,0,309,,,,,,,,,
2026-05-18T19:43:00,0,7,7,1,310,74816,310,True,4.1443850267379677e-08,,,,,,6151.33261680603,666.9150078296661,0.0002894401550292969,0.09424996376037598,1.4111008644104004,0.17203450202941895,4.471880197525024,0,41.6169984534056,26634.879010179586,0.27353660837001026,24101588.0,44077339.90399213,0.5,4448500831.019606,100000000000.0,100000000000.0,1000000000.0,clip,False,0,310,0,310,,,,,,,,,
2026-05-18T19:43:06,0,7,7,1,311,74816,311,True,4.157754010695187e-08,506.5943603515625,200.1884002685547,0.7191104888916016,303.672119140625,2.014706611633301,6151.956081390381,666.9150078296661,0.0002913475036621094,0.08836483955383301,1.4174644947052002,0.172682523727417,4.471346616744995,0,41.61278081525939,26632.179721766013,0.27353660837001026,25008156.0,43695956.22591229,0.5,4407733990.399213,100000000000.0,100000000000.0,1000000000.0,clip,False,0,311,0,311,477.830322265625,392.5810241699219,556.1157836914062,6151.244140625,6153.65380859375,768.8004150390625,0.0,998.8223876953125,639246.25
2026-05-18T19:43:12,0,7,7,1,312,74816,312,True,4.1711229946524066e-08,,,,,,6158.2067012786865,666.9150078296661,0.00028324127197265625,0.08963155746459961,1.3968279361724854,0.17087507247924805,4.470461845397949,0,41.5705435718558,26605.14788598771,0.27353660837001026,23462164.0,43291280.38139404,0.5,4369595622.5912285,100000000000.0,100000000000.0,1000000000.0,clip,False,0,312,0,312,,,,,,,,,
2026-05-18T19:43:18,0,7,7,1,313,74816,313,True,4.184491978609625e-08,,,,,,6157.697439193726,666.9150078296661,0.0003070831298828125,0.09061956405639648,1.4145829677581787,0.1684575080871582,4.481504917144775,0,41.57398159424995,26607.348220319967,0.27353660837001026,21730252.0,42860059.81376616,0.5,4329128038.139404,100000000000.0,100000000000.0,1000000000.0,clip,False,0,313,0,313,,,,,,,,,
2026-05-18T19:43:24,0,7,7,1,314,74816,314,True,4.197860962566845e-08,,,,,,6143.779277801514,666.9150078296661,0.0002999305725097656,0.0909874439239502,1.4082109928131104,0.17220091819763184,4.470319747924805,0,41.668163588651396,26667.624696736893,0.27353660837001026,22829742.0,42459453.45749084,0.5,4286005981.376616,100000000000.0,100000000000.0,1000000000.0,clip,False,0,314,0,314,,,,,,,,,
2026-05-18T19:43:30,0,7,7,1,315,74816,315,True,4.2112299465240635e-08,,,,,,6149.933338165283,666.9150078296661,0.0002968311309814453,0.09001493453979492,1.4150431156158447,0.17211461067199707,4.470571994781494,0,41.62646746287705,26640.93917624131,0.27353660837001026,22873234.0,42067729.068341024,0.5,4245945345.749084,100000000000.0,100000000000.0,1000000000.0,clip,False,0,315,0,315,,,,,,,,,
2026-05-18T19:43:37,0,7,7,1,316,74816,316,True,4.224598930481283e-08,,,,,,6149.341583251953,666.9150078296661,0.0002887248992919922,0.0905158519744873,1.4151582717895508,0.1785268783569336,4.462957382202148,0,41.63047320337987,26643.50285016312,0.27353660837001026,22042778.0,41667230.046974204,0.5,4206772906.8341026,100000000000.0,100000000000.0,1000000000.0,clip,False,0,316,0,316,,,,,,,,,
2026-05-18T19:43:43,0,7,7,1,317,74816,317,True,4.237967914438503e-08,,,,,,6149.967193603516,666.9150078296661,0.0002837181091308594,0.09183740615844727,1.4127748012542725,0.1755518913269043,4.467582941055298,0,41.62623831006149,26640.792518439353,0.27353660837001026,21559388.0,41265073.20603472,0.5,4166723004.6974206,100000000000.0,100000000000.0,1000000000.0,clip,False,0,317,0,317,,,,,,,,,
2026-05-18T19:43:49,0,7,7,1,318,74816,318,True,4.2513368983957216e-08,,,,,,6150.447607040405,666.9150078296661,0.0002942085266113281,0.09302902221679688,1.4122767448425293,0.1738896369934082,4.469119071960449,0,41.622986871225,26638.711597584,0.27353660837001026,21297070.0,40865713.141914025,0.5,4126507320.6034718,100000000000.0,100000000000.0,1000000000.0,clip,False,0,318,0,318,,,,,,,,,
2026-05-18T19:43:55,0,7,7,1,319,74816,319,True,4.2647058823529414e-08,,,,,,6149.224281311035,666.9150078296661,0.00029015541076660156,0.08959269523620605,1.415241003036499,0.1738119125366211,4.468357801437378,0,41.63126734180851,26644.011098757444,0.27353660837001026,20877030.0,40465939.479075745,0.5,4086571314.1914024,100000000000.0,100000000000.0,1000000000.0,clip,False,0,319,0,319,,,,,,,,,
2026-05-18T19:44:01,0,7,7,1,320,74816,320,True,4.27807486631016e-08,,,,,,6159.449100494385,666.9150078296661,0.0002799034118652344,0.09067249298095703,1.414297103881836,0.17416667938232422,4.478301763534546,0,41.5621585345112,26599.781462087165,0.27353660837001026,21939292.0,40095406.52949423,0.5,4046593947.9075747,100000000000.0,100000000000.0,1000000000.0,clip,False,0,320,0,320,,,,,,,,,
2026-05-18T19:44:07,0,7,7,1,321,74816,321,True,4.29144385026738e-08,495.5955810546875,196.89846801757812,0.7195224165916443,296.0303649902344,1.9472182989120483,6150.0091552734375,666.9150078296661,0.0002949237823486328,0.09168148040771484,1.4136219024658203,0.1734771728515625,4.468947649002075,0,41.625954293171766,26640.61074762993,0.27353660837001026,19660710.0,39686712.59890435,0.5,4009540652.9494233,100000000000.0,100000000000.0,1000000000.0,clip,False,0,321,0,321,487.7889811197917,429.6623840332031,538.5887451171875,6150.602864583333,6154.76611328125,768.8004150390625,0.0,998.9265747070312,639313.0
2026-05-18T19:44:13,0,7,7,1,322,74816,322,True,4.304812834224598e-08,,,,,,6158.234357833862,666.9150078296661,0.00026702880859375,0.0901648998260498,1.396573781967163,0.17326641082763672,4.467827081680298,0,41.570356879053094,26605.02840259398,0.27353660837001026,19473388.0,39282446.10692626,0.5,3968671259.8904347,100000000000.0,100000000000.0,1000000000.0,clip,False,0,322,0,322,,,,,,,,,
2026-05-18T19:44:20,0,7,7,1,323,74816,323,True,4.318181818181818e-08,,,,,,6150.097370147705,666.9150078296661,0.00029277801513671875,0.08808374404907227,1.416844367980957,0.1732015609741211,4.46985650062561,0,41.62535722484858,26640.228623903087,0.27353660837001026,18420130.0,38865199.78478774,0.5,3928244610.692626,100000000000.0,100000000000.0,1000000000.0,clip,False,0,323,0,323,,,,,,,,,
2026-05-18T19:44:26,0,7,7,1,324,74816,324,True,4.331550802139037e-08,,,,,,6150.0608921051025,666.9150078296661,0.00028395652770996094,0.091705322265625,1.41347074508667,0.17404699325561523,4.468720436096191,0,41.62560411859172,26640.3866358987,0.27353660837001026,17427232.0,38436440.42909198,0.5,3886519978.4787736,100000000000.0,100000000000.0,1000000000.0,clip,False,0,324,0,324,,,,,,,,,
2026-05-18T19:44:32,0,7,7,1,325,74816,325,True,4.3449197860962564e-08,,,,,,6149.855613708496,666.9150078296661,0.00029778480529785156,0.09035658836364746,1.4139225482940674,0.17376375198364258,4.469730615615845,0,41.6269935556465,26641.27587561376,0.27353660837001026,16921604.0,38006143.70051014,0.5,3843644042.9091983,100000000000.0,100000000000.0,1000000000.0,clip,False,0,325,0,325,,,,,,,,,
2026-05-18T19:44:38,0,7,7,1,326,74816,326,True,4.358288770053476e-08,,,,,,6150.743722915649,666.9150078296661,0.0003039836883544922,0.09332942962646484,1.4119560718536377,0.17860007286071777,4.464778661727905,0,41.62098301157113,26637.42912740552,0.27353660837001026,18516650.0,37616353.82649993,0.5,3800614370.0510135,100000000000.0,100000000000.0,1000000000.0,clip,False,0,326,0,326,,,,,,,,,
2026-05-18T19:44:44,0,7,7,1,327,74816,327,True,4.371657754010695e-08,,,,,,6149.961948394775,666.9150078296661,0.0002834796905517578,0.09155893325805664,1.4134299755096436,0.17206168174743652,4.4707183837890625,0,41.62627381244522,26640.815239964937,0.27353660837001026,17368508.0,37211396.90996993,0.5,3761635382.649993,100000000000.0,100000000000.0,1000000000.0,clip,False,0,327,0,327,,,,,,,,,
2026-05-18T19:44:50,0,7,7,1,328,74816,328,True,4.3850267379679145e-08,,,,,,6148.98943901062,666.9150078296661,0.00029087066650390625,0.0948185920715332,1.4111993312835693,0.17132902145385742,4.4696502685546875,0,41.63285732381917,26645.028687244267,0.27353660837001026,15885966.0,36784888.29177053,0.5,3721139690.9969935,100000000000.0,100000000000.0,1000000000.0,clip,False,0,328,0,328,,,,,,,,,
2026-05-18T19:44:56,0,7,7,1,329,74816,329,True,4.3983957219251337e-08,,,,,,6152.814865112305,666.9150078296661,0.00028705596923828125,0.09171080589294434,1.413116693496704,0.17075610160827637,4.4752068519592285,0,41.60697268035341,26628.46251542618,0.27353660837001026,16466709.0,36378524.70593512,0.5,3678488829.1770535,100000000000.0,100000000000.0,1000000000.0,clip,False,0,329,0,329,,,,,,,,,
2026-05-18T19:45:03,0,7,7,1,330,74816,330,True,4.411764705882353e-08,,,,,,6148.606538772583,666.9150078296661,0.0002868175506591797,0.08957171440124512,1.4132838249206543,0.17526531219482422,4.468477487564087,0,41.635449981339036,26646.687988056983,0.27353660837001026,14547720.0,35941908.61181641,0.5,3637852470.593512,100000000000.0,100000000000.0,1000000000.0,clip,False,0,330,0,330,,,,,,,,,
2026-05-18T19:45:09,0,7,7,1,331,74816,331,True,4.425133689839572e-08,425.46978759765625,164.31637573242188,0.7195338606834412,258.4634094238281,1.970472812652588,6150.490522384644,666.9150078296661,0.0002923011779785156,0.0880439281463623,1.4170708656311035,0.1690959930419922,4.4740540981292725,0,41.622696444826765,26638.525724689127,0.27353660837001026,14647137.0,35516013.179580085,0.5,3594190861.1816416,100000000000.0,100000000000.0,1000000000.0,clip,False,0,331,0,331,493.268310546875,421.0826416015625,552.0288696289062,6150.5,6155.63134765625,768.8004150390625,0.0,998.943115234375,639323.5625
2026-05-18T19:45:15,0,7,7,1,332,74816,332,True,4.438502673796791e-08,,,,,,6159.121513366699,666.9150078296661,0.0002913475036621094,0.08962488174438477,1.3970894813537598,0.17032861709594727,4.472870826721191,0,41.564369114072775,26601.196233006576,0.27353660837001026,16609327.0,35137879.45598848,0.5,3551601317.9580083,100000000000.0,100000000000.0,1000000000.0,clip,False,0,332,0,332,,,,,,,,,
2026-05-18T19:45:21,0,7,7,1,333,74816,333,True,4.45187165775401e-08,,,,,,6148.956537246704,666.9150078296661,0.0003108978271484375,0.08905529975891113,1.4147393703460693,0.17516160011291504,4.467794179916382,0,41.633080092419746,26645.171259148636,0.27353660837001026,14749534.0,34730112.54686871,0.5,3513787945.5988483,100000000000.0,100000000000.0,1000000000.0,clip,False,0,333,0,333,,,,,,,,,
2026-05-18T19:45:27,0,7,7,1,334,74816,334,True,4.4652406417112295e-08,,,,,,6151.836633682251,666.9150078296661,0.0002913475036621094,0.09309577941894531,1.4121532440185547,0.16980242729187012,4.474640846252441,0,41.61358879368816,26632.696827960423,0.27353660837001026,12362726.0,34282764.81593134,0.5,3473011254.686871,100000000000.0,100000000000.0,1000000000.0,clip,False,0,334,0,334,,,,,,,,,
2026-05-18T19:45:33,0,7,7,1,335,74816,335,True,4.478609625668449e-08,,,,,,6150.063037872314,666.9150078296661,0.0002815723419189453,0.08885598182678223,1.4147956371307373,0.17046737670898438,4.4738242626190186,0,41.62558959534928,26640.37734102354,0.27353660837001026,12703943.0,33851188.379612714,0.5,3428276481.5931344,100000000000.0,100000000000.0,1000000000.0,clip,False,0,335,0,335,,,,,,,,,
2026-05-18T19:45:40,0,7,7,1,336,74816,336,True,4.4919786096256684e-08,,,,,,6150.507926940918,666.9150078296661,0.0002884864807128906,0.08930706977844238,1.4156978130340576,0.17130088806152344,4.472122669219971,0,41.62257866194262,26638.45034364328,0.27353660837001026,13633247.0,33446829.55202046,0.5,3385118837.9612713,100000000000.0,100000000000.0,1000000000.0,clip,False,0,336,0,336,,,,,,,,,
2026-05-18T19:45:46,0,7,7,1,337,74816,337,True,4.5053475935828876e-08,,,,,,6149.8613357543945,666.9150078296661,0.0003101825714111328,0.09031057357788086,1.4143788814544678,0.17565155029296875,4.467393398284912,0,41.62695482443701,26641.251087639685,0.27353660837001026,11605137.0,33009995.70098005,0.5,3344682955.202046,100000000000.0,100000000000.0,1000000000.0,clip,False,0,337,0,337,,,,,,,,,
2026-05-18T19:45:52,0,7,7,1,338,74816,338,True,4.518716577540107e-08,,,,,,6149.194002151489,666.9150078296661,0.0003056526184082031,0.09187865257263184,1.412999153137207,0.16934418678283691,4.472875356674194,0,41.63147233774546,26644.142296157093,0.27353660837001026,13000839.0,32609812.566960447,0.5,3300999570.098005,100000000000.0,100000000000.0,1000000000.0,clip,False,0,338,0,338,,,,,,,,,
2026-05-18T19:45:58,0,7,7,1,339,74816,339,True,4.532085561497326e-08,,,,,,6152.423620223999,666.9150078296661,0.0002872943878173828,0.08797669410705566,1.4168500900268555,0.16758084297180176,4.477924346923828,0,41.60961855072644,26630.15587246492,0.27353660837001026,12162599.0,32200868.29562124,0.5,3260981256.6960444,100000000000.0,100000000000.0,1000000000.0,clip,False,0,339,0,339,,,,,,,,,
2026-05-18T19:46:04,0,7,7,1,340,74816,340,True,4.545454545454545e-08,,,,,,6151.096343994141,666.9150078296661,0.00028514862060546875,0.08867406845092773,1.4169762134552002,0.16910552978515625,4.474116325378418,0,41.618597024570334,26635.902095725014,0.27353660837001026,10830442.0,31773459.769708812,0.5,3220086829.562124,100000000000.0,100000000000.0,1000000000.0,clip,False,0,340,0,340,,,,,,,,,
2026-05-18T19:46:10,0,7,7,1,341,74816,341,True,4.558823529411765e-08,485.1124572753906,191.85433959960938,0.7189027667045593,290.5499572753906,1.9892661571502686,6149.944305419922,666.9150078296661,0.0002853870391845703,0.09017539024353027,1.4147379398345947,0.17313861846923828,4.469829082489014,0,41.626393229998556,26640.891667199074,0.27353660837001026,10459331.0,31347177.194314636,0.5,3177345976.9708815,100000000000.0,100000000000.0,1000000000.0,clip,False,0,341,0,341,480.501220703125,436.052001953125,569.6206665039062,6150.625,6156.19384765625,768.8004150390625,0.0,998.92333984375,639310.9375
2026-05-18T19:46:16,0,7,7,1,342,74816,342,True,4.5721925133689834e-08,,,,,,6157.860517501831,666.9150078296661,0.0002636909484863281,0.09027481079101562,1.396117925643921,0.16851449012756348,4.472757816314697,0,41.57288059260168,26606.643579265074,0.27353660837001026,9251126.0,30905256.170428343,0.5,3134717719.4314637,100000000000.0,100000000000.0,1000000000.0,clip,False,0,342,0,342,,,,,,,,,
2026-05-18T19:46:23,0,7,7,1,343,74816,343,True,4.585561497326203e-08,,,,,,6148.9269733428955,666.9150078296661,0.0002942085266113281,0.08889031410217285,1.416308879852295,0.1675260066986084,4.474078893661499,0,41.633280263340694,26645.299368538042,0.27353660837001026,9341008.0,30473971.207019776,0.5,3090525617.0428343,100000000000.0,100000000000.0,1000000000.0,clip,False,0,343,0,343,,,,,,,,,
2026-05-18T19:46:29,0,7,7,1,344,74816,344,True,4.598930481283422e-08,,,,,,6149.897336959839,666.9150078296661,0.0002791881561279297,0.0885312557220459,1.4167871475219727,0.16887450218200684,4.473608016967773,0,41.62671114223053,26641.09513102754,0.27353660837001026,8579942.0,30036090.62287938,0.5,3047397120.7019777,100000000000.0,100000000000.0,1000000000.0,clip,False,0,344,0,344,,,,,,,,,
2026-05-18T19:46:35,0,7,7,1,345,74816,345,True,4.6122994652406415e-08,,,,,,6150.010108947754,666.9150078296661,0.00029015541076660156,0.08957362174987793,1.415555477142334,0.17360424995422363,4.46920371055603,0,41.625947838287495,26640.606616503996,0.27353660837001026,5703405.5,29549436.92042179,0.5,3003609062.2879376,100000000000.0,100000000000.0,1000000000.0,clip,False,0,345,0,345,,,,,,,,,
2026-05-18T19:46:41,0,7,7,1,346,74816,346,True,4.6256684491978613e-08,,,,,,6149.688959121704,666.9150078296661,0.0002853870391845703,0.09157776832580566,1.4134817123413086,0.17013001441955566,4.472421884536743,0,41.62812163374224,26641.997845595033,0.27353660837001026,9421759.0,29146883.362013355,0.5,2954943692.042179,100000000000.0,100000000000.0,1000000000.0,clip,False,0,346,0,346,,,,,,,,,
2026-05-18T19:46:47,0,7,7,1,347,74816,347,True,4.63903743315508e-08,,,,,,6149.954557418823,666.9150078296661,0.00029087066650390625,0.08824658393859863,1.416217565536499,0.16890335083007812,4.474363803863525,0,41.626323838634164,26640.84725672587,0.27353660837001026,7534801.5,28714641.72477309,0.5,2914688336.2013354,100000000000.0,100000000000.0,1000000000.0,clip,False,0,347,0,347,,,,,,,,,
2026-05-18T19:46:53,0,7,7,1,348,74816,348,True,4.6524064171122997e-08,,,,,,6150.004625320435,666.9150078296661,0.00029468536376953125,0.09226632118225098,1.413647174835205,0.17070913314819336,4.4712958335876465,0,41.625984953899376,26640.630370495604,0.27353660837001026,6339982.5,28267148.540277626,0.5,2871464172.477309,100000000000.0,100000000000.0,1000000000.0,clip,False,0,348,0,348,,,,,,,,,
2026-05-18T19:47:00,0,7,7,1,349,74816,349,True,4.665775401069518e-08,,,,,,6150.489807128906,666.9150078296661,0.00029754638671875,0.0882420539855957,1.41656494140625,0.16809868812561035,4.475524187088013,0,41.622701285233525,26638.528822549455,0.27353660837001026,7715086.0,27856107.289472073,0.5,2826714854.0277624,100000000000.0,100000000000.0,1000000000.0,clip,False,0,349,0,349,,,,,,,,,
2026-05-18T19:47:06,0,7,7,1,350,74816,350,True,4.679144385026738e-08,,,,,,6152.505397796631,666.9150078296661,0.0003066062927246094,0.10061001777648926,1.4048867225646973,0.17018938064575195,4.474668979644775,0,41.609065486018125,26629.8019110516,0.27353660837001026,6443031.5,27427845.77368263,0.5,2785610728.9472075,100000000000.0,100000000000.0,1000000000.0,clip,False,0,350,0,350,,,,,,,,,
2026-05-18T19:47:12,0,7,7,1,351,74816,351,True,4.6925133689839565e-08,513.99169921875,208.03475952148438,0.7193639874458313,303.2516784667969,1.9859265089035034,6148.7226486206055,666.9150078296661,0.0003185272216796875,0.09089970588684082,1.4125733375549316,0.17201614379882812,4.470998287200928,0,41.634663755313575,26646.184803400687,0.27353660837001026,6354207.5,27006373.008208975,0.5,2742784577.3682632,100000000000.0,100000000000.0,1000000000.0,clip,False,0,351,0,351,491.3892008463542,395.34490966796875,559.47998046875,6149.962239583333,6151.74462890625,768.8004150390625,0.0,999.030517578125,639379.5
2026-05-18T19:47:18,0,7,7,1,352,74816,352,True,4.705882352941176e-08,,,,,,6158.890247344971,666.9150078296661,0.0002722740173339844,0.0894629955291748,1.3972704410552979,0.16853880882263184,4.474199533462524,0,41.56592985406076,26602.19510659889,0.27353660837001026,4672576.5,26559697.0780448,0.5,2700637300.8208976,100000000000.0,100000000000.0,1000000000.0,clip,False,0,352,0,352,,,,,,,,,
2026-05-18T19:47:24,0,7,7,1,353,74816,353,True,4.7192513368983955e-08,,,,,,6147.385120391846,666.9150078296661,0.0002999305725097656,0.09016776084899902,1.4141159057617188,0.1712653636932373,4.469728469848633,0,41.643722491178835,26651.982394354454,0.27353660837001026,6263533.0,26153773.7964839,0.5,2655969707.8044796,100000000000.0,100000000000.0,1000000000.0,clip,False,0,353,0,353,,,,,,,,,
2026-05-18T19:47:30,0,7,7,1,354,74816,354,True,4.7326203208556146e-08,,,,,,6149.57070350647,666.9150078296661,0.00028967857360839844,0.08837032318115234,1.416703462600708,0.17013168334960938,4.4722583293914795,0,41.62892213826071,26642.510168486857,0.27353660837001026,4934951.5,25729397.350554224,0.5,2615377379.64839,100000000000.0,100000000000.0,1000000000.0,clip,False,0,354,0,354,,,,,,,,,
2026-05-18T19:47:36,0,7,7,1,355,74816,355,True,4.7459893048128344e-08,,,,,,6150.519847869873,666.9150078296661,0.00029015541076660156,0.08875465393066406,1.4162278175354004,0.1749570369720459,4.468409538269043,0,41.622497989118955,26638.39871303613,0.27353660837001026,3949054.5,25293790.49354314,0.5,2572939735.0554223,100000000000.0,100000000000.0,1000000000.0,clip,False,0,355,0,355,,,,,,,,,
2026-05-18T19:47:43,0,7,7,1,356,74816,356,True,4.759358288770053e-08,,,,,,6149.293899536133,666.9150078296661,0.0002930164337158203,0.08940935134887695,1.4158122539520264,0.1710655689239502,4.470904111862183,0,41.63079602022456,26643.709452943716,0.27353660837001026,2888567.0,24845686.02367228,0.5,2529379049.354314,100000000000.0,100000000000.0,1000000000.0,clip,False,0,356,0,356,,,,,,,,,
2026-05-18T19:47:49,0,7,7,1,357,74816,357,True,4.772727272727273e-08,,,,,,6151.196718215942,666.9150078296661,0.00028014183044433594,0.09043645858764648,1.4143242835998535,0.1697232723236084,4.474500417709351,0,41.617917899112285,26635.467455431863,0.27353660837001026,3880360.5,24426379.513198834,0.5,2484568602.367228,100000000000.0,100000000000.0,1000000000.0,clip,False,0,357,0,357,,,,,,,,,
2026-05-18T19:47:55,0,7,7,1,358,74816,358,True,4.786096256684492e-08,,,,,,6150.308609008789,666.9150078296661,0.0002865791320800781,0.088134765625,1.4171311855316162,0.16987204551696777,4.473036289215088,0,41.62392755788203,26639.313637044495,0.27353660837001026,3423797.25,24006327.867934857,0.5,2442637951.3198833,100000000000.0,100000000000.0,1000000000.0,clip,False,0,358,0,358,,,,,,,,,
2026-05-18T19:48:01,0,7,7,1,359,74816,359,True,4.799465240641711e-08,,,,,,6151.982069015503,666.9150078296661,0.0003039836883544922,0.08894824981689453,1.4161279201507568,0.18037986755371094,4.464309930801392,0,41.61260503169306,26632.06722028356,0.27353660837001026,2049862.0,23567198.550576158,0.5,2400632786.7934856,100000000000.0,100000000000.0,1000000000.0,clip,False,0,359,0,359,,,,,,,,,
2026-05-18T19:48:07,0,7,7,1,360,74816,360,True,4.81283422459893e-08,,,,,,6150.2697467803955,666.9150078296661,0.0002923011779785156,0.08887171745300293,1.4162707328796387,0.1737534999847412,4.469266653060913,0,41.624190570505206,26639.481965123334,0.27353660837001026,2342583.5,23142706.249564636,0.5,2356719855.0576158,100000000000.0,100000000000.0,1000000000.0,clip,False,0,360,0,360,,,,,,,,,
2026-05-18T19:48:13,0,7,7,1,361,74816,361,True,4.8262032085561494e-08,458.38653564453125,179.96914672851562,0.7182543277740479,275.70452880859375,1.994611144065857,6150.727987289429,666.9150078296661,0.000286102294921875,0.09116768836975098,1.4135277271270752,0.17343378067016602,4.470550060272217,0,41.62108949201262,26637.49727488808,0.27353660837001026,2009171.25,22720035.549573343,0.5,2314270624.956464,100000000000.0,100000000000.0,1000000000.0,clip,False,0,361,0,361,488.7589111328125,407.0879821777344,569.8740234375,6149.388671875,6152.240234375,768.8004150390625,0.0,999.123779296875,639439.1875
2026-05-18T19:48:19,0,7,7,1,362,74816,362,True,4.8395721925133685e-08,,,,,,6156.786203384399,666.9150078296661,0.000270843505859375,0.08793973922729492,1.3984715938568115,0.17358040809631348,4.468368053436279,0,41.580134755901746,26611.286243777115,0.27353660837001026,2445125.0,22314537.338581875,0.5,2272003554.9573345,100000000000.0,100000000000.0,1000000000.0,clip,False,0,362,0,362,,,,,,,,,
2026-05-18T19:48:26,0,7,7,1,363,74816,363,True,4.8529411764705884e-08,,,,,,6149.6946811676025,666.9150078296661,0.0002887248992919922,0.0897684097290039,1.4157054424285889,0.17889785766601562,4.463192701339722,0,41.62808290043351,26641.97305627745,0.27353660837001026,1805772.0,21904362.03181024,0.5,2231453733.8581877,100000000000.0,100000000000.0,1000000000.0,clip,False,0,363,0,363,,,,,,,,,
2026-05-18T19:48:32,0,7,7,1,364,74816,364,True,4.866310160427807e-08,,,,,,6150.2180099487305,666.9150078296661,0.00028705596923828125,0.08861637115478516,1.416637897491455,0.17405462265014648,4.4688825607299805,0,41.62454072130267,26639.706061633708,0.27353660837001026,1874630.0,21503767.391174037,0.5,2190436203.181024,100000000000.0,100000000000.0,1000000000.0,clip,False,0,364,0,364,,,,,,,,,
2026-05-18T19:48:38,0,7,7,1,365,74816,365,True,4.879679144385027e-08,,,,,,6150.411605834961,666.9150078296661,0.0002841949462890625,0.08960509300231934,1.41511869430542,0.17359519004821777,4.4700281620025635,0,41.62323050982963,26638.867526290964,0.27353660837001026,1813063.25,21109953.308350556,0.5,2150376739.1174035,100000000000.0,100000000000.0,1000000000.0,clip,False,0,365,0,365,,,,,,,,,
2026-05-18T19:48:44,0,7,7,1,366,74816,366,True,4.893048128342246e-08,,,,,,6151.724338531494,666.9150078296661,0.0003101825714111328,0.09009599685668945,1.4144854545593262,0.17511224746704102,4.469854831695557,0,41.614348418789994,26633.182988025597,0.27353660837001026,2727165.0,20742297.542183544,0.5,2110995330.8350556,100000000000.0,100000000000.0,1000000000.0,clip,False,0,366,0,366,,,,,,,,,
2026-05-18T19:48:50,0,7,7,1,367,74816,367,True,4.906417112299465e-08,,,,,,6147.707462310791,666.9150078296661,0.0003185272216796875,0.09171080589294434,1.4110007286071777,0.17183470726013184,4.470919609069824,0,41.64153899147555,26650.584954544353,0.27353660837001026,1911258.375,20365676.758839875,0.5,2074229754.2183545,100000000000.0,100000000000.0,1000000000.0,clip,False,0,367,0,367,,,,,,,,,
2026-05-18T19:48:56,0,7,7,1,368,74816,368,True,4.919786096256685e-08,,,,,,6148.667097091675,666.9150078296661,0.00028324127197265625,0.09256267547607422,1.4131159782409668,0.172346830368042,4.46858286857605,0,41.63503991313633,26646.425544407255,0.27353660837001026,1772896.125,19993821.146163076,0.5,2036567675.8839874,100000000000.0,100000000000.0,1000000000.0,clip,False,0,368,0,368,,,,,,,,,
2026-05-18T19:49:03,0,7,7,1,369,74816,369,True,4.933155080213903e-08,,,,,,6149.833917617798,666.9150078296661,0.0003006458282470703,0.09135103225708008,1.4140162467956543,0.17215323448181152,4.470251798629761,0,41.62714041213722,26641.36986376782,0.27353660837001026,1950284.5,19632950.413239814,0.5,1999382114.6163077,100000000000.0,100000000000.0,1000000000.0,clip,False,0,369,0,369,,,,,,,,,
2026-05-18T19:49:09,0,7,7,1,370,74816,370,True,4.946524064171123e-08,,,,,,6150.857925415039,666.9150078296661,0.0002930164337158203,0.09218740463256836,1.4131879806518555,0.17568731307983398,4.467699289321899,0,41.620210238025614,26636.93455233639,0.27353660837001026,2128330.75,19282858.019975018,0.5,1963295041.3239815,100000000000.0,100000000000.0,1000000000.0,clip,False,0,370,0,370,,,,,,,,,
2026-05-18T19:49:15,0,7,7,1,371,74816,371,True,4.9598930481283416e-08,472.804443359375,191.46742248535156,0.7199040055274963,278.6201171875,1.9970210790634155,6151.241779327393,666.9150078296661,0.0002875328063964844,0.08873438835144043,1.415966272354126,0.17177128791809082,4.472566366195679,0,41.617613025770595,26635.27233649318,0.27353660837001026,1772807.375,18932657.00707552,0.5,1928285801.9975019,100000000000.0,100000000000.0,1000000000.0,clip,False,0,371,0,371,475.6385091145833,414.7314147949219,530.9563598632812,6149.959635416667,6152.31787109375,768.8004150390625,0.0,999.031005859375,639379.875
2026-05-18T19:49:21,0,7,7,1,372,74816,372,True,4.9732620320855615e-08,,,,,,6155.995845794678,666.9150078296661,0.0002989768981933594,0.08977150917053223,1.396507978439331,0.17473554611206055,4.466296911239624,0,41.58547315701656,26614.702820490595,0.27353660837001026,1918538.5,18592374.63693401,0.5,1893265700.707552,100000000000.0,100000000000.0,1000000000.0,clip,False,0,372,0,372,,,,,,,,,
2026-05-18T19:49:27,0,7,7,1,373,74816,373,True,4.98663101604278e-08,,,,,,6151.669025421143,666.9150078296661,0.0003008842468261719,0.08868074417114258,1.4158506393432617,0.17663121223449707,4.468219041824341,0,41.61472259676296,26633.422461928294,0.27353660837001026,1834358.75,18257214.31919533,0.5,1859237463.6934009,100000000000.0,100000000000.0,1000000000.0,clip,False,0,373,0,373,,,,,,,,,
2026-05-18T19:49:33,0,7,7,1,374,74816,374,True,5e-08,,,,,,6148.739337921143,666.9150078296661,0.00030350685119628906,0.09130215644836426,1.4131910800933838,0.17391085624694824,4.468176364898682,0,41.634550747853346,26646.112478626143,0.27353660837001026,1869805.25,17929466.137811422,0.5,1825721431.919533,100000000000.0,100000000000.0,1000000000.0,clip,False,0,374,0,374,,,,,,,,,
2026-05-18T19:49:39,0,7,7,1,375,74816,375,True,5.0133689839572196e-08,,,,,,6149.67942237854,666.9150078296661,0.0002875328063964844,0.08869171142578125,1.4169120788574219,0.17303681373596191,4.468841791152954,0,41.62818618941696,26642.039161226854,0.27353660837001026,1841016.0,17607697.135055196,0.5,1792946613.7811422,100000000000.0,100000000000.0,1000000000.0,clip,False,0,375,0,375,,,,,,,,,
2026-05-18T19:49:46,0,7,7,1,376,74816,376,True,5.026737967914438e-08,,,,,,6148.158550262451,666.9150078296661,0.00028634071350097656,0.08912062644958496,1.4156455993652344,0.17935609817504883,4.461838006973267,0,41.63848376829383,26648.629611708053,0.27353660837001026,1851669.125,17292576.57485409,0.5,1760769713.5055196,100000000000.0,100000000000.0,1000000000.0,clip,False,0,376,0,376,,,,,,,,,
2026-05-18T19:49:52,0,7,7,1,377,74816,377,True,5.040106951871658e-08,,,,,,6156.131267547607,666.9150078296661,0.00028014183044433594,0.08999395370483398,1.414858341217041,0.17368388175964355,4.475377082824707,0,41.584558365335454,26614.11735381469,0.27353660837001026,1790081.0,16982526.66335701,0.5,1729257657.485409,100000000000.0,100000000000.0,1000000000.0,clip,False,0,377,0,377,,,,,,,,,
2026-05-18T19:49:58,0,7,7,1,378,74816,378,True,5.0534759358288764e-08,,,,,,6526.393890380859,666.9150078296661,0.00028777122497558594,0.08822369575500488,1.4117023944854736,0.17260313034057617,4.851585865020752,0,39.225337039082795,25104.21570501299,0.27353660837001026,2009985.75,16683075.845089868,0.5,1698252666.3357008,100000000000.0,100000000000.0,1000000000.0,clip,False,0,378,0,378,,,,,,,,,
2026-05-18T19:50:04,0,7,7,1,379,74816,379,True,5.066844919786096e-08,,,,,,6149.810791015625,666.9150078296661,0.00028896331787109375,0.08881926536560059,1.416839599609375,0.1739506721496582,4.468113899230957,0,41.62729695261442,26641.47004967323,0.27353660837001026,2065843.25,16390731.19318807,0.5,1668307584.5089867,100000000000.0,100000000000.0,1000000000.0,clip,False,0,379,0,379,,,,,,,,,
2026-05-18T19:50:11,0,7,7,1,380,74816,380,True,5.0802139037433154e-08,,,,,,6149.86515045166,666.9150078296661,0.0002872943878173828,0.08758831024169922,1.4172430038452148,0.17369627952575684,4.469221353530884,0,41.62692900367072,26641.23456234926,0.27353660837001026,1937581.375,16101668.196824307,0.5,1639073119.318807,100000000000.0,100000000000.0,1000000000.0,clip,False,0,380,0,380,,,,,,,,,
2026-05-18T19:50:17,0,7,7,1,381,74816,381,True,5.0935828877005345e-08,485.7366027832031,187.4458465576172,0.7198736071586609,295.6037292480469,1.9671320915222168,6150.137662887573,666.9150078296661,0.0002868175506591797,0.09053564071655273,1.4149432182312012,0.17294597625732422,4.469653367996216,0,41.62508451555612,26640.054089955913,0.27353660837001026,2251707.5,15824668.982887821,0.5,1610166819.6824307,100000000000.0,100000000000.0,1000000000.0,clip,False,0,381,0,381,480.5680338541667,412.36761474609375,515.8884887695312,6149.529947916667,6154.765625,768.8004150390625,0.0,999.1007690429688,639424.5
2026-05-18T19:50:23,0,7,7,1,382,74816,382,True,5.106951871657754e-08,,,,,,6158.102512359619,666.9150078296661,0.00027179718017578125,0.09127092361450195,1.3952136039733887,0.17225408554077148,4.469487905502319,0,41.57124690376544,26605.59801840988,0.27353660837001026,2410926.5,15556394.133230064,0.5,1582466898.2887821,100000000000.0,100000000000.0,1000000000.0,clip,False,0,382,0,382,,,,,,,,,
2026-05-18T19:50:29,0,7,7,1,383,74816,383,True,5.120320855614973e-08,,,,,,6149.7015953063965,666.9150078296661,0.0002892017364501953,0.09282064437866211,1.4118139743804932,0.17295312881469727,4.469921827316284,0,41.62803609778164,26641.943102580248,0.27353660837001026,1958415.25,15284434.555565462,0.5,1555639413.3230064,100000000000.0,100000000000.0,1000000000.0,clip,False,0,383,0,383,,,,,,,,,
2026-05-18T19:50:35,0,7,7,1,384,74816,384,True,5.133689839572193e-08,,,,,,6150.00319480896,666.9150078296661,0.0005054473876953125,0.08888554573059082,1.4159574508666992,0.17349529266357422,4.469348669052124,0,41.6259946362438,26640.63656719603,0.27353660837001026,1840009.75,15015546.059454152,0.5,1528443455.5565462,100000000000.0,100000000000.0,1000000000.0,clip,False,0,384,0,384,,,,,,,,,
2026-05-18T19:50:41,0,7,7,1,385,74816,385,True,5.147058823529411e-08,,,,,,6150.484323501587,666.9150078296661,0.00029397010803222656,0.09016299247741699,1.4153966903686523,0.17105340957641602,4.4716339111328125,0,41.622738395056075,26638.552572835888,0.27353660837001026,2005012.625,14755335.390765069,0.5,1501554605.9454153,100000000000.0,100000000000.0,1000000000.0,clip,False,0,385,0,385,,,,,,,,,
2026-05-18T19:50:47,0,7,7,1,386,74816,386,True,5.160427807486631e-08,,,,,,6155.977010726929,666.9150078296661,0.00029206275939941406,0.08774423599243164,1.4174654483795166,0.1740272045135498,4.474654197692871,0,41.58560039355479,26614.784251875066,0.27353660837001026,1907956.5,14498387.812949767,0.5,1475533539.0765069,100000000000.0,100000000000.0,1000000000.0,clip,False,0,386,0,386,,,,,,,,,
2026-05-18T19:50:54,0,7,7,1,387,74816,387,True,5.17379679144385e-08,,,,,,6150.492906570435,666.9150078296661,0.0002894401550292969,0.08934473991394043,1.4094524383544922,0.17734193801879883,4.472209692001343,0,41.6226803101457,26638.515398493244,0.27353660837001026,1945667.375,14247333.404190771,0.5,1449838781.2949767,100000000000.0,100000000000.0,1000000000.0,clip,False,0,387,0,387,,,,,,,,,
2026-05-18T19:51:00,0,7,7,1,388,74816,388,True,5.187165775401069e-08,,,,,,6149.237394332886,666.9150078296661,0.0002894401550292969,0.5205836296081543,0.9785807132720947,0.17493152618408203,4.47297739982605,0,41.631178564667,26643.95428138688,0.27353660837001026,1761006.75,13997606.871106956,0.5,1424733340.4190772,100000000000.0,100000000000.0,1000000000.0,clip,False,0,388,0,388,,,,,,,,,
2026-05-18T19:51:06,0,7,7,1,389,74816,389,True,5.2005347593582885e-08,,,,,,6150.144338607788,666.9150078296661,0.00029087066650390625,0.08982634544372559,1.4084868431091309,0.17293143272399902,4.476848125457764,0,41.625039333296506,26640.025173309765,0.27353660837001026,1715063.875,13751956.011184817,0.5,1399760687.1106956,100000000000.0,100000000000.0,1000000000.0,clip,False,0,389,0,389,,,,,,,,,
2026-05-18T19:51:12,0,7,7,1,390,74816,390,True,5.2139037433155076e-08,,,,,,6150.757074356079,666.9150078296661,0.000293731689453125,0.0896310806274414,1.4092755317687988,0.1719071865081787,4.477808475494385,0,41.62089266495711,26637.371305572553,0.27353660837001026,2466424.0,13526245.37096112,0.5,1375195601.1184816,100000000000.0,100000000000.0,1000000000.0,clip,False,0,390,0,390,,,,,,,,,
2026-05-18T19:51:18,0,7,7,1,391,74816,391,True,5.227272727272727e-08,471.5297546386719,179.41847229003906,0.7206082940101624,289.4394226074219,1.9512598514556885,6150.778293609619,666.9150078296661,0.0002925395965576172,0.08946871757507324,1.4100167751312256,0.1727895736694336,4.476280450820923,0,41.62074907918116,26637.27941067594,0.27353660837001026,2134575.75,13298411.978541898,0.5,1352624537.096112,100000000000.0,100000000000.0,1000000000.0,clip,False,0,391,0,391,476.1582845052083,396.6743469238281,557.782470703125,6150.966145833333,6158.52685546875,768.8004150390625,0.0,998.86767578125,639275.25
2026-05-18T19:51:24,0,7,7,1,392,74816,392,True,5.2406417112299466e-08,,,,,,6162.42527961731,666.9150078296661,0.0002655982971191406,0.08774328231811523,1.3982369899749756,0.17338848114013672,4.474851369857788,0,41.542085848365495,26586.934942953914,0.27353660837001026,2262237.75,13077688.493971061,0.5,1329841197.8541899,100000000000.0,100000000000.0,1000000000.0,clip,False,0,392,0,392,,,,,,,,,
2026-05-18T19:51:31,0,7,7,1,393,74816,393,True,5.254010695187165e-08,,,,,,6149.832487106323,666.9150078296661,0.0003070831298828125,0.08975481986999512,1.4095849990844727,0.1740708351135254,4.474301099777222,0,41.627150095019175,26641.376060812272,0.27353660837001026,2868942.0,12873513.56409164,0.5,1307768849.3971062,100000000000.0,100000000000.0,1000000000.0,clip,False,0,393,0,393,,,,,,,,,
2026-05-18T19:51:37,0,7,7,1,394,74816,394,True,5.267379679144385e-08,,,,,,6149.522542953491,666.9150078296661,0.0003216266632080078,0.08962178230285645,1.4092955589294434,0.17539405822753906,4.472930669784546,0,41.629248159003964,26642.718821762537,0.27353660837001026,1815598.875,12652355.270309806,0.5,1287351356.409164,100000000000.0,100000000000.0,1000000000.0,clip,False,0,394,0,394,,,,,,,,,
2026-05-18T19:51:43,0,7,7,1,395,74816,395,True,5.280748663101604e-08,,,,,,6151.001453399658,666.9150078296661,0.00030875205993652344,0.09128761291503906,1.4067356586456299,0.17564034461975098,4.474820375442505,0,41.61923906854368,26636.313003867956,0.27353660837001026,1940925.125,12438126.667403609,0.5,1265235527.0309806,100000000000.0,100000000000.0,1000000000.0,clip,False,0,395,0,395,,,,,,,,,
2026-05-18T19:51:49,0,7,7,1,396,74816,396,True,5.294117647058823e-08,,,,,,6147.8118896484375,666.9150078296661,0.00030350685119628906,0.09095644950866699,1.4067144393920898,0.17622137069702148,4.471773386001587,0,41.64083166419709,26650.132265086137,0.27353660837001026,1931296.5,12227990.064055536,0.5,1243812666.7403607,100000000000.0,100000000000.0,1000000000.0,clip,False,0,396,0,396,,,,,,,,,
2026-05-18T19:51:55,0,7,7,1,397,74816,397,True,5.307486631016043e-08,,,,,,6150.973081588745,666.9150078296661,0.0002894401550292969,0.08843302726745605,1.4105801582336426,0.18006062507629395,4.469614028930664,0,41.6194310403123,26636.43586579987,0.27353660837001026,1913020.5,12021690.672774425,0.5,1222799006.4055536,100000000000.0,100000000000.0,1000000000.0,clip,False,0,397,0,397,,,,,,,,,
2026-05-18T19:52:01,0,7,7,1,398,74816,398,True,5.3208556149732616e-08,,,,,,6149.375200271606,666.9150078296661,0.0002841949462890625,0.08814167976379395,1.410780906677246,0.17363381385803223,4.474689960479736,0,41.63024562051328,26643.3571971285,0.27353660837001026,2313800.75,11827532.874318937,0.5,1202169067.2774425,100000000000.0,100000000000.0,1000000000.0,clip,False,0,398,0,398,,,,,,,,,
2026-05-18T19:52:07,0,7,7,1,399,74816,399,True,5.3342245989304814e-08,,,,,,6151.030540466309,666.9150078296661,0.0002853870391845703,0.09487366676330566,1.404022216796875,0.173783540725708,4.4762656688690186,0,41.619042258989126,26636.18704575304,0.27353660837001026,2123673.0,11633455.676832559,0.5,1182753287.4318936,100000000000.0,100000000000.0,1000000000.0,clip,False,0,399,0,399,,,,,,,,,
2026-05-18T19:52:14,0,7,7,1,400,74816,400,True,5.3475935828877e-08,,,,,,6156.987190246582,666.9150078296661,0.000286102294921875,0.08944201469421387,1.4090900421142578,0.17409777641296387,4.482267618179321,0,41.57877742632552,26610.417552848336,0.27353660837001026,1876730.375,11438321.170795906,0.5,1163345567.683256,100000000000.0,100000000000.0,1000000000.0,clip,False,0,400,0,400,,,,,,,,,
2026-05-18T19:52:20,0,7,7,1,401,74816,401,True,5.36096256684492e-08,497.8782043457031,195.98509216308594,0.7199769616127014,299.1874694824219,1.9856774806976318,6145.303964614868,666.9150078296661,0.0002994537353515625,0.0894923210144043,1.4075219631195068,0.17999577522277832,4.46631121635437,0,41.65782546706683,26661.00829892277,0.2735588627405626,1859300.25,11246740.75237999,0.5,1143832117.0795906,100000000000.0,100000000000.0,1000000000.0,clip,False,0,401,0,401,477.1020100911458,420.2447204589844,534.6539306640625,6150.674479166667,6156.46875,768.8004150390625,0.0,998.9152221679688,639305.75
2026-05-18T19:52:26,0,7,7,1,402,74816,402,True,5.374331550802138e-08,,,,,,6158.434867858887,666.9150078296661,0.00026607513427734375,0.08879852294921875,1.397648811340332,0.17357921600341797,4.4734787940979,0,41.569003406380745,26604.162180083677,0.2735588627405626,2196421.5,11065734.36733239,0.5,1124674075.237999,100000000000.0,100000000000.0,1000000000.0,clip,False,0,402,0,402,,,,,,,,,
2026-05-18T19:52:32,0,7,7,1,403,74816,403,True,5.387700534759358e-08,,,,,,6150.644540786743,666.9150078296661,0.000286102294921875,0.0940086841583252,1.4051525592803955,0.17345023155212402,4.4758970737457275,0,41.62165417012612,26637.858668880715,0.2735588627405626,2220988.75,10888839.454985742,0.5,1106573436.733239,100000000000.0,100000000000.0,1000000000.0,clip,False,0,403,0,403,,,,,,,,,
2026-05-18T19:52:38,0,7,7,1,404,74816,404,True,5.401069518716578e-08,,,,,,6149.19638633728,666.9150078296661,0.0002951622009277344,0.0877840518951416,1.4104456901550293,0.17298007011413574,4.475876569747925,0,41.631456196259876,26644.13196560632,0.2735588627405626,2163798.75,10714338.640886026,0.5,1088883945.4985743,100000000000.0,100000000000.0,1000000000.0,clip,False,0,404,0,404,,,,,,,,,
2026-05-18T19:52:44,0,7,7,1,405,74816,405,True,5.4144385026737963e-08,,,,,,6150.23136138916,666.9150078296661,0.0002834796905517578,0.08922266960144043,1.4094178676605225,0.1727619171142578,4.476816415786743,0,41.62445035924258,26639.64822991525,0.2735588627405626,2988044.75,10559812.763068303,0.5,1071433864.0886025,100000000000.0,100000000000.0,1000000000.0,clip,False,0,405,0,405,,,,,,,,,
2026-05-18T19:52:51,0,7,7,1,406,74816,406,True,5.427807486631016e-08,,,,,,6149.801731109619,666.9150078296661,0.0002887248992919922,0.09036087989807129,1.4083526134490967,0.17240262031555176,4.476555824279785,0,41.62735827807078,26641.509297965298,0.2735588627405626,2198951.75,10392595.542806936,0.5,1055981276.3068304,100000000000.0,100000000000.0,1000000000.0,clip,False,0,406,0,406,,,,,,,,,
2026-05-18T19:52:57,0,7,7,1,407,74816,407,True,5.4411764705882347e-08,,,,,,6150.261878967285,666.9150078296661,0.0002856254577636719,0.09258055686950684,1.405898094177246,0.17296719551086426,4.476574182510376,0,41.62424381886418,26639.516044073072,0.2735588627405626,2086925.75,10226482.146950798,0.5,1039259554.2806937,100000000000.0,100000000000.0,1000000000.0,clip,False,0,407,0,407,,,,,,,,,
2026-05-18T19:53:03,0,7,7,1,408,74816,408,True,5.4545454545454545e-08,,,,,,6149.619817733765,666.9150078296661,0.00028896331787109375,0.08843493461608887,1.4105980396270752,0.17975664138793945,4.468706130981445,0,41.628589666920284,26642.29738682898,0.2735588627405626,2181916.75,10065590.839011783,0.5,1022648214.6950798,100000000000.0,100000000000.0,1000000000.0,clip,False,0,408,0,408,,,,,,,,,
2026-05-18T19:53:09,0,7,7,1,409,74816,409,True,5.4679144385026736e-08,,,,,,6149.658203125,666.9150078296661,0.00028395652770996094,0.09333539009094238,1.4055523872375488,0.17364001274108887,4.475144386291504,0,41.628329826511575,26642.131088967406,0.2735588627405626,2115110.5,9906581.232231548,0.5,1006559083.9011782,100000000000.0,100000000000.0,1000000000.0,clip,False,0,409,0,409,,,,,,,,,
2026-05-18T19:53:15,0,7,7,1,410,74816,410,True,5.481283422459893e-08,,,,,,6149.930238723755,666.9150078296661,0.00029158592224121094,0.08822226524353027,1.4108595848083496,0.17415690422058105,4.474621534347534,0,41.626488441782,26640.95260274048,0.2735588627405626,2018638.75,9748822.382586917,0.5,990658123.2231548,100000000000.0,100000000000.0,1000000000.0,clip,False,0,410,0,410,,,,,,,,,
2026-05-18T19:53:21,0,7,7,1,411,74816,411,True,5.494652406417112e-08,487.23919677734375,205.53619384765625,0.7219554781913757,279.0319519042969,1.9490865468978882,6150.310754776001,666.9150078296661,0.0002930164337158203,0.09383821487426758,1.4053142070770264,0.17875194549560547,4.470268249511719,0,41.62391303580947,26639.304342918065,0.2735588627405626,1983252.625,9593510.987435179,0.5,974882238.2586917,100000000000.0,100000000000.0,1000000000.0,clip,False,0,411,0,411,482.2058919270833,400.1653747558594,572.1884765625,6150.05078125,6153.1416015625,768.8004150390625,0.0,999.0162353515625,639370.375
2026-05-18T19:53:27,0,7,7,1,412,74816,412,True,5.508021390374331e-08,,,,,,6162.652254104614,666.9150078296661,0.00027298927307128906,0.08891844749450684,1.397672414779663,0.17499017715454102,4.475937128067017,0,41.54055582634766,26585.955728862504,0.2735588627405626,1900208.0,9439644.927686475,0.5,959351098.7435179,100000000000.0,100000000000.0,1000000000.0,clip,False,0,412,0,412,,,,,,,,,
2026-05-18T19:53:34,0,7,7,1,413,74816,413,True,5.52139037433155e-08,,,,,,6147.775173187256,666.9150078296661,0.000293731689453125,0.08925247192382812,1.4096159934997559,0.17276549339294434,4.4740800857543945,0,41.64108035643718,26650.29142811979,0.2735588627405626,2434302.5,9299538.079132747,0.5,943964492.7686476,100000000000.0,100000000000.0,1000000000.0,clip,False,0,413,0,413,,,,,,,,,
2026-05-18T19:53:40,0,7,7,1,414,74816,414,True,5.53475935828877e-08,,,,,,6150.641441345215,666.9150078296661,0.0002853870391845703,0.08726096153259277,1.4118609428405762,0.1725482940673828,4.476855754852295,0,41.62167514417974,26637.872092275036,0.2735588627405626,2386713.5,9161281.58755009,0.5,929953807.9132746,100000000000.0,100000000000.0,1000000000.0,clip,False,0,414,0,414,,,,,,,,,
2026-05-18T19:53:46,0,7,7,1,415,74816,415,True,5.548128342245989e-08,,,,,,6150.7861614227295,666.9150078296661,0.0003082752227783203,0.0881812572479248,1.410273790359497,0.17189288139343262,4.478237152099609,0,41.620695839763194,26637.245337448443,0.2735588627405626,2126020.25,9020576.360799087,0.5,916128158.755009,100000000000.0,100000000000.0,1000000000.0,clip,False,0,415,0,415,,,,,,,,,
2026-05-18T19:53:52,0,7,7,1,416,74816,416,True,5.5614973262032084e-08,,,,,,6152.615308761597,666.9150078296661,0.0003185272216796875,0.09039568901062012,1.4079864025115967,0.17407608032226562,4.4777257442474365,0,41.60832217730965,26629.326193478177,0.2735588627405626,3130588.0,8902776.593583105,0.5,902057636.0799087,100000000000.0,100000000000.0,1000000000.0,clip,False,0,416,0,416,,,,,,,,,
2026-05-18T19:53:58,0,7,7,1,417,74816,417,True,5.5748663101604276e-08,,,,,,6149.213790893555,666.9150078296661,0.0002884864807128906,0.09103274345397949,1.4071509838104248,0.17788910865783691,4.470864295959473,0,41.63133836379433,26644.05655282837,0.2735588627405626,2087920.375,8766479.469211444,0.5,890277659.3583105,100000000000.0,100000000000.0,1000000000.0,clip,False,0,417,0,417,,,,,,,,,
2026-05-18T19:54:04,0,7,7,1,418,74816,418,True,5.588235294117647e-08,,,,,,6148.776531219482,666.9150078296661,0.0002875328063964844,0.08634114265441895,1.4123096466064453,0.1788642406463623,4.46909761428833,0,41.63429890486323,26645.951299112465,0.2735588627405626,1865511.0,8628460.099827215,0.5,876647946.9211445,100000000000.0,100000000000.0,1000000000.0,clip,False,0,418,0,418,,,,,,,,,
2026-05-18T19:54:10,0,7,7,1,419,74816,419,True,5.6016042780748665e-08,,,,,,6150.424242019653,666.9150078296661,0.0003032684326171875,0.08737945556640625,1.4115960597991943,0.17348265647888184,4.475789785385132,0,41.62314499396804,26638.812796139544,0.2735588627405626,1987126.25,8495633.422830671,0.5,862846009.9827216,100000000000.0,100000000000.0,1000000000.0,clip,False,0,419,0,419,,,,,,,,,
2026-05-18T19:54:17,0,7,7,1,420,74816,420,True,5.614973262032085e-08,,,,,,6150.494337081909,666.9150078296661,0.0002930164337158203,0.09393548965454102,1.4058704376220703,0.17345905303955078,4.475158452987671,0,41.62267062934306,26638.509202779558,0.2735588627405626,2355707.75,8372834.909374057,0.5,849563342.2830671,100000000000.0,100000000000.0,1000000000.0,clip,False,0,420,0,420,,,,,,,,,
2026-05-18T19:54:23,0,7,7,1,421,74816,421,True,5.628342245989305e-08,472.3203430175781,185.45460510253906,0.718576967716217,284.1546630859375,1.9924958944320679,6150.7837772369385,666.9150078296661,0.0003001689910888672,0.08693528175354004,1.4120888710021973,0.17284703254699707,4.4767091274261475,0,41.62071197290577,26637.25566265969,0.2735588627405626,1847503.75,8242328.286186576,0.5,837283490.9374057,100000000000.0,100000000000.0,1000000000.0,clip,False,0,421,0,421,480.3531087239583,400.7298583984375,543.6072998046875,6150.263020833333,6155.4560546875,768.8004150390625,0.0,998.98193359375,639348.4375
2026-05-18T19:54:29,0,7,7,1,422,74816,422,True,5.6417112299465234e-08,,,,,,6164.451837539673,666.9150078296661,0.00026154518127441406,0.08975648880004883,1.3967561721801758,0.17157363891601562,4.476330995559692,0,41.52842892551068,26578.194512326834,0.2735588627405626,2683304.75,8131147.8154628435,0.5,824232828.6186576,100000000000.0,100000000000.0,1000000000.0,clip,False,0,422,0,422,,,,,,,,,
2026-05-18T19:54:35,0,7,7,1,423,74816,423,True,5.655080213903743e-08,,,,,,6148.637056350708,666.9150078296661,0.0002856254577636719,0.08933067321777344,1.4095380306243896,0.17310786247253418,4.474561929702759,0,41.635243331786306,26646.555732343237,0.2735588627405626,2413682.0,8016798.499153586,0.5,813114781.5462843,100000000000.0,100000000000.0,1000000000.0,clip,False,0,423,0,423,,,,,,,,,
2026-05-18T19:54:41,0,7,7,1,424,74816,424,True,5.6684491978609623e-08,,,,,,6150.844573974609,666.9150078296661,0.0003025531768798828,0.08650755882263184,1.4133563041687012,0.1735544204711914,4.4753172397613525,0,41.62030058167696,26636.992372273253,0.2735588627405626,1801998.5,7892502.499170514,0.5,801679849.9153587,100000000000.0,100000000000.0,1000000000.0,clip,False,0,424,0,424,,,,,,,,,
2026-05-18T19:54:47,0,7,7,1,425,74816,425,True,5.6818181818181815e-08,,,,,,6149.191856384277,666.9150078296661,0.00028204917907714844,0.08838796615600586,1.4107418060302734,0.17940187454223633,4.468599796295166,0,41.63148686509318,26644.151593659637,0.2735588627405626,2461779.25,7783888.034187104,0.5,789250249.9170514,100000000000.0,100000000000.0,1000000000.0,clip,False,0,425,0,425,,,,,,,,,
2026-05-18T19:54:54,0,7,7,1,426,74816,426,True,5.695187165775401e-08,,,,,,6150.7086753845215,666.9150078296661,0.00029850006103515625,0.08722281455993652,1.412003993988037,0.17328953742980957,4.476107120513916,0,41.62122017329909,26637.58091091142,0.2735588627405626,3038065.75,7688971.588503362,0.5,778388803.4187104,100000000000.0,100000000000.0,1000000000.0,clip,False,0,426,0,426,,,,,,,,,
2026-05-18T19:55:00,0,7,7,1,427,74816,427,True,5.70855614973262e-08,,,,,,6149.5373249053955,666.9150078296661,0.00028395652770996094,0.08837532997131348,1.4102630615234375,0.17289352416992188,4.475821018218994,0,41.62914809268815,26642.65477932041,0.2735588627405626,2156152.0,7578315.196733294,0.5,768897158.8503362,100000000000.0,100000000000.0,1000000000.0,clip,False,0,427,0,427,,,,,,,,,
2026-05-18T19:55:06,0,7,7,1,428,74816,428,True,5.7219251336898396e-08,,,,,,6148.916006088257,666.9150078296661,0.00030422210693359375,0.08753728866577148,1.4118189811706543,0.17255163192749023,4.474902629852295,0,41.633354520784714,26645.346893302216,0.2735588627405626,1872495.375,7464198.8002986275,0.5,757831519.6733294,100000000000.0,100000000000.0,1000000000.0,clip,False,0,428,0,428,,,,,,,,,
2026-05-18T19:55:12,0,7,7,1,429,74816,429,True,5.735294117647058e-08,,,,,,6149.370908737183,666.9150078296661,0.0002834796905517578,0.09161686897277832,1.407158613204956,0.1770036220550537,4.471534729003906,0,41.630274673506634,26643.375791044244,0.2735588627405626,1762996.875,7350174.761792655,0.5,746419880.0298628,100000000000.0,100000000000.0,1000000000.0,clip,False,0,429,0,429,,,,,,,,,
2026-05-18T19:55:18,0,7,7,1,430,74816,430,True,5.748663101604278e-08,,,,,,6150.7248878479,666.9150078296661,0.00027823448181152344,0.08810591697692871,1.4119024276733398,0.17191481590270996,4.47662091255188,0,41.621110465497146,26637.510697918173,0.2735588627405626,2250054.75,7248172.361556802,0.5,735017476.1792655,100000000000.0,100000000000.0,1000000000.0,clip,False,0,430,0,430,,,,,,,,,
2026-05-18T19:55:24,0,7,7,1,431,74816,431,True,5.762032085561497e-08,415.120361328125,156.47665405273438,0.7171080112457275,255.9552459716797,1.9713654518127441,6150.322675704956,666.9150078296661,0.0002894401550292969,0.08677530288696289,1.4118037223815918,0.17331647872924805,4.47629189491272,0,41.623832357813164,26639.252709000426,0.2735588627405626,2344780.5,7150104.524325666,0.5,724817236.1556802,100000000000.0,100000000000.0,1000000000.0,clip,False,0,431,0,431,470.4340006510417,415.120361328125,539.5479736328125,6150.759114583333,6155.64111328125,768.8004150390625,0.0,998.9012451171875,639296.75
2026-05-18T19:55:30,0,7,7,1,432,74816,432,True,5.775401069518716e-08,,,,,,6156.417369842529,666.9150078296661,0.00027060508728027344,0.08712172508239746,1.3992152214050293,0.1735072135925293,4.473267316818237,0,41.58262583918154,26612.880537076184,0.2735588627405626,1830411.125,7043710.656339153,0.5,715010452.4325666,100000000000.0,100000000000.0,1000000000.0,clip,False,0,432,0,432,,,,,,,,,
2026-05-18T19:55:37,0,7,7,1,433,74816,433,True,5.7887700534759354e-08,,,,,,6150.328636169434,666.9150078296661,0.0003082752227783203,0.09003353118896484,1.40897798538208,0.17295384407043457,4.476217985153198,0,41.62379201893229,26639.22689211667,0.2735588627405626,2080738.5,6944451.21321237,0.5,704371065.6339153,100000000000.0,100000000000.0,1000000000.0,clip,False,0,433,0,433,,,,,,,,,
2026-05-18T19:55:43,0,7,7,1,434,74816,434,True,5.8021390374331546e-08,,,,,,6148.833990097046,666.9150078296661,0.0002906322479248047,0.08826184272766113,1.4111301898956299,0.17274951934814453,4.47460412979126,0,41.63390984572013,26645.702301260884,0.2735588627405626,2744293.25,6860448.053948123,0.5,694445121.321237,100000000000.0,100000000000.0,1000000000.0,clip,False,0,434,0,434,,,,,,,,,
2026-05-18T19:55:49,0,7,7,1,435,74816,435,True,5.8155080213903744e-08,,,,,,6154.315710067749,666.9150078296661,0.0002841949462890625,0.08769702911376953,1.4103977680206299,0.17254042625427246,4.481576204299927,0,41.596826042124164,26621.968666959463,0.2735588627405626,1794814.0,6759135.372869161,0.5,686044805.3948123,100000000000.0,100000000000.0,1000000000.0,clip,False,0,435,0,435,,,,,,,,,
2026-05-18T19:55:55,0,7,7,1,436,74816,436,True,5.828877005347593e-08,,,,,,6149.4269371032715,666.9150078296661,0.0002944469451904297,0.08848810195922852,1.406681776046753,0.17584228515625,4.4762654304504395,0,41.629895373729006,26643.133039186563,0.2735588627405626,2562083.25,6675194.330411778,0.5,675913537.2869161,100000000000.0,100000000000.0,1000000000.0,clip,False,0,436,0,436,,,,,,,,,
2026-05-18T19:56:01,0,7,7,1,437,74816,437,True,5.842245989304813e-08,,,,,,6151.270866394043,666.9150078296661,0.0002837181091308594,0.08991861343383789,1.4091041088104248,0.17245960235595703,4.477602481842041,0,41.617416231594206,26635.14638822029,0.2735588627405626,1689606.875,6575482.5813035425,0.5,667519433.0411777,100000000000.0,100000000000.0,1000000000.0,clip,False,0,437,0,437,,,,,,,,,
2026-05-18T19:56:07,0,7,7,1,438,74816,438,True,5.855614973262032e-08,,,,,,6149.61838722229,666.9150078296661,0.000301361083984375,0.08759117126464844,1.411576747894287,0.17250275611877441,4.4757080078125,0,41.62859935047647,26642.303584304944,0.2735588627405626,1998851.0,6483949.949677472,0.5,657548258.1303543,100000000000.0,100000000000.0,1000000000.0,clip,False,0,438,0,438,,,,,,,,,
2026-05-18T19:56:13,0,7,7,1,439,74816,439,True,5.868983957219251e-08,,,,,,6152.633905410767,666.9150078296661,0.0003452301025390625,0.09132122993469238,1.4067881107330322,0.173936128616333,4.4780542850494385,0,41.608196414037856,26629.24570498423,0.2735588627405626,1962764.875,6393526.248183923,0.5,648394994.9677472,100000000000.0,100000000000.0,1000000000.0,clip,False,0,439,0,439,,,,,,,,,
2026-05-18T19:56:20,0,7,7,1,440,74816,440,True,5.88235294117647e-08,,,,,,6146.256923675537,666.9150078296661,0.0003082752227783203,0.0898582935333252,1.407581090927124,0.17477941513061523,4.471665382385254,0,41.65136654373844,26656.8745879926,0.2735588627405626,2023556.625,6306126.855720244,0.5,639352624.8183923,100000000000.0,100000000000.0,1000000000.0,clip,False,0,440,0,440,,,,,,,,,
2026-05-18T19:56:26,0,7,7,1,441,74816,441,True,5.8957219251336894e-08,424.9527282714844,168.5911102294922,0.7185201644897461,253.66336059570312,1.9797472953796387,6149.331092834473,666.9150078296661,0.0002872943878173828,0.08826828002929688,1.4110803604125977,0.17213869094848633,4.475605010986328,0,41.630544222656155,26643.548302499938,0.2735588627405626,1749378.625,6214991.891105839,0.5,630612685.5720245,100000000000.0,100000000000.0,1000000000.0,clip,False,0,441,0,441,475.6282552083333,405.1033935546875,528.9489135742188,6149.444661458333,6153.85107421875,768.8004150390625,0.0,999.11474609375,639433.4375
2026-05-18T19:56:32,0,7,7,1,442,74816,442,True,5.9090909090909085e-08,,,,,,6155.439615249634,666.9150078296661,0.00026702880859375,0.08867430686950684,1.3979365825653076,0.17842721939086914,4.468051195144653,0,41.58923098941292,26617.10783322427,0.2735588627405626,2161814.25,6133928.338283722,0.5,621499189.1105839,100000000000.0,100000000000.0,1000000000.0,clip,False,0,442,0,442,,,,,,,,,
2026-05-18T19:56:38,0,7,7,1,443,74816,443,True,5.9224598930481283e-08,,,,,,6149.384498596191,666.9150078296661,0.00028586387634277344,0.08870673179626465,1.410414457321167,0.1727280616760254,4.475390195846558,0,41.63018267250012,26643.316910400077,0.2735588627405626,2051816.75,6052286.106518048,0.5,613392833.8283722,100000000000.0,100000000000.0,1000000000.0,clip,False,0,443,0,443,,,,,,,,,
2026-05-18T19:56:44,0,7,7,1,444,74816,444,True,5.9358288770053475e-08,,,,,,6149.408340454102,666.9150078296661,0.0002913475036621094,0.08758687973022461,1.4119582176208496,0.17173361778259277,4.476035118103027,0,41.63002126820801,26643.21361165313,0.2735588627405626,1959095.875,5970422.301887687,0.5,605228610.6518048,100000000000.0,100000000000.0,1000000000.0,clip,False,0,444,0,444,,,,,,,,,
2026-05-18T19:56:50,0,7,7,1,445,74816,445,True,5.9491978609625667e-08,,,,,,6150.396347045898,666.9150078296661,0.0002856254577636719,0.08798861503601074,1.4110867977142334,0.17147374153137207,4.477757930755615,0,41.623333774734625,26638.93361583016,0.2735588627405626,1746197.0,5885937.795849934,0.5,597042230.1887687,100000000000.0,100000000000.0,1000000000.0,clip,False,0,445,0,445,,,,,,,,,
2026-05-18T19:56:57,0,7,7,1,446,74816,446,True,5.962566844919786e-08,,,,,,6151.9482135772705,666.9150078296661,0.00028777122497558594,0.08954405784606934,1.4094798564910889,0.17481303215026855,4.4759604930877686,0,41.61283403443015,26632.213782035295,0.2735588627405626,2337456.0,5814968.159932936,0.5,588593779.5849934,100000000000.0,100000000000.0,1000000000.0,clip,False,0,446,0,446,,,,,,,,,
2026-05-18T19:57:03,0,7,7,1,447,74816,447,True,5.975935828877005e-08,,,,,,6153.352499008179,666.9150078296661,0.0002865791320800781,0.09101486206054688,1.4073436260223389,0.17139554023742676,4.4813618659973145,0,41.60333737442525,26626.135919632165,0.2735588627405626,1950798.875,5737684.774234277,0.5,581496815.9932935,100000000000.0,100000000000.0,1000000000.0,clip,False,0,447,0,447,,,,,,,,,
2026-05-18T19:57:09,0,7,7,1,448,74816,448,True,5.989304812834224e-08,,,,,,6145.03812789917,666.9150078296661,0.0002849102020263672,0.08796477317810059,1.4113843441009521,0.1713852882385254,4.472185850143433,0,41.65962760063782,26662.161664408202,0.2735588627405626,1874119.25,5660413.463749591,0.5,573768477.4234277,100000000000.0,100000000000.0,1000000000.0,clip,False,0,448,0,448,,,,,,,,,
2026-05-18T19:57:15,0,7,7,1,449,74816,449,True,6.002673796791443e-08,,,,,,6150.276184082031,666.9150078296661,0.0002894401550292969,0.09037065505981445,1.4086902141571045,0.17009210586547852,4.479073762893677,0,41.62414700376739,26639.45408241113,0.2735588627405626,2161422.5,5590433.6444745995,0.5,566041346.3749591,100000000000.0,100000000000.0,1000000000.0,clip,False,0,449,0,449,,,,,,,,,
2026-05-18T19:57:21,0,7,7,1,450,74816,450,True,6.016042780748662e-08,,,,,,6150.404691696167,666.9150078296661,0.0002932548522949219,0.08712053298950195,1.4121744632720947,0.17584943771362305,4.473151683807373,0,41.62327730167622,26638.897473072782,0.2735588627405626,1892383.875,5516472.649085107,0.5,559043364.4474599,100000000000.0,100000000000.0,1000000000.0,clip,False,0,450,0,450,,,,,,,,,
2026-05-18T19:57:27,0,7,7,1,451,74816,451,True,6.029411764705882e-08,426.33905029296875,169.47402954101562,0.7183384299278259,254.14703369140625,1.9996213912963867,6149.155616760254,666.9150078296661,0.00028705596923828125,0.08777499198913574,1.4107584953308105,0.1713268756866455,4.477356195449829,0,41.631732217386336,26644.308619127256,0.2735588627405626,2395271.75,5454048.631103405,0.5,551647264.9085107,100000000000.0,100000000000.0,1000000000.0,clip,False,0,451,0,451,470.497802734375,413.9529113769531,524.5675048828125,6149.251302083333,6154.44580078125,768.8004150390625,0.0,999.1461791992188,639453.5625
2026-05-18T19:57:33,0,7,7,1,452,74816,452,True,6.042780748663101e-08,,,,,,6162.513256072998,666.9150078296661,0.00026702880859375,0.0915060043334961,1.3948755264282227,0.17119455337524414,4.475956678390503,0,41.54149279074063,26586.555386074,0.2735588627405626,1967840.75,5384324.473481337,0.5,545404863.1103405,100000000000.0,100000000000.0,1000000000.0,clip,False,0,452,0,452,,,,,,,,,
2026-05-18T19:57:40,0,7,7,1,453,74816,453,True,6.056149732620321e-08,,,,,,6150.225400924683,666.9150078296661,0.0002856254577636719,0.08851790428161621,1.4103937149047852,0.1716310977935791,4.477672100067139,0,41.624490699399495,26639.674047615677,0.2735588627405626,2427014.25,5325178.26901171,0.5,538432447.3481337,100000000000.0,100000000000.0,1000000000.0,clip,False,0,453,0,453,,,,,,,,,
2026-05-18T19:57:46,0,7,7,1,454,74816,454,True,6.06951871657754e-08,,,,,,6149.909734725952,666.9150078296661,0.00028705596923828125,0.0899953842163086,1.409454345703125,0.17714190483093262,4.471232891082764,0,41.62662722583971,26641.041424537416,0.2735588627405626,1849451.75,5255663.738631476,0.5,532517826.90117097,100000000000.0,100000000000.0,1000000000.0,clip,False,0,454,0,454,,,,,,,,,
2026-05-18T19:57:52,0,7,7,1,455,74816,455,True,6.08288770053476e-08,,,,,,6150.052070617676,666.9150078296661,0.0002815723419189453,0.09107089042663574,1.4074029922485352,0.17113852500915527,4.478328466415405,0,41.625663825361535,26640.424848231385,0.2735588627405626,1882167.75,5188193.818858846,0.5,525566373.86314756,100000000000.0,100000000000.0,1000000000.0,clip,False,0,455,0,455,,,,,,,,,
2026-05-18T19:57:58,0,7,7,1,456,74816,456,True,6.096256684491979e-08,,,,,,6149.519443511963,666.9150078296661,0.00029397010803222656,0.08783197402954102,1.4109282493591309,0.17196440696716309,4.476669788360596,0,41.62926914071184,26642.73225005558,0.2735588627405626,2146545.25,5127360.847481669,0.5,518819381.8858846,100000000000.0,100000000000.0,1000000000.0,clip,False,0,456,0,456,,,,,,,,,
2026-05-18T19:58:04,0,7,7,1,457,74816,457,True,6.109625668449198e-08,,,,,,6149.699687957764,666.9150078296661,0.0002961158752441406,0.08968424797058105,1.4087088108062744,0.17142224311828613,4.4776763916015625,0,41.628049008847505,26641.951365662404,0.2735588627405626,1960050.875,5064014.648032036,0.5,512736084.7481669,100000000000.0,100000000000.0,1000000000.0,clip,False,0,457,0,457,,,,,,,,,
2026-05-18T19:58:10,0,7,7,1,458,74816,458,True,6.122994652406417e-08,,,,,,6150.871276855469,666.9150078296661,0.0002903938293457031,0.0876619815826416,1.4118475914001465,0.17235684394836426,4.476915597915649,0,41.62011989476648,26636.876732650548,0.2735588627405626,2798537.75,5018705.110071395,0.5,506401464.8032036,100000000000.0,100000000000.0,1000000000.0,clip,False,0,458,0,458,,,,,,,,,
2026-05-18T19:58:17,0,7,7,1,459,74816,459,True,6.136363636363636e-08,,,,,,6151.606798171997,666.9150078296661,0.0002841949462890625,0.08865022659301758,1.4101953506469727,0.17176079750061035,4.478781461715698,0,41.61514355502575,26633.691875216482,0.2735588627405626,1891452.75,4956160.062869966,0.5,501870511.00713944,100000000000.0,100000000000.0,1000000000.0,clip,False,0,459,0,459,,,,,,,,,
2026-05-18T19:58:23,0,7,7,1,460,74816,460,True,6.149732620320855e-08,,,,,,6148.744106292725,666.9150078296661,0.0004029273986816406,0.08652973175048828,1.4114255905151367,0.17091703414916992,4.477602481842041,0,41.63451846012025,26646.091814476957,0.2735588627405626,2362625.0,4904289.361612567,0.5,495616006.2869966,100000000000.0,100000000000.0,1000000000.0,clip,False,0,460,0,460,,,,,,,,,
2026-05-18T19:58:29,0,7,7,1,461,74816,461,True,6.163101604278075e-08,459.3355712890625,186.72564697265625,0.7191911339759827,269.8958740234375,1.9948590993881226,6150.6028175354,666.9150078296661,0.00031113624572753906,0.0885624885559082,1.4102063179016113,0.17383480072021484,4.475668430328369,0,41.6219365149287,26638.039369554364,0.2735588627405626,2082781.875,4847859.211880315,0.5,490428936.1612567,100000000000.0,100000000000.0,1000000000.0,clip,False,0,461,0,461,466.1287434895833,409.7030944824219,520.039306640625,6151.572916666667,6157.67431640625,768.8004150390625,0.0,998.7691650390625,639212.3125
2026-05-18T19:58:35,0,7,7,1,462,74816,462,True,6.176470588235294e-08,,,,,,6159.371852874756,666.9150078296661,0.0002944469451904297,0.0900564193725586,1.3967390060424805,0.17186689376831055,4.477064847946167,0,41.56267978536114,26600.11506263113,0.2735588627405626,1668274.75,4784267.522642708,0.5,484785921.1880315,100000000000.0,100000000000.0,1000000000.0,clip,False,0,462,0,462,,,,,,,,,
2026-05-18T19:58:41,0,7,7,1,463,74816,463,True,6.189839572192513e-08,,,,,,6147.713899612427,666.9150078296661,0.0002982616424560547,0.09239745140075684,1.4054582118988037,0.17400479316711426,4.473684549331665,0,41.64149538841408,26650.55704858501,0.2735588627405626,2035278.25,4729287.7371898545,0.5,478426752.26427084,100000000000.0,100000000000.0,1000000000.0,clip,False,0,463,0,463,,,,,,,,,
2026-05-18T19:58:47,0,7,7,1,464,74816,464,True,6.203208556149732e-08,,,,,,6154.391050338745,666.9150078296661,0.00029015541076660156,0.08823275566101074,1.4101815223693848,0.17244267463684082,4.4814770221710205,0,41.596316825839246,26621.642768537116,0.2735588627405626,1877672.0,4672255.422446058,0.5,472928773.71898544,100000000000.0,100000000000.0,1000000000.0,clip,False,0,464,0,464,,,,,,,,,
2026-05-18T19:58:53,0,7,7,1,465,74816,465,True,6.216577540106951e-08,,,,,,6143.834352493286,666.9150078296661,0.0002982616424560547,0.08997726440429688,1.4028880596160889,0.17180299758911133,4.4769909381866455,0,41.667790066005,26667.3856422432,0.2735588627405626,1950801.625,4617826.346497136,0.5,467225542.24460584,100000000000.0,100000000000.0,1000000000.0,clip,False,0,465,0,465,,,,,,,,,
2026-05-18T19:59:00,0,7,7,1,466,74816,466,True,6.229946524064172e-08,,,,,,6149.169921875,666.9150078296661,0.0002875328063964844,0.0879659652709961,1.410956859588623,0.17258381843566895,4.4755566120147705,0,41.631635367451466,26644.246635168936,0.2735588627405626,1928506.25,4564039.944567193,0.5,461782634.64971364,100000000000.0,100000000000.0,1000000000.0,clip,False,0,466,0,466,,,,,,,,,
2026-05-18T19:59:06,0,7,7,1,467,74816,467,True,6.24331550802139e-08,,,,,,6150.663375854492,666.9150078296661,0.00030231475830078125,0.09456920623779297,1.4040257930755615,0.17311596870422363,4.476670980453491,0,41.62152671287018,26637.777096236914,0.2735588627405626,1791577.375,4508590.6931758495,0.5,456403994.45671934,100000000000.0,100000000000.0,1000000000.0,clip,False,0,467,0,467,,,,,,,,,
2026-05-18T19:59:12,0,7,7,1,468,74816,468,True,6.25668449197861e-08,,,,,,6271.8665599823,666.9150078296661,0.00028824806213378906,0.08812117576599121,1.4100465774536133,0.1766984462738037,4.594949722290039,0,40.81719493737483,26123.004759919888,0.2735588627405626,1982100.875,4458060.896812333,0.5,450859069.31758493,100000000000.0,100000000000.0,1000000000.0,clip,False,0,468,0,468,,,,,,,,,
2026-05-18T19:59:18,0,7,7,1,469,74816,469,True,6.270053475935828e-08,,,,,,6150.435924530029,666.9150078296661,0.00029087066650390625,0.09676241874694824,1.4025919437408447,0.17087435722351074,4.478022336959839,0,41.623065932446345,26638.76219676566,0.2735588627405626,1676478.75,4402429.253876086,0.5,445806089.6812333,100000000000.0,100000000000.0,1000000000.0,clip,False,0,469,0,469,,,,,,,,,
2026-05-18T19:59:24,0,7,7,1,470,74816,470,True,6.283422459893048e-08,,,,,,6147.813558578491,666.9150078296661,0.0002658367156982422,0.08922219276428223,1.4085979461669922,0.17186570167541504,4.476028203964233,0,41.64082036007494,26650.12503044796,0.2735588627405626,1904254.875,4352465.766298565,0.5,440242925.38760865,100000000000.0,100000000000.0,1000000000.0,clip,False,0,470,0,470,,,,,,,,,
2026-05-18T19:59:31,0,7,7,1,471,74816,471,True,6.296791443850267e-08,504.2335205078125,197.09996032714844,0.7198247313499451,304.42926025390625,1.9844880104064941,6443.061113357544,666.9150078296661,0.00028252601623535156,0.08916354179382324,1.4100258350372314,0.17233633995056152,4.7693891525268555,0,39.73266673961375,25428.906713352797,0.2735588627405626,1738705.125,4300190.553472593,0.5,435246576.6298565,100000000000.0,100000000000.0,1000000000.0,clip,False,0,471,0,471,476.6305338541667,412.51495361328125,527.1090698242188,6442.095052083333,6447.3916015625,768.8004150390625,0.0,953.7271728515625,610385.375
2026-05-18T19:59:37,0,7,7,1,472,74816,472,True,6.310160427807487e-08,,,,,,6161.395788192749,666.9150078296661,0.0002758502960205078,0.08974027633666992,1.39662504196167,0.1789257526397705,4.47316837310791,0,41.54902700627994,26591.37728401916,0.2735588627405626,1920161.875,4252589.979903141,0.5,430019055.34725934,100000000000.0,100000000000.0,1000000000.0,clip,False,0,472,0,472,,,,,,,,,
2026-05-18T19:59:43,0,7,7,1,473,74816,473,True,6.323529411764706e-08,,,,,,6145.180940628052,666.9150078296661,0.00026345252990722656,0.09679079055786133,1.3980965614318848,0.17396211624145508,4.47422981262207,0,41.65865943954389,26661.54204130809,0.2735588627405626,2173855.0,4211015.280305078,0.5,425258997.9903141,100000000000.0,100000000000.0,1000000000.0,clip,False,0,473,0,473,,,,,,,,,
2026-05-18T19:59:49,0,7,7,1,474,74816,474,True,6.336898395721925e-08,,,,,,6154.105424880981,666.9150078296661,0.0002884864807128906,0.09039640426635742,1.4086425304412842,0.17372465133666992,4.479362964630127,0,41.59824740164424,26622.878337052312,0.2735588627405626,1859817.0,4163991.3146989765,0.5,421101528.0305078,100000000000.0,100000000000.0,1000000000.0,clip,False,0,474,0,474,,,,,,,,,
2026-05-18T19:59:55,0,7,7,1,475,74816,475,True,6.350267379679144e-08,,,,,,6147.053241729736,666.9150078296661,0.0002624988555908203,0.0929727554321289,1.4023916721343994,0.17444920539855957,4.475108861923218,0,41.645970830726604,26653.421331665024,0.2735588627405626,1623745.25,4113186.393404997,0.5,416399131.4698976,100000000000.0,100000000000.0,1000000000.0,clip,False,0,475,0,475,,,,,,,,,
2026-05-18T20:00:01,0,7,7,1,476,74816,476,True,6.363636363636363e-08,,,,,,6151.140451431274,666.9150078296661,0.00028777122497558594,0.09006094932556152,1.4091475009918213,0.17312383651733398,4.476710796356201,0,41.618298593788865,26635.711100024873,0.2735588627405626,1740267.25,4065728.010536897,0.5,411318639.3404997,100000000000.0,100000000000.0,1000000000.0,clip,False,0,476,0,476,,,,,,,,,
2026-05-18T20:00:08,0,7,7,1,477,74816,477,True,6.377005347593582e-08,,,,,,6149.892091751099,666.9150078296661,0.0002944469451904297,0.08930659294128418,1.409111738204956,0.17249536514282227,4.476776361465454,0,41.62674664542081,26641.117853069318,0.2735588627405626,2192220.75,4028257.865326159,0.5,406572801.0536897,100000000000.0,100000000000.0,1000000000.0,clip,False,0,477,0,477,,,,,,,,,
2026-05-18T20:00:14,0,7,7,1,478,74816,478,True,6.390374331550802e-08,,,,,,6150.378942489624,666.9150078296661,0.000293731689453125,0.08976197242736816,1.4094500541687012,0.17687773704528809,4.472048759460449,0,41.62345156189242,26639.00899961115,0.2735588627405626,1855989.25,3984812.4930196363,0.5,402825786.5326159,100000000000.0,100000000000.0,1000000000.0,clip,False,0,478,0,478,,,,,,,,,
2026-05-18T20:00:20,0,7,7,1,479,74816,479,True,6.403743315508021e-08,,,,,,6149.749994277954,666.9150078296661,0.00030994415283203125,0.08993148803710938,1.408750295639038,0.17169594764709473,4.477206707000732,0,41.62770848216523,26641.73342858575,0.2735588627405626,1819307.125,3941502.3856592434,0.5,398481249.3019636,100000000000.0,100000000000.0,1000000000.0,clip,False,0,479,0,479,,,,,,,,,
2026-05-18T20:00:26,0,7,7,1,480,74816,480,True,6.41711229946524e-08,,,,,,6149.831533432007,666.9150078296661,0.00029277801513671875,0.08882021903991699,1.4105281829833984,0.17216277122497559,4.476197719573975,0,41.62715655027632,26641.380192176843,0.2735588627405626,2775959.25,3918191.522946059,0.5,394150238.56592435,100000000000.0,100000000000.0,1000000000.0,clip,False,0,480,0,480,,,,,,,,,
2026-05-18T20:00:32,0,7,7,1,481,74816,481,True,6.430481283422459e-08,487.7762451171875,200.91200256347656,0.7206655144691467,284.17919921875,1.9643582105636597,6149.50156211853,666.9150078296661,0.0002837181091308594,0.08954858779907227,1.4098992347717285,0.1719653606414795,4.475978136062622,0,41.6293901894395,26642.809721241276,0.2735588627405626,1832886.875,3876485.429987137,0.5,391819152.29460585,100000000000.0,100000000000.0,1000000000.0,clip,False,0,481,0,481,466.62646484375,398.2541198730469,540.8550415039062,6149.142578125,6152.6943359375,768.8004150390625,0.0,999.163818359375,639464.875
2026-05-18T20:00:38,0,7,7,1,482,74816,482,True,6.443850267379678e-08,,,,,,6157.841205596924,666.9150078296661,0.0002646446228027344,0.08803844451904297,1.3985700607299805,0.17261219024658203,4.473999500274658,0,41.573010971331804,26606.727021652358,0.2735588627405626,2126098.0,3841477.681387394,0.5,387648542.99871373,100000000000.0,100000000000.0,1000000000.0,clip,False,0,482,0,482,,,,,,,,,
2026-05-18T20:00:45,0,7,7,1,483,74816,483,True,6.457219251336899e-08,,,,,,6149.638652801514,666.9150078296661,0.0003032684326171875,0.08765268325805664,1.411240816116333,0.17644906044006348,4.472031354904175,0,41.62846216718397,26642.215786997738,0.2735588627405626,2208220.25,3808812.5327596464,0.5,384147768.1387394,100000000000.0,100000000000.0,1000000000.0,clip,False,0,483,0,483,,,,,,,,,
2026-05-18T20:00:51,0,7,7,1,484,74816,484,True,6.470588235294118e-08,,,,,,6150.5913734436035,666.9150078296661,0.00031828880310058594,0.5286135673522949,0.9694969654083252,0.17463898658752441,4.475366115570068,0,41.622013958743985,26638.08893359615,0.2735588627405626,1982956.875,3772295.4196044537,0.5,380881253.2759646,100000000000.0,100000000000.0,1000000000.0,clip,False,0,484,0,484,,,,,,,,,
2026-05-18T20:00:57,0,7,7,1,485,74816,485,True,6.483957219251337e-08,,,,,,6147.902250289917,666.9150078296661,0.0002982616424560547,0.09139156341552734,1.4068822860717773,0.17531752586364746,4.472227573394775,0,41.640219635555816,26649.740566755725,0.2735588627405626,1918317.75,3735215.8662123648,0.5,377229541.96044534,100000000000.0,100000000000.0,1000000000.0,clip,False,0,485,0,485,,,,,,,,,
2026-05-18T20:01:03,0,7,7,1,486,74816,486,True,6.497326203208556e-08,,,,,,6150.496244430542,666.9150078296661,0.0002868175506591797,0.08948779106140137,1.4091355800628662,0.1785581111907959,4.471162557601929,0,41.622657721613216,26638.50094183246,0.2735588627405626,1750189.5,3695515.3388881176,0.5,373521586.6212365,100000000000.0,100000000000.0,1000000000.0,clip,False,0,486,0,486,,,,,,,,,
2026-05-18T20:01:09,0,7,7,1,487,74816,487,True,6.510695187165775e-08,,,,,,6149.056196212769,666.9150078296661,0.0002994537353515625,0.08997511863708496,1.4086449146270752,0.17316341400146484,4.475017786026001,0,41.632405336882684,26644.739415604916,0.2735588627405626,1940920.625,3660423.4446103554,0.5,369551533.88881177,100000000000.0,100000000000.0,1000000000.0,clip,False,0,487,0,487,,,,,,,,,
2026-05-18T20:01:15,0,7,7,1,488,74816,488,True,6.524064171122994e-08,,,,,,6149.863004684448,666.9150078296661,0.0002906322479248047,0.08872437477111816,1.4102973937988281,0.17158889770507812,4.477149724960327,0,41.626943527847814,26641.2438578226,0.2735588627405626,2142666.5,3630068.305718148,0.5,366042344.46103555,100000000000.0,100000000000.0,1000000000.0,clip,False,0,488,0,488,,,,,,,,,
2026-05-18T20:01:21,0,7,7,1,489,74816,489,True,6.537433155080214e-08,,,,,,6149.737119674683,666.9150078296661,0.0003001689910888672,0.08855032920837402,1.4110674858093262,0.17088747024536133,4.477078914642334,0,41.62779563064352,26641.78920361185,0.2735588627405626,1873451.5,3594935.9696037853,0.5,363006830.57181484,100000000000.0,100000000000.0,1000000000.0,clip,False,0,489,0,489,,,,,,,,,
2026-05-18T20:01:28,0,7,7,1,490,74816,490,True,6.550802139037433e-08,,,,,,6415.646076202393,666.9150078296661,0.0002846717834472656,0.08781790733337402,1.411017894744873,0.17785072326660156,4.736843109130859,0,39.902450502932645,25537.56832187689,0.2735588627405626,1937712.375,3561791.4977117097,0.5,359493596.9603785,100000000000.0,100000000000.0,1000000000.0,clip,False,0,490,0,490,,,,,,,,,
2026-05-18T20:01:34,0,7,7,1,491,74816,491,True,6.564171122994652e-08,480.6836242675781,192.3230438232422,0.7189413905143738,285.6715087890625,1.9701303243637085,6149.402618408203,666.9150078296661,0.0002868175506591797,0.08848953247070312,1.4106640815734863,0.17046546936035156,4.4775354862213135,0,41.63006000512398,26643.238403279345,0.2735588627405626,2167973.75,3533915.1427574754,0.5,356179149.771171,100000000000.0,100000000000.0,1000000000.0,clip,False,0,491,0,491,479.71728515625,446.21881103515625,551.65234375,6149.236328125,6151.59912109375,768.8004150390625,0.0,999.1484375,639455.0
2026-05-18T20:01:40,0,7,7,1,492,74816,492,True,6.577540106951871e-08,,,,,,6157.791376113892,666.9150078296661,0.0002770423889160156,0.08825063705444336,1.3980743885040283,0.17221951484680176,4.475017309188843,0,41.57334738442512,26606.942326032076,0.2735588627405626,2042119.0,3504079.219902326,0.5,353391514.27574754,100000000000.0,100000000000.0,1000000000.0,clip,False,0,492,0,492,,,,,,,,,
2026-05-18T20:01:46,0,7,7,1,493,74816,493,True,6.59090909090909e-08,,,,,,6150.0794887542725,666.9150078296661,0.0002944469451904297,0.09054899215698242,1.408205509185791,0.1718757152557373,4.47734260559082,0,41.62547825082729,26640.306080529466,0.2735588627405626,1871036.5,3471418.3655042793,0.5,350407921.9902326,100000000000.0,100000000000.0,1000000000.0,clip,False,0,493,0,493,,,,,,,,,
2026-05-18T20:01:52,0,7,7,1,494,74816,494,True,6.60427807486631e-08,,,,,,6149.189710617065,666.9150078296661,0.00029087066650390625,0.09021782875061035,1.408177375793457,0.17385053634643555,4.474853992462158,0,41.63150139245104,26644.16089116867,0.2735588627405626,2346169.5,3448913.3881941936,0.5,347141836.5504279,100000000000.0,100000000000.0,1000000000.0,clip,False,0,494,0,494,,,,,,,,,
2026-05-18T20:01:59,0,7,7,1,495,74816,495,True,6.61764705882353e-08,,,,,,6149.260997772217,666.9150078296661,0.0002913475036621094,0.0897526741027832,1.40922212600708,0.171675443649292,4.4764580726623535,0,41.631018766766424,26643.852010730512,0.2735588627405626,2643373.0,3432802.5804303098,0.5,344891338.8194194,100000000000.0,100000000000.0,1000000000.0,clip,False,0,495,0,495,,,,,,,,,
2026-05-18T20:02:05,0,7,7,1,496,74816,496,True,6.631016042780749e-08,,,,,,6149.7368812561035,666.9150078296661,0.00028705596923828125,0.08858180046081543,1.4098644256591797,0.17181038856506348,4.47738242149353,0,41.62779724450767,26641.790236484907,0.2735588627405626,1914014.5,3402426.8188217035,0.5,343280258.043031,100000000000.0,100000000000.0,1000000000.0,clip,False,0,496,0,496,,,,,,,,,
2026-05-18T20:02:11,0,7,7,1,497,74816,497,True,6.644385026737967e-08,,,,,,6150.253057479858,666.9150078296661,0.00028896331787109375,0.09032583236694336,1.409015417098999,0.1724395751953125,4.476252555847168,0,41.6243035217317,26639.554253908285,0.2735588627405626,1730129.5,3368980.8724452695,0.5,340242681.8821704,100000000000.0,100000000000.0,1000000000.0,clip,False,0,497,0,497,,,,,,,,,
2026-05-18T20:02:17,0,7,7,1,498,74816,498,True,6.657754010695186e-08,,,,,,6149.770498275757,666.9150078296661,0.0002980232238769531,0.08976507186889648,1.408872127532959,0.17460322380065918,4.474428653717041,0,41.62756969089758,26641.644602174452,0.2735588627405626,2142847.75,3344458.209996364,0.5,336898087.2445269,100000000000.0,100000000000.0,1000000000.0,clip,False,0,498,0,498,,,,,,,,,
2026-05-18T20:02:23,0,7,7,1,499,74816,499,True,6.671122994652407e-08,,,,,,6149.347305297852,666.9150078296661,0.0002892017364501953,0.08965134620666504,1.4090280532836914,0.17290878295898438,4.475552320480347,0,41.63043446569494,26643.478058044762,0.2735588627405626,2524051.0,3328050.0657964367,0.5,334445820.9996364,100000000000.0,100000000000.0,1000000000.0,clip,False,0,499,0,499,,,,,,,,,
2026-05-18T20:02:29,0,7,7,1,500,74816,500,True,6.684491978609626e-08,,,,,,6152.320146560669,666.9150078296661,0.0002961158752441406,0.08797216415405273,1.411125659942627,0.17250919342041016,4.478616952896118,0,41.61031836795939,26630.60375549401,0.2735588627405626,1811987.5,3297728.8144805077,0.5,332805006.57964367,100000000000.0,100000000000.0,1000000000.0,clip,False,0,500,0,500,,,,,,,,,
