time,node_rank,rank,local_rank,epoch,batch_index,num_batches,update_step,should_step,lr,loss_total,loss_gep,loss_zero_prob,loss_gepc,loss_gepc_zero_prob,step_ms,data_load_s,to_device_s,forward_s,loss_s,backward_s,optimizer_s,grad_sync_s,samples_per_s,tokens_per_s,mfu,grad_norm_raw,grad_norm_ema,grad_clip_threshold,grad_skip_threshold,grad_skip_max,grad_hard_raw_norm_limit,grad_ema_contribution_cap,grad_action,skipped,skipped_count_cum,clipped_count_cum,consecutive_skips,consecutive_clips,cluster_loss_total_mean,cluster_loss_total_min,cluster_loss_total_max,cluster_step_ms_mean,cluster_step_ms_max,cluster_data_load_s_max,cluster_grad_sync_s_max,cluster_samples_per_s_sum,cluster_tokens_per_s_sum
2026-05-18T19:11:16,0,5,5,1,1,74816,1,True,1.3368983957219252e-10,655.927001953125,195.0614471435547,0.7205419540405273,458.12225341796875,2.0227832794189453,809445.3966617584,696.1901659965515,0.002222299575805664,0.5510437488555908,1.2036187648773193,0.295717716217041,13.003387451171875,0,0.3162659285675996,202.41019428326373,,91204840.0,91204840.0,0.5,100000000000.0,100000000000.0,100000000000.0,1000000000.0,clip,False,0,1,0,1,640.3086751302084,584.711669921875,701.3232421875,809494.5,810489.4375,768.8004150390625,0.0,7.5899224281311035,4857.55029296875
2026-05-18T19:11:22,0,5,5,1,2,74816,2,True,2.6737967914438504e-10,,,,,,7186.698436737061,696.1901659965515,0.0003082752227783203,0.10409712791442871,1.3867158889770508,0.2885587215423584,4.363099098205566,0,35.62136386457734,22797.6728733295,,96543344.0,91311610.08,0.5,100000000000.0,100000000000.0,100000000000.0,1000000000.0,clip,False,0,2,0,2,,,,,,,,,
2026-05-18T19:11:28,0,5,5,1,3,74816,3,True,4.0106951871657755e-10,,,,,,6290.532112121582,696.1901659965515,0.00034356117248535156,0.10290098190307617,1.3926918506622314,0.18945932388305664,4.602092981338501,0,40.69608030562297,26045.491395598703,,98736800.0,91460113.8784,0.5,100000000000.0,100000000000.0,100000000000.0,1000000000.0,clip,False,0,3,0,3,,,,,,,,,
2026-05-18T19:11:34,0,5,5,1,4,74816,4,True,5.347593582887701e-10,,,,,,6148.529767990112,696.1901659965515,0.0003230571746826172,0.09820294380187988,1.3970236778259277,0.19203877449035645,4.458526849746704,0,41.63596984319125,26647.0206996424,,97532808.0,91581567.760832,0.5,100000000000.0,100000000000.0,100000000000.0,1000000000.0,clip,False,0,4,0,4,,,,,,,,,
2026-05-18T19:11:40,0,5,5,1,5,74816,5,True,6.684491978609625e-10,,,,,,6151.921510696411,696.1901659965515,0.0003161430358886719,0.09869766235351562,1.3973608016967773,0.1892683506011963,4.4637770652771,0,41.6130146580853,26632.32938117459,,96964872.0,91689233.84561536,0.5,100000000000.0,100000000000.0,100000000000.0,1000000000.0,clip,False,0,5,0,5,,,,,,,,,
2026-05-18T19:11:47,0,5,5,1,6,74816,6,True,8.021390374331551e-10,,,,,,6450.56414604187,696.1901659965515,0.0003399848937988281,1.1600878238677979,0.33611512184143066,0.18796181678771973,4.763596534729004,0,39.68645132489445,25399.328847932447,,98021048.0,91815870.12870306,0.5,100000000000.0,100000000000.0,100000000000.0,1000000000.0,clip,False,0,6,0,6,,,,,,,,,
2026-05-18T19:11:53,0,5,5,1,7,74816,7,True,9.358288770053475e-10,,,,,,6155.615568161011,696.1901659965515,0.0003333091735839844,0.1026453971862793,1.3959403038024902,0.18803691864013672,4.4660913944244385,0,41.58804219745645,26616.34700637213,,97543176.0,91930416.24612899,0.5,100000000000.0,100000000000.0,100000000000.0,1000000000.0,clip,False,0,7,0,7,,,,,,,,,
2026-05-18T19:11:59,0,5,5,1,8,74816,8,True,1.0695187165775401e-09,,,,,,6213.0091190338135,696.1901659965515,0.0003409385681152344,0.09844589233398438,1.3961303234100342,0.18599677085876465,4.529374599456787,0,41.20386677298337,26370.474734709354,,98012136.0,92052050.64120641,0.5,100000000000.0,100000000000.0,100000000000.0,1000000000.0,clip,False,0,8,0,8,,,,,,,,,
2026-05-18T19:12:05,0,5,5,1,9,74816,9,True,1.2032085561497326e-09,,,,,,6151.587009429932,696.1901659965515,0.0003364086151123047,0.10561728477478027,1.3903865814208984,0.18806862831115723,4.464531660079956,0,41.61527742476385,26633.777551848863,,97280448.0,92156618.58838229,0.5,100000000000.0,100000000000.0,100000000000.0,1000000000.0,clip,False,0,9,0,9,,,,,,,,,
2026-05-18T19:12:12,0,5,5,1,10,74816,10,True,1.336898395721925e-09,,,,,,6155.445337295532,696.1901659965515,0.0003476142883300781,0.0988931655883789,1.3968517780303955,0.18697571754455566,4.469687223434448,0,41.58919232844274,26617.083090203356,,99618960.0,92305865.41661465,0.5,100000000000.0,100000000000.0,100000000000.0,1000000000.0,clip,False,0,10,0,10,,,,,,,,,
2026-05-18T19:12:18,0,5,5,1,11,74816,11,True,1.4705882352941176e-09,677.5414428710938,203.4576873779297,0.7189260125160217,471.4014892578125,1.963341236114502,6144.211530685425,696.1901659965515,0.00047278404235839844,0.10721778869628906,1.3828644752502441,0.1891636848449707,4.460878133773804,0,41.66523218178356,26665.74859634148,,97702480.0,92413797.70828237,0.5,100000000000.0,100000000000.0,100000000000.0,1000000000.0,clip,False,0,11,0,11,630.4042154947916,568.9302368164062,698.9390869140625,6149.360677083333,6154.24951171875,768.8004150390625,0.0,999.1285400390625,639442.25
2026-05-18T19:12:24,0,5,5,1,12,74816,12,True,1.6042780748663102e-09,,,,,,6159.821271896362,696.1901659965515,0.00038933753967285156,0.10407304763793945,1.3821523189544678,0.19496798515319824,4.452375411987305,0,41.559647382624114,26598.174324879434,,97152176.0,92508565.27411671,0.5,100000000000.0,100000000000.0,100000000000.0,1000000000.0,clip,False,0,12,0,12,,,,,,,,,
2026-05-18T19:12:30,0,5,5,1,13,74816,13,True,1.7379679144385026e-09,,,,,,6147.884845733643,696.1901659965515,0.0003619194030761719,0.09903168678283691,1.3995106220245361,0.18894290924072266,4.457574844360352,0,41.64033751830153,26649.816011712977,,96201584.0,92582425.64863437,0.5,100000000000.0,100000000000.0,100000000000.0,1000000000.0,clip,False,0,13,0,13,,,,,,,,,
2026-05-18T19:12:36,0,5,5,1,14,74816,14,True,1.871657754010695e-09,,,,,,6150.237083435059,696.1901659965515,0.0003521442413330078,0.09529948234558105,1.4041142463684082,0.19097900390625,4.456960439682007,0,41.6244116327655,26639.62344496992,,98174080.0,92694258.7356617,0.5,100000000000.0,100000000000.0,100000000000.0,1000000000.0,clip,False,0,14,0,14,,,,,,,,,
2026-05-18T19:12:42,0,5,5,1,15,74816,15,True,2.0053475935828875e-09,,,,,,6152.9364585876465,696.1901659965515,0.0003368854522705078,0.09535050392150879,1.4039630889892578,0.19204139709472656,4.45902943611145,0,41.6061504491406,26627.936287449986,,97234856.0,92785070.68094847,0.5,100000000000.0,100000000000.0,100000000000.0,1000000000.0,clip,False,0,15,0,15,,,,,,,,,
2026-05-18T19:12:48,0,5,5,1,16,74816,16,True,2.1390374331550803e-09,,,,,,6156.956672668457,696.1901659965515,0.0003254413604736328,0.09414505958557129,1.404923915863037,0.18610072135925293,4.469208002090454,0,41.578983515738834,26610.549450072853,,96073600.0,92850841.2673295,0.5,100000000000.0,100000000000.0,100000000000.0,1000000000.0,clip,False,0,16,0,16,,,,,,,,,
2026-05-18T19:12:55,0,5,5,1,17,74816,17,True,2.2727272727272727e-09,,,,,,6152.108669281006,696.1901659965515,0.0003116130828857422,0.10596203804016113,1.3941593170166016,0.18866920471191406,4.4601476192474365,0,41.611748712806566,26631.5191761962,,97394552.0,92941715.48198292,0.5,100000000000.0,100000000000.0,100000000000.0,1000000000.0,clip,False,0,17,0,17,,,,,,,,,
2026-05-18T19:13:01,0,5,5,1,18,74816,18,True,2.406417112299465e-09,,,,,,6150.830507278442,696.1901659965515,0.00034427642822265625,0.09572029113769531,1.403573751449585,0.19396138191223145,4.454493284225464,0,41.62039576559106,26637.053289978277,,96955568.0,93021992.53234325,0.5,100000000000.0,100000000000.0,100000000000.0,1000000000.0,clip,False,0,18,0,18,,,,,,,,,
2026-05-18T19:13:07,0,5,5,1,19,74816,19,True,2.5401069518716575e-09,,,,,,6152.258634567261,696.1901659965515,0.00031876564025878906,0.10054492950439453,1.3982305526733398,0.19470620155334473,4.455650806427002,0,41.61073439949857,26630.870015679084,,98589184.0,93133336.36169639,0.5,100000000000.0,100000000000.0,100000000000.0,1000000000.0,clip,False,0,19,0,19,,,,,,,,,
2026-05-18T19:13:13,0,5,5,1,20,74816,20,True,2.67379679144385e-09,,,,,,6151.338577270508,696.1901659965515,0.00038814544677734375,0.10623359680175781,1.3922622203826904,0.19646573066711426,4.453309059143066,0,41.616958127769514,26634.853201772486,,97469176.0,93220053.15446246,0.5,100000000000.0,100000000000.0,100000000000.0,1000000000.0,clip,False,0,20,0,20,,,,,,,,,
2026-05-18T19:13:19,0,5,5,1,21,74816,21,True,2.8074866310160428e-09,640.215087890625,201.9542694091797,0.7186664342880249,435.56439208984375,1.9777590036392212,6150.8684158325195,696.1901659965515,0.00036406517028808594,0.10611557960510254,1.391662836074829,0.19088149070739746,4.459111213684082,0,41.62013925400328,26636.889122562097,,96557584.0,93286803.77137321,0.5,100000000000.0,100000000000.0,100000000000.0,1000000000.0,clip,False,0,21,0,21,627.0322265625,552.3350219726562,672.52197265625,6151.369791666667,6153.51416015625,768.8004150390625,0.0,998.802001953125,639233.25
2026-05-18T19:13:25,0,5,5,1,22,74816,22,True,2.941176470588235e-09,,,,,,6183.912038803101,696.1901659965515,0.00036263465881347656,0.10646200180053711,1.3794889450073242,0.19598674774169922,4.472149610519409,0,41.397742787031774,26494.555383700335,,96791840.0,93356904.49594574,0.5,100000000000.0,100000000000.0,100000000000.0,1000000000.0,clip,False,0,22,0,22,,,,,,,,,
2026-05-18T19:13:32,0,5,5,1,23,74816,23,True,3.074866310160428e-09,,,,,,6128.907203674316,696.1901659965515,0.0006456375122070312,0.11574149131774902,1.377082109451294,0.22900629043579102,4.399930715560913,0,41.76927329663704,26732.334909847705,,97073120.0,93431228.80602683,0.5,100000000000.0,100000000000.0,100000000000.0,1000000000.0,clip,False,0,23,0,23,,,,,,,,,
2026-05-18T19:13:38,0,5,5,1,24,74816,24,True,3.2085561497326204e-09,,,,,,6156.827926635742,696.1901659965515,0.0003082752227783203,0.10212850570678711,1.3991279602050781,0.1894824504852295,4.463152170181274,0,41.579852977941734,26611.10590588271,,96462200.0,93491848.22990629,0.5,100000000000.0,100000000000.0,100000000000.0,1000000000.0,clip,False,0,24,0,24,,,,,,,,,
2026-05-18T19:13:44,0,5,5,1,25,74816,25,True,3.3422459893048124e-09,,,,,,6150.710344314575,696.1901659965515,0.0003135204315185547,0.10311722755432129,1.398698329925537,0.19097423553466797,4.454887866973877,0,41.62120887982219,26637.5736830862,,96753424.0,93557079.74530816,0.5,100000000000.0,100000000000.0,100000000000.0,1000000000.0,clip,False,0,25,0,25,,,,,,,,,
2026-05-18T19:13:50,0,5,5,1,26,74816,26,True,3.4759358288770053e-09,,,,,,6153.219699859619,696.1901659965515,0.0003447532653808594,0.10133671760559082,1.4004628658294678,0.19669318199157715,4.45151424407959,0,41.604235260093255,26626.710566459682,,97311880.0,93632175.750402,0.5,100000000000.0,100000000000.0,100000000000.0,1000000000.0,clip,False,0,26,0,26,,,,,,,,,
2026-05-18T19:13:56,0,5,5,1,27,74816,27,True,3.6096256684491977e-09,,,,,,6150.071859359741,696.1901659965515,0.00037407875061035156,0.10521697998046875,1.3943710327148438,0.19696879386901855,4.450495719909668,0,41.62552988879241,26640.33912882714,,95252928.0,93664590.79539396,0.5,100000000000.0,100000000000.0,100000000000.0,1000000000.0,clip,False,0,27,0,27,,,,,,,,,
2026-05-18T19:14:02,0,5,5,1,28,74816,28,True,3.74331550802139e-09,,,,,,6151.60870552063,696.1901659965515,0.0004143714904785156,0.10398030281066895,1.3959519863128662,0.1973590850830078,4.451180934906006,0,41.61513065196397,26633.683617256946,,96178352.0,93714866.01948608,0.5,100000000000.0,100000000000.0,100000000000.0,1000000000.0,clip,False,0,28,0,28,,,,,,,,,
2026-05-18T19:14:08,0,5,5,1,29,74816,29,True,3.8770053475935825e-09,,,,,,6148.905277252197,696.1901659965515,0.0003409385681152344,0.09615421295166016,1.402494192123413,0.19388198852539062,4.453395366668701,0,41.63342716419279,26645.393385083382,,95945680.0,93759482.29909638,0.5,100000000000.0,100000000000.0,100000000000.0,1000000000.0,clip,False,0,29,0,29,,,,,,,,,
2026-05-18T19:14:15,0,5,5,1,30,74816,30,True,4.010695187165775e-09,,,,,,6149.40071105957,696.1901659965515,0.0003325939178466797,0.09702897071838379,1.4034507274627686,0.19571685791015625,4.450224161148071,0,41.63007291744532,26643.246667165004,,97183760.0,93827967.85311446,0.5,100000000000.0,100000000000.0,100000000000.0,1000000000.0,clip,False,0,30,0,30,,,,,,,,,
2026-05-18T19:14:21,0,5,5,1,31,74816,31,True,4.144385026737968e-09,669.9689331054688,208.8241424560547,0.7192562818527222,458.41552734375,2.0100038051605225,6155.2276611328125,696.1901659965515,0.00036597251892089844,0.10404396057128906,1.3961246013641357,0.19748520851135254,4.454682111740112,0,41.59066310682741,26618.02438836954,,95630088.0,93864010.25605217,0.5,100000000000.0,100000000000.0,100000000000.0,1000000000.0,clip,False,0,31,0,31,616.103515625,542.1213989257812,680.8824462890625,6150.972005208333,6155.2275390625,768.8004150390625,0.0,998.8665771484375,639274.625
2026-05-18T19:14:27,0,5,5,1,32,74816,32,True,4.2780748663101606e-09,,,,,,6171.978235244751,696.1901659965515,0.0003437995910644531,0.10089898109436035,1.384666919708252,0.20470786094665527,4.458482265472412,0,41.47778722519236,26545.783824123107,,95529488.0,93897319.81093113,0.5,100000000000.0,100000000000.0,100000000000.0,1000000000.0,clip,False,0,32,0,32,,,,,,,,,
2026-05-18T19:14:33,0,5,5,1,33,74816,33,True,4.411764705882352e-09,,,,,,6147.527694702148,696.1901659965515,0.0003383159637451172,0.09418845176696777,1.4025955200195312,0.21810507774353027,4.429324388504028,0,41.64275668422236,26651.364277902314,,96741152.0,93954196.45471251,0.5,100000000000.0,100000000000.0,100000000000.0,1000000000.0,clip,False,0,33,0,33,,,,,,,,,
2026-05-18T19:14:39,0,5,5,1,34,74816,34,True,4.545454545454545e-09,,,,,,6152.130126953125,696.1901659965515,0.00031757354736328125,0.09667038917541504,1.401538372039795,0.19453835487365723,4.45667839050293,0,41.61160357750517,26631.42628960331,,97046824.0,94016049.00561826,0.5,100000000000.0,100000000000.0,100000000000.0,1000000000.0,clip,False,0,34,0,34,,,,,,,,,
2026-05-18T19:14:45,0,5,5,1,35,74816,35,True,4.679144385026738e-09,,,,,,6148.123741149902,696.1901659965515,0.0003223419189453125,0.09621238708496094,1.4021556377410889,0.19477343559265137,4.452154159545898,0,41.63871951479616,26648.78048946954,,96501528.0,94065758.58550589,0.5,100000000000.0,100000000000.0,100000000000.0,1000000000.0,clip,False,0,35,0,35,,,,,,,,,
2026-05-18T19:14:52,0,5,5,1,36,74816,36,True,4.81283422459893e-09,,,,,,6150.495529174805,696.1901659965515,0.00033092498779296875,0.09659337997436523,1.4018826484680176,0.1941239833831787,4.455249071121216,0,41.62266256201097,26638.50403968702,,95597888.0,94096401.17379577,0.5,100000000000.0,100000000000.0,100000000000.0,1000000000.0,clip,False,0,36,0,36,,,,,,,,,
2026-05-18T19:14:58,0,5,5,1,37,74816,37,True,4.946524064171123e-09,,,,,,6149.332284927368,696.1901659965515,0.0003414154052734375,0.0969705581665039,1.3996257781982422,0.1983041763305664,4.451741695404053,0,41.630536152271645,26643.543137453853,,94890496.0,94112283.07031986,0.5,100000000000.0,100000000000.0,100000000000.0,1000000000.0,clip,False,0,37,0,37,,,,,,,,,
2026-05-18T19:15:04,0,5,5,1,38,74816,38,True,5.080213903743315e-09,,,,,,6149.33443069458,696.1901659965515,0.0003337860107421875,0.09795475006103516,1.3988254070281982,0.19429969787597656,4.45533013343811,0,41.63052162558742,26643.533840375945,,96836824.0,94166773.88891347,0.5,100000000000.0,100000000000.0,100000000000.0,1000000000.0,clip,False,0,38,0,38,,,,,,,,,
2026-05-18T19:15:10,0,5,5,1,39,74816,39,True,5.213903743315508e-09,,,,,,6150.493860244751,696.1901659965515,0.00031566619873046875,0.09830617904663086,1.3988537788391113,0.20108914375305176,4.449677467346191,0,41.62267385627677,26638.511268017133,,97421760.0,94231873.6111352,0.5,100000000000.0,100000000000.0,100000000000.0,1000000000.0,clip,False,0,39,0,39,,,,,,,,,
2026-05-18T19:15:16,0,5,5,1,40,74816,40,True,5.3475935828877e-09,,,,,,6151.236295700073,696.1901659965515,0.0003104209899902344,0.09621238708496094,1.4016649723052979,0.21211552619934082,4.438484191894531,0,41.61765012652056,26635.296080973156,,95397328.0,94255182.6989125,0.5,100000000000.0,100000000000.0,100000000000.0,1000000000.0,clip,False,0,40,0,40,,,,,,,,,
2026-05-18T19:15:22,0,5,5,1,41,74816,41,True,5.481283422459893e-09,637.6277465820312,191.96604919433594,0.7200276255607605,442.9626159667969,1.9790585041046143,6152.597427368164,696.1901659965515,0.0003104209899902344,0.09601807594299316,1.401092290878296,0.20238327980041504,4.450280666351318,0,41.60844310424948,26629.40358671967,,96787872.0,94305836.48493424,0.5,100000000000.0,100000000000.0,100000000000.0,1000000000.0,clip,False,0,41,0,41,644.9625244140625,561.7142944335938,712.2764282226562,6150.124348958333,6153.1103515625,768.8004150390625,0.0,999.0042114257812,639362.75
2026-05-18T19:15:28,0,5,5,1,42,74816,42,True,5.6149732620320855e-09,,,,,,6165.398597717285,696.1901659965515,0.0003781318664550781,0.11278152465820312,1.373542308807373,0.20493841171264648,4.452004671096802,0,41.522051809396885,26574.113158014006,,95900544.0,94337730.63523555,0.5,100000000000.0,100000000000.0,100000000000.0,1000000000.0,clip,False,0,42,0,42,,,,,,,,,
2026-05-18T19:15:35,0,5,5,1,43,74816,43,True,5.748663101604277e-09,,,,,,6142.0862674713135,696.1901659965515,0.0002956390380859375,0.10716009140014648,1.3849740028381348,0.19770550727844238,4.449023723602295,0,41.679649039738216,26674.975385432455,,96555600.0,94382088.02253084,0.5,100000000000.0,100000000000.0,100000000000.0,1000000000.0,clip,False,0,43,0,43,,,,,,,,,
2026-05-18T19:15:41,0,5,5,1,44,74816,44,True,5.88235294117647e-09,,,,,,6155.181169509888,696.1901659965515,0.0003459453582763672,0.10623621940612793,1.390557050704956,0.19846749305725098,4.4565589427948,0,41.590977251508626,26618.22544096552,,94829768.0,94391041.62208022,0.5,100000000000.0,100000000000.0,100000000000.0,1000000000.0,clip,False,0,44,0,44,,,,,,,,,
2026-05-18T19:15:47,0,5,5,1,45,74816,45,True,6.016042780748663e-09,,,,,,6150.988817214966,696.1901659965515,0.0003311634063720703,0.10558676719665527,1.3913135528564453,0.20204472541809082,4.448940992355347,0,41.619324568356355,26636.367723748066,,96611416.0,94435449.10963862,0.5,100000000000.0,100000000000.0,100000000000.0,1000000000.0,clip,False,0,45,0,45,,,,,,,,,
2026-05-18T19:15:53,0,5,5,1,46,74816,46,True,6.149732620320856e-09,,,,,,6149.86252784729,696.1901659965515,0.0003452301025390625,0.10525846481323242,1.3911151885986328,0.19510841369628906,4.455031394958496,0,41.6269467554441,26641.245923484224,,96316328.0,94473066.68744585,0.5,100000000000.0,100000000000.0,100000000000.0,1000000000.0,clip,False,0,46,0,46,,,,,,,,,
2026-05-18T19:15:59,0,5,5,1,47,74816,47,True,6.283422459893048e-09,,,,,,6147.927761077881,696.1901659965515,0.0003402233123779297,0.1054072380065918,1.3907973766326904,0.20635986328125,4.442026615142822,0,41.64004684972372,26649.62998382318,,95600176.0,94495608.87369692,0.5,100000000000.0,100000000000.0,100000000000.0,1000000000.0,clip,False,0,47,0,47,,,,,,,,,
2026-05-18T19:16:05,0,5,5,1,48,74816,48,True,6.417112299465241e-09,,,,,,6153.641223907471,696.1901659965515,0.00031065940856933594,0.10507416725158691,1.3941023349761963,0.19817423820495605,4.4532201290130615,0,41.60138537251995,26624.886638412765,,96468944.0,94535075.57622297,0.5,100000000000.0,100000000000.0,100000000000.0,1000000000.0,clip,False,0,48,0,48,,,,,,,,,
2026-05-18T19:16:12,0,5,5,1,49,74816,49,True,6.550802139037433e-09,,,,,,6150.931358337402,696.1901659965515,0.0003380775451660156,0.10540175437927246,1.3909940719604492,0.20442724227905273,4.446751832962036,0,41.619713354953916,26636.616547170506,,95664432.0,94557662.70469852,0.5,100000000000.0,100000000000.0,100000000000.0,1000000000.0,clip,False,0,49,0,49,,,,,,,,,
2026-05-18T19:16:18,0,5,5,1,50,74816,50,True,6.684491978609625e-09,,,,,,6150.24995803833,696.1901659965515,0.00035262107849121094,0.10476160049438477,1.3919763565063477,0.19798731803894043,4.452297687530518,0,41.624324498455536,26639.567679011543,,94806176.0,94562632.97060454,0.5,100000000000.0,100000000000.0,100000000000.0,1000000000.0,clip,False,0,50,0,50,,,,,,,,,
2026-05-18T19:16:24,0,5,5,1,51,74816,51,True,6.818181818181818e-09,621.0033569335938,199.46827697753906,0.7206063866615295,418.8410949707031,1.9733939170837402,6153.624057769775,696.1901659965515,0.0003466606140136719,0.10841679573059082,1.388566017150879,0.21689081192016602,4.436639785766602,0,41.60150142366362,26624.960911144717,,95831632.0,94588012.95119245,0.5,100000000000.0,100000000000.0,100000000000.0,1000000000.0,clip,False,0,51,0,51,638.0814615885416,576.5716552734375,721.7869262695312,6150.464192708333,6153.8037109375,768.8004150390625,0.0,998.9490966796875,639327.4375
2026-05-18T19:16:30,0,5,5,1,52,74816,52,True,6.9518716577540105e-09,,,,,,6154.601573944092,696.1901659965515,0.0005300045013427734,0.11894464492797852,1.3672292232513428,0.21161103248596191,4.434043884277344,0,41.59489398693049,26620.73215163551,,95770168.0,94611656.05216861,0.5,100000000000.0,100000000000.0,100000000000.0,1000000000.0,clip,False,0,52,0,52,,,,,,,,,
2026-05-18T19:16:36,0,5,5,1,53,74816,53,True,7.085561497326203e-09,,,,,,6142.530679702759,696.1901659965515,0.0003552436828613281,0.10043549537658691,1.3974723815917969,0.20613980293273926,4.435681104660034,0,41.67663351620215,26673.04545036938,,94406568.0,94607554.29112524,0.5,100000000000.0,100000000000.0,100000000000.0,1000000000.0,clip,False,0,53,0,53,,,,,,,,,
2026-05-18T19:16:42,0,5,5,1,54,74816,54,True,7.219251336898395e-09,,,,,,6150.948762893677,696.1901659965515,0.0003020763397216797,0.09297823905944824,1.409501552581787,0.19694781303405762,4.449099063873291,0,41.619595588952095,26636.54117692934,,95468952.0,94624782.24530274,0.5,100000000000.0,100000000000.0,100000000000.0,1000000000.0,clip,False,0,54,0,54,,,,,,,,,
2026-05-18T19:16:48,0,5,5,1,55,74816,55,True,7.352941176470588e-09,,,,,,6150.221586227417,696.1901659965515,0.0002961158752441406,0.09266805648803711,1.4098329544067383,0.1939554214477539,4.4512999057769775,0,41.62451651714096,26639.690570970215,,94428672.0,94620860.04039668,0.5,100000000000.0,100000000000.0,100000000000.0,1000000000.0,clip,False,0,55,0,55,,,,,,,,,
2026-05-18T19:16:55,0,5,5,1,56,74816,56,True,7.48663101604278e-09,,,,,,6149.8212814331055,696.1901659965515,0.0003020763397216797,0.09254336357116699,1.4096894264221191,0.1989600658416748,4.446101188659668,0,41.627225944417006,26641.424604426884,,93425232.0,94596947.47958875,0.5,100000000000.0,100000000000.0,100000000000.0,1000000000.0,clip,False,0,56,0,56,,,,,,,,,
2026-05-18T19:17:01,0,5,5,1,57,74816,57,True,7.620320855614973e-09,,,,,,6149.90496635437,696.1901659965515,0.00030541419982910156,0.09562563896179199,1.406250238418579,0.19734525680541992,4.448138236999512,0,41.6266595013346,26641.062080854146,,96617720.0,94637362.92999698,0.5,100000000000.0,100000000000.0,100000000000.0,1000000000.0,clip,False,0,57,0,57,,,,,,,,,
2026-05-18T19:17:07,0,5,5,1,58,74816,58,True,7.754010695187165e-09,,,,,,6149.1639614105225,696.1901659965515,0.0002970695495605469,0.09313631057739258,1.4094245433807373,0.2022244930267334,4.441943645477295,0,41.63167572153623,26644.27246178319,,96380424.0,94672224.15139705,0.5,100000000000.0,100000000000.0,100000000000.0,1000000000.0,clip,False,0,58,0,58,,,,,,,,,
2026-05-18T19:17:13,0,5,5,1,59,74816,59,True,7.887700534759358e-09,,,,,,6154.149770736694,696.1901659965515,0.0003135204315185547,0.0985422134399414,1.4033408164978027,0.19684600830078125,4.4528021812438965,0,41.597947651078215,26622.686496690058,,94942496.0,94677629.5883691,0.5,100000000000.0,100000000000.0,100000000000.0,1000000000.0,clip,False,0,59,0,59,,,,,,,,,
2026-05-18T19:17:19,0,5,5,1,60,74816,60,True,8.02139037433155e-09,,,,,,6149.289846420288,696.1901659965515,0.00032639503479003906,0.09599709510803223,1.4032387733459473,0.20539498329162598,4.442199230194092,0,41.63082345988722,26643.72701432782,,95344072.0,94690958.43660171,0.5,100000000000.0,100000000000.0,100000000000.0,1000000000.0,clip,False,0,60,0,60,,,,,,,,,
2026-05-18T19:17:25,0,5,5,1,61,74816,61,True,8.155080213903743e-09,676.6544799804688,203.7604217529297,0.72015780210495,470.18341064453125,1.9904825687408447,6167.336225509644,696.1901659965515,0.0003781318664550781,0.10908150672912598,1.391855239868164,0.18838977813720703,4.475102663040161,0,41.5090065855531,26565.764214753985,,94183152.0,94680802.30786969,0.5,100000000000.0,100000000000.0,100000000000.0,1000000000.0,clip,False,0,61,0,61,622.8434244791666,570.582763671875,677.679931640625,6152.172526041667,6167.33642578125,768.8004150390625,0.0,998.671875,639150.0625
2026-05-18T19:17:31,0,5,5,1,62,74816,62,True,8.288770053475936e-09,,,,,,6146.007776260376,696.1901659965515,0.0003528594970703125,0.10444474220275879,1.3815436363220215,0.1989738941192627,4.441693544387817,0,41.653055010575784,26657.955206768504,,95311352.0,94693413.3017123,0.5,100000000000.0,100000000000.0,100000000000.0,1000000000.0,clip,False,0,62,0,62,,,,,,,,,
2026-05-18T19:17:38,0,5,5,1,63,74816,63,True,8.422459893048128e-09,,,,,,6150.403022766113,696.1901659965515,0.00031948089599609375,0.09765243530273438,1.4060068130493164,0.1765282154083252,4.467831134796143,0,41.62328859627564,26638.90470161641,,94217216.0,94683889.35567807,0.5,100000000000.0,100000000000.0,100000000000.0,1000000000.0,clip,False,0,63,0,63,,,,,,,,,
2026-05-18T19:17:44,0,5,5,1,64,74816,64,True,8.556149732620321e-09,,,,,,6148.982763290405,696.1901659965515,0.00032520294189453125,0.09471631050109863,1.4075634479522705,0.18222379684448242,4.46199107170105,0,41.63290252305259,26645.057614753656,,94706400.0,94684339.5685645,0.5,100000000000.0,100000000000.0,100000000000.0,1000000000.0,clip,False,0,64,0,64,,,,,,,,,
2026-05-18T19:17:50,0,5,5,1,65,74816,65,True,8.689839572192513e-09,,,,,,6152.458429336548,696.1901659965515,0.00031685829162597656,0.09503054618835449,1.4073529243469238,0.18125438690185547,4.466280698776245,0,41.60938313363067,26630.00520552363,,93153376.0,94653720.29719321,0.5,100000000000.0,100000000000.0,100000000000.0,1000000000.0,clip,False,0,65,0,65,,,,,,,,,
2026-05-18T19:17:56,0,5,5,1,66,74816,66,True,8.823529411764704e-09,,,,,,6149.750709533691,696.1901659965515,0.00032401084899902344,0.09835958480834961,1.4018564224243164,0.1849522590637207,4.461946249008179,0,41.62770364059381,26641.730329980037,,94022856.0,94641103.01124935,0.5,100000000000.0,100000000000.0,100000000000.0,1000000000.0,clip,False,0,66,0,66,,,,,,,,,
2026-05-18T19:18:02,0,5,5,1,67,74816,67,True,8.9572192513369e-09,,,,,,6150.2625942230225,696.1901659965515,0.0003387928009033203,0.09856939315795898,1.4017016887664795,0.1899702548980713,4.457425832748413,0,41.62423897809864,26639.51294598313,,93629128.0,94620863.51102436,0.5,100000000000.0,100000000000.0,100000000000.0,1000000000.0,clip,False,0,67,0,67,,,,,,,,,
2026-05-18T19:18:08,0,5,5,1,68,74816,68,True,9.09090909090909e-09,,,,,,6149.923801422119,696.1901659965515,0.00032067298889160156,0.09874963760375977,1.3999347686767578,0.18381857872009277,4.4648597240448,0,41.62653201342139,26640.98048858969,,92758432.0,94583614.88080387,0.5,100000000000.0,100000000000.0,100000000000.0,1000000000.0,clip,False,0,68,0,68,,,,,,,,,
2026-05-18T19:18:15,0,5,5,1,69,74816,69,True,9.224598930481282e-09,,,,,,6150.488615036011,696.1901659965515,0.0003230571746826172,0.0982964038848877,1.4014151096343994,0.1865706443786621,4.461791038513184,0,41.62270935258062,26638.533985651597,,95296480.0,94597872.1831878,0.5,100000000000.0,100000000000.0,100000000000.0,1000000000.0,clip,False,0,69,0,69,,,,,,,,,
2026-05-18T19:18:21,0,5,5,1,70,74816,70,True,9.358288770053476e-09,,,,,,6146.058082580566,696.1901659965515,0.0003254413604736328,0.10302329063415527,1.3969221115112305,0.1839609146118164,4.4598517417907715,0,41.652714074663024,26657.737007784337,,93468272.0,94575280.17952403,0.5,100000000000.0,100000000000.0,100000000000.0,1000000000.0,clip,False,0,70,0,70,,,,,,,,,
2026-05-18T19:18:27,0,5,5,1,71,74816,71,True,9.491978609625667e-09,688.9147338867188,207.2729949951172,0.718500554561615,478.91961669921875,2.003607988357544,6151.4153480529785,696.1901659965515,0.0003039836883544922,0.09373807907104492,1.4096510410308838,0.18166160583496094,4.464093446731567,0,41.61643874056205,26634.520793959717,,93276976.0,94549314.09593354,0.5,100000000000.0,100000000000.0,100000000000.0,1000000000.0,clip,False,0,71,0,71,625.7650960286459,551.9337768554688,688.9147338867188,6150.05078125,6155.00830078125,768.8004150390625,0.0,999.0166015625,639370.625
2026-05-18T19:18:33,0,5,5,1,72,74816,72,True,9.62566844919786e-09,,,,,,6163.330554962158,696.1901659965515,0.0003101825714111328,0.09356164932250977,1.3909733295440674,0.18115520477294922,4.467922210693359,0,41.53598411071622,26583.02983085838,,93895952.0,94536246.85401487,0.5,100000000000.0,100000000000.0,100000000000.0,1000000000.0,clip,False,0,72,0,72,,,,,,,,,
2026-05-18T19:18:39,0,5,5,1,73,74816,73,True,9.759358288770054e-09,,,,,,6150.1641273498535,696.1901659965515,0.0005545616149902344,0.10716104507446289,1.3927419185638428,0.18884658813476562,4.457367897033691,0,41.62490540074612,26639.93945647752,,92776712.0,94501056.15693457,0.5,100000000000.0,100000000000.0,100000000000.0,1000000000.0,clip,False,0,73,0,73,,,,,,,,,
2026-05-18T19:18:45,0,5,5,1,74,74816,74,True,9.893048128342245e-09,,,,,,6144.500255584717,696.1901659965515,0.003799915313720703,0.09650206565856934,1.4002773761749268,0.19904494285583496,4.442711591720581,0,41.66327436756511,26664.49559524167,,92730248.0,94465639.99379589,0.5,100000000000.0,100000000000.0,100000000000.0,1000000000.0,clip,False,0,74,0,74,,,,,,,,,
2026-05-18T19:18:51,0,5,5,1,75,74816,75,True,1.0026737967914437e-08,,,,,,6154.88862991333,696.1901659965515,0.00027751922607421875,0.09165573120117188,1.4108753204345703,0.19359707832336426,4.456384181976318,0,41.59295405538554,26619.490595446747,,93646296.0,94449253.11391997,0.5,100000000000.0,100000000000.0,100000000000.0,1000000000.0,clip,False,0,75,0,75,,,,,,,,,
2026-05-18T19:18:58,0,5,5,1,76,74816,76,True,1.016042780748663e-08,,,,,,6148.606538772583,696.1901659965515,0.0003116130828857422,0.09670400619506836,1.4029724597930908,0.1936492919921875,4.452694654464722,0,41.635449981339036,26646.687988056983,,93447704.0,94429222.13164157,0.5,100000000000.0,100000000000.0,100000000000.0,1000000000.0,clip,False,0,76,0,76,,,,,,,,,
2026-05-18T19:19:04,0,5,5,1,77,74816,77,True,1.0294117647058823e-08,,,,,,6149.853229522705,696.1901659965515,0.0003147125244140625,0.09572505950927734,1.4041862487792969,0.18919157981872559,4.458282709121704,0,41.627009693671724,26641.2862039499,,92482904.0,94390295.76900873,0.5,100000000000.0,100000000000.0,100000000000.0,1000000000.0,clip,False,0,77,0,77,,,,,,,,,
2026-05-18T19:19:10,0,5,5,1,78,74816,78,True,1.0427807486631017e-08,,,,,,6152.182340621948,696.1901659965515,0.0003237724304199219,0.09528112411499023,1.4063680171966553,0.19263982772827148,4.455538034439087,0,41.61125041916751,26631.200268267206,,92734624.0,94357182.33362855,0.5,100000000000.0,100000000000.0,100000000000.0,1000000000.0,clip,False,0,78,0,78,,,,,,,,,
2026-05-18T19:19:16,0,5,5,1,79,74816,79,True,1.0561497326203208e-08,,,,,,6160.998821258545,696.1901659965515,0.0003199577331542969,0.0968942642211914,1.4032464027404785,0.1895449161529541,4.468837261199951,0,41.55170410302161,26593.090625933834,,94295080.0,94355940.28695598,0.5,100000000000.0,100000000000.0,100000000000.0,1000000000.0,clip,False,0,79,0,79,,,,,,,,,
2026-05-18T19:19:22,0,5,5,1,80,74816,80,True,1.06951871657754e-08,,,,,,6149.499416351318,696.1901659965515,0.00029969215393066406,0.09684133529663086,1.40309476852417,0.1925182342529297,4.454617023468018,0,41.62940471533412,26642.81901781384,,90328096.0,94275383.40121686,0.5,100000000000.0,100000000000.0,100000000000.0,1000000000.0,clip,False,0,80,0,80,,,,,,,,,
2026-05-18T19:19:28,0,5,5,1,81,74816,81,True,1.0828877005347593e-08,618.935791015625,194.5476837158203,0.7189862728118896,421.65545654296875,2.01366925239563,6149.702310562134,696.1901659965515,0.0003070831298828125,0.10224747657775879,1.3974390029907227,0.19204020500183105,4.455579042434692,0,41.628031256134,26641.94000392576,,92621048.0,94242296.69319253,0.5,100000000000.0,100000000000.0,100000000000.0,1000000000.0,clip,False,0,81,0,81,625.7777506510416,560.7505493164062,703.0800170898438,6150.2421875,6155.46484375,768.8004150390625,0.0,998.9851684570312,639350.5
2026-05-18T19:19:35,0,5,5,1,82,74816,82,True,1.0962566844919786e-08,,,,,,6160.114526748657,696.1901659965515,0.0003094673156738281,0.09554815292358398,1.389604091644287,0.18066000938415527,4.4634552001953125,0,41.5576689180677,26596.90810756333,,91450808.0,94186466.91932867,0.5,100000000000.0,100000000000.0,100000000000.0,1000000000.0,clip,False,0,82,0,82,,,,,,,,,
2026-05-18T19:19:41,0,5,5,1,83,74816,83,True,1.1096256684491978e-08,,,,,,6149.6100425720215,696.1901659965515,0.00031685829162597656,0.10139322280883789,1.3997762203216553,0.18440461158752441,4.461571455001831,0,41.62865583797736,26642.339736305512,,92333616.0,94149409.9009421,0.5,100000000000.0,100000000000.0,100000000000.0,1000000000.0,clip,False,0,83,0,83,,,,,,,,,
2026-05-18T19:19:47,0,5,5,1,84,74816,84,True,1.1229946524064171e-08,,,,,,6152.059316635132,696.1901659965515,0.00033593177795410156,0.09740066528320312,1.4043855667114258,0.1854543685913086,4.462392807006836,0,41.61208252784194,26631.732817818844,,91769184.0,94101805.38292326,0.5,100000000000.0,100000000000.0,100000000000.0,1000000000.0,clip,False,0,84,0,84,,,,,,,,,
2026-05-18T19:19:53,0,5,5,1,85,74816,85,True,1.1363636363636363e-08,,,,,,6147.881984710693,696.1901659965515,0.0003235340118408203,0.0968317985534668,1.4017610549926758,0.185899019241333,4.460954904556274,0,41.640356896351,26649.82841366464,,92992736.0,94079623.9952648,0.5,100000000000.0,100000000000.0,100000000000.0,1000000000.0,clip,False,0,85,0,85,,,,,,,,,
2026-05-18T19:19:59,0,5,5,1,86,74816,86,True,1.1497326203208554e-08,,,,,,6150.559663772583,696.1901659965515,0.0003120899200439453,0.09642791748046875,1.4056944847106934,0.1832590103149414,4.462748050689697,0,41.62222854415442,26638.226268258826,,90362544.0,94005282.3953595,0.5,100000000000.0,100000000000.0,100000000000.0,1000000000.0,clip,False,0,86,0,86,,,,,,,,,
2026-05-18T19:20:05,0,5,5,1,87,74816,87,True,1.1631016042780749e-08,,,,,,6150.893449783325,696.1901659965515,0.0003256797790527344,0.09651732444763184,1.405390977859497,0.18510723114013672,4.4615161418914795,0,41.61996986129194,26636.780711226842,,92068928.0,93966555.3074523,0.5,100000000000.0,100000000000.0,100000000000.0,1000000000.0,clip,False,0,87,0,87,,,,,,,,,
2026-05-18T19:20:11,0,5,5,1,88,74816,88,True,1.176470588235294e-08,,,,,,6150.480508804321,696.1901659965515,0.0003185272216796875,0.09689974784851074,1.404853105545044,0.18155527114868164,4.464875936508179,0,41.622764210623835,26638.569094799255,,92162400.0,93930472.20130326,0.5,100000000000.0,100000000000.0,100000000000.0,1000000000.0,clip,False,0,88,0,88,,,,,,,,,
2026-05-18T19:20:18,0,5,5,1,89,74816,89,True,1.1898395721925132e-08,,,,,,6149.784564971924,696.1901659965515,0.00031447410583496094,0.09883904457092285,1.4029614925384521,0.18232989311218262,4.463394403457642,0,41.62747447416782,26641.583663467405,,91993600.0,93891734.75727719,0.5,100000000000.0,100000000000.0,100000000000.0,1000000000.0,clip,False,0,89,0,89,,,,,,,,,
2026-05-18T19:20:24,0,5,5,1,90,74816,90,True,1.2032085561497326e-08,,,,,,6158.401012420654,696.1901659965515,0.00034356117248535156,0.11430001258850098,1.3874402046203613,0.19954276084899902,4.453128814697266,0,41.56923192947048,26604.30843486111,,91290376.0,93839707.58213164,0.5,100000000000.0,100000000000.0,100000000000.0,1000000000.0,clip,False,0,90,0,90,,,,,,,,,
2026-05-18T19:20:30,0,5,5,1,91,74816,91,True,1.2165775401069517e-08,604.223388671875,188.81895446777344,0.7212793231010437,412.6918640136719,1.991247296333313,6147.970199584961,696.1901659965515,0.0003821849822998047,0.10717058181762695,1.3889808654785156,0.19759702682495117,4.450738191604614,0,41.639759414787356,26649.44602546391,,90509656.0,93773106.55048901,0.5,100000000000.0,100000000000.0,100000000000.0,1000000000.0,clip,False,0,91,0,91,623.5843912760416,548.1868286132812,696.0104370117188,6167.912109375,6582.76025390625,768.8004150390625,0.0,996.307373046875,637636.625
2026-05-18T19:20:36,0,5,5,1,92,74816,92,True,1.2299465240641712e-08,,,,,,6580.171823501587,696.1901659965515,0.0003762245178222656,0.10614991188049316,1.3807470798492432,0.17803621292114258,4.470529794692993,0,38.904759156239116,24899.045859993035,,90333960.0,93704323.61947922,0.5,100000000000.0,100000000000.0,100000000000.0,1000000000.0,clip,False,0,92,0,92,,,,,,,,,
2026-05-18T19:20:43,0,5,5,1,93,74816,93,True,1.2433155080213904e-08,,,,,,6147.54581451416,696.1901659965515,0.00035691261291503906,0.1044769287109375,1.3926546573638916,0.1827390193939209,4.464299201965332,0,41.64263394273405,26651.285723349793,,92885360.0,93687944.34708965,0.5,100000000000.0,100000000000.0,100000000000.0,1000000000.0,clip,False,0,93,0,93,,,,,,,,,
2026-05-18T19:20:49,0,5,5,1,94,74816,94,True,1.2566844919786095e-08,,,,,,6152.86111831665,696.1901659965515,0.0003509521484375,0.10422253608703613,1.3947105407714844,0.17748761177062988,4.47295618057251,0,41.606659906219136,26628.262339980247,,89635568.0,93606896.82014786,0.5,100000000000.0,100000000000.0,100000000000.0,1000000000.0,clip,False,0,94,0,94,,,,,,,,,
2026-05-18T19:20:55,0,5,5,1,95,74816,95,True,1.2700534759358288e-08,,,,,,6150.8848667144775,696.1901659965515,0.00033211708068847656,0.10513496398925781,1.3910164833068848,0.18871188163757324,4.462626218795776,0,41.62002793863764,26636.81788072809,,90732376.0,93549406.40374489,0.5,100000000000.0,100000000000.0,100000000000.0,1000000000.0,clip,False,0,95,0,95,,,,,,,,,
2026-05-18T19:21:02,0,5,5,1,96,74816,96,True,1.2834224598930482e-08,,,,,,6756.256818771362,696.1901659965515,0.0003376007080078125,0.10604572296142578,1.3906550407409668,0.18600869178771973,5.070165634155273,0,37.89080357169639,24250.114285885687,,90878384.0,93495985.95567,0.5,100000000000.0,100000000000.0,100000000000.0,1000000000.0,clip,False,0,96,0,96,,,,,,,,,
2026-05-18T19:21:08,0,5,5,1,97,74816,97,True,1.2967914438502673e-08,,,,,,6148.862600326538,696.1901659965515,0.0003437995910644531,0.10102629661560059,1.3978757858276367,0.18264508247375488,4.4638941287994385,0,41.63371612603687,26645.578320663597,,90492640.0,93435919.0365566,0.5,100000000000.0,100000000000.0,100000000000.0,1000000000.0,clip,False,0,97,0,97,,,,,,,,,
2026-05-18T19:21:14,0,5,5,1,98,74816,98,True,1.3101604278074867e-08,,,,,,6154.229164123535,696.1901659965515,0.00033020973205566406,0.10326313972473145,1.3937630653381348,0.194427490234375,4.459289312362671,0,41.597411011661386,26622.343047463288,,90247144.0,93372143.53582546,0.5,100000000000.0,100000000000.0,100000000000.0,1000000000.0,clip,False,0,98,0,98,,,,,,,,,
2026-05-18T19:21:20,0,5,5,1,99,74816,99,True,1.3235294117647058e-08,,,,,,6138.48614692688,696.1901659965515,0.000331878662109375,0.10283493995666504,1.3905055522918701,0.18771886825561523,4.454145669937134,0,41.70409346417792,26690.619817073868,,90516408.0,93315028.82510895,0.5,100000000000.0,100000000000.0,100000000000.0,1000000000.0,clip,False,0,99,0,99,,,,,,,,,
2026-05-18T19:21:26,0,5,5,1,100,74816,100,True,1.336898395721925e-08,,,,,,6149.305105209351,696.1901659965515,0.00031566619873046875,0.09764862060546875,1.4032797813415527,0.18427205085754395,4.461808443069458,0,41.63072015781604,26643.660901002266,,90090384.0,93250535.92860678,0.5,100000000000.0,100000000000.0,100000000000.0,1000000000.0,clip,False,0,100,0,100,,,,,,,,,
2026-05-18T19:21:32,0,5,5,1,101,74816,101,True,1.3502673796791445e-08,665.4025268554688,202.29640197753906,0.7196578979492188,460.3865051269531,1.9999439716339111,6149.711132049561,696.1901659965515,0.00033283233642578125,0.09467697143554688,1.4071052074432373,0.18315625190734863,4.4624693393707275,0,41.62797154257243,26641.901787246356,0.2735629636052028,89970568.0,93184936.57003464,0.5,100000000000.0,100000000000.0,100000000000.0,1000000000.0,clip,False,0,101,0,101,618.3015950520834,552.9642944335938,678.120849609375,6149.111979166667,6151.9765625,768.8004150390625,0.0,999.168701171875,639467.9375
2026-05-18T19:21:39,0,5,5,1,102,74816,102,True,1.3636363636363636e-08,,,,,,6160.108804702759,696.1901659965515,0.00030875205993652344,0.09718060493469238,1.388070821762085,0.1879572868347168,4.459128141403198,0,41.557707520452254,26596.932813089443,0.2735629636052028,90262088.0,93126479.59863394,0.5,100000000000.0,100000000000.0,100000000000.0,1000000000.0,clip,False,0,102,0,102,,,,,,,,,
2026-05-18T19:21:45,0,5,5,1,103,74816,103,True,1.3770053475935828e-08,,,,,,6143.127918243408,696.1901659965515,0.00032210350036621094,0.0970160961151123,1.4017691612243652,0.18750548362731934,4.454589366912842,0,41.67258168916686,26670.45228106679,0.2735629636052028,90863944.0,93081228.88666126,0.5,100000000000.0,100000000000.0,100000000000.0,1000000000.0,clip,False,0,103,0,103,,,,,,,,,
2026-05-18T19:21:51,0,5,5,1,104,74816,104,True,1.3903743315508021e-08,,,,,,6149.775266647339,696.1901659965515,0.00031375885009765625,0.09980320930480957,1.402115821838379,0.1872403621673584,4.458444118499756,0,41.627537413991234,26641.623944954386,0.2735629636052028,90259768.0,93024799.66892803,0.5,100000000000.0,100000000000.0,100000000000.0,1000000000.0,clip,False,0,104,0,104,,,,,,,,,
2026-05-18T19:21:57,0,5,5,1,105,74816,105,True,1.4037433155080213e-08,,,,,,6148.693799972534,696.1901659965515,0.00031304359436035156,0.09771466255187988,1.404273271560669,0.18306875228881836,4.46137809753418,0,41.63485909822726,26646.309822865445,0.2735629636052028,89860824.0,92961520.15554947,0.5,100000000000.0,100000000000.0,100000000000.0,1000000000.0,clip,False,0,105,0,105,,,,,,,,,
2026-05-18T19:22:04,0,5,5,1,106,74816,106,True,1.4171122994652406e-08,,,,,,6799.85237121582,696.1901659965515,0.0003025531768798828,0.09212470054626465,1.410757303237915,0.18498992919921875,5.109684944152832,0,37.64787616326249,24094.640744487995,0.2735629636052028,88961168.0,92881513.11243847,0.5,100000000000.0,100000000000.0,100000000000.0,1000000000.0,clip,False,0,106,0,106,,,,,,,,,
2026-05-18T19:22:10,0,5,5,1,107,74816,107,True,1.4304812834224599e-08,,,,,,6151.036262512207,696.1901659965515,0.00028777122497558594,0.09823989868164062,1.4053637981414795,0.1823289394378662,4.46280574798584,0,41.61900354257454,26636.162267247706,0.2735629636052028,88680096.0,92797484.7701897,0.5,100000000000.0,100000000000.0,100000000000.0,1000000000.0,clip,False,0,107,0,107,,,,,,,,,
2026-05-18T19:22:16,0,5,5,1,108,74816,108,True,1.443850267379679e-08,,,,,,6154.2298793792725,696.1901659965515,0.0003154277801513672,1.0049161911010742,0.4983816146850586,0.1777181625366211,4.470736980438232,0,41.59740617713498,26622.339953366387,0.2735629636052028,88845048.0,92718436.03478591,0.5,100000000000.0,100000000000.0,100000000000.0,1000000000.0,clip,False,0,108,0,108,,,,,,,,,
2026-05-18T19:22:22,0,5,5,1,109,74816,109,True,1.4572192513368982e-08,,,,,,6149.652481079102,696.1901659965515,0.00035858154296875,0.09777975082397461,1.4029557704925537,0.193314790725708,4.451606035232544,0,41.62836856027981,26642.155878579077,0.2735629636052028,88708984.0,92638246.9940902,0.5,100000000000.0,100000000000.0,100000000000.0,1000000000.0,clip,False,0,109,0,109,,,,,,,,,
2026-05-18T19:22:28,0,5,5,1,110,74816,110,True,1.4705882352941176e-08,,,,,,6147.463321685791,696.1901659965515,0.0003185272216796875,0.09712648391723633,1.4045462608337402,0.18477869033813477,4.458605766296387,0,41.64319274536123,26651.64335703119,0.2735629636052028,87703760.0,92539557.2542084,0.5,100000000000.0,100000000000.0,100000000000.0,1000000000.0,clip,False,0,110,0,110,,,,,,,,,
2026-05-18T19:22:35,0,5,5,1,111,74816,111,True,1.4839572192513369e-08,608.5537109375,196.7794189453125,0.719561755657196,409.0661315917969,1.9885928630828857,6150.276899337769,696.1901659965515,0.00030875205993652344,0.09163355827331543,1.410935878753662,0.1813488006591797,4.464120626449585,0,41.624142163024366,26639.450984335595,0.2735629636052028,88103120.0,92450828.50912423,0.5,100000000000.0,100000000000.0,100000000000.0,1000000000.0,clip,False,0,111,0,111,616.94189453125,543.0492553710938,687.5508422851562,6150.786458333333,6159.6005859375,768.8004150390625,0.0,998.8969116210938,639294.0
2026-05-18T19:22:41,0,5,5,1,112,74816,112,True,1.497326203208556e-08,,,,,,6165.8570766448975,696.1901659965515,0.0002830028533935547,0.09202337265014648,1.3928844928741455,0.1752793788909912,4.47162127494812,0,41.518964325280855,26572.137168179746,0.2735629636052028,88126536.0,92364342.65894175,0.5,100000000000.0,100000000000.0,100000000000.0,1000000000.0,clip,False,0,112,0,112,,,,,,,,,
2026-05-18T19:22:47,0,5,5,1,113,74816,113,True,1.5106951871657752e-08,,,,,,6153.041839599609,696.1901659965515,0.0003123283386230469,0.10702204704284668,1.393519401550293,0.18637824058532715,4.463055849075317,0,41.6054378750427,26627.48024002733,0.2735629636052028,88726832.0,92291592.4457629,0.5,100000000000.0,100000000000.0,100000000000.0,1000000000.0,clip,False,0,113,0,113,,,,,,,,,
2026-05-18T19:22:53,0,5,5,1,114,74816,114,True,1.5240641711229947e-08,,,,,,6149.028778076172,696.1901659965515,0.0003559589385986328,0.1036531925201416,1.3951420783996582,0.18404316902160645,4.4626874923706055,0,41.632590973186815,26644.858222839564,0.2735629636052028,85670592.0,92159172.43684764,0.5,100000000000.0,100000000000.0,100000000000.0,1000000000.0,clip,False,0,114,0,114,,,,,,,,,
2026-05-18T19:22:59,0,5,5,1,115,74816,115,True,1.537433155080214e-08,,,,,,6150.0561237335205,696.1901659965515,0.0003371238708496094,0.10747385025024414,1.3919291496276855,0.18143939971923828,4.465768337249756,0,41.62563639250008,26640.407291200052,0.2735629636052028,87739392.0,92070776.8281107,0.5,100000000000.0,100000000000.0,100000000000.0,1000000000.0,clip,False,0,115,0,115,,,,,,,,,
2026-05-18T19:23:05,0,5,5,1,116,74816,116,True,1.550802139037433e-08,,,,,,6149.482011795044,696.1901659965515,0.0003497600555419922,0.10326981544494629,1.3954005241394043,0.180189847946167,4.467297554016113,0,41.62952253685399,26642.894423586553,0.2735629636052028,87676296.0,91982887.21154848,0.5,100000000000.0,100000000000.0,100000000000.0,1000000000.0,clip,False,0,116,0,116,,,,,,,,,
2026-05-18T19:23:11,0,5,5,1,117,74816,117,True,1.5641711229946525e-08,,,,,,6154.919147491455,696.1901659965515,0.0003466606140136719,0.10302567481994629,1.395866870880127,0.18096256256103516,4.47165060043335,0,41.59274782745721,26619.358609572613,0.2735629636052028,87861312.0,91900455.7073175,0.5,100000000000.0,100000000000.0,100000000000.0,1000000000.0,clip,False,0,117,0,117,,,,,,,,,
2026-05-18T19:23:18,0,5,5,1,118,74816,118,True,1.5775401069518716e-08,,,,,,6145.4901695251465,696.1901659965515,0.0003638267517089844,0.10256385803222656,1.3927323818206787,0.1807708740234375,4.466253757476807,0,41.65656325828616,26660.200485303143,0.2735629636052028,88789280.0,91838232.19317114,0.5,100000000000.0,100000000000.0,100000000000.0,1000000000.0,clip,False,0,118,0,118,,,,,,,,,
2026-05-18T19:23:24,0,5,5,1,119,74816,119,True,1.5909090909090908e-08,,,,,,6152.999401092529,696.1901659965515,0.00036597251892089844,0.10546326637268066,1.39418625831604,0.17806434631347656,4.471614599227905,0,41.605724836336655,26627.663895255457,0.2735629636052028,83260888.0,91666685.30930772,0.5,100000000000.0,100000000000.0,100000000000.0,1000000000.0,clip,False,0,119,0,119,,,,,,,,,
2026-05-18T19:23:30,0,5,5,1,120,74816,120,True,1.60427807486631e-08,,,,,,6154.849290847778,696.1901659965515,0.00035119056701660156,0.10344481468200684,1.3939414024353027,0.18916916847229004,4.4649693965911865,0,41.59321989909166,26619.660735418664,0.2735629636052028,85365064.0,91540652.88312156,0.5,100000000000.0,100000000000.0,100000000000.0,1000000000.0,clip,False,0,120,0,120,,,,,,,,,
2026-05-18T19:23:36,0,5,5,1,121,74816,121,True,1.6176470588235295e-08,616.6744995117188,198.74693298339844,0.7188513278961182,415.2421875,1.9664788246154785,6156.4459800720215,696.1901659965515,0.00036454200744628906,0.10347819328308105,1.3889894485473633,0.19183778762817383,4.468646764755249,0,41.58243259644507,26612.75686172484,0.2735629636052028,87429784.0,91458435.50545914,0.5,100000000000.0,100000000000.0,100000000000.0,1000000000.0,clip,False,0,121,0,121,604.25439453125,531.1227416992188,651.5750732421875,6160.485677083333,6164.4453125,768.8004150390625,0.0,997.324462890625,638287.625
2026-05-18T19:23:42,0,5,5,1,122,74816,122,True,1.6310160427807486e-08,,,,,,6156.439542770386,696.1901659965515,0.0003352165222167969,0.10265135765075684,1.383984088897705,0.18596100807189941,4.461903810501099,0,41.582476075904175,26612.78468857867,0.2735629636052028,86282168.0,91354910.15534995,0.5,100000000000.0,100000000000.0,100000000000.0,1000000000.0,clip,False,0,122,0,122,,,,,,,,,
2026-05-18T19:23:48,0,5,5,1,123,74816,123,True,1.6443850267379678e-08,,,,,,6150.92134475708,696.1901659965515,0.0003581047058105469,0.10219621658325195,1.3956475257873535,0.1917424201965332,4.4580206871032715,0,41.61978111103781,26636.6599110642,0.2735629636052028,86157864.0,91250969.23224296,0.5,100000000000.0,100000000000.0,100000000000.0,1000000000.0,clip,False,0,123,0,123,,,,,,,,,
2026-05-18T19:23:55,0,5,5,1,124,74816,124,True,1.6577540106951873e-08,,,,,,6147.7532386779785,696.1901659965515,0.0003638267517089844,0.11053657531738281,1.387047529220581,0.18987226486206055,4.456915855407715,0,41.64122892724475,26650.386513436635,0.2735629636052028,85590424.0,91137758.3275981,0.5,100000000000.0,100000000000.0,100000000000.0,1000000000.0,clip,False,0,124,0,124,,,,,,,,,
2026-05-18T19:24:01,0,5,5,1,125,74816,125,True,1.6711229946524064e-08,,,,,,6150.387525558472,696.1901659965515,0.0003955364227294922,0.10157942771911621,1.3959174156188965,0.19185352325439453,4.457931041717529,0,41.623393474991566,26638.9718239946,0.2735629636052028,86556856.0,91046140.28104614,0.5,100000000000.0,100000000000.0,100000000000.0,1000000000.0,clip,False,0,125,0,125,,,,,,,,,
2026-05-18T19:24:07,0,5,5,1,126,74816,126,True,1.6844919786096256e-08,,,,,,6146.954774856567,696.1901659965515,0.0003681182861328125,0.10611176490783691,1.3925507068634033,0.1842336654663086,4.461491584777832,0,41.64663794943464,26653.84828763817,0.2735629636052028,85490960.0,90935036.67542522,0.5,100000000000.0,100000000000.0,100000000000.0,1000000000.0,clip,False,0,126,0,126,,,,,,,,,
2026-05-18T19:24:13,0,5,5,1,127,74816,127,True,1.6978609625668447e-08,,,,,,6151.388645172119,696.1901659965515,0.0003275871276855469,0.10018086433410645,1.400766372680664,0.18729329109191895,4.4605653285980225,0,41.61661939551163,26634.636413127442,0.2735629636052028,86260952.0,90841554.98191671,0.5,100000000000.0,100000000000.0,100000000000.0,1000000000.0,clip,False,0,127,0,127,,,,,,,,,
2026-05-18T19:24:19,0,5,5,1,128,74816,128,True,1.7112299465240642e-08,,,,,,6149.596214294434,696.1901659965515,0.0003421306610107422,0.10143518447875977,1.3994877338409424,0.1784226894378662,4.4678263664245605,0,41.628749446173494,26642.399645551035,0.2735629636052028,85844880.0,90741621.48227838,0.5,100000000000.0,100000000000.0,100000000000.0,1000000000.0,clip,False,0,128,0,128,,,,,,,,,
2026-05-18T19:24:25,0,5,5,1,129,74816,129,True,1.7245989304812834e-08,,,,,,6149.979829788208,696.1901659965515,0.00033402442932128906,0.09951567649841309,1.4007959365844727,0.1810917854309082,4.466172933578491,0,41.626152781840275,26640.737780377778,0.2735629636052028,84174256.0,90610274.17263281,0.5,100000000000.0,100000000000.0,100000000000.0,1000000000.0,clip,False,0,129,0,129,,,,,,,,,
2026-05-18T19:24:31,0,5,5,1,130,74816,130,True,1.7379679144385025e-08,,,,,,6150.773286819458,696.1901659965515,0.0003249645233154297,0.10216569900512695,1.3987879753112793,0.18522167205810547,4.462189435958862,0,41.620782958881684,26637.30109368428,0.2735629636052028,85666664.0,90511401.96918015,0.5,100000000000.0,100000000000.0,100000000000.0,1000000000.0,clip,False,0,130,0,130,,,,,,,,,
2026-05-18T19:24:38,0,5,5,1,131,74816,131,True,1.7513368983957217e-08,632.111328125,192.30714416503906,0.7201712131500244,437.07415771484375,2.0098607540130615,6150.273323059082,696.1901659965515,0.0003306865692138672,0.10022735595703125,1.4003889560699463,0.18012595176696777,4.467029571533203,0,41.624166366750714,26639.46647472046,0.2735629636052028,86574096.0,90432655.84979655,0.5,100000000000.0,100000000000.0,100000000000.0,1000000000.0,clip,False,0,131,0,131,606.4388834635416,518.0183715820312,685.4642333984375,6151.072265625,6153.2919921875,768.8004150390625,0.0,998.850341796875,639264.125
2026-05-18T19:24:44,0,5,5,1,132,74816,132,True,1.764705882352941e-08,,,,,,6156.27908706665,696.1901659965515,0.00054168701171875,0.09828782081604004,1.3869035243988037,0.18506097793579102,4.45962381362915,0,41.58355987106152,26613.47831747937,0.2735629636052028,83844408.0,90300890.89280061,0.5,100000000000.0,100000000000.0,100000000000.0,1000000000.0,clip,False,0,132,0,132,,,,,,,,,
2026-05-18T19:24:50,0,5,5,1,133,74816,133,True,1.7780748663101607e-08,,,,,,6150.377988815308,696.1901659965515,0.00033473968505859375,0.10007596015930176,1.4008395671844482,0.17944121360778809,4.4675562381744385,0,41.62345801600252,26639.013130241616,0.2735629636052028,84967528.0,90194223.6349446,0.5,100000000000.0,100000000000.0,100000000000.0,1000000000.0,clip,False,0,133,0,133,,,,,,,,,
2026-05-18T19:24:56,0,5,5,1,134,74816,134,True,1.79144385026738e-08,,,,,,6150.362014770508,696.1901659965515,0.0003428459167480469,0.09872293472290039,1.4024326801300049,0.18103408813476562,4.465746879577637,0,41.62356612264429,26639.082318492347,0.2735629636052028,84108736.0,90072513.8822457,0.5,100000000000.0,100000000000.0,100000000000.0,1000000000.0,clip,False,0,134,0,134,,,,,,,,,
2026-05-18T19:25:02,0,5,5,1,135,74816,135,True,1.804812834224599e-08,,,,,,6149.182558059692,696.1901659965515,0.000354766845703125,0.09993481636047363,1.4010734558105469,0.1804368495941162,4.465319633483887,0,41.631549817050484,26644.19188291231,0.2735629636052028,82765304.0,89926369.68460079,0.5,100000000000.0,100000000000.0,100000000000.0,1000000000.0,clip,False,0,135,0,135,,,,,,,,,
2026-05-18T19:25:08,0,5,5,1,136,74816,136,True,1.818181818181818e-08,,,,,,6150.15721321106,696.1901659965515,0.00028395652770996094,0.09997963905334473,1.4013984203338623,0.18315553665161133,4.463091850280762,0,41.624952196358535,26639.969405669464,0.2735629636052028,84656304.0,89820968.37090877,0.5,100000000000.0,100000000000.0,100000000000.0,1000000000.0,clip,False,0,136,0,136,,,,,,,,,
2026-05-18T19:25:14,0,5,5,1,137,74816,137,True,1.8315508021390373e-08,,,,,,6151.0138511657715,696.1901659965515,0.0003314018249511719,0.1002347469329834,1.4006242752075195,0.17989754676818848,4.467674970626831,0,41.61915518227643,26636.259316656913,0.2735629636052028,83023080.0,89685010.60349059,0.5,100000000000.0,100000000000.0,100000000000.0,1000000000.0,clip,False,0,137,0,137,,,,,,,,,
2026-05-18T19:25:21,0,5,5,1,138,74816,138,True,1.8449197860962565e-08,,,,,,6150.31623840332,696.1901659965515,0.0003268718719482422,0.09967923164367676,1.4012343883514404,0.18111944198608398,4.46546483039856,0,41.62387592389233,26639.28059129109,0.2735629636052028,84435472.0,89580019.83142078,0.5,100000000000.0,100000000000.0,100000000000.0,1000000000.0,clip,False,0,138,0,138,,,,,,,,,
2026-05-18T19:25:27,0,5,5,1,139,74816,139,True,1.858288770053476e-08,,,,,,6150.368213653564,696.1901659965515,0.00032401084899902344,0.09934020042419434,1.4012179374694824,0.1852414608001709,4.462151765823364,0,41.62352417074648,26639.055469277748,0.2735629636052028,82931792.0,89447055.27479236,0.5,100000000000.0,100000000000.0,100000000000.0,1000000000.0,clip,False,0,139,0,139,,,,,,,,,
2026-05-18T19:25:33,0,5,5,1,140,74816,140,True,1.871657754010695e-08,,,,,,6151.763200759888,696.1901659965515,0.0003275871276855469,0.0982656478881836,1.4032344818115234,0.17848801612854004,4.469280481338501,0,41.614085530531796,26633.014739540347,0.2735629636052028,83515392.0,89328422.0092965,0.5,100000000000.0,100000000000.0,100000000000.0,1000000000.0,clip,False,0,140,0,140,,,,,,,,,
2026-05-18T19:25:39,0,5,5,1,141,74816,141,True,1.8850267379679143e-08,585.1360473632812,185.92947387695312,0.7222530245780945,396.5128479003906,1.9714890718460083,6149.255275726318,696.1901659965515,0.0003631114959716797,0.09974956512451172,1.40053129196167,0.183335542678833,4.462883949279785,0,41.63105750553876,26643.876803544812,0.2735629636052028,82924904.0,89200351.64911057,0.5,100000000000.0,100000000000.0,100000000000.0,1000000000.0,clip,False,0,141,0,141,604.5564778645834,510.64654541015625,682.7819213867188,6150.318359375,6162.05078125,768.8004150390625,0.0,998.9729614257812,639342.6875
2026-05-18T19:25:45,0,5,5,1,142,74816,142,True,1.8983957219251334e-08,,,,,,6177.325010299683,696.1901659965515,0.0003108978271484375,0.0989227294921875,1.386061429977417,0.17674899101257324,4.4807448387146,0,41.44188618425641,26522.8071579241,0.2735629636052028,82198928.0,89060323.17612836,0.5,100000000000.0,100000000000.0,100000000000.0,1000000000.0,clip,False,0,142,0,142,,,,,,,,,
2026-05-18T19:25:51,0,5,5,1,143,74816,143,True,1.911764705882353e-08,,,,,,6148.186206817627,696.1901659965515,0.0002989768981933594,0.09720540046691895,1.4037296772003174,0.1810300350189209,4.463945388793945,0,41.63829646475665,26648.509737444256,0.2735629636052028,81404096.0,88907198.63260579,0.5,100000000000.0,100000000000.0,100000000000.0,1000000000.0,clip,False,0,143,0,143,,,,,,,,,
2026-05-18T19:25:58,0,5,5,1,144,74816,144,True,1.925133689839572e-08,,,,,,6149.358510971069,696.1901659965515,0.00031304359436035156,0.09612607955932617,1.4064626693725586,0.17578911781311035,4.468522071838379,0,41.63035860460411,26643.42950694663,0.2735629636052028,82001656.0,88769087.77995367,0.5,100000000000.0,100000000000.0,100000000000.0,1000000000.0,clip,False,0,144,0,144,,,,,,,,,
2026-05-18T19:26:04,0,5,5,1,145,74816,145,True,1.9385026737967916e-08,,,,,,6150.328636169434,696.1901659965515,0.0002980232238769531,0.09734582901000977,1.4054417610168457,0.17695975303649902,4.468145847320557,0,41.62379201893229,26639.22689211667,0.2735629636052028,83126024.0,88656226.5043546,0.5,100000000000.0,100000000000.0,100000000000.0,1000000000.0,clip,False,0,145,0,145,,,,,,,,,
2026-05-18T19:26:10,0,5,5,1,146,74816,146,True,1.9518716577540107e-08,,,,,,6150.624513626099,696.1901659965515,0.00029659271240234375,0.09593343734741211,1.406944990158081,0.18045592308044434,4.465082406997681,0,41.621789695153296,26637.94540489811,0.2735629636052028,82900848.0,88541118.9342675,0.5,100000000000.0,100000000000.0,100000000000.0,1000000000.0,clip,False,0,146,0,146,,,,,,,,,
2026-05-18T19:26:16,0,5,5,1,147,74816,147,True,1.96524064171123e-08,,,,,,6149.474859237671,696.1901659965515,0.0002956390380859375,0.09961724281311035,1.4026355743408203,0.18064546585083008,4.464266300201416,0,41.62957095685003,26642.925412384022,0.2735629636052028,80059904.0,88371494.63558215,0.5,100000000000.0,100000000000.0,100000000000.0,1000000000.0,clip,False,0,147,0,147,,,,,,,,,
2026-05-18T19:26:22,0,5,5,1,148,74816,148,True,1.978609625668449e-08,,,,,,6150.108575820923,696.1901659965515,0.0003025531768798828,0.09540534019470215,1.4072537422180176,0.1799921989440918,4.465193033218384,0,41.62528138226062,26640.180084646792,0.2735629636052028,79858176.0,88201228.2628705,0.5,100000000000.0,100000000000.0,100000000000.0,1000000000.0,clip,False,0,148,0,148,,,,,,,,,
2026-05-18T19:26:28,0,5,5,1,149,74816,149,True,1.9919786096256682e-08,,,,,,6149.89161491394,696.1901659965515,0.000301361083984375,0.09668684005737305,1.4059863090515137,0.1835155487060547,4.461485862731934,0,41.626749872986565,26641.1199187114,0.2735629636052028,81465280.0,88066509.29761308,0.5,100000000000.0,100000000000.0,100000000000.0,1000000000.0,clip,False,0,149,0,149,,,,,,,,,
2026-05-18T19:26:34,0,5,5,1,150,74816,150,True,2.0053475935828874e-08,,,,,,6150.6288051605225,696.1901659965515,0.00030875205993652344,0.09341168403625488,1.409466028213501,0.17861318588256836,4.466931581497192,0,41.62176065400175,26637.926818561118,0.2735629636052028,79298840.0,87891155.91166082,0.5,100000000000.0,100000000000.0,100000000000.0,1000000000.0,clip,False,0,150,0,150,,,,,,,,,
2026-05-18T19:26:41,0,5,5,1,151,74816,151,True,2.018716577540107e-08,636.984130859375,209.980224609375,0.7196741104125977,424.2681884765625,2.016082525253296,6150.880575180054,696.1901659965515,0.00030684471130371094,0.09281682968139648,1.4092395305633545,0.1814725399017334,4.465226173400879,0,41.62005697737127,26636.836465517612,0.2735629636052028,80936384.0,87752060.47342761,0.5,100000000000.0,100000000000.0,100000000000.0,1000000000.0,clip,False,0,151,0,151,598.2009684244791,523.0301513671875,654.5228881835938,6150.462239583333,6159.45263671875,768.8004150390625,0.0,998.9495849609375,639327.75
2026-05-18T19:26:47,0,5,5,1,152,74816,152,True,2.032085561497326e-08,,,,,,6163.476228713989,696.1901659965515,0.0002875328063964844,0.09370160102844238,1.3917210102081299,0.17461180686950684,4.471383094787598,0,41.5350024077913,26582.401540986433,0.2735629636052028,79546232.0,87587943.90395905,0.5,100000000000.0,100000000000.0,100000000000.0,1000000000.0,clip,False,0,152,0,152,,,,,,,,,
2026-05-18T19:26:53,0,5,5,1,153,74816,153,True,2.0454545454545455e-08,,,,,,6146.692514419556,696.1901659965515,0.00030922889709472656,0.09716105461120605,1.4024693965911865,0.18950867652893066,4.455194711685181,0,41.648414883199116,26654.985525247434,0.2735629636052028,79763440.0,87431453.82587987,0.5,100000000000.0,100000000000.0,100000000000.0,1000000000.0,clip,False,0,153,0,153,,,,,,,,,
2026-05-18T19:26:59,0,5,5,1,154,74816,154,True,2.0588235294117647e-08,,,,,,6150.346755981445,696.1901659965515,0.0002887248992919922,0.09204673767089844,1.4110877513885498,0.17665863037109375,4.468254566192627,0,41.62366938921457,26639.148409097324,0.2735629636052028,81817760.0,87319179.94936228,0.5,100000000000.0,100000000000.0,100000000000.0,1000000000.0,clip,False,0,154,0,154,,,,,,,,,
2026-05-18T19:27:05,0,5,5,1,155,74816,155,True,2.0721925133689838e-08,,,,,,6150.398254394531,696.1901659965515,0.0002963542938232422,0.0922234058380127,1.4103565216064453,0.1805579662322998,4.465016603469849,0,41.62332086659348,26638.925354619827,0.2735629636052028,79415768.0,87161111.71037503,0.5,100000000000.0,100000000000.0,100000000000.0,1000000000.0,clip,False,0,155,0,155,,,,,,,,,
2026-05-18T19:27:11,0,5,5,1,156,74816,156,True,2.0855614973262033e-08,,,,,,6152.071952819824,696.1901659965515,0.000308990478515625,0.09358787536621094,1.4084248542785645,0.17478084564208984,4.472903490066528,0,41.61199705778173,26631.678116980303,0.2735629636052028,79356368.0,87005016.83616753,0.5,100000000000.0,100000000000.0,100000000000.0,1000000000.0,clip,False,0,156,0,156,,,,,,,,,
2026-05-18T19:27:18,0,5,5,1,157,74816,157,True,2.0989304812834225e-08,,,,,,6150.758743286133,696.1901659965515,0.00031065940856933594,0.09556889533996582,1.4040369987487793,0.19024419784545898,4.458094358444214,0,41.62088137165794,26637.364077861082,0.2735629636052028,79976368.0,86864443.85944417,0.5,100000000000.0,100000000000.0,100000000000.0,1000000000.0,clip,False,0,157,0,157,,,,,,,,,
2026-05-18T19:27:24,0,5,5,1,158,74816,158,True,2.1122994652406416e-08,,,,,,6153.812885284424,696.1901659965515,0.00034928321838378906,0.09850716590881348,1.4018120765686035,0.19281911849975586,4.458232641220093,0,41.60022489669312,26624.143933883595,0.2735629636052028,79027056.0,86707696.10225528,0.5,100000000000.0,100000000000.0,100000000000.0,1000000000.0,clip,False,0,158,0,158,,,,,,,,,
2026-05-18T19:27:30,0,5,5,1,159,74816,159,True,2.1256684491978608e-08,,,,,,6142.322540283203,696.1901659965515,0.0003237724304199219,0.09489035606384277,1.4040074348449707,0.18301749229431152,4.4577412605285645,0,41.67804577520552,26673.949296131534,0.2735629636052028,78324928.0,86540040.74021018,0.5,100000000000.0,100000000000.0,100000000000.0,1000000000.0,clip,False,0,159,0,159,,,,,,,,,
2026-05-18T19:27:36,0,5,5,1,160,74816,160,True,2.13903743315508e-08,,,,,,6150.199890136719,696.1901659965515,0.0003039836883544922,0.09398484230041504,1.4095492362976074,0.1828784942626953,4.461454629898071,0,41.62466335615461,26639.78454793895,0.2735629636052028,78880864.0,86386857.20540597,0.5,100000000000.0,100000000000.0,100000000000.0,1000000000.0,clip,False,0,160,0,160,,,,,,,,,
2026-05-18T19:27:42,0,5,5,1,161,74816,161,True,2.152406417112299e-08,548.0394287109375,178.86532592773438,0.7225449085235596,366.4362487792969,2.0153305530548096,6152.872562408447,696.1901659965515,0.0003058910369873047,0.09113597869873047,1.4136738777160645,0.17754268646240234,4.467127084732056,0,41.60658251953015,26628.212812499296,0.2735629636052028,76619304.0,86191506.14129785,0.5,100000000000.0,100000000000.0,100000000000.0,1000000000.0,clip,False,0,161,0,161,567.3617350260416,488.2982482910156,627.2603149414062,6150.458333333333,6156.61865234375,768.8004150390625,0.0,998.9500122070312,639328.0
2026-05-18T19:27:48,0,5,5,1,162,74816,162,True,2.1657754010695186e-08,,,,,,6162.1644496917725,696.1901659965515,0.0002999305725097656,0.09477829933166504,1.3905985355377197,0.1745929718017578,4.471436500549316,0,41.54384422713758,26588.060305368053,0.2735629636052028,79512184.0,86057919.69847189,0.5,100000000000.0,100000000000.0,100000000000.0,1000000000.0,clip,False,0,162,0,162,,,,,,,,,
2026-05-18T19:27:54,0,5,5,1,163,74816,163,True,2.179144385026738e-08,,,,,,6154.2723178863525,696.1901659965515,0.0003268718719482422,0.09607124328613281,1.4035563468933105,0.18755173683166504,4.464503765106201,0,41.59711933057939,26622.156371570807,0.2735629636052028,78255984.0,85901880.98450245,0.5,100000000000.0,100000000000.0,100000000000.0,1000000000.0,clip,False,0,163,0,163,,,,,,,,,
2026-05-18T19:28:01,0,5,5,1,164,74816,164,True,2.1925133689839573e-08,,,,,,6146.095275878906,696.1901659965515,0.00032639503479003906,0.09663772583007812,1.403487205505371,0.19013452529907227,4.45317530632019,0,41.652462011889554,26657.575687609315,0.2735629636052028,78006264.0,85743968.6448124,0.5,100000000000.0,100000000000.0,100000000000.0,1000000000.0,clip,False,0,164,0,164,,,,,,,,,
2026-05-18T19:28:07,0,5,5,1,165,74816,165,True,2.2058823529411764e-08,,,,,,6149.911880493164,696.1901659965515,0.00032138824462890625,0.10105562210083008,1.3994629383087158,0.18678689002990723,4.459987163543701,0,41.62661270188334,26641.032129205338,0.2735629636052028,78427328.0,85597635.83191615,0.5,100000000000.0,100000000000.0,100000000000.0,1000000000.0,clip,False,0,165,0,165,,,,,,,,,
2026-05-18T19:28:13,0,5,5,1,166,74816,166,True,2.2192513368983956e-08,,,,,,6150.97188949585,696.1901659965515,0.0003349781036376953,0.09778380393981934,1.4018518924713135,0.18300986289978027,4.465710163116455,0,41.619439106391766,26636.44102809073,0.2735629636052028,78566160.0,85457006.31527783,0.5,100000000000.0,100000000000.0,100000000000.0,1000000000.0,clip,False,0,166,0,166,,,,,,,,,
2026-05-18T19:28:19,0,5,5,1,167,74816,167,True,2.2326203208556147e-08,,,,,,6146.764755249023,696.1901659965515,0.0003256797790527344,0.09724569320678711,1.4035165309906006,0.1821305751800537,4.461254835128784,0,41.64792540358553,26654.67225829474,0.2735629636052028,75726432.0,85262394.82897227,0.5,100000000000.0,100000000000.0,100000000000.0,1000000000.0,clip,False,0,167,0,167,,,,,,,,,
2026-05-18T19:28:25,0,5,5,1,168,74816,168,True,2.2459893048128342e-08,,,,,,6153.44500541687,696.1901659965515,0.00031280517578125,0.09781122207641602,1.4056503772735596,0.17386245727539062,4.4736175537109375,0,41.60271194016417,26625.73564170507,0.2735629636052028,75834472.0,85073836.37239282,0.5,100000000000.0,100000000000.0,100000000000.0,1000000000.0,clip,False,0,168,0,168,,,,,,,,,
2026-05-18T19:28:31,0,5,5,1,169,74816,169,True,2.2593582887700534e-08,,,,,,6147.2649574279785,696.1901659965515,0.0003237724304199219,0.09859538078308105,1.4007432460784912,0.18446564674377441,4.460788011550903,0,41.64453651711649,26652.503370954553,0.2735629636052028,76603880.0,84904437.24494496,0.5,100000000000.0,100000000000.0,100000000000.0,1000000000.0,clip,False,0,169,0,169,,,,,,,,,
2026-05-18T19:28:37,0,5,5,1,170,74816,170,True,2.2727272727272725e-08,,,,,,6149.1334438323975,696.1901659965515,0.00034427642822265625,0.10244464874267578,1.4001116752624512,0.18869519233703613,4.4552226066589355,0,41.63188233567592,26644.404694832585,0.2735629636052028,76373072.0,84733809.94004606,0.5,100000000000.0,100000000000.0,100000000000.0,1000000000.0,clip,False,0,170,0,170,,,,,,,,,
2026-05-18T19:28:44,0,5,5,1,171,74816,171,True,2.2860962566844917e-08,596.6998291015625,198.6048126220703,0.7198132276535034,395.35125732421875,2.023956060409546,6152.251958847046,696.1901659965515,0.0003609657287597656,0.10165214538574219,1.4008352756500244,0.18300533294677734,4.464095115661621,0,41.61077955070867,26630.898912453547,0.2735629636052028,75068160.0,84540496.94124514,0.5,100000000000.0,100000000000.0,100000000000.0,1000000000.0,clip,False,0,171,0,171,565.9637858072916,514.614013671875,612.7957763671875,6150.322916666667,6153.490234375,768.8004150390625,0.0,998.9720458984375,639342.125
2026-05-18T19:28:50,0,5,5,1,172,74816,172,True,2.299465240641711e-08,,,,,,6159.977436065674,696.1901659965515,0.0003039836883544922,0.09661412239074707,1.3890211582183838,0.17629790306091309,4.468280792236328,0,41.55859378658781,26597.500023416196,0.2735629636052028,75707240.0,84363831.80242023,0.5,100000000000.0,100000000000.0,100000000000.0,1000000000.0,clip,False,0,172,0,172,,,,,,,,,
2026-05-18T19:28:56,0,5,5,1,173,74816,173,True,2.3128342245989307e-08,,,,,,6149.526834487915,696.1901659965515,0.0003631114959716797,0.10415339469909668,1.3973305225372314,0.18041563034057617,4.4649128913879395,0,41.62921910744336,26642.70022876375,0.2735629636052028,75068920.0,84177933.56637183,0.5,100000000000.0,100000000000.0,100000000000.0,1000000000.0,clip,False,0,173,0,173,,,,,,,,,
2026-05-18T19:29:02,0,5,5,1,174,74816,174,True,2.3262032085561498e-08,,,,,,6152.277231216431,696.1901659965515,0.00036025047302246094,0.10502004623413086,1.3961877822875977,0.17531585693359375,4.473107814788818,0,41.610608621644246,26630.789517852318,0.2735629636052028,74087368.0,83976122.25504439,0.5,100000000000.0,100000000000.0,100000000000.0,1000000000.0,clip,False,0,174,0,174,,,,,,,,,
2026-05-18T19:29:08,0,5,5,1,175,74816,175,True,2.339572192513369e-08,,,,,,6148.741722106934,696.1901659965515,0.0003788471221923828,0.11103105545043945,1.387923002243042,0.19153666496276855,4.455552577972412,0,41.63453460398053,26646.102146547542,0.2735629636052028,75062280.0,83797845.40994349,0.5,100000000000.0,100000000000.0,100000000000.0,1000000000.0,clip,False,0,175,0,175,,,,,,,,,
2026-05-18T19:29:14,0,5,5,1,176,74816,176,True,2.352941176470588e-08,,,,,,6149.219989776611,696.1901659965515,0.0004086494445800781,0.108123779296875,1.3920738697052002,0.1761186122894287,4.469924211502075,0,41.63129639622797,26644.029693585897,0.2735629636052028,73494392.0,83591776.34174462,0.5,100000000000.0,100000000000.0,100000000000.0,1000000000.0,clip,False,0,176,0,176,,,,,,,,,
2026-05-18T19:29:21,0,5,5,1,177,74816,177,True,2.3663101604278073e-08,,,,,,6149.9505043029785,696.1901659965515,0.0003657341003417969,0.10251164436340332,1.3969323635101318,0.18410444259643555,4.4634130001068115,0,41.626351272401735,26640.864814337114,0.2735629636052028,74524088.0,83410422.57490973,0.5,100000000000.0,100000000000.0,100000000000.0,1000000000.0,clip,False,0,177,0,177,,,,,,,,,
2026-05-18T19:29:27,0,5,5,1,178,74816,178,True,2.3796791443850265e-08,,,,,,6148.791790008545,696.1901659965515,0.0003325939178466797,0.09542036056518555,1.406212329864502,0.1756284236907959,4.468982696533203,0,41.63419558554352,26645.88517474785,0.2735629636052028,73879976.0,83219813.64341153,0.5,100000000000.0,100000000000.0,100000000000.0,1000000000.0,clip,False,0,178,0,178,,,,,,,,,
2026-05-18T19:29:33,0,5,5,1,179,74816,179,True,2.393048128342246e-08,,,,,,6149.533271789551,696.1901659965515,0.0002961158752441406,0.09270811080932617,1.4104771614074707,0.18511509895324707,4.45900297164917,0,41.629175530178486,26642.67233931423,0.2735629636052028,73701304.0,83029443.4505433,0.5,100000000000.0,100000000000.0,100000000000.0,1000000000.0,clip,False,0,179,0,179,,,,,,,,,
2026-05-18T19:29:39,0,5,5,1,180,74816,180,True,2.406417112299465e-08,,,,,,6150.893211364746,696.1901659965515,0.00029540061950683594,0.0953817367553711,1.408839464187622,0.1830449104309082,4.461270809173584,0,41.61997147454935,26636.781743711585,0.2735629636052028,74867240.0,82866199.38153243,0.5,100000000000.0,100000000000.0,100000000000.0,1000000000.0,clip,False,0,180,0,180,,,,,,,,,
2026-05-18T19:29:45,0,5,5,1,181,74816,181,True,2.4197860962566843e-08,583.5475463867188,185.89308166503906,0.7195059657096863,394.96728515625,1.9676425457000732,6149.810075759888,696.1901659965515,0.0003113746643066406,0.09219765663146973,1.4100000858306885,0.17768144607543945,4.4676220417022705,0,41.627301794091245,26641.4731482184,0.2735629636052028,73833368.0,82685542.75390178,0.5,100000000000.0,100000000000.0,100000000000.0,1000000000.0,clip,False,0,181,0,181,579.659423828125,537.8135375976562,622.4334716796875,6148.453125,6152.53955078125,768.8004150390625,0.0,999.2760009765625,639536.625
2026-05-18T19:29:51,0,5,5,1,182,74816,182,True,2.4331550802139034e-08,,,,,,6160.070180892944,696.1901659965515,0.00027489662170410156,0.0974123477935791,1.3874092102050781,0.17436552047729492,4.471853017807007,0,41.5579680884238,26597.09957659123,0.2735629636052028,73268568.0,82497203.25882374,0.5,100000000000.0,100000000000.0,100000000000.0,1000000000.0,clip,False,0,182,0,182,,,,,,,,,
2026-05-18T19:29:57,0,5,5,1,183,74816,183,True,2.446524064171123e-08,,,,,,6148.894309997559,696.1901659965515,0.0003097057342529297,0.09335947036743164,1.4074630737304688,0.18522858619689941,4.460461616516113,0,41.63350142216083,26645.440910182933,0.2735629636052028,71037512.0,82268009.43364726,0.5,100000000000.0,100000000000.0,100000000000.0,1000000000.0,clip,False,0,183,0,183,,,,,,,,,
2026-05-18T19:30:04,0,5,5,1,184,74816,184,True,2.4598930481283424e-08,,,,,,6148.797988891602,696.1901659965515,0.00031566619873046875,0.0968315601348877,1.406397819519043,0.18093323707580566,4.462212562561035,0,41.634153612216366,26645.858311818476,0.2735629636052028,70782976.0,82038308.76497431,0.5,100000000000.0,100000000000.0,100000000000.0,1000000000.0,clip,False,0,184,0,184,,,,,,,,,
2026-05-18T19:30:10,0,5,5,1,185,74816,185,True,2.4732620320855616e-08,,,,,,6150.076866149902,696.1901659965515,0.0003018379211425781,0.09588027000427246,1.4072537422180176,0.1738877296447754,4.470733642578125,0,41.62549600136335,26640.317440872543,0.2735629636052028,72611600.0,81849774.58967483,0.5,100000000000.0,100000000000.0,100000000000.0,1000000000.0,clip,False,0,185,0,185,,,,,,,,,
2026-05-18T19:30:16,0,5,5,1,186,74816,186,True,2.4866310160427807e-08,,,,,,6149.815320968628,696.1901659965515,0.00029587745666503906,0.09162330627441406,1.411926031112671,0.18200993537902832,4.462011337280273,0,41.627266289954,26641.450425570558,0.2735629636052028,72841224.0,81669603.57788134,0.5,100000000000.0,100000000000.0,100000000000.0,1000000000.0,clip,False,0,186,0,186,,,,,,,,,
2026-05-18T19:30:22,0,5,5,1,187,74816,187,True,2.5e-08,,,,,,6150.346279144287,696.1901659965515,0.00031280517578125,0.09254264831542969,1.4112956523895264,0.18753600120544434,4.456533670425415,0,41.623672616303146,26639.150474434013,0.2735629636052028,70788320.0,81451977.90632372,0.5,100000000000.0,100000000000.0,100000000000.0,1000000000.0,clip,False,0,187,0,187,,,,,,,,,
2026-05-18T19:30:28,0,5,5,1,188,74816,188,True,2.513368983957219e-08,,,,,,6150.367498397827,696.1901659965515,0.0003135204315185547,0.09268641471862793,1.4106559753417969,0.1828770637512207,4.461861610412598,0,41.62352901134576,26639.058567261287,0.2735629636052028,69961304.0,81222164.42819723,0.5,100000000000.0,100000000000.0,100000000000.0,1000000000.0,clip,False,0,188,0,188,,,,,,,,,
2026-05-18T19:30:34,0,5,5,1,189,74816,189,True,2.5267379679144382e-08,,,,,,6149.237394332886,696.1901659965515,0.00029587745666503906,0.09334349632263184,1.4095985889434814,0.17833828926086426,4.465617656707764,0,41.631178564667,26643.95428138688,0.2735629636052028,71796080.0,81033642.73963328,0.5,100000000000.0,100000000000.0,100000000000.0,1000000000.0,clip,False,0,189,0,189,,,,,,,,,
2026-05-18T19:30:41,0,5,5,1,190,74816,190,True,2.5401069518716577e-08,,,,,,6153.378248214722,696.1901659965515,0.0003135204315185547,0.09237098693847656,1.4107258319854736,0.18329095840454102,4.464623689651489,0,41.603163282587616,26626.024500856074,0.2735629636052028,70755848.0,80828086.84484062,0.5,100000000000.0,100000000000.0,100000000000.0,1000000000.0,clip,False,0,190,0,190,,,,,,,,,
2026-05-18T19:30:47,0,5,5,1,191,74816,191,True,2.553475935828877e-08,580.9220581054688,183.72874450683594,0.7199833393096924,394.4699401855469,2.0033581256866455,6148.4620571136475,696.1901659965515,0.00031185150146484375,0.0984342098236084,1.4021692276000977,0.1864330768585205,4.4590795040130615,0,41.63642836566148,26647.31415402335,0.2735629636052028,69595128.0,80603427.6679438,0.5,100000000000.0,100000000000.0,100000000000.0,1000000000.0,clip,False,0,191,0,191,549.2158610026041,488.6321716308594,628.562744140625,6151.795572916667,6155.37255859375,768.8004150390625,0.0,998.73291015625,639189.0
2026-05-18T19:30:53,0,5,5,1,192,74816,192,True,2.5668449197860963e-08,,,,,,6267.205476760864,696.1901659965515,0.00028514862060546875,0.09419584274291992,1.3909566402435303,0.1850574016571045,4.567621469497681,0,40.847551743637865,26142.43311592823,0.2735629636052028,71075312.0,80412865.35458492,0.5,100000000000.0,100000000000.0,100000000000.0,1000000000.0,clip,False,0,192,0,192,,,,,,,,,
2026-05-18T19:30:59,0,5,5,1,193,74816,193,True,2.5802139037433155e-08,,,,,,6150.052070617676,696.1901659965515,0.0002956390380859375,0.09907341003417969,1.4031291007995605,0.18355512619018555,4.461935043334961,0,41.625663825361535,26640.424848231385,0.2735629636052028,68910592.0,80182819.88749322,0.5,100000000000.0,100000000000.0,100000000000.0,1000000000.0,clip,False,0,193,0,193,,,,,,,,,
2026-05-18T19:31:05,0,5,5,1,194,74816,194,True,2.5935828877005347e-08,,,,,,6152.393579483032,696.1901659965515,0.000308990478515625,0.09541535377502441,1.4074161052703857,0.17833495140075684,4.4687817096710205,0,41.60982172104649,26630.28590146975,0.2735629636052028,68309240.0,79945348.28974335,0.5,100000000000.0,100000000000.0,100000000000.0,1000000000.0,clip,False,0,194,0,194,,,,,,,,,
2026-05-18T19:31:11,0,5,5,1,195,74816,195,True,2.6069518716577538e-08,,,,,,6152.3871421813965,696.1901659965515,0.0003342628479003906,0.0966494083404541,1.4060091972351074,0.18158292770385742,4.465557098388672,0,41.60986525780177,26630.31376499313,0.2735629636052028,68967104.0,79725783.40394849,0.5,100000000000.0,100000000000.0,100000000000.0,1000000000.0,clip,False,0,195,0,195,,,,,,,,,
2026-05-18T19:31:18,0,5,5,1,196,74816,196,True,2.6203208556149733e-08,,,,,,6145.719766616821,696.1901659965515,0.0002999305725097656,0.09281039237976074,1.4076006412506104,0.1807417869567871,4.461768388748169,0,41.655007016521736,26659.20449057391,0.2735629636052028,70380296.0,79538873.65586951,0.5,100000000000.0,100000000000.0,100000000000.0,1000000000.0,clip,False,0,196,0,196,,,,,,,,,
2026-05-18T19:31:24,0,5,5,1,197,74816,197,True,2.6336898395721925e-08,,,,,,6236.046075820923,696.1901659965515,0.00026798248291015625,0.0899348258972168,1.412663459777832,0.18682217597961426,4.543964385986328,0,41.05165306468647,26273.05796139934,0.2735629636052028,68922392.0,79326544.02275212,0.5,100000000000.0,100000000000.0,100000000000.0,1000000000.0,clip,False,0,197,0,197,,,,,,,,,
2026-05-18T19:31:30,0,5,5,1,198,74816,198,True,2.6470588235294116e-08,,,,,,6155.97677230835,696.1901659965515,0.000278472900390625,0.09046483039855957,1.4125676155090332,0.17656707763671875,4.4738733768463135,0,41.58560200414887,26614.785282655277,0.2735629636052028,68962104.0,79119255.22229707,0.5,100000000000.0,100000000000.0,100000000000.0,1000000000.0,clip,False,0,198,0,198,,,,,,,,,
2026-05-18T19:31:36,0,5,5,1,199,74816,199,True,2.6604278074866308e-08,,,,,,6430.560111999512,696.1901659965515,0.0003046989440917969,0.09519577026367188,1.4006774425506592,0.17624878883361816,4.7557127475738525,0,39.809906997417,25478.34047834688,0.2735629636052028,67420672.0,78885283.55785112,0.5,100000000000.0,100000000000.0,100000000000.0,1000000000.0,clip,False,0,199,0,199,,,,,,,,,
2026-05-18T19:31:43,0,5,5,1,200,74816,200,True,2.67379679144385e-08,,,,,,6151.8285274505615,696.1901659965515,0.00027823448181152344,0.09044694900512695,1.4128518104553223,0.1737198829650879,4.472438097000122,0,41.613643627692504,26632.7319217232,0.2735629636052028,66436436.0,78636306.6066941,0.5,100000000000.0,100000000000.0,100000000000.0,1000000000.0,clip,False,0,200,0,200,,,,,,,,,
2026-05-18T19:31:49,0,5,5,1,201,74816,201,True,2.687165775401069e-08,556.7190551757812,192.6051025390625,0.7200633883476257,361.43017578125,1.9636677503585815,6150.644302368164,696.1901659965515,0.0002853870391845703,0.6399319171905518,0.8633055686950684,0.18261194229125977,4.462449312210083,0,41.62165578351411,26637.85970144903,0.2735588131320921,66018268.0,78383945.83456022,0.5,7863630660.669411,100000000000.0,100000000000.0,1000000000.0,clip,False,0,201,0,201,552.5367024739584,499.5079040527344,603.2661743164062,6150.046223958333,6153.0234375,768.8004150390625,0.0,999.016845703125,639370.875
2026-05-18T19:31:55,0,5,5,1,202,74816,202,True,2.700534759358289e-08,,,,,,6158.172845840454,696.1901659965515,0.00028586387634277344,0.09599947929382324,1.3891706466674805,0.18220090866088867,4.461655378341675,0,41.57077211187983,26605.29415160309,0.2735588131320921,66378120.0,78143829.31786902,0.5,7838394583.456021,100000000000.0,100000000000.0,1000000000.0,clip,False,0,202,0,202,,,,,,,,,
2026-05-18T19:32:01,0,5,5,1,203,74816,203,True,2.713903743315508e-08,,,,,,6149.617671966553,696.1901659965515,0.00032019615173339844,0.09354209899902344,1.4092166423797607,0.18280458450317383,4.461636066436768,0,41.628604192256255,26642.306683044004,0.2735588131320921,65047664.0,77881906.01151164,0.5,7814382931.786902,100000000000.0,100000000000.0,1000000000.0,clip,False,0,203,0,203,,,,,,,,,
2026-05-18T19:32:07,0,5,5,1,204,74816,204,True,2.7272727272727272e-08,,,,,,6149.861097335815,696.1901659965515,0.0003273487091064453,0.09389138221740723,1.409407377243042,0.17953705787658691,4.464673757553101,0,41.626956438235965,26641.252120471017,0.2735588131320921,66362900.0,77651525.89128141,0.5,7788190601.151164,100000000000.0,100000000000.0,1000000000.0,clip,False,0,204,0,204,,,,,,,,,
2026-05-18T19:32:13,0,5,5,1,205,74816,205,True,2.7406417112299464e-08,,,,,,6148.861885070801,696.1901659965515,0.00033354759216308594,0.09328174591064453,1.4098050594329834,0.17948007583618164,4.463884115219116,0,41.63372096900698,26645.581420164468,0.2735588131320921,67577416.0,77450043.69345579,0.5,7765152589.128141,100000000000.0,100000000000.0,1000000000.0,clip,False,0,205,0,205,,,,,,,,,
2026-05-18T19:32:19,0,5,5,1,206,74816,206,True,2.7540106951871656e-08,,,,,,6152.310609817505,696.1901659965515,0.0003197193145751953,0.0958414077758789,1.406898021697998,0.1832118034362793,4.46401834487915,0,41.6103828684283,26630.645035794114,0.2735588131320921,64185820.0,77184759.21958667,0.5,7745004369.345578,100000000000.0,100000000000.0,1000000000.0,clip,False,0,206,0,206,,,,,,,,,
2026-05-18T19:32:26,0,5,5,1,207,74816,207,True,2.767379679144385e-08,,,,,,6150.137186050415,696.1901659965515,0.00031375885009765625,0.09609770774841309,1.4063591957092285,0.18750667572021484,4.4577131271362305,0,41.625087742864125,26640.05615543304,0.2735588131320921,66562800.0,76972320.03519493,0.5,7718475921.958667,100000000000.0,100000000000.0,1000000000.0,clip,False,0,207,0,207,,,,,,,,,
2026-05-18T19:32:32,0,5,5,1,208,74816,208,True,2.7807486631016042e-08,,,,,,6225.878953933716,696.1901659965515,0.0003249645233154297,0.10178804397583008,1.3992528915405273,0.18546724319458008,4.537044525146484,0,41.11869213876231,26315.96296880788,0.2735588131320921,64594580.0,76724765.23449102,0.5,7697232003.519493,100000000000.0,100000000000.0,1000000000.0,clip,False,0,208,0,208,,,,,,,,,
2026-05-18T19:32:38,0,5,5,1,209,74816,209,True,2.7941176470588234e-08,,,,,,6150.25520324707,696.1901659965515,0.00030231475830078125,0.10599660873413086,1.3972134590148926,0.18216490745544434,4.462028741836548,0,41.6242889993968,26639.544959613955,0.2735588131320921,65955304.0,76509376.0098012,0.5,7672476523.449102,100000000000.0,100000000000.0,1000000000.0,clip,False,0,209,0,209,,,,,,,,,
2026-05-18T19:32:44,0,5,5,1,210,74816,210,True,2.8074866310160425e-08,,,,,,6148.894309997559,696.1901659965515,0.0003886222839355469,0.093963623046875,1.4085979461669922,0.18646812438964844,4.45751166343689,0,41.63350142216083,26645.440910182933,0.2735588131320921,65416528.0,76287519.04960518,0.5,7650937600.98012,100000000000.0,100000000000.0,1000000000.0,clip,False,0,210,0,210,,,,,,,,,
2026-05-18T19:32:50,0,5,5,1,211,74816,211,True,2.8208556149732617e-08,572.2206420898438,208.95294189453125,0.7192050218582153,360.5469665527344,2.0015416145324707,6154.499053955078,696.1901659965515,0.0002853870391845703,0.09076952934265137,1.4120607376098633,0.1818068027496338,4.467512130737305,0,41.59558686348099,26621.17559262783,0.2735588131320921,63979412.0,76041356.90861307,0.5,7628751904.960518,100000000000.0,100000000000.0,1000000000.0,clip,False,0,211,0,211,552.7822672526041,493.17620849609375,607.4188232421875,6150.567057291667,6157.41796875,768.8004150390625,0.0,998.9324951171875,639316.8125
2026-05-18T19:32:56,0,5,5,1,212,74816,212,True,2.8342245989304812e-08,,,,,,6155.3990840911865,696.1901659965515,0.00040221214294433594,0.09505748748779297,1.3902764320373535,0.18316340446472168,4.461020231246948,0,41.589504840009425,26617.283097606032,0.2735588131320921,62386404.0,75768257.8504408,0.5,7604135690.861307,100000000000.0,100000000000.0,1000000000.0,clip,False,0,212,0,212,,,,,,,,,
2026-05-18T19:33:03,0,5,5,1,213,74816,213,True,2.8475935828877007e-08,,,,,,6151.453495025635,696.1901659965515,0.00031638145446777344,0.09233260154724121,1.4114100933074951,0.18343329429626465,4.4612343311309814,0,41.616180664783386,26634.355625461365,0.2735588131320921,64114820.0,75535189.093432,0.5,7576825785.04408,100000000000.0,100000000000.0,1000000000.0,clip,False,0,213,0,213,,,,,,,,,
2026-05-18T19:33:09,0,5,5,1,214,74816,214,True,2.8609625668449198e-08,,,,,,6148.865461349487,696.1901659965515,0.0002803802490234375,0.09253263473510742,1.4104397296905518,0.17860722541809082,4.464980602264404,0,41.633696754167694,26645.565922667327,0.2735588131320921,62101540.0,75266516.11156335,0.5,7553518909.3432,100000000000.0,100000000000.0,1000000000.0,clip,False,0,214,0,214,,,,,,,,,
2026-05-18T19:33:15,0,5,5,1,215,74816,215,True,2.874331550802139e-08,,,,,,6149.531126022339,696.1901659965515,0.0003116130828857422,0.0942070484161377,1.4084532260894775,0.17496109008789062,4.469565153121948,0,41.6291900559233,26642.681635790916,0.2735588131320921,62119232.0,75003570.42933209,0.5,7526651611.156336,100000000000.0,100000000000.0,1000000000.0,clip,False,0,215,0,215,,,,,,,,,
2026-05-18T19:33:21,0,5,5,1,216,74816,216,True,2.887700534759358e-08,,,,,,6149.886608123779,696.1901659965515,0.0002853870391845703,0.09412074089050293,1.4090170860290527,0.17388200759887695,4.47051477432251,0,41.626783762457215,26641.141607972615,0.2735588131320921,62033536.0,74744169.74074546,0.5,7500357042.933209,100000000000.0,100000000000.0,1000000000.0,clip,False,0,216,0,216,,,,,,,,,
2026-05-18T19:33:27,0,5,5,1,217,74816,217,True,2.9010695187165773e-08,,,,,,6151.923179626465,696.1901659965515,0.00029921531677246094,0.09308671951293945,1.4102282524108887,0.1791081428527832,4.467069864273071,0,41.61300336906091,26632.322156198985,0.2735588131320921,61189772.0,74473081.78593054,0.5,7474416974.074546,100000000000.0,100000000000.0,1000000000.0,clip,False,0,217,0,217,,,,,,,,,
2026-05-18T19:33:33,0,5,5,1,218,74816,218,True,2.9144385026737965e-08,,,,,,6150.133371353149,696.1901659965515,0.0003292560577392578,0.09392523765563965,1.4090876579284668,0.17682099342346191,4.4676477909088135,0,41.62511356134623,26640.07267926159,0.2735588131320921,61468856.0,74212997.27021194,0.5,7447308178.593055,100000000000.0,100000000000.0,1000000000.0,clip,False,0,218,0,218,,,,,,,,,
2026-05-18T19:33:39,0,5,5,1,219,74816,219,True,2.927807486631016e-08,,,,,,6149.626016616821,696.1901659965515,0.00032520294189453125,0.09514713287353516,1.4074509143829346,0.18311762809753418,4.46153712272644,0,41.628547704895524,26642.270531133137,0.2735588131320921,60956636.0,73947870.04480769,0.5,7421299727.0211935,100000000000.0,100000000000.0,1000000000.0,clip,False,0,219,0,219,,,,,,,,,
2026-05-18T19:33:46,0,5,5,1,220,74816,220,True,2.941176470588235e-08,,,,,,6150.812387466431,696.1901659965515,0.0002868175506591797,0.09274411201477051,1.4101788997650146,0.17936491966247559,4.466301918029785,0,41.62051837602032,26637.131760653006,0.2735588131320921,60486212.0,73678636.88391152,0.5,7394787004.480769,100000000000.0,100000000000.0,1000000000.0,clip,False,0,220,0,220,,,,,,,,,
2026-05-18T19:33:52,0,5,5,1,221,74816,221,True,2.9545454545454543e-08,562.5078735351562,204.4698944091797,0.7200112342834473,355.3424987792969,1.975440263748169,6148.794651031494,696.1901659965515,0.00031256675720214844,0.09566116333007812,1.405501127243042,0.1842949390411377,4.460946798324585,0,41.634176213228166,26645.872776466025,0.2735588131320921,60243380.0,73409931.74623328,0.5,7367863688.391152,100000000000.0,100000000000.0,1000000000.0,clip,False,0,221,0,221,530.5683186848959,473.00701904296875,598.6720581054688,6150.180989583333,6153.35546875,768.8004150390625,0.0,998.9950561523438,639356.8125
2026-05-18T19:33:58,0,5,5,1,222,74816,222,True,2.9679144385026738e-08,,,,,,6158.159017562866,696.1901659965515,0.0002980232238769531,0.09915804862976074,1.3857142925262451,0.1811690330505371,4.462474822998047,0,41.57086545993639,26605.353894359294,0.2735588131320921,59943016.0,73140593.43130863,0.5,7340993174.623328,100000000000.0,100000000000.0,1000000000.0,clip,False,0,222,0,222,,,,,,,,,
2026-05-18T19:34:04,0,5,5,1,223,74816,223,True,2.981283422459893e-08,,,,,,6148.51188659668,696.1901659965515,0.00032639503479003906,0.09572386741638184,1.407104253768921,0.17712950706481934,4.466387987136841,0,41.636090930890425,26647.09819576987,0.2735588131320921,59706188.0,72871905.32268246,0.5,7314059343.130863,100000000000.0,100000000000.0,1000000000.0,clip,False,0,223,0,223,,,,,,,,,
2026-05-18T19:34:10,0,5,5,1,224,74816,224,True,2.994652406417112e-08,,,,,,6149.543285369873,696.1901659965515,0.00031280517578125,0.09792041778564453,1.4052424430847168,0.17511582374572754,4.468925476074219,0,41.62910774350335,26642.62895584214,0.2735588131320921,58808396.0,72590635.1362288,0.5,7287190532.268246,100000000000.0,100000000000.0,1000000000.0,clip,False,0,224,0,224,,,,,,,,,
2026-05-18T19:34:16,0,5,5,1,225,74816,225,True,3.008021390374331e-08,,,,,,6150.144815444946,696.1901659965515,0.0003008842468261719,0.09186935424804688,1.410886526107788,0.17836952209472656,4.466706037521362,0,41.625036105996,26640.02310783744,0.2735588131320921,58940752.0,72317637.47350423,0.5,7259063513.62288,100000000000.0,100000000000.0,1000000000.0,clip,False,0,225,0,225,,,,,,,,,
2026-05-18T19:34:23,0,5,5,1,226,74816,226,True,3.0213903743315504e-08,,,,,,6150.89750289917,696.1901659965515,0.00031495094299316406,0.0974891185760498,1.4058375358581543,0.1770939826965332,4.467976808547974,0,41.61994243593504,26636.763158998423,0.2735588131320921,58558328.0,72042451.28403415,0.5,7231763747.350423,100000000000.0,100000000000.0,1000000000.0,clip,False,0,226,0,226,,,,,,,,,
2026-05-18T19:34:29,0,5,5,1,227,74816,227,True,3.03475935828877e-08,,,,,,6157.448291778564,696.1901659965515,0.0003085136413574219,0.09473013877868652,1.4081354141235352,0.17769360542297363,4.474560022354126,0,41.57566379271291,26608.42482733626,0.2735588131320921,59566752.0,71792937.29835346,0.5,7204245128.403415,100000000000.0,100000000000.0,1000000000.0,clip,False,0,227,0,227,,,,,,,,,
2026-05-18T19:34:35,0,5,5,1,228,74816,228,True,3.0481283422459894e-08,,,,,,6144.098997116089,696.1901659965515,0.00028824806213378906,0.09276747703552246,1.4105913639068604,0.18309712409973145,4.4553892612457275,0,41.665995310323126,26666.236998606804,0.2735588131320921,58321928.0,71523517.11238639,0.5,7179293729.835346,100000000000.0,100000000000.0,1000000000.0,clip,False,0,228,0,228,,,,,,,,,
2026-05-18T19:34:41,0,5,5,1,229,74816,229,True,3.0614973262032085e-08,,,,,,6149.319887161255,696.1901659965515,0.00029969215393066406,0.09351801872253418,1.4094569683074951,0.17723941802978516,4.4668707847595215,0,41.63062008442347,26643.59685403102,0.2735588131320921,58265348.0,71258353.73013867,0.5,7152351711.238639,100000000000.0,100000000000.0,1000000000.0,clip,False,0,229,0,229,,,,,,,,,
2026-05-18T19:34:47,0,5,5,1,230,74816,230,True,3.074866310160428e-08,,,,,,6149.694442749023,696.1901659965515,0.00031065940856933594,0.09891676902770996,1.4046745300292969,0.18637442588806152,4.457443714141846,0,41.62808451431994,26641.97408916476,0.2735588131320921,58625084.0,71005688.33553591,0.5,7125835373.013867,100000000000.0,100000000000.0,1000000000.0,clip,False,0,230,0,230,,,,,,,,,
2026-05-18T19:34:53,0,5,5,1,231,74816,231,True,3.088235294117647e-08,523.8877563476562,182.13124084472656,0.7192378640174866,339.06182861328125,1.9754396677017212,6150.466442108154,696.1901659965515,0.00035834312438964844,0.09367632865905762,1.4089276790618896,0.1743025779724121,4.471155405044556,0,41.62285940580672,26638.630019716304,0.2735588131320921,57755080.0,70740676.1688252,0.5,7100568833.553592,100000000000.0,100000000000.0,1000000000.0,clip,False,0,231,0,231,545.0289713541666,480.7418212890625,627.37109375,6149.13671875,6154.09765625,768.8004150390625,0.0,999.164794921875,639465.4375
2026-05-18T19:34:59,0,5,5,1,232,74816,232,True,3.101604278074866e-08,,,,,,6157.610177993774,696.1901659965515,0.000293731689453125,0.09525012969970703,1.39066481590271,0.17885684967041016,4.4625444412231445,0,41.574570750662225,26607.725280423823,0.2735588131320921,56587320.0,70457609.04544869,0.5,7074067616.88252,100000000000.0,100000000000.0,1000000000.0,clip,False,0,232,0,232,,,,,,,,,
2026-05-18T19:35:06,0,5,5,1,233,74816,233,True,3.114973262032086e-08,,,,,,6150.20489692688,696.1901659965515,0.0003046989440917969,0.09454989433288574,1.4077768325805664,0.17470026016235352,4.470852375030518,0,41.62462947013643,26639.762860887316,0.2735588131320921,57402168.0,70196500.22453971,0.5,7045760904.544869,100000000000.0,100000000000.0,1000000000.0,clip,False,0,233,0,233,,,,,,,,,
2026-05-18T19:35:12,0,5,5,1,234,74816,234,True,3.128342245989305e-08,,,,,,6149.702787399292,696.1901659965515,0.0003104209899902344,0.09179472923278809,1.4110605716705322,0.17741727828979492,4.467125654220581,0,41.628028028369535,26641.937938156505,0.2735588131320921,55297912.0,69898528.46004891,0.5,7019650022.453971,100000000000.0,100000000000.0,1000000000.0,clip,False,0,234,0,234,,,,,,,,,
2026-05-18T19:35:18,0,5,5,1,235,74816,235,True,3.141711229946524e-08,,,,,,6154.223918914795,696.1901659965515,0.0003273487091064453,0.09203195571899414,1.410998821258545,0.17710041999816895,4.471760034561157,0,41.597446464889394,26622.365737529213,0.2735588131320921,54752520.0,69595608.29084794,0.5,6989852846.004891,100000000000.0,100000000000.0,1000000000.0,clip,False,0,235,0,235,,,,,,,,,
2026-05-18T19:35:24,0,5,5,1,236,74816,236,True,3.155080213903743e-08,,,,,,6150.673389434814,696.1901659965515,0.00031280517578125,0.09800529479980469,1.40238618850708,0.18177223205566406,4.466103792190552,0,41.62145895110256,26637.73372870564,0.2735588131320921,54630644.0,69296309.00503097,0.5,6959560829.084794,100000000000.0,100000000000.0,1000000000.0,clip,False,0,236,0,236,,,,,,,,,
2026-05-18T19:35:30,0,5,5,1,237,74816,237,True,3.1684491978609625e-08,,,,,,6148.886442184448,696.1901659965515,0.0003077983856201172,0.09478998184204102,1.405670404434204,0.17803668975830078,4.467985391616821,0,41.63355469434457,26645.47500438052,0.2735588131320921,54518588.0,69000754.58493036,0.5,6929630900.503098,100000000000.0,100000000000.0,1000000000.0,clip,False,0,237,0,237,,,,,,,,,
2026-05-18T19:35:36,0,5,5,1,238,74816,238,True,3.1818181818181816e-08,,,,,,6147.212505340576,696.1901659965515,0.00031256675720214844,0.09380102157592773,1.4073138236999512,0.18048930168151855,4.463292121887207,0,41.64489185587651,26652.730787760967,0.2735588131320921,54150824.0,68703755.97323176,0.5,6900075458.493036,100000000000.0,100000000000.0,1000000000.0,clip,False,0,238,0,238,,,,,,,,,
2026-05-18T19:35:42,0,5,5,1,239,74816,239,True,3.195187165775401e-08,,,,,,6151.534557342529,696.1901659965515,0.0003082752227783203,0.09494948387145996,1.407104253768921,0.1808464527130127,4.466436386108398,0,41.615632264381254,26634.004649204002,0.2735588131320921,53159048.0,68392861.81376714,0.5,6870375597.323176,100000000000.0,100000000000.0,1000000000.0,clip,False,0,239,0,239,,,,,,,,,
2026-05-18T19:35:49,0,5,5,1,240,74816,240,True,3.20855614973262e-08,,,,,,6148.205041885376,696.1901659965515,0.0002970695495605469,0.09363818168640137,1.4072422981262207,0.18030977249145508,4.464670181274414,0,41.63816890555368,26648.428099554352,0.2735588131320921,54011444.0,68105233.45749179,0.5,6839286181.376714,100000000000.0,100000000000.0,1000000000.0,clip,False,0,240,0,240,,,,,,,,,
2026-05-18T19:35:55,0,5,5,1,241,74816,241,True,3.221925133689839e-08,522.397216796875,184.9972381591797,0.7190925478935242,334.6899108886719,1.990937352180481,6152.466535568237,696.1901659965515,0.00032448768615722656,0.09596633911132812,1.4072866439819336,0.1804049015045166,4.466538190841675,0,41.60932831085379,26629.970118946425,0.2735588131320921,53774364.0,67818616.06834194,0.5,6810523345.749179,100000000000.0,100000000000.0,1000000000.0,clip,False,0,241,0,241,522.3448893229166,476.903076171875,592.1480712890625,6151.06640625,6155.68701171875,768.8004150390625,0.0,998.8511962890625,639264.8125
2026-05-18T19:36:01,0,5,5,1,242,74816,242,True,3.235294117647059e-08,,,,,,6156.360864639282,696.1901659965515,0.00027179718017578125,0.09602689743041992,1.3887343406677246,0.18353557586669922,4.459172487258911,0,41.58300749886268,26613.124799272115,0.2735588131320921,54142976.0,67545103.2669751,0.5,6781861606.834194,100000000000.0,100000000000.0,1000000000.0,clip,False,0,242,0,242,,,,,,,,,
2026-05-18T19:36:07,0,5,5,1,243,74816,243,True,3.248663101604278e-08,,,,,,6150.129795074463,696.1901659965515,0.00028824806213378906,0.09490108489990234,1.4074268341064453,0.18069005012512207,4.464812755584717,0,41.62513776620229,26640.08817036947,0.2735588131320921,53577656.0,67265754.3216356,0.5,6754510326.697511,100000000000.0,100000000000.0,1000000000.0,clip,False,0,243,0,243,,,,,,,,,
2026-05-18T19:36:13,0,5,5,1,244,74816,244,True,3.262032085561497e-08,,,,,,6149.936676025391,696.1901659965515,0.0003032684326171875,0.09665894508361816,1.405491590499878,0.1842501163482666,4.461220741271973,0,41.626444870233826,26640.92471694965,0.2735588131320921,53046752.0,66981374.27520289,0.5,6726575432.163561,100000000000.0,100000000000.0,1000000000.0,clip,False,0,244,0,244,,,,,,,,,
2026-05-18T19:36:19,0,5,5,1,245,74816,245,True,3.2754010695187164e-08,,,,,,6149.251461029053,696.1901659965515,0.0003216266632080078,0.09690451622009277,1.4064216613769531,0.1815636157989502,4.462023973464966,0,41.63108333142704,26643.893332113308,0.2735588131320921,50884968.0,66659446.14969883,0.5,6698137427.520289,100000000000.0,100000000000.0,1000000000.0,clip,False,0,245,0,245,,,,,,,,,
2026-05-18T19:36:26,0,5,5,1,246,74816,246,True,3.2887700534759355e-08,,,,,,6151.200771331787,696.1901659965515,0.0003066062927246094,0.0943300724029541,1.4089555740356445,0.18364167213439941,4.461931467056274,0,41.61789047645958,26635.449904934132,0.2735588131320921,51313892.0,66352535.066704854,0.5,6665944614.969883,100000000000.0,100000000000.0,1000000000.0,clip,False,0,246,0,246,,,,,,,,,
2026-05-18T19:36:32,0,5,5,1,247,74816,247,True,3.302139037433155e-08,,,,,,6150.299072265625,696.1901659965515,0.00030303001403808594,0.09524297714233398,1.407400131225586,0.18108892440795898,4.463958978652954,0,41.62399210054929,26639.354944351544,0.2735588131320921,51964176.0,66064767.88537076,0.5,6635253506.6704855,100000000000.0,100000000000.0,1000000000.0,clip,False,0,247,0,247,,,,,,,,,
2026-05-18T19:36:38,0,5,5,1,248,74816,248,True,3.3155080213903745e-08,,,,,,6149.986505508423,696.1901659965515,0.0003147125244140625,0.09537148475646973,1.4069812297821045,0.18734526634216309,4.458101272583008,0,41.62610759726152,26640.708862247375,0.2735588131320921,50410068.0,65751673.88766334,0.5,6606476788.537076,100000000000.0,100000000000.0,1000000000.0,clip,False,0,248,0,248,,,,,,,,,
2026-05-18T19:36:44,0,5,5,1,249,74816,249,True,3.328877005347593e-08,,,,,,6150.064945220947,696.1901659965515,0.0003304481506347656,0.09740543365478516,1.4052796363830566,0.17999553680419922,4.465022563934326,0,41.62557668580896,26640.36907891773,0.2735588131320921,49474644.0,65426133.28991008,0.5,6575167388.766335,100000000000.0,100000000000.0,1000000000.0,clip,False,0,249,0,249,,,,,,,,,
2026-05-18T19:36:50,0,5,5,1,250,74816,250,True,3.342245989304813e-08,,,,,,6150.300741195679,696.1901659965515,0.0003421306610107422,0.0957486629486084,1.4070630073547363,0.18494892120361328,4.460147142410278,0,41.62398080556807,26639.347715563563,0.2735588131320921,49363432.0,65104879.26411188,0.5,6542613328.991008,100000000000.0,100000000000.0,1000000000.0,clip,False,0,250,0,250,,,,,,,,,
2026-05-18T19:36:56,0,5,5,1,251,74816,251,True,3.355614973262032e-08,505.617919921875,185.37831115722656,0.7198078632354736,317.5429382324219,1.976864218711853,6151.699066162109,696.1901659965515,0.0003197193145751953,0.09476423263549805,1.4077427387237549,0.17763042449951172,4.469139099121094,0,41.61451937858072,26633.29240229166,0.2735588131320921,48146352.0,64765708.71882964,0.5,6510487926.411188,100000000000.0,100000000000.0,1000000000.0,clip,False,0,251,0,251,520.3386637369791,446.2673034667969,589.9898071289062,6150.311197916667,6153.888671875,768.8004150390625,0.0,998.9739379882812,639343.3125
2026-05-18T19:37:02,0,5,5,1,252,74816,252,True,3.368983957219251e-08,,,,,,6163.975954055786,696.1901659965515,0.0002868175506591797,0.09501814842224121,1.3896992206573486,0.18094563484191895,4.465114116668701,0,41.53163508555814,26580.24645475721,0.2735588131320921,49608352.0,64462561.58445305,0.5,6476570871.882964,100000000000.0,100000000000.0,1000000000.0,clip,False,0,252,0,252,,,,,,,,,
2026-05-18T19:37:09,0,5,5,1,253,74816,253,True,3.38235294117647e-08,,,,,,6148.724317550659,696.1901659965515,0.000331878662109375,0.09682965278625488,1.4036989212036133,0.18415617942810059,4.461627960205078,0,41.634652454539946,26646.177570905566,0.2735588131320921,47146624.0,64116242.832763985,0.5,6446256158.445305,100000000000.0,100000000000.0,1000000000.0,clip,False,0,253,0,253,,,,,,,,,
2026-05-18T19:37:15,0,5,5,1,254,74816,254,True,3.3957219251336895e-08,,,,,,6147.958278656006,696.1901659965515,0.0003113746643066406,0.09385466575622559,1.406949758529663,0.17231011390686035,4.472527742385864,0,41.63984015453724,26649.497698903833,0.2735588131320921,49612916.0,63826176.29610871,0.5,6411624283.276399,100000000000.0,100000000000.0,1000000000.0,clip,False,0,254,0,254,,,,,,,,,
2026-05-18T19:37:21,0,5,5,1,255,74816,255,True,3.4090909090909086e-08,,,,,,6152.055978775024,696.1901659965515,0.00030493736267089844,0.09122323989868164,1.4127051830291748,0.17616057395935059,4.469722032546997,0,41.6121051048976,26631.747267134466,0.2735588131320921,49165924.0,63532971.25018654,0.5,6382617629.61087,100000000000.0,100000000000.0,1000000000.0,clip,False,0,255,0,255,,,,,,,,,
2026-05-18T19:37:27,0,5,5,1,256,74816,256,True,3.4224598930481285e-08,,,,,,6149.820327758789,696.1901659965515,0.00031256675720214844,0.09882068634033203,1.4027290344238281,0.18049359321594238,4.4654786586761475,0,41.62723239969767,26641.42873580651,0.2735588131320921,46894376.0,63200199.34518281,0.5,6353297125.018654,100000000000.0,100000000000.0,1000000000.0,clip,False,0,256,0,256,,,,,,,,,
2026-05-18T19:37:33,0,5,5,1,257,74816,257,True,3.4358288770053476e-08,,,,,,6149.906635284424,696.1901659965515,0.0007610321044921875,0.0946805477142334,1.4056460857391357,0.18381786346435547,4.46285080909729,0,41.6266482049057,26641.05485113965,0.2735588131320921,48409764.0,62904390.638279155,0.5,6320019934.518281,100000000000.0,100000000000.0,1000000000.0,clip,False,0,257,0,257,,,,,,,,,
2026-05-18T19:37:39,0,5,5,1,258,74816,258,True,3.449197860962567e-08,,,,,,6150.136947631836,696.1901659965515,0.00030541419982910156,0.0984504222869873,1.4023268222808838,0.179246187210083,4.467784643173218,0,41.625089356518316,26640.057188171726,0.2735588131320921,48239144.0,62611085.705513574,0.5,6290439063.827915,100000000000.0,100000000000.0,1000000000.0,clip,False,0,258,0,258,,,,,,,,,
2026-05-18T19:37:45,0,5,5,1,259,74816,259,True,3.462566844919786e-08,,,,,,6150.415897369385,696.1901659965515,0.0003046989440917969,0.09449601173400879,1.4067647457122803,0.17767548561096191,4.469059228897095,0,41.623201466667425,26638.84893866715,0.2735588131320921,45013156.0,62259127.1114033,0.5,6261108570.551357,100000000000.0,100000000000.0,1000000000.0,clip,False,0,259,0,259,,,,,,,,,
2026-05-18T19:37:52,0,5,5,1,260,74816,260,True,3.475935828877005e-08,,,,,,6149.791240692139,696.1901659965515,0.00030612945556640625,0.09530353546142578,1.4053339958190918,0.18227934837341309,4.4644927978515625,0,41.62742928671967,26641.554743500586,0.2735588131320921,45055440.0,61915053.36917524,0.5,6225912711.14033,100000000000.0,100000000000.0,1000000000.0,clip,False,0,260,0,260,,,,,,,,,
2026-05-18T19:37:58,0,5,5,1,261,74816,261,True,3.489304812834225e-08,518.0759887695312,192.00735473632812,0.7185824513435364,323.34234619140625,2.007664442062378,6150.735139846802,696.1901659965515,0.00030684471130371094,0.09525728225708008,1.409864902496338,0.1790778636932373,4.464272975921631,0,41.6210410917444,26637.46629871642,0.2735588131320921,46434240.0,61605437.10179174,0.5,6191505336.917524,100000000000.0,100000000000.0,1000000000.0,clip,False,0,261,0,261,522.0421956380209,457.58673095703125,594.9293823242188,6150.477864583333,6155.04296875,768.8004150390625,0.0,998.94677734375,639326.0
2026-05-18T19:38:04,0,5,5,1,262,74816,262,True,3.5026737967914434e-08,,,,,,6156.9061279296875,696.1901659965515,0.0003170967102050781,0.09601092338562012,1.3896996974945068,0.1784045696258545,4.466289281845093,0,41.579324855823685,26610.767907727157,0.2735588131320921,46431572.0,61301959.7997559,0.5,6160543710.179174,100000000000.0,100000000000.0,1000000000.0,clip,False,0,262,0,262,,,,,,,,,
2026-05-18T19:38:10,0,5,5,1,263,74816,263,True,3.516042780748663e-08,,,,,,6149.770975112915,696.1901659965515,0.0002913475036621094,0.09735441207885742,1.403684377670288,0.1780717372894287,4.4684364795684814,0,41.627566463204694,26641.642536451003,0.2735588131320921,44481168.0,60965543.96376078,0.5,6130195979.97559,100000000000.0,100000000000.0,1000000000.0,clip,False,0,263,0,263,,,,,,,,,
2026-05-18T19:38:16,0,5,5,1,264,74816,264,True,3.529411764705882e-08,,,,,,6149.936676025391,696.1901659965515,0.0003008842468261719,0.09806013107299805,1.4030852317810059,0.1790311336517334,4.467451333999634,0,41.626444870233826,26640.92471694965,0.2735588131320921,45840460.0,60663042.28448556,0.5,6096554396.376078,100000000000.0,100000000000.0,1000000000.0,clip,False,0,264,0,264,,,,,,,,,
2026-05-18T19:38:22,0,5,5,1,265,74816,265,True,3.5427807486631015e-08,,,,,,6150.909662246704,696.1901659965515,0.00030303001403808594,0.0984182357788086,1.402590036392212,0.18181824684143066,4.465676546096802,0,41.61986016008118,26636.710502451955,0.2735588131320921,45073684.0,60351255.11879585,0.5,6066304228.448556,100000000000.0,100000000000.0,1000000000.0,clip,False,0,265,0,265,,,,,,,,,
2026-05-18T19:38:29,0,5,5,1,266,74816,266,True,3.5561497326203214e-08,,,,,,6149.96075630188,696.1901659965515,0.0002932548522949219,0.09684610366821289,1.4039838314056396,0.17995834350585938,4.466898679733276,0,41.626281881177235,26640.820403953432,0.2735588131320921,43446788.0,60013165.77641993,0.5,6035125511.879585,100000000000.0,100000000000.0,1000000000.0,clip,False,0,266,0,266,,,,,,,,,
2026-05-18T19:38:35,0,5,5,1,267,74816,267,True,3.56951871657754e-08,,,,,,6148.508310317993,696.1901659965515,0.00030231475830078125,0.09760594367980957,1.4031798839569092,0.18340373039245605,4.461970567703247,0,41.636115148514776,26647.11369504946,0.2735588131320921,43656048.0,59686023.42089153,0.5,6001316577.641993,100000000000.0,100000000000.0,1000000000.0,clip,False,0,267,0,267,,,,,,,,,
2026-05-18T19:38:41,0,5,5,1,268,74816,268,True,3.58288770053476e-08,,,,,,6151.984214782715,696.1901659965515,0.0002906322479248047,0.09424591064453125,1.4092674255371094,0.17343688011169434,4.47277045249939,0,41.61259051752001,26632.057931212807,0.2735588131320921,43647636.0,59365255.6724737,0.5,5968602342.089153,100000000000.0,100000000000.0,1000000000.0,clip,False,0,268,0,268,,,,,,,,,
2026-05-18T19:38:47,0,5,5,1,269,74816,269,True,3.596256684491978e-08,,,,,,6149.1899490356445,696.1901659965515,0.0003037452697753906,0.09583377838134766,1.4045464992523193,0.18604326248168945,4.460524559020996,0,41.63149977829967,26644.15985811179,0.2735588131320921,44574280.0,59069436.15902422,0.5,5936525567.24737,100000000000.0,100000000000.0,1000000000.0,clip,False,0,269,0,269,,,,,,,,,
2026-05-18T19:38:53,0,5,5,1,270,74816,270,True,3.609625668449198e-08,,,,,,6147.758722305298,696.1901659965515,0.00031065940856933594,0.09716033935546875,1.403468370437622,0.19282770156860352,4.452058792114258,0,41.641191784443464,26650.362742043817,0.2735588131320921,42487884.0,58737805.115843736,0.5,5906943615.902422,100000000000.0,100000000000.0,1000000000.0,clip,False,0,270,0,270,,,,,,,,,
2026-05-18T19:38:59,0,5,5,1,271,74816,271,True,3.6229946524064165e-08,464.5388488769531,177.2203369140625,0.7205798029899597,284.60406494140625,1.9938796758651733,6152.634143829346,696.1901659965515,0.00030994415283203125,0.09359574317932129,1.4093515872955322,0.18521666526794434,4.46217679977417,0,41.60819480169315,26629.24467308362,0.2735588131320921,40931880.0,58381686.61352686,0.5,5873780511.584373,100000000000.0,100000000000.0,1000000000.0,clip,False,0,271,0,271,514.5491943359375,445.29833984375,595.7996215820312,6151.416015625,6158.5341796875,768.8004150390625,0.0,998.7945556640625,639228.5625
2026-05-18T19:39:05,0,5,5,1,272,74816,272,True,3.636363636363636e-08,,,,,,6166.395902633667,696.1901659965515,0.0003490447998046875,0.0964655876159668,1.3888168334960938,0.1744074821472168,4.47693133354187,0,41.51533635565995,26569.815267622365,0.2735588131320921,42326600.0,58060584.88125632,0.5,5838168661.352686,100000000000.0,100000000000.0,1000000000.0,clip,False,0,272,0,272,,,,,,,,,
2026-05-18T19:39:12,0,5,5,1,273,74816,273,True,3.6497326203208555e-08,,,,,,6155.124664306641,696.1901659965515,0.00033164024353027344,0.09839272499084473,1.4006335735321045,0.1788632869720459,4.474728107452393,0,41.59135906451015,26618.469801286497,0.2735588131320921,40588204.0,57711137.26363119,0.5,5806058488.125632,100000000000.0,100000000000.0,1000000000.0,clip,False,0,273,0,273,,,,,,,,,
2026-05-18T19:39:18,0,5,5,1,274,74816,274,True,3.6631016042780746e-08,,,,,,6151.026964187622,696.1901659965515,0.0003046989440917969,0.09367680549621582,1.408884048461914,0.1872870922088623,4.458788156509399,0,41.619066456784815,26636.202532342282,0.2735588131320921,41725160.0,57391417.71835857,0.5,5771113726.363119,100000000000.0,100000000000.0,1000000000.0,clip,False,0,274,0,274,,,,,,,,,
2026-05-18T19:39:24,0,5,5,1,275,74816,275,True,3.676470588235294e-08,,,,,,6148.948431015015,696.1901659965515,0.00030612945556640625,0.09538102149963379,1.4054086208343506,0.17870688438415527,4.467170476913452,0,41.63313497780331,26645.20638579412,0.2735588131320921,41067544.0,57064940.2439914,0.5,5739141771.835856,100000000000.0,100000000000.0,1000000000.0,clip,False,0,275,0,275,,,,,,,,,
2026-05-18T19:39:30,0,5,5,1,276,74816,276,True,3.689839572192513e-08,,,,,,6151.989459991455,696.1901659965515,0.0003044605255126953,0.09482169151306152,1.4073467254638672,0.17840290069580078,4.469147443771362,0,41.61255503847296,26632.035224622698,0.2735588131320921,39069532.0,56705032.07911157,0.5,5706494024.399139,100000000000.0,100000000000.0,1000000000.0,clip,False,0,276,0,276,,,,,,,,,
2026-05-18T19:39:36,0,5,5,1,277,74816,277,True,3.703208556149733e-08,,,,,,6149.600505828857,696.1901659965515,0.0003044605255126953,0.09955739974975586,1.4011352062225342,0.1812899112701416,4.465278148651123,0,41.62872039530895,26642.381052997727,0.2735588131320921,39422272.0,56359376.87752933,0.5,5670503207.911157,100000000000.0,100000000000.0,1000000000.0,clip,False,0,277,0,277,,,,,,,,,
2026-05-18T19:39:42,0,5,5,1,278,74816,278,True,3.716577540106952e-08,,,,,,6150.835752487183,696.1901659965515,0.00030422210693359375,0.09546613693237305,1.4065868854522705,0.18104004859924316,4.465409278869629,0,41.6203602732332,26637.03057486925,0.2735588131320921,37076028.0,55973709.89997874,0.5,5635937687.7529335,100000000000.0,100000000000.0,1000000000.0,clip,False,0,278,0,278,,,,,,,,,
2026-05-18T19:39:49,0,5,5,1,279,74816,279,True,3.729946524064171e-08,,,,,,6150.284767150879,696.1901659965515,0.0003037452697753906,0.09517455101013184,1.40751051902771,0.17926263809204102,4.4660890102386475,0,41.624088914925494,26639.416905552313,0.2735588131320921,37477984.0,55603795.38197917,0.5,5597370989.997874,100000000000.0,100000000000.0,1000000000.0,clip,False,0,279,0,279,,,,,,,,,
2026-05-18T19:39:55,0,5,5,1,280,74816,280,True,3.74331550802139e-08,,,,,,6152.285814285278,696.1901659965515,0.0003113746643066406,0.09569454193115234,1.4063243865966797,0.17859578132629395,4.469374418258667,0,41.61055057058333,26630.752365173328,0.2735588131320921,37410640.0,55239932.27433958,0.5,5560379538.197917,100000000000.0,100000000000.0,1000000000.0,clip,False,0,280,0,280,,,,,,,,,
2026-05-18T19:40:01,0,5,5,1,281,74816,281,True,3.7566844919786094e-08,505.28082275390625,192.76205444335938,0.7189251780509949,309.81121826171875,1.9886393547058105,6147.184610366821,696.1901659965515,0.00030541419982910156,0.09994053840637207,1.4003381729125977,0.17459368705749512,4.46998405456543,0,41.64508083395981,26652.85173373428,0.2735588131320921,37701216.0,54889157.948852785,0.5,5523993227.433958,100000000000.0,100000000000.0,1000000000.0,clip,False,0,281,0,281,508.4671223958333,444.277587890625,559.5413208007812,6150.013020833333,6155.62646484375,768.8004150390625,0.0,999.0224609375,639374.375
2026-05-18T19:40:07,0,5,5,1,282,74816,282,True,3.7700534759358286e-08,,,,,,6476.361036300659,696.1901659965515,0.0002875328063964844,0.09412288665771484,1.3903813362121582,0.17369413375854492,4.788495779037476,0,39.528370726260334,25298.15726480661,0.2735588131320921,38821152.0,54567797.82987573,0.5,5488915794.885279,100000000000.0,100000000000.0,1000000000.0,clip,False,0,282,0,282,,,,,,,,,
2026-05-18T19:40:13,0,5,5,1,283,74816,283,True,3.783422459893048e-08,,,,,,6158.336162567139,696.1901659965515,0.0002968311309814453,0.09389638900756836,1.4099977016448975,0.17277312278747559,4.479250907897949,0,41.569669670855525,26604.58858934754,0.2735588131320921,36798984.0,54212421.553278215,0.5,5456779782.987573,100000000000.0,100000000000.0,1000000000.0,clip,False,0,283,0,283,,,,,,,,,
2026-05-18T19:40:20,0,5,5,1,284,74816,284,True,3.796791443850267e-08,,,,,,6148.789167404175,696.1901659965515,0.0003097057342529297,0.09643173217773438,1.4044806957244873,0.18194031715393066,4.463646411895752,0,41.6342133435151,26645.896539849666,0.2735588131320921,37796180.0,53884096.72221265,0.5,5421242155.327822,100000000000.0,100000000000.0,1000000000.0,clip,False,0,284,0,284,,,,,,,,,
2026-05-18T19:40:26,0,5,5,1,285,74816,285,True,3.810160427807487e-08,,,,,,6151.528120040894,696.1901659965515,0.0003032684326171875,0.09463310241699219,1.408235788345337,0.17978501319885254,4.4666829109191895,0,41.61567581329665,26634.032520509852,0.2735588131320921,36603848.0,53538491.747768395,0.5,5388409672.221265,100000000000.0,100000000000.0,1000000000.0,clip,False,0,285,0,285,,,,,,,,,
2026-05-18T19:40:32,0,5,5,1,286,74816,286,True,3.823529411764706e-08,,,,,,6147.1498012542725,696.1901659965515,0.00030803680419921875,0.09620475769042969,1.4051730632781982,0.183121919631958,4.46028208732605,0,41.64531665517008,26653.00265930885,0.2735588131320921,34099524.0,53149712.39281303,0.5,5353849174.776839,100000000000.0,100000000000.0,1000000000.0,clip,False,0,286,0,286,,,,,,,,,
2026-05-18T19:40:38,0,5,5,1,287,74816,287,True,3.836898395721925e-08,,,,,,6150.600433349609,696.1901659965515,0.0003170967102050781,0.09320497512817383,1.4095211029052734,0.17496395111083984,4.470516920089722,0,41.62195264903311,26638.049695381193,0.2735588131320921,34955144.0,52785821.02495677,0.5,5314971239.281302,100000000000.0,100000000000.0,1000000000.0,clip,False,0,287,0,287,,,,,,,,,
2026-05-18T19:40:44,0,5,5,1,288,74816,288,True,3.850267379679144e-08,,,,,,6150.038003921509,696.1901659965515,0.00029921531677246094,0.10033512115478516,1.4024717807769775,0.1740405559539795,4.470887660980225,0,41.62575903380828,26640.4857816373,0.2735588131320921,34880940.0,52427723.40445763,0.5,5278582102.495677,100000000000.0,100000000000.0,1000000000.0,clip,False,0,288,0,288,,,,,,,,,
2026-05-18T19:40:50,0,5,5,1,289,74816,289,True,3.8636363636363633e-08,,,,,,6150.3005027771,696.1901659965515,0.0002884864807128906,0.0939173698425293,1.4091498851776123,0.18031764030456543,4.464596271514893,0,41.62398241913644,26639.34874824732,0.2735588131320921,35866968.0,52096508.29636847,0.5,5242772340.445763,100000000000.0,100000000000.0,1000000000.0,clip,False,0,289,0,289,,,,,,,,,
2026-05-18T19:40:57,0,5,5,1,290,74816,290,True,3.877005347593583e-08,,,,,,6149.084568023682,696.1901659965515,0.00032591819763183594,0.09275436401367188,1.4103097915649414,0.17520499229431152,4.4684529304504395,0,41.63221324540646,26644.616477060135,0.2735588131320921,34597748.0,51746533.0904411,0.5,5209650829.6368475,100000000000.0,100000000000.0,1000000000.0,clip,False,0,290,0,290,,,,,,,,,
2026-05-18T19:41:03,0,5,5,1,291,74816,291,True,3.8903743315508017e-08,429.375732421875,157.0316619873047,0.7201442122459412,269.6380920410156,1.9858510494232178,6153.00726890564,696.1901659965515,0.0003154277801513672,0.09032344818115234,1.4125275611877441,0.1738417148590088,4.473440885543823,0,41.605671635348415,26627.629846622985,0.2735588131320921,34447972.0,51400561.86863227,0.5,5174653309.04411,100000000000.0,100000000000.0,1000000000.0,clip,False,0,291,0,291,502.3833821614583,429.375732421875,578.0230102539062,6152.766276041667,6167.822265625,768.8004150390625,0.0,998.5755004882812,639088.3125
2026-05-18T19:41:09,0,5,5,1,292,74816,292,True,3.9037433155080215e-08,,,,,,6169.726848602295,696.1901659965515,0.0003008842468261719,0.09473156929016113,1.3909635543823242,0.17777633666992188,4.467698335647583,0,41.492922828179154,26555.47061003466,0.2735588131320921,32162550.0,51015801.63125963,0.5,5140056186.863227,100000000000.0,100000000000.0,1000000000.0,clip,False,0,292,0,292,,,,,,,,,
2026-05-18T19:41:15,0,5,5,1,293,74816,293,True,3.91711229946524e-08,,,,,,6145.559549331665,696.1901659965515,0.0003185272216796875,0.0938565731048584,1.4053926467895508,0.17568087577819824,4.46830677986145,0,41.656092979823164,26659.899507086826,0.2735588131320921,32273194.0,50640949.47863444,0.5,5101580163.125963,100000000000.0,100000000000.0,1000000000.0,clip,False,0,293,0,293,,,,,,,,,
2026-05-18T19:41:21,0,5,5,1,294,74816,294,True,3.93048128342246e-08,,,,,,6151.808500289917,696.1901659965515,0.0003235340118408203,0.1080772876739502,1.3952319622039795,0.17344999313354492,4.47244930267334,0,41.61377910055806,26632.81862435716,0.2735588131320921,32316852.0,50274467.52906175,0.5,5064094947.863444,100000000000.0,100000000000.0,1000000000.0,clip,False,0,294,0,294,,,,,,,,,
2026-05-18T19:41:27,0,5,5,1,295,74816,295,True,3.943850267379678e-08,,,,,,6149.90496635437,696.1901659965515,0.0003197193145751953,0.09894704818725586,1.403102159500122,0.1755671501159668,4.469593524932861,0,41.6266595013346,26641.062080854146,0.2735588131320921,31991888.0,49908815.93848051,0.5,5027446752.906175,100000000000.0,100000000000.0,1000000000.0,clip,False,0,295,0,295,,,,,,,,,
2026-05-18T19:41:33,0,5,5,1,296,74816,296,True,3.957219251336898e-08,,,,,,6149.446964263916,696.1901659965515,0.00033020973205566406,0.09824657440185547,1.404113531112671,0.17735075950622559,4.467020034790039,0,41.62975979591085,26643.046269382943,0.2735588131320921,30834120.0,49527322.0197109,0.5,4990881593.848051,100000000000.0,100000000000.0,1000000000.0,clip,False,0,296,0,296,,,,,,,,,
2026-05-18T19:41:40,0,5,5,1,297,74816,297,True,3.970588235294118e-08,,,,,,6149.78551864624,696.1901659965515,0.00032806396484375,0.09801697731018066,1.4040329456329346,0.17691659927368164,4.467923402786255,0,41.627468018812074,26641.57953203973,0.2735588131320921,31128736.0,49159350.29931668,0.5,4952732201.97109,100000000000.0,100000000000.0,1000000000.0,clip,False,0,297,0,297,,,,,,,,,
2026-05-18T19:41:46,0,5,5,1,298,74816,298,True,3.9839572192513364e-08,,,,,,6149.269819259644,696.1901659965515,0.00032019615173339844,0.09655904769897461,1.405304193496704,0.17415308952331543,4.47078537940979,0,41.63095904463365,26643.813788565538,0.2735588131320921,30111360.0,48778390.49333035,0.5,4915935029.931668,100000000000.0,100000000000.0,1000000000.0,clip,False,0,298,0,298,,,,,,,,,
2026-05-18T19:41:52,0,5,5,1,299,74816,299,True,3.997326203208556e-08,,,,,,6150.464773178101,696.1901659965515,0.0003170967102050781,0.09923315048217773,1.4036204814910889,0.17823147773742676,4.466953277587891,0,41.62287070017935,26638.637248114785,0.2735588131320921,28917670.0,48381176.08346374,0.5,4877839049.333035,100000000000.0,100000000000.0,1000000000.0,clip,False,0,299,0,299,,,,,,,,,
2026-05-18T19:41:58,0,5,5,1,300,74816,300,True,4.010695187165775e-08,,,,,,6150.037527084351,696.1901659965515,0.0003261566162109375,0.0968623161315918,1.4055542945861816,0.17453384399414062,4.470484018325806,0,41.62576226122089,26640.487847181368,0.2735588131320921,29107500.0,47995702.56179447,0.5,4838117608.3463745,100000000000.0,100000000000.0,1000000000.0,clip,False,0,300,0,300,,,,,,,,,
2026-05-18T19:42:04,0,5,5,1,301,74816,301,True,4.0240641711229946e-08,481.551025390625,181.61703491210938,0.7191800475120544,297.2476806640625,1.9671186208724976,6149.913311004639,696.1901659965515,0.00034332275390625,0.6738827228546143,0.8282887935638428,0.17576932907104492,4.469508647918701,0,41.62660301925139,26641.02593232089,0.2735583288386917,28665978.0,47609108.07055858,0.5,4799570256.179447,100000000000.0,100000000000.0,1000000000.0,clip,False,0,301,0,301,488.4320475260417,441.6407775878906,543.6531372070312,6150.780598958333,6178.2734375,768.8004150390625,0.0,998.8985595703125,639295.0625
2026-05-18T19:42:10,0,5,5,1,302,74816,302,True,4.037433155080214e-08,,,,,,6176.573991775513,696.1901659965515,0.00030517578125,0.09698748588562012,1.3887684345245361,0.17678141593933105,4.467284440994263,0,41.44692516286209,26526.032104231734,0.2735583288386917,27995016.0,47216826.229147404,0.5,4760910807.055858,100000000000.0,100000000000.0,1000000000.0,clip,False,0,302,0,302,,,,,,,,,
2026-05-18T19:42:16,0,5,5,1,303,74816,303,True,4.050802139037433e-08,,,,,,6144.996643066406,696.1901659965515,0.00033211708068847656,0.09606552124023438,1.4062936305999756,0.1741499900817871,4.465933561325073,0,41.65990884451546,26662.341660489896,0.2735583288386917,28069882.0,46833887.34456445,0.5,4721682622.914741,100000000000.0,100000000000.0,1000000000.0,clip,False,0,303,0,303,,,,,,,,,
2026-05-18T19:42:23,0,5,5,1,304,74816,304,True,4.064171122994652e-08,,,,,,6147.520303726196,696.1901659965515,0.0003688335418701172,0.10295391082763672,1.3984413146972656,0.17378473281860352,4.469637393951416,0,41.6428067500372,26651.39632002381,0.2735583288386917,27141168.0,46440032.95767316,0.5,4683388734.456446,100000000000.0,100000000000.0,1000000000.0,clip,False,0,304,0,304,,,,,,,,,
2026-05-18T19:42:29,0,5,5,1,305,74816,305,True,4.077540106951871e-08,,,,,,6151.442050933838,696.1901659965515,0.0002779960632324219,0.09473156929016113,1.4074711799621582,0.1780996322631836,4.468725681304932,0,41.6162580871809,26634.405175795775,0.2735583288386917,26645834.0,46044148.9785197,0.5,4644003295.767316,100000000000.0,100000000000.0,1000000000.0,clip,False,0,305,0,305,,,,,,,,,
2026-05-18T19:42:35,0,5,5,1,306,74816,306,True,4.090909090909091e-08,,,,,,6150.053262710571,696.1901659965515,0.0003695487976074219,0.10436058044433594,1.3976447582244873,0.17638182640075684,4.4691009521484375,0,41.62565575686912,26640.419684396235,0.2735583288386917,25877594.0,45640817.87894931,0.5,4604414897.85197,100000000000.0,100000000000.0,1000000000.0,clip,False,0,306,0,306,,,,,,,,,
2026-05-18T19:42:41,0,5,5,1,307,74816,307,True,4.10427807486631e-08,,,,,,6222.111463546753,696.1901659965515,0.0003714561462402344,0.09979414939880371,1.4012718200683594,0.17801117897033691,4.5402936935424805,0,41.14358951938059,26331.897292403577,0.2735583288386917,25063334.0,45229268.20137032,0.5,4564081787.894931,100000000000.0,100000000000.0,1000000000.0,clip,False,0,307,0,307,,,,,,,,,
2026-05-18T19:42:47,0,5,5,1,308,74816,308,True,4.1176470588235293e-08,,,,,,6149.204730987549,696.1901659965515,0.0003192424774169922,0.10451126098632812,1.3966648578643799,0.18018746376037598,4.465327739715576,0,41.63139970115891,26644.095808741702,0.2735583288386917,26303576.0,44850754.357342914,0.5,4522926820.1370325,100000000000.0,100000000000.0,1000000000.0,clip,False,0,308,0,308,,,,,,,,,
2026-05-18T19:42:53,0,5,5,1,309,74816,309,True,4.1310160427807485e-08,,,,,,6150.616884231567,696.1901659965515,0.0003597736358642578,0.10068368911743164,1.401033878326416,0.17403602600097656,4.472310781478882,0,41.621841323967224,26637.978447339025,0.2735583288386917,26563452.0,44485008.31019606,0.5,4485075435.734291,100000000000.0,100000000000.0,1000000000.0,clip,False,0,309,0,309,,,,,,,,,
2026-05-18T19:43:00,0,5,5,1,310,74816,310,True,4.1443850267379677e-08,,,,,,6150.962114334106,696.1901659965515,0.00037288665771484375,0.10402679443359375,1.3977775573730469,0.17505884170532227,4.471425771713257,0,41.61950524836132,26636.483358951245,0.2735583288386917,24101588.0,44077339.90399213,0.5,4448500831.019606,100000000000.0,100000000000.0,1000000000.0,clip,False,0,310,0,310,,,,,,,,,
2026-05-18T19:43:06,0,5,5,1,311,74816,311,True,4.157754010695187e-08,540.257568359375,217.55221557617188,0.7193271517753601,319.9825744628906,2.0033998489379883,6151.6218185424805,696.1901659965515,0.0003516674041748047,0.1044313907623291,1.3971145153045654,0.17587947845458984,4.471571445465088,0,41.61504194363085,26633.626843923743,0.2735583288386917,25008156.0,43695956.22591229,0.5,4407733990.399213,100000000000.0,100000000000.0,1000000000.0,clip,False,0,311,0,311,477.830322265625,392.5810241699219,556.1157836914062,6151.244140625,6153.65380859375,768.8004150390625,0.0,998.8223876953125,639246.25
2026-05-18T19:43:12,0,5,5,1,312,74816,312,True,4.1711229946524066e-08,,,,,,6156.961917877197,696.1901659965515,0.0003218650817871094,0.10595059394836426,1.3795771598815918,0.17552733421325684,4.46818733215332,0,41.57894809397553,26610.526780144337,0.2735583288386917,23462164.0,43291280.38139404,0.5,4369595622.5912285,100000000000.0,100000000000.0,1000000000.0,clip,False,0,312,0,312,,,,,,,,,
2026-05-18T19:43:18,0,5,5,1,313,74816,313,True,4.184491978609625e-08,,,,,,6155.03191947937,696.1901659965515,0.00032210350036621094,0.0973806381225586,1.4045846462249756,0.17803096771240234,4.472254276275635,0,41.591985768556995,26618.870891876475,0.2735583288386917,21730252.0,42860059.81376616,0.5,4329128038.139404,100000000000.0,100000000000.0,1000000000.0,clip,False,0,313,0,313,,,,,,,,,
2026-05-18T19:43:24,0,5,5,1,314,74816,314,True,4.197860962566845e-08,,,,,,6145.563125610352,696.1901659965515,0.0003063678741455078,0.09400606155395508,1.4071033000946045,0.1821460723876953,4.459824323654175,0,41.65606873895305,26659.883992929957,0.2735583288386917,22829742.0,42459453.45749084,0.5,4286005981.376616,100000000000.0,100000000000.0,1000000000.0,clip,False,0,314,0,314,,,,,,,,,
2026-05-18T19:43:30,0,5,5,1,315,74816,315,True,4.2112299465240635e-08,,,,,,6150.265455245972,696.1901659965515,0.0002732276916503906,0.08960771560668945,1.4128293991088867,0.17338204383850098,4.472174882888794,0,41.62421961504776,26639.500553630565,0.2735583288386917,22873234.0,42067729.068341024,0.5,4245945345.749084,100000000000.0,100000000000.0,1000000000.0,clip,False,0,315,0,315,,,,,,,,,
2026-05-18T19:43:37,0,5,5,1,316,74816,316,True,4.224598930481283e-08,,,,,,6149.151563644409,696.1901659965515,0.0002765655517578125,0.09052586555480957,1.4119038581848145,0.1784055233001709,4.456175088882446,0,41.63175965828314,26644.32618130121,0.2735583288386917,22042778.0,41667230.046974204,0.5,4206772906.8341026,100000000000.0,100000000000.0,1000000000.0,clip,False,0,316,0,316,,,,,,,,,
2026-05-18T19:43:43,0,5,5,1,317,74816,317,True,4.237967914438503e-08,,,,,,6149.375438690186,696.1901659965515,0.00030112266540527344,0.0913088321685791,1.4114854335784912,0.17841291427612305,4.465785980224609,0,41.63024400645928,26643.35616413394,0.2735583288386917,21559388.0,41265073.20603472,0.5,4166723004.6974206,100000000000.0,100000000000.0,1000000000.0,clip,False,0,317,0,317,,,,,,,,,
2026-05-18T19:43:49,0,5,5,1,318,74816,318,True,4.2513368983957216e-08,,,,,,6150.954246520996,696.1901659965515,0.0003056526184082031,0.0919954776763916,1.4110891819000244,0.1782824993133545,4.467246770858765,0,41.619558484733425,26636.51743022939,0.2735583288386917,21297070.0,40865713.141914025,0.5,4126507320.6034718,100000000000.0,100000000000.0,1000000000.0,clip,False,0,318,0,318,,,,,,,,,
2026-05-18T19:43:55,0,5,5,1,319,74816,319,True,4.2647058823529414e-08,,,,,,6149.21760559082,696.1901659965515,0.0003113746643066406,0.09228706359863281,1.4106776714324951,0.17874550819396973,4.465160131454468,0,41.63131253758963,26644.04002405736,0.2735583288386917,20877030.0,40465939.479075745,0.5,4086571314.1914024,100000000000.0,100000000000.0,1000000000.0,clip,False,0,319,0,319,,,,,,,,,
2026-05-18T19:44:01,0,5,5,1,320,74816,320,True,4.27807486631016e-08,,,,,,6158.904552459717,696.1901659965515,0.0003266334533691406,0.09283924102783203,1.409339189529419,0.177870512008667,4.476247787475586,0,41.565833310042095,26602.133318426942,0.2735583288386917,21939292.0,40095406.52949423,0.5,4046593947.9075747,100000000000.0,100000000000.0,1000000000.0,clip,False,0,320,0,320,,,,,,,,,
2026-05-18T19:44:07,0,5,5,1,321,74816,321,True,4.29144385026738e-08,489.8548889160156,206.24977111816406,0.7192279100418091,280.91644287109375,1.969448447227478,6150.210857391357,696.1901659965515,0.00029087066650390625,0.09199953079223633,1.4109981060028076,0.177276611328125,4.467584609985352,0,41.624589129710536,26639.737043014742,0.2735583288386917,19660710.0,39686712.59890435,0.5,4009540652.9494233,100000000000.0,100000000000.0,1000000000.0,clip,False,0,321,0,321,487.7889811197917,429.6623840332031,538.5887451171875,6150.602864583333,6154.76611328125,768.8004150390625,0.0,998.9265747070312,639313.0
2026-05-18T19:44:13,0,5,5,1,322,74816,322,True,4.304812834224598e-08,,,,,,6157.668828964233,696.1901659965515,0.0002753734588623047,0.09203839302062988,1.3931024074554443,0.1801919937133789,4.462539434432983,0,41.57417475844688,26607.471845406006,0.2735583288386917,19473388.0,39282446.10692626,0.5,3968671259.8904347,100000000000.0,100000000000.0,1000000000.0,clip,False,0,322,0,322,,,,,,,,,
2026-05-18T19:44:20,0,5,5,1,323,74816,323,True,4.318181818181818e-08,,,,,,6150.437116622925,696.1901659965515,0.00030732154846191406,0.09299993515014648,1.410465955734253,0.17602968215942383,4.468593597412109,0,41.62305786496102,26638.757033575053,0.2735583288386917,18420130.0,38865199.78478774,0.5,3928244610.692626,100000000000.0,100000000000.0,1000000000.0,clip,False,0,323,0,323,,,,,,,,,
2026-05-18T19:44:26,0,5,5,1,324,74816,324,True,4.331550802139037e-08,,,,,,6150.022983551025,696.1901659965515,0.00029659271240234375,0.09225034713745117,1.4113199710845947,0.17647743225097656,4.46740198135376,0,41.625860697545804,26640.550846429313,0.2735583288386917,17427232.0,38436440.42909198,0.5,3886519978.4787736,100000000000.0,100000000000.0,1000000000.0,clip,False,0,324,0,324,,,,,,,,,
2026-05-18T19:44:32,0,5,5,1,325,74816,325,True,4.3449197860962564e-08,,,,,,6150.082588195801,696.1901659965515,0.00030994415283203125,0.09102559089660645,1.4118640422821045,0.17384910583496094,4.471084117889404,0,41.62545727294056,26640.292654681958,0.2735583288386917,16921604.0,38006143.70051014,0.5,3843644042.9091983,100000000000.0,100000000000.0,1000000000.0,clip,False,0,325,0,325,,,,,,,,,
2026-05-18T19:44:38,0,5,5,1,326,74816,326,True,4.358288770053476e-08,,,,,,6150.634765625,696.1901659965515,0.0003025531768798828,0.09441614151000977,1.4086344242095947,0.179213285446167,4.466142177581787,0,41.621720319136266,26637.90100424721,0.2735583288386917,18516650.0,37616353.82649993,0.5,3800614370.0510135,100000000000.0,100000000000.0,1000000000.0,clip,False,0,326,0,326,,,,,,,,,
2026-05-18T19:44:44,0,5,5,1,327,74816,327,True,4.371657754010695e-08,,,,,,6149.716138839722,696.1901659965515,0.0002987384796142578,0.09445071220397949,1.4083507061004639,0.17383551597595215,4.470766067504883,0,41.62793765116775,26641.880096747358,0.2735583288386917,17368508.0,37211396.90996993,0.5,3761635382.649993,100000000000.0,100000000000.0,1000000000.0,clip,False,0,327,0,327,,,,,,,,,
2026-05-18T19:44:50,0,5,5,1,328,74816,328,True,4.3850267379679145e-08,,,,,,6151.604413986206,696.1901659965515,0.0002987384796142578,0.09425210952758789,1.4087374210357666,0.17347073554992676,4.47283411026001,0,41.61515968386423,26633.70219767311,0.2735583288386917,15885966.0,36784888.29177053,0.5,3721139690.9969935,100000000000.0,100000000000.0,1000000000.0,clip,False,0,328,0,328,,,,,,,,,
2026-05-18T19:44:56,0,5,5,1,329,74816,329,True,4.3983957219251337e-08,,,,,,6148.080348968506,696.1901659965515,0.00031757354736328125,0.09657764434814453,1.4040307998657227,0.1773998737335205,4.46779727935791,0,41.63901339431102,26648.968572359056,0.2735583288386917,16466709.0,36378524.70593512,0.5,3678488829.1770535,100000000000.0,100000000000.0,1000000000.0,clip,False,0,329,0,329,,,,,,,,,
2026-05-18T19:45:03,0,5,5,1,330,74816,330,True,4.411764705882353e-08,,,,,,6150.62689781189,696.1901659965515,0.0003008842468261719,0.09303998947143555,1.4095020294189453,0.17360782623291016,4.4721763134002686,0,41.62177356117521,26637.935079152132,0.2735583288386917,14547720.0,35941908.61181641,0.5,3637852470.593512,100000000000.0,100000000000.0,1000000000.0,clip,False,0,330,0,330,,,,,,,,,
2026-05-18T19:45:09,0,5,5,1,331,74816,331,True,4.425133689839572e-08,497.70550537109375,198.59080505371094,0.7186073064804077,296.4084167480469,1.9876823425292969,6150.7110595703125,696.1901659965515,0.00031757354736328125,0.09514236450195312,1.4088191986083984,0.17401790618896484,4.4703967571258545,0,41.62120403976254,26637.570585448022,0.2735583288386917,14647137.0,35516013.179580085,0.5,3594190861.1816416,100000000000.0,100000000000.0,1000000000.0,clip,False,0,331,0,331,493.268310546875,421.0826416015625,552.0288696289062,6150.5,6155.63134765625,768.8004150390625,0.0,998.943115234375,639323.5625
2026-05-18T19:45:15,0,5,5,1,332,74816,332,True,4.438502673796791e-08,,,,,,6157.245397567749,696.1901659965515,0.0002982616424560547,0.09557199478149414,1.3893792629241943,0.17539238929748535,4.468611001968384,0,41.57703379844594,26609.3016310054,0.2735583288386917,16609327.0,35137879.45598848,0.5,3551601317.9580083,100000000000.0,100000000000.0,1000000000.0,clip,False,0,332,0,332,,,,,,,,,
2026-05-18T19:45:21,0,5,5,1,333,74816,333,True,4.45187165775401e-08,,,,,,6151.427507400513,696.1901659965515,0.00030994415283203125,0.09273123741149902,1.4104342460632324,0.1813218593597412,4.464594125747681,0,41.61635647856008,26634.46814627845,0.2735583288386917,14749534.0,34730112.54686871,0.5,3513787945.5988483,100000000000.0,100000000000.0,1000000000.0,clip,False,0,333,0,333,,,,,,,,,
2026-05-18T19:45:27,0,5,5,1,334,74816,334,True,4.4652406417112295e-08,,,,,,6150.497198104858,696.1901659965515,0.0003147125244140625,0.0975503921508789,1.405097246170044,0.1748795509338379,4.470639228820801,0,41.6226512677513,26638.49681136083,0.2735583288386917,12362726.0,34282764.81593134,0.5,3473011254.686871,100000000000.0,100000000000.0,1000000000.0,clip,False,0,334,0,334,,,,,,,,,
2026-05-18T19:45:33,0,5,5,1,335,74816,335,True,4.478609625668449e-08,,,,,,6151.978015899658,696.1901659965515,0.0003097057342529297,0.09165525436401367,1.4111871719360352,0.17355895042419434,4.473339557647705,0,41.61263244738089,26632.084766323766,0.2735583288386917,12703943.0,33851188.379612714,0.5,3428276481.5931344,100000000000.0,100000000000.0,1000000000.0,clip,False,0,335,0,335,,,,,,,,,
2026-05-18T19:45:40,0,5,5,1,336,74816,336,True,4.4919786096256684e-08,,,,,,6151.598691940308,696.1901659965515,0.00031256675720214844,0.09344148635864258,1.4087722301483154,0.17551755905151367,4.4714131355285645,0,41.61519839312758,26633.72697160165,0.2735583288386917,13633247.0,33446829.55202046,0.5,3385118837.9612713,100000000000.0,100000000000.0,1000000000.0,clip,False,0,336,0,336,,,,,,,,,
2026-05-18T19:45:46,0,5,5,1,337,74816,337,True,4.5053475935828876e-08,,,,,,6147.807359695435,696.1901659965515,0.0003135204315185547,0.09582161903381348,1.4056005477905273,0.18173599243164062,4.462013483047485,0,41.640862346845296,26650.15190198099,0.2735583288386917,11605137.0,33009995.70098005,0.5,3344682955.202046,100000000000.0,100000000000.0,1000000000.0,clip,False,0,337,0,337,,,,,,,,,
2026-05-18T19:45:52,0,5,5,1,338,74816,338,True,4.518716577540107e-08,,,,,,6149.447441101074,696.1901659965515,0.0002930164337158203,0.0941615104675293,1.4088521003723145,0.17459678649902344,4.469630479812622,0,41.629756567878324,26643.04420344213,0.2735583288386917,13000839.0,32609812.566960447,0.5,3300999570.098005,100000000000.0,100000000000.0,1000000000.0,clip,False,0,338,0,338,,,,,,,,,
2026-05-18T19:45:58,0,5,5,1,339,74816,339,True,4.532085561497326e-08,,,,,,6152.441501617432,696.1901659965515,0.00031113624572753906,0.0914309024810791,1.4112493991851807,0.1732804775238037,4.4741902351379395,0,41.609497616954094,26630.078474850623,0.2735583288386917,12162599.0,32200868.29562124,0.5,3260981256.6960444,100000000000.0,100000000000.0,1000000000.0,clip,False,0,339,0,339,,,,,,,,,
2026-05-18T19:46:04,0,5,5,1,340,74816,340,True,4.545454545454545e-08,,,,,,6150.2525806427,696.1901659965515,0.00030159950256347656,0.09139275550842285,1.411451816558838,0.1734936237335205,4.471496343612671,0,41.624306748918606,26639.556319307907,0.2735583288386917,10830442.0,31773459.769708812,0.5,3220086829.562124,100000000000.0,100000000000.0,1000000000.0,clip,False,0,340,0,340,,,,,,,,,
2026-05-18T19:46:10,0,5,5,1,341,74816,341,True,4.558823529411765e-08,438.5200500488281,163.96226501464844,0.7174801826477051,271.89080810546875,1.949488639831543,6156.193733215332,696.1901659965515,0.00030612945556640625,0.09233355522155762,1.410785436630249,0.1744225025177002,4.4764416217803955,0,41.58413641513085,26613.847305683743,0.2735583288386917,10459331.0,31347177.194314636,0.5,3177345976.9708815,100000000000.0,100000000000.0,1000000000.0,clip,False,0,341,0,341,480.501220703125,436.052001953125,569.6206665039062,6150.625,6156.19384765625,768.8004150390625,0.0,998.92333984375,639310.9375
2026-05-18T19:46:16,0,5,5,1,342,74816,342,True,4.5721925133689834e-08,,,,,,6152.815103530884,696.1901659965515,0.00028514862060546875,0.09338974952697754,1.3913326263427734,0.17827630043029785,4.465772867202759,0,41.60697106810355,26628.46148358627,0.2735583288386917,9251126.0,30905256.170428343,0.5,3134717719.4314637,100000000000.0,100000000000.0,1000000000.0,clip,False,0,342,0,342,,,,,,,,,
2026-05-18T19:46:23,0,5,5,1,343,74816,343,True,4.585561497326203e-08,,,,,,6151.256799697876,696.1901659965515,0.00032448768615722656,0.0998542308807373,1.402571201324463,0.18133258819580078,4.465185642242432,0,41.61751140231597,26635.207297482222,0.2735583288386917,9341008.0,30473971.207019776,0.5,3090525617.0428343,100000000000.0,100000000000.0,1000000000.0,clip,False,0,343,0,343,,,,,,,,,
2026-05-18T19:46:29,0,5,5,1,344,74816,344,True,4.598930481283422e-08,,,,,,6149.273872375488,696.1901659965515,0.00030732154846191406,0.09638071060180664,1.404611587524414,0.1828596591949463,4.463127374649048,0,41.63093160479226,26643.796227067047,0.2735583288386917,8579942.0,30036090.62287938,0.5,3047397120.7019777,100000000000.0,100000000000.0,1000000000.0,clip,False,0,344,0,344,,,,,,,,,
2026-05-18T19:46:35,0,5,5,1,345,74816,345,True,4.6122994652406415e-08,,,,,,6148.441791534424,696.1901659965515,0.0003018379211425781,0.09649777412414551,1.4046399593353271,0.18298888206481934,4.4620280265808105,0,41.63656560146304,26647.401984936347,0.2735583288386917,5703405.5,29549436.92042179,0.5,3003609062.2879376,100000000000.0,100000000000.0,1000000000.0,clip,False,0,345,0,345,,,,,,,,,
2026-05-18T19:46:41,0,5,5,1,346,74816,346,True,4.6256684491978613e-08,,,,,,6151.001691818237,696.1901659965515,0.0002892017364501953,0.09329009056091309,1.4095714092254639,0.18033885955810547,4.465606451034546,0,41.61923745534304,26636.311971419545,0.2735583288386917,9421759.0,29146883.362013355,0.5,2954943692.042179,100000000000.0,100000000000.0,1000000000.0,clip,False,0,346,0,346,,,,,,,,,
2026-05-18T19:46:47,0,5,5,1,347,74816,347,True,4.63903743315508e-08,,,,,,6150.260210037231,696.1901659965515,0.0003104209899902344,0.09771323204040527,1.4031610488891602,0.18468999862670898,4.462456226348877,0,41.62425511398814,26639.52327295241,0.2735583288386917,7534801.5,28714641.72477309,0.5,2914688336.2013354,100000000000.0,100000000000.0,1000000000.0,clip,False,0,347,0,347,,,,,,,,,
2026-05-18T19:46:53,0,5,5,1,348,74816,348,True,4.6524064171122997e-08,,,,,,6148.012161254883,696.1901659965515,0.0002849102020263672,0.09366822242736816,1.407627820968628,0.18121027946472168,4.463212728500366,0,41.63947521335861,26649.26413654951,0.2735583288386917,6339982.5,28267148.540277626,0.5,2871464172.477309,100000000000.0,100000000000.0,1000000000.0,clip,False,0,348,0,348,,,,,,,,,
2026-05-18T19:47:00,0,5,5,1,349,74816,349,True,4.665775401069518e-08,,,,,,6150.341749191284,696.1901659965515,0.0002982616424560547,0.09478116035461426,1.4080655574798584,0.17925119400024414,4.463582277297974,0,41.62370327366959,26639.170095148536,0.2735583288386917,7715086.0,27856107.289472073,0.5,2826714854.0277624,100000000000.0,100000000000.0,1000000000.0,clip,False,0,349,0,349,,,,,,,,,
2026-05-18T19:47:06,0,5,5,1,350,74816,350,True,4.679144385026738e-08,,,,,,6153.200387954712,696.1901659965515,0.0003001689910888672,0.09480690956115723,1.4084007740020752,0.17906713485717773,4.46881890296936,0,41.60436583556365,26626.794134760734,0.2735583288386917,6443031.5,27427845.77368263,0.5,2785610728.9472075,100000000000.0,100000000000.0,1000000000.0,clip,False,0,350,0,350,,,,,,,,,
2026-05-18T19:47:12,0,5,5,1,351,74816,351,True,4.6925133689839565e-08,491.9939880371094,196.83554077148438,0.717706561088562,292.4858093261719,1.9549237489700317,6148.175001144409,696.1901659965515,0.0003032684326171875,0.10023784637451172,1.4000506401062012,0.1797475814819336,4.466140031814575,0,41.63837235477986,26648.55830705911,0.2735583288386917,6354207.5,27006373.008208975,0.5,2742784577.3682632,100000000000.0,100000000000.0,1000000000.0,clip,False,0,351,0,351,491.3892008463542,395.34490966796875,559.47998046875,6149.962239583333,6151.74462890625,768.8004150390625,0.0,999.030517578125,639379.5
2026-05-18T19:47:18,0,5,5,1,352,74816,352,True,4.705882352941176e-08,,,,,,6156.27384185791,696.1901659965515,0.0003046989440917969,0.0961461067199707,1.3893234729766846,0.1799008846282959,4.462905645370483,0,41.58359530068296,26613.500992437093,0.2735583288386917,4672576.5,26559697.0780448,0.5,2700637300.8208976,100000000000.0,100000000000.0,1000000000.0,clip,False,0,352,0,352,,,,,,,,,
2026-05-18T19:47:24,0,5,5,1,353,74816,353,True,4.7192513368983955e-08,,,,,,6151.928901672363,696.1901659965515,0.0003066062927246094,0.09755158424377441,1.4048774242401123,0.18029117584228516,4.466930627822876,0,41.61296466388095,26632.29738488381,0.2735583288386917,6263533.0,26153773.7964839,0.5,2655969707.8044796,100000000000.0,100000000000.0,1000000000.0,clip,False,0,353,0,353,,,,,,,,,
2026-05-18T19:47:30,0,5,5,1,354,74816,354,True,4.7326203208556146e-08,,,,,,6147.902727127075,696.1901659965515,0.00030994415283203125,0.09633970260620117,1.4045727252960205,0.1850910186767578,4.459790468215942,0,41.640216405900944,26649.738499776606,0.2735583288386917,4934951.5,25729397.350554224,0.5,2615377379.64839,100000000000.0,100000000000.0,1000000000.0,clip,False,0,354,0,354,,,,,,,,,
2026-05-18T19:47:36,0,5,5,1,355,74816,355,True,4.7459893048128344e-08,,,,,,6149.960517883301,696.1901659965515,0.0003147125244140625,0.09606671333312988,1.4067895412445068,0.17818093299865723,4.466745853424072,0,41.62628349492402,26640.821436751372,0.2735583288386917,3949054.5,25293790.49354314,0.5,2572939735.0554223,100000000000.0,100000000000.0,1000000000.0,clip,False,0,355,0,355,,,,,,,,,
2026-05-18T19:47:43,0,5,5,1,356,74816,356,True,4.759358288770053e-08,,,,,,6150.635480880737,696.1901659965515,0.0002961158752441406,0.09315085411071777,1.4100368022918701,0.18167567253112793,4.463586807250977,0,41.62171547895766,26637.897906532904,0.2735583288386917,2888567.0,24845686.02367228,0.5,2529379049.354314,100000000000.0,100000000000.0,1000000000.0,clip,False,0,356,0,356,,,,,,,,,
2026-05-18T19:47:49,0,5,5,1,357,74816,357,True,4.772727272727273e-08,,,,,,6152.716159820557,696.1901659965515,0.00033164024353027344,0.09423375129699707,1.4076941013336182,0.17568230628967285,4.472310781478882,0,41.607640162530465,26628.889704019497,0.2735583288386917,3880360.5,24426379.513198834,0.5,2484568602.367228,100000000000.0,100000000000.0,1000000000.0,clip,False,0,357,0,357,,,,,,,,,
2026-05-18T19:47:55,0,5,5,1,358,74816,358,True,4.786096256684492e-08,,,,,,6154.376983642578,696.1901659965515,0.00031280517578125,0.09896421432495117,1.4034171104431152,0.18523740768432617,4.4634785652160645,0,41.5964119000851,26621.703616054467,0.2735583288386917,3423797.25,24006327.867934857,0.5,2442637951.3198833,100000000000.0,100000000000.0,1000000000.0,clip,False,0,358,0,358,,,,,,,,,
2026-05-18T19:48:01,0,5,5,1,359,74816,359,True,4.799465240641711e-08,,,,,,6153.3522605896,696.1901659965515,0.00037384033203125,0.10419869422912598,1.3946053981781006,0.17829084396362305,4.472637891769409,0,41.603338986393524,26626.136951291854,0.2735583288386917,2049862.0,23567198.550576158,0.5,2400632786.7934856,100000000000.0,100000000000.0,1000000000.0,clip,False,0,359,0,359,,,,,,,,,
2026-05-18T19:48:07,0,5,5,1,360,74816,360,True,4.81283422459893e-08,,,,,,6150.192022323608,696.1901659965515,0.0003731250762939453,0.10383892059326172,1.3937819004058838,0.18164277076721191,4.4674458503723145,0,41.62471660572322,26639.818627662862,0.2735583288386917,2342583.5,23142706.249564636,0.5,2356719855.0576158,100000000000.0,100000000000.0,1000000000.0,clip,False,0,360,0,360,,,,,,,,,
2026-05-18T19:48:13,0,5,5,1,361,74816,361,True,4.8262032085561494e-08,492.6991271972656,190.24464416503906,0.7191177010536194,299.7430419921875,1.9923547506332397,6146.079301834106,696.1901659965515,0.0003528594970703125,0.10460901260375977,1.3928711414337158,0.18256378173828125,4.4626381397247314,0,41.65257026924543,26657.644972317074,0.2735583288386917,2009171.25,22720035.549573343,0.5,2314270624.956464,100000000000.0,100000000000.0,1000000000.0,clip,False,0,361,0,361,488.7589111328125,407.0879821777344,569.8740234375,6149.388671875,6152.240234375,768.8004150390625,0.0,999.123779296875,639439.1875
2026-05-18T19:48:19,0,5,5,1,362,74816,362,True,4.8395721925133685e-08,,,,,,6158.222198486328,696.1901659965515,0.0003402233123779297,0.09967923164367676,1.3859307765960693,0.1750648021697998,4.472057104110718,0,41.5704389593029,26605.080933953854,0.2735583288386917,2445125.0,22314537.338581875,0.5,2272003554.9573345,100000000000.0,100000000000.0,1000000000.0,clip,False,0,362,0,362,,,,,,,,,
2026-05-18T19:48:26,0,5,5,1,363,74816,363,True,4.8529411764705884e-08,,,,,,6153.834342956543,696.1901659965515,0.00036644935607910156,0.10507965087890625,1.395531177520752,0.17771458625793457,4.472038269042969,0,41.600079841767005,26624.051098730884,0.2735583288386917,1805772.0,21904362.03181024,0.5,2231453733.8581877,100000000000.0,100000000000.0,1000000000.0,clip,False,0,363,0,363,,,,,,,,,
2026-05-18T19:48:32,0,5,5,1,364,74816,364,True,4.866310160427807e-08,,,,,,6150.506019592285,696.1901659965515,0.0003383159637451172,0.10507059097290039,1.3923768997192383,0.1752009391784668,4.474405765533447,0,41.62259156962343,26638.458604558993,0.2735583288386917,1874630.0,21503767.391174037,0.5,2190436203.181024,100000000000.0,100000000000.0,1000000000.0,clip,False,0,364,0,364,,,,,,,,,
2026-05-18T19:48:38,0,5,5,1,365,74816,365,True,4.879679144385027e-08,,,,,,6140.93279838562,696.1901659965515,0.00035834312438964844,0.10559582710266113,1.3910398483276367,0.1843585968017578,4.456382751464844,0,41.687477848202384,26679.985822849525,0.2735583288386917,1813063.25,21109953.308350556,0.5,2150376739.1174035,100000000000.0,100000000000.0,1000000000.0,clip,False,0,365,0,365,,,,,,,,,
2026-05-18T19:48:44,0,5,5,1,366,74816,366,True,4.893048128342246e-08,,,,,,6149.775266647339,696.1901659965515,0.0003113746643066406,0.09756851196289062,1.4047565460205078,0.181304931640625,4.463994026184082,0,41.627537413991234,26641.623944954386,0.2735583288386917,2727165.0,20742297.542183544,0.5,2110995330.8350556,100000000000.0,100000000000.0,1000000000.0,clip,False,0,366,0,366,,,,,,,,,
2026-05-18T19:48:50,0,5,5,1,367,74816,367,True,4.906417112299465e-08,,,,,,6149.903297424316,696.1901659965515,0.00030159950256347656,0.09371352195739746,1.4089748859405518,0.1810910701751709,4.463907957077026,0,41.62667079776964,26641.06931057257,0.2735583288386917,1911258.375,20365676.758839875,0.5,2074229754.2183545,100000000000.0,100000000000.0,1000000000.0,clip,False,0,367,0,367,,,,,,,,,
2026-05-18T19:48:56,0,5,5,1,368,74816,368,True,4.919786096256685e-08,,,,,,6151.171445846558,696.1901659965515,0.0002982616424560547,0.09384727478027344,1.408684253692627,0.18153595924377441,4.464920520782471,0,41.618088888232556,26635.576888468837,0.2735583288386917,1772896.125,19993821.146163076,0.5,2036567675.8839874,100000000000.0,100000000000.0,1000000000.0,clip,False,0,368,0,368,,,,,,,,,
2026-05-18T19:49:03,0,5,5,1,369,74816,369,True,4.933155080213903e-08,,,,,,6146.6217041015625,696.1901659965515,0.00030684471130371094,0.09501385688781738,1.4055161476135254,0.18354296684265137,4.4603681564331055,0,41.64889468131322,26655.292596040465,0.2735583288386917,1950284.5,19632950.413239814,0.5,1999382114.6163077,100000000000.0,100000000000.0,1000000000.0,clip,False,0,369,0,369,,,,,,,,,
2026-05-18T19:49:09,0,5,5,1,370,74816,370,True,4.946524064171123e-08,,,,,,6150.622844696045,696.1901659965515,0.0002999305725097656,0.09415745735168457,1.40934419631958,0.17824530601501465,4.466763019561768,0,41.621800988945395,26637.952632925055,0.2735583288386917,2128330.75,19282858.019975018,0.5,1963295041.3239815,100000000000.0,100000000000.0,1000000000.0,clip,False,0,370,0,370,,,,,,,,,
2026-05-18T19:49:15,0,5,5,1,371,74816,371,True,4.9598930481283416e-08,422.21319580078125,163.7312469482422,0.7215171456336975,255.796142578125,1.9643030166625977,6150.24995803833,696.1901659965515,0.0003139972686767578,0.09166216850280762,1.4117867946624756,0.17716193199157715,4.46741795539856,0,41.624324498455536,26639.567679011543,0.2735583288386917,1772807.375,18932657.00707552,0.5,1928285801.9975019,100000000000.0,100000000000.0,1000000000.0,clip,False,0,371,0,371,475.6385091145833,414.7314147949219,530.9563598632812,6149.959635416667,6152.31787109375,768.8004150390625,0.0,999.031005859375,639379.875
2026-05-18T19:49:21,0,5,5,1,372,74816,372,True,4.9732620320855615e-08,,,,,,6157.196283340454,696.1901659965515,0.00027298927307128906,0.09005475044250488,1.3948266506195068,0.17715835571289062,4.4658286571502686,0,41.57736544677974,26609.51388593903,0.2735583288386917,1918538.5,18592374.63693401,0.5,1893265700.707552,100000000000.0,100000000000.0,1000000000.0,clip,False,0,372,0,372,,,,,,,,,
2026-05-18T19:49:27,0,5,5,1,373,74816,373,True,4.98663101604278e-08,,,,,,6150.93731880188,696.1901659965515,0.0003008842468261719,0.09091758728027344,1.4120662212371826,0.17785191535949707,4.467883348464966,0,41.61967302405633,26636.590735396054,0.2735583288386917,1834358.75,18257214.31919533,0.5,1859237463.6934009,100000000000.0,100000000000.0,1000000000.0,clip,False,0,373,0,373,,,,,,,,,
2026-05-18T19:49:33,0,5,5,1,374,74816,374,True,5e-08,,,,,,6150.146245956421,696.1901659965515,0.00029969215393066406,0.09890508651733398,1.4047818183898926,0.18015146255493164,4.464250802993774,0,41.62502642409749,26640.016911422394,0.2735583288386917,1869805.25,17929466.137811422,0.5,1825721431.919533,100000000000.0,100000000000.0,1000000000.0,clip,False,0,374,0,374,,,,,,,,,
2026-05-18T19:49:39,0,5,5,1,375,74816,375,True,5.0133689839572196e-08,,,,,,6149.033069610596,696.1901659965515,0.0003039836883544922,0.0937950611114502,1.4085369110107422,0.18564224243164062,4.458968639373779,0,41.63256191696037,26644.839626854635,0.2735583288386917,1841016.0,17607697.135055196,0.5,1792946613.7811422,100000000000.0,100000000000.0,1000000000.0,clip,False,0,375,0,375,,,,,,,,,
2026-05-18T19:49:46,0,5,5,1,376,74816,376,True,5.026737967914438e-08,,,,,,6148.476362228394,696.1901659965515,0.0003025531768798828,0.09823012351989746,1.4046626091003418,0.1780712604522705,4.4653215408325195,0,41.636331493875645,26647.25215608041,0.2735583288386917,1851669.125,17292576.57485409,0.5,1760769713.5055196,100000000000.0,100000000000.0,1000000000.0,clip,False,0,376,0,376,,,,,,,,,
2026-05-18T19:49:52,0,5,5,1,377,74816,377,True,5.040106951871658e-08,,,,,,6151.247978210449,696.1901659965515,0.0003120899200439453,0.09323763847351074,1.4096529483795166,0.18013405799865723,4.465760946273804,0,41.61757108587204,26635.2454949581,0.2735583288386917,1790081.0,16982526.66335701,0.5,1729257657.485409,100000000000.0,100000000000.0,1000000000.0,clip,False,0,377,0,377,,,,,,,,,
2026-05-18T19:49:58,0,5,5,1,378,74816,378,True,5.0534759358288764e-08,,,,,,6532.193660736084,696.1901659965515,0.0003402233123779297,0.0953512191772461,1.4073314666748047,0.1819782257080078,4.844488143920898,0,39.19050984951241,25081.92630368794,0.2735583288386917,2009985.75,16683075.845089868,0.5,1698252666.3357008,100000000000.0,100000000000.0,1000000000.0,clip,False,0,378,0,378,,,,,,,,,
2026-05-18T19:50:04,0,5,5,1,379,74816,379,True,5.066844919786096e-08,,,,,,6149.181604385376,696.1901659965515,0.0002892017364501953,0.09299683570861816,1.409731388092041,0.18162131309509277,4.462677478790283,0,41.63155627367225,26644.196015150243,0.2735583288386917,2065843.25,16390731.19318807,0.5,1668307584.5089867,100000000000.0,100000000000.0,1000000000.0,clip,False,0,379,0,379,,,,,,,,,
2026-05-18T19:50:11,0,5,5,1,380,74816,380,True,5.0802139037433154e-08,,,,,,6149.409055709839,696.1901659965515,0.0002777576446533203,0.0917356014251709,1.4111957550048828,0.17615866661071777,4.468168020248413,0,41.630016426098585,26643.210512703095,0.2735583288386917,1937581.375,16101668.196824307,0.5,1639073119.318807,100000000000.0,100000000000.0,1000000000.0,clip,False,0,380,0,380,,,,,,,,,
2026-05-18T19:50:17,0,5,5,1,381,74816,381,True,5.0935828877005345e-08,508.17999267578125,214.01417541503906,0.7196970582008362,291.5018310546875,1.9442816972732544,6149.019241333008,696.1901659965515,0.0003085136413574219,0.0919184684753418,1.4118051528930664,0.1751110553741455,4.467868089675903,0,41.63265554272414,26644.899547343444,0.2735583288386917,2251707.5,15824668.982887821,0.5,1610166819.6824307,100000000000.0,100000000000.0,1000000000.0,clip,False,0,381,0,381,480.5680338541667,412.36761474609375,515.8884887695312,6149.529947916667,6154.765625,768.8004150390625,0.0,999.1007690429688,639424.5
2026-05-18T19:50:23,0,5,5,1,382,74816,382,True,5.106951871657754e-08,,,,,,6158.440113067627,696.1901659965515,0.00028133392333984375,0.09129190444946289,1.3940339088439941,0.18019509315490723,4.462353467941284,0,41.5689680016198,26604.13952103667,0.2735583288386917,2410926.5,15556394.133230064,0.5,1582466898.2887821,100000000000.0,100000000000.0,1000000000.0,clip,False,0,382,0,382,,,,,,,,,
2026-05-18T19:50:29,0,5,5,1,383,74816,383,True,5.120320855614973e-08,,,,,,6153.615951538086,696.1901659965515,0.0002982616424560547,0.09125351905822754,1.4114012718200684,0.1767897605895996,4.471729516983032,0,41.60155622581764,26624.995984523288,0.2735583288386917,1958415.25,15284434.555565462,0.5,1555639413.3230064,100000000000.0,100000000000.0,1000000000.0,clip,False,0,383,0,383,,,,,,,,,
2026-05-18T19:50:35,0,5,5,1,384,74816,384,True,5.133689839572193e-08,,,,,,6147.265195846558,696.1901659965515,0.0003027915954589844,0.09769630432128906,1.4033005237579346,0.17708277702331543,4.466815948486328,0,41.64453490195415,26652.50233725066,0.2735583288386917,1840009.75,15015546.059454152,0.5,1528443455.5565462,100000000000.0,100000000000.0,1000000000.0,clip,False,0,384,0,384,,,,,,,,,
2026-05-18T19:50:41,0,5,5,1,385,74816,385,True,5.147058823529411e-08,,,,,,6152.487993240356,696.1901659965515,0.0003113746643066406,0.09177136421203613,1.4106435775756836,0.17648959159851074,4.471305847167969,0,41.60918319243585,26629.877243158942,0.2735583288386917,2005012.625,14755335.390765069,0.5,1501554605.9454153,100000000000.0,100000000000.0,1000000000.0,clip,False,0,385,0,385,,,,,,,,,
2026-05-18T19:50:47,0,5,5,1,386,74816,386,True,5.160427807486631e-08,,,,,,6155.296802520752,696.1901659965515,0.00031757354736328125,0.09767627716064453,1.4032354354858398,0.1856067180633545,4.4664976596832275,0,41.59019592607808,26617.72539268997,0.2735583288386917,1907956.5,14498387.812949767,0.5,1475533539.0765069,100000000000.0,100000000000.0,1000000000.0,clip,False,0,386,0,386,,,,,,,,,
2026-05-18T19:50:54,0,5,5,1,387,74816,387,True,5.17379679144385e-08,,,,,,6148.327589035034,696.1901659965515,0.00031304359436035156,0.09357976913452148,1.4020981788635254,0.17660188674926758,4.473803758621216,0,41.637338982482326,26647.89694878869,0.2735583288386917,1945667.375,14247333.404190771,0.5,1449838781.2949767,100000000000.0,100000000000.0,1000000000.0,clip,False,0,387,0,387,,,,,,,,,
2026-05-18T19:51:00,0,5,5,1,388,74816,388,True,5.187165775401069e-08,,,,,,6148.987293243408,696.1901659965515,0.0002968311309814453,0.09315919876098633,1.404569149017334,0.17680788040161133,4.472156047821045,0,41.63287185213349,26645.037985365434,0.2735583288386917,1761006.75,13997606.871106956,0.5,1424733340.4190772,100000000000.0,100000000000.0,1000000000.0,clip,False,0,388,0,388,,,,,,,,,
2026-05-18T19:51:06,0,5,5,1,389,74816,389,True,5.2005347593582885e-08,,,,,,6152.120113372803,696.1901659965515,0.00030159950256347656,0.09029269218444824,1.4072303771972656,0.18207263946533203,4.470387697219849,0,41.6116713071865,26631.46963659936,0.2735583288386917,1715063.875,13751956.011184817,0.5,1399760687.1106956,100000000000.0,100000000000.0,1000000000.0,clip,False,0,389,0,389,,,,,,,,,
2026-05-18T19:51:12,0,5,5,1,390,74816,390,True,5.2139037433155076e-08,,,,,,6154.270648956299,696.1901659965515,0.00030112266540527344,0.09291362762451172,1.4033784866333008,0.17946624755859375,4.476377248764038,0,41.59713061098718,26622.163591031796,0.2735583288386917,2466424.0,13526245.37096112,0.5,1375195601.1184816,100000000000.0,100000000000.0,1000000000.0,clip,False,0,390,0,390,,,,,,,,,
2026-05-18T19:51:18,0,5,5,1,391,74816,391,True,5.227272727272727e-08,481.93572998046875,198.18984985351562,0.7184435725212097,281.0365905761719,1.9908415079116821,6146.404266357422,696.1901659965515,0.0002560615539550781,0.0947260856628418,1.3978652954101562,0.17850685119628906,4.473297595977783,0,41.65036806986904,26656.235564716186,0.2735583288386917,2134575.75,13298411.978541898,0.5,1352624537.096112,100000000000.0,100000000000.0,1000000000.0,clip,False,0,391,0,391,476.1582845052083,396.6743469238281,557.782470703125,6150.966145833333,6158.52685546875,768.8004150390625,0.0,998.86767578125,639275.25
2026-05-18T19:51:24,0,5,5,1,392,74816,392,True,5.2406417112299466e-08,,,,,,6163.461446762085,696.1901659965515,0.000286102294921875,0.09506011009216309,1.3899965286254883,0.17789006233215332,4.473209857940674,0,41.535102022011856,26582.46529408759,0.2735583288386917,2262237.75,13077688.493971061,0.5,1329841197.8541899,100000000000.0,100000000000.0,1000000000.0,clip,False,0,392,0,392,,,,,,,,,
2026-05-18T19:51:31,0,5,5,1,393,74816,393,True,5.254010695187165e-08,,,,,,6148.139476776123,696.1901659965515,0.0003154277801513672,0.09551167488098145,1.4003758430480957,0.17872333526611328,4.4714109897613525,0,41.63861294412887,26648.71228424248,0.2735583288386917,2868942.0,12873513.56409164,0.5,1307768849.3971062,100000000000.0,100000000000.0,1000000000.0,clip,False,0,393,0,393,,,,,,,,,
2026-05-18T19:51:37,0,5,5,1,394,74816,394,True,5.267379679144385e-08,,,,,,6149.047613143921,696.1901659965515,0.0003020763397216797,0.09627437591552734,1.4003727436065674,0.17653989791870117,4.473750114440918,0,41.63246344893902,26644.77660732097,0.2735583288386917,1815598.875,12652355.270309806,0.5,1287351356.409164,100000000000.0,100000000000.0,1000000000.0,clip,False,0,394,0,394,,,,,,,,,
2026-05-18T19:51:43,0,5,5,1,395,74816,395,True,5.280748663101604e-08,,,,,,6149.972200393677,696.1901659965515,0.0003261566162109375,0.09085273742675781,1.406447172164917,0.17657685279846191,4.473926544189453,0,41.62620442147897,26640.77082974654,0.2735583288386917,1940925.125,12438126.667403609,0.5,1265235527.0309806,100000000000.0,100000000000.0,1000000000.0,clip,False,0,395,0,395,,,,,,,,,
2026-05-18T19:51:49,0,5,5,1,396,74816,396,True,5.294117647058823e-08,,,,,,6149.793863296509,696.1901659965515,0.00028443336486816406,0.09290552139282227,1.4038636684417725,0.1772477626800537,4.473618984222412,0,41.62741153453473,26641.543382102227,0.2735583288386917,1931296.5,12227990.064055536,0.5,1243812666.7403607,100000000000.0,100000000000.0,1000000000.0,clip,False,0,396,0,396,,,,,,,,,
2026-05-18T19:51:55,0,5,5,1,397,74816,397,True,5.307486631016043e-08,,,,,,6151.244401931763,696.1901659965515,0.00029778480529785156,0.09241843223571777,1.4043269157409668,0.17673683166503906,4.4755566120147705,0,41.617595281957044,26635.26098045251,0.2735583288386917,1913020.5,12021690.672774425,0.5,1222799006.4055536,100000000000.0,100000000000.0,1000000000.0,clip,False,0,397,0,397,,,,,,,,,
2026-05-18T19:52:01,0,5,5,1,398,74816,398,True,5.3208556149732616e-08,,,,,,6149.72448348999,696.1901659965515,0.00030541419982910156,0.09199261665344238,1.404883623123169,0.17445850372314453,4.4761269092559814,0,41.62788116561591,26641.843945994184,0.2735583288386917,2313800.75,11827532.874318937,0.5,1202169067.2774425,100000000000.0,100000000000.0,1000000000.0,clip,False,0,398,0,398,,,,,,,,,
2026-05-18T19:52:07,0,5,5,1,399,74816,399,True,5.3342245989304814e-08,,,,,,6151.693820953369,696.1901659965515,0.000335693359375,0.09230637550354004,1.400416374206543,0.17348504066467285,4.479328632354736,0,41.61455486097746,26633.31511102557,0.2735583288386917,2123673.0,11633455.676832559,0.5,1182753287.4318936,100000000000.0,100000000000.0,1000000000.0,clip,False,0,399,0,399,,,,,,,,,
2026-05-18T19:52:14,0,5,5,1,400,74816,400,True,5.3475935828877e-08,,,,,,6149.771213531494,696.1901659965515,0.0002949237823486328,0.09316587448120117,1.40346360206604,0.17966794967651367,4.471101522445679,0,41.627564849358436,26641.6415035894,0.2735583288386917,1876730.375,11438321.170795906,0.5,1163345567.683256,100000000000.0,100000000000.0,1000000000.0,clip,False,0,400,0,400,,,,,,,,,
2026-05-18T19:52:20,0,5,5,1,401,74816,401,True,5.36096256684492e-08,431.7081298828125,165.8779296875,0.7181676030158997,263.0857849121094,2.026233434677124,6156.150817871094,696.1901659965515,0.0002810955047607422,0.6382055282592773,0.857856273651123,0.17525911331176758,4.482650279998779,0,41.58442630366378,26614.03283434482,0.2735301760648619,1859300.25,11246740.75237999,0.5,1143832117.0795906,100000000000.0,100000000000.0,1000000000.0,clip,False,0,401,0,401,477.1020100911458,420.2447204589844,534.6539306640625,6150.674479166667,6156.46875,768.8004150390625,0.0,998.9152221679688,639305.75
2026-05-18T19:52:26,0,5,5,1,402,74816,402,True,5.374331550802138e-08,,,,,,6158.193111419678,696.1901659965515,0.00030040740966796875,0.09557700157165527,1.389228105545044,0.17860889434814453,4.47537899017334,0,41.57063530945087,26605.20659804856,0.2735301760648619,2196421.5,11065734.36733239,0.5,1124674075.237999,100000000000.0,100000000000.0,1000000000.0,clip,False,0,402,0,402,,,,,,,,,
2026-05-18T19:52:32,0,5,5,1,403,74816,403,True,5.387700534759358e-08,,,,,,6149.253129959106,696.1901659965515,0.0002551078796386719,0.09563446044921875,1.3970317840576172,0.17722344398498535,4.477156400680542,0,41.63107203259698,26643.886100862066,0.2735301760648619,2220988.75,10888839.454985742,0.5,1106573436.733239,100000000000.0,100000000000.0,1000000000.0,clip,False,0,403,0,403,,,,,,,,,
2026-05-18T19:52:38,0,5,5,1,404,74816,404,True,5.401069518716578e-08,,,,,,6147.850275039673,696.1901659965515,0.0003039836883544922,0.09156060218811035,1.4006280899047852,0.17322349548339844,4.480079174041748,0,41.640571670940375,26649.96586940184,0.2735301760648619,2163798.75,10714338.640886026,0.5,1088883945.4985743,100000000000.0,100000000000.0,1000000000.0,clip,False,0,404,0,404,,,,,,,,,
2026-05-18T19:52:44,0,5,5,1,405,74816,405,True,5.4144385026737963e-08,,,,,,6148.538112640381,696.1901659965515,0.0002567768096923828,0.09431767463684082,1.4006233215332031,0.18027424812316895,4.471165180206299,0,41.63591333583933,26646.984534937168,0.2735301760648619,2988044.75,10559812.763068303,0.5,1071433864.0886025,100000000000.0,100000000000.0,1000000000.0,clip,False,0,405,0,405,,,,,,,,,
2026-05-18T19:52:51,0,5,5,1,406,74816,406,True,5.427807486631016e-08,,,,,,6154.258012771606,696.1901659965515,0.0002803802490234375,0.09527397155761719,1.4013855457305908,0.17673134803771973,4.478686571121216,0,41.59721601998758,26622.218252792052,0.2735301760648619,2198951.75,10392595.542806936,0.5,1055981276.3068304,100000000000.0,100000000000.0,1000000000.0,clip,False,0,406,0,406,,,,,,,,,
2026-05-18T19:52:57,0,5,5,1,407,74816,407,True,5.4411764705882347e-08,,,,,,6148.784637451172,696.1901659965515,0.0002608299255371094,0.09457159042358398,1.3975930213928223,0.18245601654052734,4.471965312957764,0,41.63424401641078,26645.9161705029,0.2735301760648619,2086925.75,10226482.146950798,0.5,1039259554.2806937,100000000000.0,100000000000.0,1000000000.0,clip,False,0,407,0,407,,,,,,,,,
2026-05-18T19:53:03,0,5,5,1,408,74816,408,True,5.4545454545454545e-08,,,,,,6147.52984046936,696.1901659965515,0.00030803680419921875,0.09456706047058105,1.398775577545166,0.17690396308898926,4.4750049114227295,0,41.64274214900835,26651.354975365342,0.2735301760648619,2181916.75,10065590.839011783,0.5,1022648214.6950798,100000000000.0,100000000000.0,1000000000.0,clip,False,0,408,0,408,,,,,,,,,
2026-05-18T19:53:09,0,5,5,1,409,74816,409,True,5.4679144385026736e-08,,,,,,6149.7907638549805,696.1901659965515,0.00030493736267089844,0.09481596946716309,1.401383399963379,0.17574024200439453,4.4755542278289795,0,41.62743251439128,26641.55680921042,0.2735301760648619,2115110.5,9906581.232231548,0.5,1006559083.9011782,100000000000.0,100000000000.0,1000000000.0,clip,False,0,409,0,409,,,,,,,,,
2026-05-18T19:53:15,0,5,5,1,410,74816,410,True,5.481283422459893e-08,,,,,,6152.822017669678,696.1901659965515,0.0003101825714111328,0.09417319297790527,1.4011914730072021,0.17937350273132324,4.4758899211883545,0,41.60692431291187,26628.431560263598,0.2735301760648619,2018638.75,9748822.382586917,0.5,990658123.2231548,100000000000.0,100000000000.0,1000000000.0,clip,False,0,410,0,410,,,,,,,,,
2026-05-18T19:53:21,0,5,5,1,411,74816,411,True,5.494652406417112e-08,468.5520935058594,186.60952758789062,0.7186227440834045,279.2432556152344,1.9806811809539795,6148.166179656982,696.1901659965515,0.0002579689025878906,0.09483790397644043,1.3975825309753418,0.17711782455444336,4.476362705230713,0,41.63843209818423,26648.596542837906,0.2735301760648619,1983252.625,9593510.987435179,0.5,974882238.2586917,100000000000.0,100000000000.0,1000000000.0,clip,False,0,411,0,411,482.2058919270833,400.1653747558594,572.1884765625,6150.05078125,6153.1416015625,768.8004150390625,0.0,999.0162353515625,639370.375
2026-05-18T19:53:27,0,5,5,1,412,74816,412,True,5.508021390374331e-08,,,,,,6161.636829376221,696.1901659965515,0.00026798248291015625,0.09060359001159668,1.394186019897461,0.17317986488342285,4.481228590011597,0,41.547401622162205,26590.337038183814,0.2735301760648619,1900208.0,9439644.927686475,0.5,959351098.7435179,100000000000.0,100000000000.0,1000000000.0,clip,False,0,412,0,412,,,,,,,,,
2026-05-18T19:53:34,0,5,5,1,413,74816,413,True,5.52139037433155e-08,,,,,,6151.931524276733,696.1901659965515,0.0002562999725341797,0.09617829322814941,1.3967907428741455,0.18054628372192383,4.476219415664673,0,41.612946924030865,26632.286031379754,0.2735301760648619,2434302.5,9299538.079132747,0.5,943964492.7686476,100000000000.0,100000000000.0,1000000000.0,clip,False,0,413,0,413,,,,,,,,,
2026-05-18T19:53:40,0,5,5,1,414,74816,414,True,5.53475935828877e-08,,,,,,6148.979425430298,696.1901659965515,0.0002601146697998047,0.0956430435180664,1.396407127380371,0.18194818496704102,4.472697496414185,0,41.632925122706105,26645.072078531906,0.2735301760648619,2386713.5,9161281.58755009,0.5,929953807.9132746,100000000000.0,100000000000.0,1000000000.0,clip,False,0,414,0,414,,,,,,,,,
2026-05-18T19:53:46,0,5,5,1,415,74816,415,True,5.548128342245989e-08,,,,,,6146.481037139893,696.1901659965515,0.0002579689025878906,0.09476613998413086,1.398106336593628,0.17378449440002441,4.477550506591797,0,41.64984784840775,26655.90262298096,0.2735301760648619,2126020.25,9020576.360799087,0.5,916128158.755009,100000000000.0,100000000000.0,1000000000.0,clip,False,0,415,0,415,,,,,,,,,
2026-05-18T19:53:52,0,5,5,1,416,74816,416,True,5.5614973262032084e-08,,,,,,6151.972055435181,696.1901659965515,0.000629425048828125,0.09080719947814941,1.405616283416748,0.1752462387084961,4.477736711502075,0,41.61267276463449,26632.110569366072,0.2735301760648619,3130588.0,8902776.593583105,0.5,902057636.0799087,100000000000.0,100000000000.0,1000000000.0,clip,False,0,416,0,416,,,,,,,,,
2026-05-18T19:53:58,0,5,5,1,417,74816,417,True,5.5748663101604276e-08,,,,,,6161.324739456177,696.1901659965515,0.0002911090850830078,0.0920262336730957,1.404200792312622,0.17400312423706055,4.4888083934783936,0,41.549506124975906,26591.68391998458,0.2735301760648619,2087920.375,8766479.469211444,0.5,890277659.3583105,100000000000.0,100000000000.0,1000000000.0,clip,False,0,417,0,417,,,,,,,,,
2026-05-18T19:54:04,0,5,5,1,418,74816,418,True,5.588235294117647e-08,,,,,,6139.052391052246,696.1901659965515,0.00026726722717285156,0.09377050399780273,1.3991119861602783,0.18891501426696777,4.455104827880859,0,41.700246828504596,26688.157970242944,0.2735301760648619,1865511.0,8628460.099827215,0.5,876647946.9211445,100000000000.0,100000000000.0,1000000000.0,clip,False,0,418,0,418,,,,,,,,,
2026-05-18T19:54:10,0,5,5,1,419,74816,419,True,5.6016042780748665e-08,,,,,,6151.560306549072,696.1901659965515,0.0003190040588378906,0.09238862991333008,1.404482364654541,0.17505431175231934,4.477194309234619,0,41.61545806963111,26633.89316456391,0.2735301760648619,1987126.25,8495633.422830671,0.5,862846009.9827216,100000000000.0,100000000000.0,1000000000.0,clip,False,0,419,0,419,,,,,,,,,
2026-05-18T19:54:17,0,5,5,1,420,74816,420,True,5.614973262032085e-08,,,,,,6151.554346084595,696.1901659965515,0.0003147125244140625,0.09361791610717773,1.402475118637085,0.17316389083862305,4.4796693325042725,0,41.61549839236022,26633.918971110543,0.2735301760648619,2355707.75,8372834.909374057,0.5,849563342.2830671,100000000000.0,100000000000.0,1000000000.0,clip,False,0,420,0,420,,,,,,,,,
2026-05-18T19:54:23,0,5,5,1,421,74816,421,True,5.628342245989305e-08,463.1517333984375,188.41087341308594,0.7193000912666321,272.02740478515625,1.994145393371582,6148.405313491821,696.1901659965515,0.00031256675720214844,0.09427189826965332,1.4006738662719727,0.17418742179870605,4.476610898971558,0,41.636812628185645,26647.560082038814,0.2735301760648619,1847503.75,8242328.286186576,0.5,837283490.9374057,100000000000.0,100000000000.0,1000000000.0,clip,False,0,421,0,421,480.3531087239583,400.7298583984375,543.6072998046875,6150.263020833333,6155.4560546875,768.8004150390625,0.0,998.98193359375,639348.4375
2026-05-18T19:54:29,0,5,5,1,422,74816,422,True,5.6417112299465234e-08,,,,,,6164.057493209839,696.1901659965515,0.0002715587615966797,0.0920560359954834,1.393233060836792,0.1738431453704834,4.476281642913818,0,41.531085698341194,26579.89484693836,0.2735301760648619,2683304.75,8131147.8154628435,0.5,824232828.6186576,100000000000.0,100000000000.0,1000000000.0,clip,False,0,422,0,422,,,,,,,,,
2026-05-18T19:54:35,0,5,5,1,423,74816,423,True,5.655080213903743e-08,,,,,,6153.712749481201,696.1901659965515,0.0002865791320800781,0.09177708625793457,1.404587984085083,0.174635648727417,4.480543613433838,0,41.60090183305721,26624.577173156613,0.2735301760648619,2413682.0,8016798.499153586,0.5,813114781.5462843,100000000000.0,100000000000.0,1000000000.0,clip,False,0,423,0,423,,,,,,,,,
2026-05-18T19:54:41,0,5,5,1,424,74816,424,True,5.6684491978609623e-08,,,,,,6145.630121231079,696.1901659965515,0.0002601146697998047,0.09424161911010742,1.397944450378418,0.1718120574951172,4.479521751403809,0,41.655614631867664,26659.593364395307,0.2735301760648619,1801998.5,7892502.499170514,0.5,801679849.9153587,100000000000.0,100000000000.0,1000000000.0,clip,False,0,424,0,424,,,,,,,,,
2026-05-18T19:54:47,0,5,5,1,425,74816,425,True,5.6818181818181815e-08,,,,,,6148.88596534729,696.1901659965515,0.00033855438232421875,0.09378409385681152,1.4029319286346436,0.1771993637084961,4.472719669342041,0,41.63355792296615,26645.477070698333,0.2735301760648619,2461779.25,7783888.034187104,0.5,789250249.9170514,100000000000.0,100000000000.0,1000000000.0,clip,False,0,425,0,425,,,,,,,,,
2026-05-18T19:54:54,0,5,5,1,426,74816,426,True,5.695187165775401e-08,,,,,,6150.389194488525,696.1901659965515,0.0003075599670410156,0.09184908866882324,1.4050300121307373,0.17374038696289062,4.477411270141602,0,41.62338218033523,26638.96459541454,0.2735301760648619,3038065.75,7688971.588503362,0.5,778388803.4187104,100000000000.0,100000000000.0,1000000000.0,clip,False,0,426,0,426,,,,,,,,,
2026-05-18T19:55:00,0,5,5,1,427,74816,427,True,5.70855614973262e-08,,,,,,6149.6336460113525,696.1901659965515,0.00031065940856933594,0.09286618232727051,1.4042785167694092,0.1730489730834961,4.477005243301392,0,41.628496059442725,26642.237478043346,0.2735301760648619,2156152.0,7578315.196733294,0.5,768897158.8503362,100000000000.0,100000000000.0,1000000000.0,clip,False,0,427,0,427,,,,,,,,,
2026-05-18T19:55:06,0,5,5,1,428,74816,428,True,5.7219251336898396e-08,,,,,,6149.31583404541,696.1901659965515,0.00029659271240234375,0.09314346313476562,1.4040517807006836,0.1732170581817627,4.476628065109253,0,41.6306475238542,26643.61441526669,0.2735301760648619,1872495.375,7464198.8002986275,0.5,757831519.6733294,100000000000.0,100000000000.0,1000000000.0,clip,False,0,428,0,428,,,,,,,,,
2026-05-18T19:55:12,0,5,5,1,429,74816,429,True,5.735294117647058e-08,,,,,,6149.880170822144,696.1901659965515,0.0003070831298828125,0.09360694885253906,1.4030640125274658,0.17647314071655273,4.4745049476623535,0,41.62682733471485,26641.1694942175,0.2735301760648619,1762996.875,7350174.761792655,0.5,746419880.0298628,100000000000.0,100000000000.0,1000000000.0,clip,False,0,429,0,429,,,,,,,,,
2026-05-18T19:55:18,0,5,5,1,430,74816,430,True,5.748663101604278e-08,,,,,,6149.7321128845215,696.1901659965515,0.0003261566162109375,0.09216809272766113,1.4045732021331787,0.17486882209777832,4.475849151611328,0,41.62782952181695,26641.810893962847,0.2735301760648619,2250054.75,7248172.361556802,0.5,735017476.1792655,100000000000.0,100000000000.0,1000000000.0,clip,False,0,430,0,430,,,,,,,,,
2026-05-18T19:55:24,0,5,5,1,431,74816,431,True,5.762032085561497e-08,436.0614318847656,172.4342041015625,0.7180988192558289,260.9518127441406,1.9573060274124146,6151.184320449829,696.1901659965515,0.0003001689910888672,0.09243249893188477,1.4049856662750244,0.17423558235168457,4.477252721786499,0,41.61800178039194,26635.521139450844,0.2735301760648619,2344780.5,7150104.524325666,0.5,724817236.1556802,100000000000.0,100000000000.0,1000000000.0,clip,False,0,431,0,431,470.4340006510417,415.120361328125,539.5479736328125,6150.759114583333,6155.64111328125,768.8004150390625,0.0,998.9012451171875,639296.75
2026-05-18T19:55:30,0,5,5,1,432,74816,432,True,5.775401069518716e-08,,,,,,6156.23140335083,696.1901659965515,0.0002713203430175781,0.09206342697143555,1.3933124542236328,0.17312908172607422,4.475572109222412,0,41.58388196074947,26613.68445487966,0.2735301760648619,1830411.125,7043710.656339153,0.5,715010452.4325666,100000000000.0,100000000000.0,1000000000.0,clip,False,0,432,0,432,,,,,,,,,
2026-05-18T19:55:37,0,5,5,1,433,74816,433,True,5.7887700534759354e-08,,,,,,6150.007247924805,696.1901659965515,0.00031256675720214844,0.09311413764953613,1.404195785522461,0.17307424545288086,4.477426052093506,0,41.625967202946306,26640.619009885635,0.2735301760648619,2080738.5,6944451.21321237,0.5,704371065.6339153,100000000000.0,100000000000.0,1000000000.0,clip,False,0,433,0,433,,,,,,,,,
2026-05-18T19:55:43,0,5,5,1,434,74816,434,True,5.8021390374331546e-08,,,,,,6148.914098739624,696.1901659965515,0.0003020763397216797,0.09270334243774414,1.4041776657104492,0.17405056953430176,4.475754976272583,0,41.63336743514984,26645.3551584959,0.2735301760648619,2744293.25,6860448.053948123,0.5,694445121.321237,100000000000.0,100000000000.0,1000000000.0,clip,False,0,434,0,434,,,,,,,,,
2026-05-18T19:55:49,0,5,5,1,435,74816,435,True,5.8155080213903744e-08,,,,,,6150.705575942993,696.1901659965515,0.00033283233642578125,0.09168577194213867,1.4048032760620117,0.1744990348815918,4.477499485015869,0,41.62124114691532,26637.594334025805,0.2735301760648619,1794814.0,6759135.372869161,0.5,686044805.3948123,100000000000.0,100000000000.0,1000000000.0,clip,False,0,435,0,435,,,,,,,,,
2026-05-18T19:55:55,0,5,5,1,436,74816,436,True,5.828877005347593e-08,,,,,,6158.833980560303,696.1901659965515,0.00030040740966796875,0.0925893783569336,1.4047350883483887,0.17754721641540527,4.481745719909668,0,41.56630959821883,26602.43814286005,0.2735301760648619,2562083.25,6675194.330411778,0.5,675913537.2869161,100000000000.0,100000000000.0,1000000000.0,clip,False,0,436,0,436,,,,,,,,,
2026-05-18T19:56:01,0,5,5,1,437,74816,437,True,5.842245989304813e-08,,,,,,6144.976854324341,696.1901659965515,0.00028133392333984375,0.09303832054138184,1.4040226936340332,0.17350482940673828,4.47232460975647,0,41.660043002415506,26662.427521545924,0.2735301760648619,1689606.875,6575482.5813035425,0.5,667519433.0411777,100000000000.0,100000000000.0,1000000000.0,clip,False,0,437,0,437,,,,,,,,,
2026-05-18T19:56:07,0,5,5,1,438,74816,438,True,5.855614973262032e-08,,,,,,6148.776292800903,696.1901659965515,0.0003018379211425781,0.09206652641296387,1.4047915935516357,0.174210786819458,4.475542783737183,0,41.634300519231665,26645.952332308265,0.2735301760648619,1998851.0,6483949.949677472,0.5,657548258.1303543,100000000000.0,100000000000.0,1000000000.0,clip,False,0,438,0,438,,,,,,,,,
2026-05-18T19:56:13,0,5,5,1,439,74816,439,True,5.868983957219251e-08,,,,,,6151.268720626831,696.1901659965515,0.00031065940856933594,0.0921332836151123,1.4041483402252197,0.17436909675598145,4.478372573852539,0,41.617430749133796,26635.15567944563,0.2735301760648619,1962764.875,6393526.248183923,0.5,648394994.9677472,100000000000.0,100000000000.0,1000000000.0,clip,False,0,439,0,439,,,,,,,,,
2026-05-18T19:56:20,0,5,5,1,440,74816,440,True,5.88235294117647e-08,,,,,,6150.2203941345215,696.1901659965515,0.0003151893615722656,0.09241151809692383,1.4050142765045166,0.17452311515808105,4.475818872451782,0,41.624524585191736,26639.695734522713,0.2735301760648619,2023556.625,6306126.855720244,0.5,639352624.8183923,100000000000.0,100000000000.0,1000000000.0,clip,False,0,440,0,440,,,,,,,,,
2026-05-18T19:56:26,0,5,5,1,441,74816,441,True,5.8957219251336894e-08,439.3707580566406,174.64535522460938,0.7187816500663757,262.0140686035156,1.9925551414489746,6149.886608123779,696.1901659965515,0.00034689903259277344,0.09837102890014648,1.3980684280395508,0.17507290840148926,4.475299835205078,0,41.626783762457215,26641.141607972615,0.2735301760648619,1749378.625,6214991.891105839,0.5,630612685.5720245,100000000000.0,100000000000.0,1000000000.0,clip,False,0,441,0,441,475.6282552083333,405.1033935546875,528.9489135742188,6149.444661458333,6153.85107421875,768.8004150390625,0.0,999.11474609375,639433.4375
2026-05-18T19:56:32,0,5,5,1,442,74816,442,True,5.9090909090909085e-08,,,,,,6153.921365737915,696.1901659965515,0.0002841949462890625,0.09389162063598633,1.3913943767547607,0.17694544792175293,4.471909046173096,0,41.599491573825645,26623.674607248413,0.2735301760648619,2161814.25,6133928.338283722,0.5,621499189.1105839,100000000000.0,100000000000.0,1000000000.0,clip,False,0,442,0,442,,,,,,,,,
2026-05-18T19:56:38,0,5,5,1,443,74816,443,True,5.9224598930481283e-08,,,,,,6148.916006088257,696.1901659965515,0.00028586387634277344,0.09237360954284668,1.4042713642120361,0.17452454566955566,4.475464344024658,0,41.633354520784714,26645.346893302216,0.2735301760648619,2051816.75,6052286.106518048,0.5,613392833.8283722,100000000000.0,100000000000.0,1000000000.0,clip,False,0,443,0,443,,,,,,,,,
2026-05-18T19:56:44,0,5,5,1,444,74816,444,True,5.9358288770053475e-08,,,,,,6149.503707885742,696.1901659965515,0.00029659271240234375,0.0917975902557373,1.4056720733642578,0.17399239540100098,4.475802421569824,0,41.62937566355501,26642.800424675206,0.2735301760648619,1959095.875,5970422.301887687,0.5,605228610.6518048,100000000000.0,100000000000.0,1000000000.0,clip,False,0,444,0,444,,,,,,,,,
2026-05-18T19:56:50,0,5,5,1,445,74816,445,True,5.9491978609625667e-08,,,,,,6150.02703666687,696.1901659965515,0.00030231475830078125,0.09250283241271973,1.405074119567871,0.17374110221862793,4.476521968841553,0,41.62583326442485,26640.533289231906,0.2735301760648619,1746197.0,5885937.795849934,0.5,597042230.1887687,100000000000.0,100000000000.0,1000000000.0,clip,False,0,445,0,445,,,,,,,,,
2026-05-18T19:56:57,0,5,5,1,446,74816,446,True,5.962566844919786e-08,,,,,,6151.222467422485,696.1901659965515,0.00030517578125,0.09200143814086914,1.4054596424102783,0.17827963829040527,4.473184585571289,0,41.61774368522723,26635.355958545428,0.2735301760648619,2337456.0,5814968.159932936,0.5,588593779.5849934,100000000000.0,100000000000.0,1000000000.0,clip,False,0,446,0,446,,,,,,,,,
2026-05-18T19:57:03,0,5,5,1,447,74816,447,True,5.975935828877005e-08,,,,,,6150.118350982666,696.1901659965515,0.00031375885009765625,0.09144735336303711,1.4053304195404053,0.17734408378601074,4.473716974258423,0,41.62521522193086,26640.137742035753,0.2735301760648619,1950798.875,5737684.774234277,0.5,581496815.9932935,100000000000.0,100000000000.0,1000000000.0,clip,False,0,447,0,447,,,,,,,,,
2026-05-18T19:57:09,0,5,5,1,448,74816,448,True,5.989304812834224e-08,,,,,,6149.380207061768,696.1901659965515,0.0003025531768798828,0.09163737297058105,1.4046151638031006,0.1740577220916748,4.476883888244629,0,41.630211725405616,26643.335504259594,0.2735301760648619,1874119.25,5660413.463749591,0.5,573768477.4234277,100000000000.0,100000000000.0,1000000000.0,clip,False,0,448,0,448,,,,,,,,,
2026-05-18T19:57:15,0,5,5,1,449,74816,449,True,6.002673796791443e-08,,,,,,6150.322914123535,696.1901659965515,0.00031495094299316406,0.0935506820678711,1.403174638748169,0.17348194122314453,4.477892160415649,0,41.62383074425643,26639.251676324115,0.2735301760648619,2161422.5,5590433.6444745995,0.5,566041346.3749591,100000000000.0,100000000000.0,1000000000.0,clip,False,0,449,0,449,,,,,,,,,
2026-05-18T19:57:21,0,5,5,1,450,74816,450,True,6.016042780748662e-08,,,,,,6150.887250900269,696.1901659965515,0.0003116130828857422,0.09214258193969727,1.4049088954925537,0.1758718490600586,4.4755494594573975,0,41.62001180602535,26636.807555856227,0.2735301760648619,1892383.875,5516472.649085107,0.5,559043364.4474599,100000000000.0,100000000000.0,1000000000.0,clip,False,0,450,0,450,,,,,,,,,
2026-05-18T19:57:27,0,5,5,1,451,74816,451,True,6.029411764705882e-08,487.9295959472656,202.14649963378906,0.719092845916748,283.0815734863281,1.9824540615081787,6150.063276290894,696.1901659965515,0.0002894401550292969,0.09234404563903809,1.4041953086853027,0.17455315589904785,4.476856231689453,0,41.6255879816563,26640.376308260034,0.2735301760648619,2395271.75,5454048.631103405,0.5,551647264.9085107,100000000000.0,100000000000.0,1000000000.0,clip,False,0,451,0,451,470.497802734375,413.9529113769531,524.5675048828125,6149.251302083333,6154.44580078125,768.8004150390625,0.0,999.1461791992188,639453.5625
2026-05-18T19:57:33,0,5,5,1,452,74816,452,True,6.042780748663101e-08,,,,,,6162.276268005371,696.1901659965515,0.0002930164337158203,0.09409570693969727,1.3911802768707275,0.1770181655883789,4.472933292388916,0,41.543090388393615,26587.577848571913,0.2735301760648619,1967840.75,5384324.473481337,0.5,545404863.1103405,100000000000.0,100000000000.0,1000000000.0,clip,False,0,452,0,452,,,,,,,,,
2026-05-18T19:57:40,0,5,5,1,453,74816,453,True,6.056149732620321e-08,,,,,,6150.0725746154785,696.1901659965515,0.00030422210693359375,0.09424948692321777,1.4010281562805176,0.17563319206237793,4.476934194564819,0,41.625525047727734,26640.33603054575,0.2735301760648619,2427014.25,5325178.26901171,0.5,538432447.3481337,100000000000.0,100000000000.0,1000000000.0,clip,False,0,453,0,453,,,,,,,,,
2026-05-18T19:57:46,0,5,5,1,454,74816,454,True,6.06951871657754e-08,,,,,,6150.182723999023,696.1901659965515,0.0003075599670410156,0.09262657165527344,1.4032721519470215,0.1760387420654297,4.475981712341309,0,41.62477953720723,26639.85890381263,0.2735301760648619,1849451.75,5255663.738631476,0.5,532517826.90117097,100000000000.0,100000000000.0,1000000000.0,clip,False,0,454,0,454,,,,,,,,,
2026-05-18T19:57:52,0,5,5,1,455,74816,455,True,6.08288770053476e-08,,,,,,6149.818658828735,696.1901659965515,0.0003006458282470703,0.0933842658996582,1.4021892547607422,0.17594552040100098,4.47615385055542,0,41.62724369644365,26641.435965723933,0.2735301760648619,1882167.75,5188193.818858846,0.5,525566373.86314756,100000000000.0,100000000000.0,1000000000.0,clip,False,0,455,0,455,,,,,,,,,
2026-05-18T19:57:58,0,5,5,1,456,74816,456,True,6.096256684491979e-08,,,,,,6149.279356002808,696.1901659965515,0.0003108978271484375,0.0930640697479248,1.4027645587921143,0.17603540420532227,4.475279092788696,0,41.63089448035854,26643.772467429466,0.2735301760648619,2146545.25,5127360.847481669,0.5,518819381.8858846,100000000000.0,100000000000.0,1000000000.0,clip,False,0,456,0,456,,,,,,,,,
2026-05-18T19:58:04,0,5,5,1,457,74816,457,True,6.109625668449198e-08,,,,,,6149.989366531372,696.1901659965515,0.0003063678741455078,0.09427952766418457,1.401745080947876,0.1765275001525879,4.475199460983276,0,41.626088232472085,26640.696468782135,0.2735301760648619,1960050.875,5064014.648032036,0.5,512736084.7481669,100000000000.0,100000000000.0,1000000000.0,clip,False,0,457,0,457,,,,,,,,,
2026-05-18T19:58:10,0,5,5,1,458,74816,458,True,6.122994652406417e-08,,,,,,6150.710582733154,696.1901659965515,0.00030732154846191406,0.09399890899658203,1.4021673202514648,0.17575836181640625,4.476576805114746,0,41.62120726646885,26637.572650540063,0.2735301760648619,2798537.75,5018705.110071395,0.5,506401464.8032036,100000000000.0,100000000000.0,1000000000.0,clip,False,0,458,0,458,,,,,,,,,
2026-05-18T19:58:17,0,5,5,1,459,74816,459,True,6.136363636363636e-08,,,,,,6151.115655899048,696.1901659965515,0.00029206275939941406,0.0944368839263916,1.402134895324707,0.1761472225189209,4.476245880126953,0,41.618466359755516,26635.81847024353,0.2735301760648619,1891452.75,4956160.062869966,0.5,501870511.00713944,100000000000.0,100000000000.0,1000000000.0,clip,False,0,459,0,459,,,,,,,,,
2026-05-18T19:58:23,0,5,5,1,460,74816,460,True,6.149732620320855e-08,,,,,,6148.894786834717,696.1901659965515,0.00031566619873046875,0.09417080879211426,1.4025237560272217,0.185744047164917,4.464166164398193,0,41.633498193548014,26645.438843870732,0.2735301760648619,2362625.0,4904289.361612567,0.5,495616006.2869966,100000000000.0,100000000000.0,1000000000.0,clip,False,0,460,0,460,,,,,,,,,
2026-05-18T19:58:29,0,5,5,1,461,74816,461,True,6.163101604278075e-08,442.52423095703125,172.04840087890625,0.7190777659416199,267.7786865234375,1.978096604347229,6150.5444049835205,696.1901659965515,0.0003032684326171875,0.0950174331665039,1.4016227722167969,0.17566919326782227,4.476035118103027,0,41.62233180408782,26638.292354616206,0.2735301760648619,2082781.875,4847859.211880315,0.5,490428936.1612567,100000000000.0,100000000000.0,1000000000.0,clip,False,0,461,0,461,466.1287434895833,409.7030944824219,520.039306640625,6151.572916666667,6157.67431640625,768.8004150390625,0.0,998.7691650390625,639212.3125
2026-05-18T19:58:35,0,5,5,1,462,74816,462,True,6.176470588235294e-08,,,,,,6157.92441368103,696.1901659965515,0.0003027915954589844,0.10185742378234863,1.3836827278137207,0.178389310836792,4.472003936767578,0,41.5724492218914,26606.367502010497,0.2735301760648619,1668274.75,4784267.522642708,0.5,484785921.1880315,100000000000.0,100000000000.0,1000000000.0,clip,False,0,462,0,462,,,,,,,,,
2026-05-18T19:58:41,0,5,5,1,463,74816,463,True,6.189839572192513e-08,,,,,,6150.754928588867,696.1901659965515,0.00033164024353027344,0.09359598159790039,1.4025404453277588,0.17302417755126953,4.479093551635742,0,41.620907184922196,26637.380598350206,0.2735301760648619,2035278.25,4729287.7371898545,0.5,478426752.26427084,100000000000.0,100000000000.0,1000000000.0,clip,False,0,463,0,463,,,,,,,,,
2026-05-18T19:58:47,0,5,5,1,464,74816,464,True,6.203208556149732e-08,,,,,,6147.280931472778,696.1901659965515,0.00029778480529785156,0.09483766555786133,1.4012327194213867,0.1738111972808838,4.475043535232544,0,41.644428301516875,26652.4341129708,0.2735301760648619,1877672.0,4672255.422446058,0.5,472928773.71898544,100000000000.0,100000000000.0,1000000000.0,clip,False,0,464,0,464,,,,,,,,,
2026-05-18T19:58:53,0,5,5,1,465,74816,465,True,6.216577540106951e-08,,,,,,6149.514675140381,696.1901659965515,0.0003237724304199219,0.09213018417358398,1.4045770168304443,0.17499756813049316,4.47533917427063,0,41.62930142030372,26642.75290899438,0.2735301760648619,1950801.625,4617826.346497136,0.5,467225542.24460584,100000000000.0,100000000000.0,1000000000.0,clip,False,0,465,0,465,,,,,,,,,
2026-05-18T19:59:00,0,5,5,1,466,74816,466,True,6.229946524064172e-08,,,,,,6153.107643127441,696.1901659965515,0.00030612945556640625,0.09183931350708008,1.4044744968414307,0.17343616485595703,4.480980157852173,0,41.604992931650195,26627.195476256125,0.2735301760648619,1928506.25,4564039.944567193,0.5,461782634.64971364,100000000000.0,100000000000.0,1000000000.0,clip,False,0,466,0,466,,,,,,,,,
2026-05-18T19:59:06,0,5,5,1,467,74816,467,True,6.24331550802139e-08,,,,,,6146.544933319092,696.1901659965515,0.0002636909484863281,0.09429788589477539,1.397965431213379,0.17513179779052734,4.476804494857788,0,41.649414878963846,26655.62552253686,0.2735301760648619,1791577.375,4508590.6931758495,0.5,456403994.45671934,100000000000.0,100000000000.0,1000000000.0,clip,False,0,467,0,467,,,,,,,,,
2026-05-18T19:59:12,0,5,5,1,468,74816,468,True,6.25668449197861e-08,,,,,,6272.401571273804,696.1901659965515,0.0003056526184082031,0.09401726722717285,1.401902437210083,0.17894697189331055,4.5952136516571045,0,40.81371339048551,26120.776569910726,0.2735301760648619,1982100.875,4458060.896812333,0.5,450859069.31758493,100000000000.0,100000000000.0,1000000000.0,clip,False,0,468,0,468,,,,,,,,,
2026-05-18T19:59:18,0,5,5,1,469,74816,469,True,6.270053475935828e-08,,,,,,6153.632879257202,696.1901659965515,0.00030684471130371094,0.09508728981018066,1.4007132053375244,0.17778801918029785,4.477776527404785,0,41.60144178618947,26624.922743161263,0.2735301760648619,1676478.75,4402429.253876086,0.5,445806089.6812333,100000000000.0,100000000000.0,1000000000.0,clip,False,0,469,0,469,,,,,,,,,
2026-05-18T19:59:24,0,5,5,1,470,74816,470,True,6.283422459893048e-08,,,,,,6145.683526992798,696.1901659965515,0.0002624988555908203,0.09554243087768555,1.3975598812103271,0.1771376132965088,4.473038673400879,0,41.65525264612279,26659.361693518586,0.2735301760648619,1904254.875,4352465.766298565,0.5,440242925.38760865,100000000000.0,100000000000.0,1000000000.0,clip,False,0,470,0,470,,,,,,,,,
2026-05-18T19:59:31,0,5,5,1,471,74816,471,True,6.296791443850267e-08,472.6649475097656,184.3623504638672,0.7191190123558044,285.56768798828125,2.015782356262207,6442.602634429932,696.1901659965515,0.0002987384796142578,0.09501242637634277,1.4003956317901611,0.17954730987548828,4.765309810638428,0,39.73549426002306,25430.71632641476,0.2735301760648619,1738705.125,4300190.553472593,0.5,435246576.6298565,100000000000.0,100000000000.0,1000000000.0,clip,False,0,471,0,471,476.6305338541667,412.51495361328125,527.1090698242188,6442.095052083333,6447.3916015625,768.8004150390625,0.0,953.7271728515625,610385.375
2026-05-18T19:59:37,0,5,5,1,472,74816,472,True,6.310160427807487e-08,,,,,,6156.545162200928,696.1901659965515,0.00029730796813964844,0.09389925003051758,1.3908233642578125,0.17722535133361816,4.473778247833252,0,41.58176270219734,26612.328129406298,0.2735301760648619,1920161.875,4252589.979903141,0.5,430019055.34725934,100000000000.0,100000000000.0,1000000000.0,clip,False,0,472,0,472,,,,,,,,,
2026-05-18T19:59:43,0,5,5,1,473,74816,473,True,6.323529411764706e-08,,,,,,6148.512840270996,696.1901659965515,0.0003390312194824219,0.09471535682678223,1.4009358882904053,0.17922163009643555,4.471371412277222,0,41.636084472862024,26647.094062631695,0.2735301760648619,2173855.0,4211015.280305078,0.5,425258997.9903141,100000000000.0,100000000000.0,1000000000.0,clip,False,0,473,0,473,,,,,,,,,
2026-05-18T19:59:49,0,5,5,1,474,74816,474,True,6.336898395721925e-08,,,,,,6150.333404541016,696.1901659965515,0.00029778480529785156,0.09212136268615723,1.404510736465454,0.1733553409576416,4.478036880493164,0,41.62375974788389,26639.20623864569,0.2735301760648619,1859817.0,4163991.3146989765,0.5,421101528.0305078,100000000000.0,100000000000.0,1000000000.0,clip,False,0,474,0,474,,,,,,,,,
2026-05-18T19:59:55,0,5,5,1,475,74816,475,True,6.350267379679144e-08,,,,,,6151.447057723999,696.1901659965515,0.0002956390380859375,0.09270572662353516,1.4043359756469727,0.17303156852722168,4.4790942668914795,0,41.61622421484654,26634.383497501785,0.2735301760648619,1623745.25,4113186.393404997,0.5,416399131.4698976,100000000000.0,100000000000.0,1000000000.0,clip,False,0,475,0,475,,,,,,,,,
2026-05-18T20:00:01,0,5,5,1,476,74816,476,True,6.363636363636363e-08,,,,,,6150.305509567261,696.1901659965515,0.0002942085266113281,0.09120368957519531,1.405022144317627,0.17371535301208496,4.478076219558716,0,41.62394853422693,26639.327061905235,0.2735301760648619,1740267.25,4065728.010536897,0.5,411318639.3404997,100000000000.0,100000000000.0,1000000000.0,clip,False,0,476,0,476,,,,,,,,,
2026-05-18T20:00:08,0,5,5,1,477,74816,477,True,6.377005347593582e-08,,,,,,6150.1054763793945,696.1901659965515,0.00031375885009765625,0.0936131477355957,1.4029412269592285,0.17379021644592285,4.477347135543823,0,41.62530235997006,26640.19351038084,0.2735301760648619,2192220.75,4028257.865326159,0.5,406572801.0536897,100000000000.0,100000000000.0,1000000000.0,clip,False,0,477,0,477,,,,,,,,,
2026-05-18T20:00:14,0,5,5,1,478,74816,478,True,6.390374331550802e-08,,,,,,6150.346994400024,696.1901659965515,0.0002827644348144531,0.09161663055419922,1.4051992893218994,0.17847347259521484,4.47263240814209,0,41.62366777567047,26639.147376429097,0.2735301760648619,1855989.25,3984812.4930196363,0.5,402825786.5326159,100000000000.0,100000000000.0,1000000000.0,clip,False,0,478,0,478,,,,,,,,,
2026-05-18T20:00:20,0,5,5,1,479,74816,479,True,6.403743315508021e-08,,,,,,6150.043964385986,696.1901659965515,0.00029349327087402344,0.09363651275634766,1.4033637046813965,0.17464137077331543,4.476059913635254,0,41.62571869119293,26640.459962363475,0.2735301760648619,1819307.125,3941502.3856592434,0.5,398481249.3019636,100000000000.0,100000000000.0,1000000000.0,clip,False,0,479,0,479,,,,,,,,,
2026-05-18T20:00:26,0,5,5,1,480,74816,480,True,6.41711229946524e-08,,,,,,6154.329776763916,696.1901659965515,0.0002841949462890625,0.09226417541503906,1.404651165008545,0.17501354217529297,4.480108976364136,0,41.59673096598514,26621.90781823049,0.2735301760648619,2775959.25,3918191.522946059,0.5,394150238.56592435,100000000000.0,100000000000.0,1000000000.0,clip,False,0,480,0,480,,,,,,,,,
2026-05-18T20:00:32,0,5,5,1,481,74816,481,True,6.430481283422459e-08,516.9041748046875,218.54214477539062,0.7173493504524231,295.6823425292969,1.9623198509216309,6150.177001953125,696.1901659965515,0.00026297569274902344,0.09541106224060059,1.3972101211547852,0.18092870712280273,4.474406719207764,0,41.6248182643689,26639.883689196096,0.2735301760648619,1832886.875,3876485.429987137,0.5,391819152.29460585,100000000000.0,100000000000.0,1000000000.0,clip,False,0,481,0,481,466.62646484375,398.2541198730469,540.8550415039062,6149.142578125,6152.6943359375,768.8004150390625,0.0,999.163818359375,639464.875
2026-05-18T20:00:38,0,5,5,1,482,74816,482,True,6.443850267379678e-08,,,,,,6156.480312347412,696.1901659965515,0.00030231475830078125,0.09621286392211914,1.3888766765594482,0.18858981132507324,4.464253664016724,0,41.5822007075321,26612.608452820543,0.2735301760648619,2126098.0,3841477.681387394,0.5,387648542.99871373,100000000000.0,100000000000.0,1000000000.0,clip,False,0,482,0,482,,,,,,,,,
2026-05-18T20:00:45,0,5,5,1,483,74816,483,True,6.457219251336899e-08,,,,,,6148.358345031738,696.1901659965515,0.00030684471130371094,0.10554647445678711,1.3872995376586914,0.17798686027526855,4.475218296051025,0,41.63713069958978,26647.763647737458,0.2735301760648619,2208220.25,3808812.5327596464,0.5,384147768.1387394,100000000000.0,100000000000.0,1000000000.0,clip,False,0,483,0,483,,,,,,,,,
2026-05-18T20:00:51,0,5,5,1,484,74816,484,True,6.470588235294118e-08,,,,,,6147.567510604858,696.1901659965515,0.0003345012664794922,0.10091066360473633,1.3936560153961182,0.17754459381103516,4.472795009613037,0,41.64248697690385,26651.19166521846,0.2735301760648619,1982956.875,3772295.4196044537,0.5,380881253.2759646,100000000000.0,100000000000.0,1000000000.0,clip,False,0,484,0,484,,,,,,,,,
2026-05-18T20:00:57,0,5,5,1,485,74816,485,True,6.483957219251337e-08,,,,,,6149.155616760254,696.1901659965515,0.0003237724304199219,0.09447145462036133,1.400874137878418,0.17532730102539062,4.476168155670166,0,41.631732217386336,26644.308619127256,0.2735301760648619,1918317.75,3735215.8662123648,0.5,377229541.96044534,100000000000.0,100000000000.0,1000000000.0,clip,False,0,485,0,485,,,,,,,,,
2026-05-18T20:01:03,0,5,5,1,486,74816,486,True,6.497326203208556e-08,,,,,,6150.329351425171,696.1901659965515,0.0002999305725097656,0.0931551456451416,1.4026107788085938,0.18184113502502441,4.470500469207764,0,41.62378717827184,26639.223794093978,0.2735301760648619,1750189.5,3695515.3388881176,0.5,373521586.6212365,100000000000.0,100000000000.0,1000000000.0,clip,False,0,486,0,486,,,,,,,,,
2026-05-18T20:01:09,0,5,5,1,487,74816,487,True,6.510695187165775e-08,,,,,,6149.261474609375,696.1901659965515,0.0003299713134765625,0.09383344650268555,1.4016058444976807,0.1771223545074463,4.474289655685425,0,41.631015538538655,26643.849944664737,0.2735301760648619,1940920.625,3660423.4446103554,0.5,369551533.88881177,100000000000.0,100000000000.0,1000000000.0,clip,False,0,487,0,487,,,,,,,,,
2026-05-18T20:01:15,0,5,5,1,488,74816,488,True,6.524064171122994e-08,,,,,,6153.2392501831055,696.1901659965515,0.00030732154846191406,0.09279465675354004,1.4033582210540771,0.1772305965423584,4.4776527881622314,0,41.604103073414876,26626.62596698552,0.2735301760648619,2142666.5,3630068.305718148,0.5,366042344.46103555,100000000000.0,100000000000.0,1000000000.0,clip,False,0,488,0,488,,,,,,,,,
2026-05-18T20:01:21,0,5,5,1,489,74816,489,True,6.537433155080214e-08,,,,,,6146.043539047241,696.1901659965515,0.00026106834411621094,0.0931403636932373,1.3995976448059082,0.17657852172851562,4.474477052688599,0,41.65281263850029,26657.800088640186,0.2735301760648619,1873451.5,3594935.9696037853,0.5,363006830.57181484,100000000000.0,100000000000.0,1000000000.0,clip,False,0,489,0,489,,,,,,,,,
2026-05-18T20:01:28,0,5,5,1,490,74816,490,True,6.550802139037433e-08,,,,,,6416.037321090698,696.1901659965515,0.00033283233642578125,0.09197545051574707,1.4045219421386719,0.1776878833770752,4.7395243644714355,0,39.90001728301685,25536.011061130786,0.2735301760648619,1937712.375,3561791.4977117097,0.5,359493596.9603785,100000000000.0,100000000000.0,1000000000.0,clip,False,0,490,0,490,,,,,,,,,
2026-05-18T20:01:34,0,5,5,1,491,74816,491,True,6.564171122994652e-08,498.59332275390625,204.97401428222656,0.7189667224884033,290.9309387207031,1.969420075416565,6149.585008621216,696.1901659965515,0.0003314018249511719,0.09436559677124023,1.4018185138702393,0.17697620391845703,4.474135398864746,0,41.628825301399836,26642.448192895896,0.2735301760648619,2167973.75,3533915.1427574754,0.5,356179149.771171,100000000000.0,100000000000.0,1000000000.0,clip,False,0,491,0,491,479.71728515625,446.21881103515625,551.65234375,6149.236328125,6151.59912109375,768.8004150390625,0.0,999.1484375,639455.0
2026-05-18T20:01:40,0,5,5,1,492,74816,492,True,6.577540106951871e-08,,,,,,6157.592058181763,696.1901659965515,0.0003077983856201172,0.09290862083435059,1.3925418853759766,0.17635464668273926,4.4735987186431885,0,41.574693091245905,26607.803578397383,0.2735301760648619,2042119.0,3504079.219902326,0.5,353391514.27574754,100000000000.0,100000000000.0,1000000000.0,clip,False,0,492,0,492,,,,,,,,,
2026-05-18T20:01:46,0,5,5,1,493,74816,493,True,6.59090909090909e-08,,,,,,6152.574062347412,696.1901659965515,0.0002586841583251953,0.09348440170288086,1.4024100303649902,0.17522597312927246,4.479374408721924,0,41.608601116510165,26629.504714566505,0.2735301760648619,1871036.5,3471418.3655042793,0.5,350407921.9902326,100000000000.0,100000000000.0,1000000000.0,clip,False,0,493,0,493,,,,,,,,,
2026-05-18T20:01:52,0,5,5,1,494,74816,494,True,6.60427807486631e-08,,,,,,6146.258354187012,696.1901659965515,0.0002601146697998047,0.09506916999816895,1.3981616497039795,0.18093109130859375,4.470035076141357,0,41.651356849587245,26656.868383735837,0.2735301760648619,2346169.5,3448913.3881941936,0.5,347141836.5504279,100000000000.0,100000000000.0,1000000000.0,clip,False,0,494,0,494,,,,,,,,,
2026-05-18T20:01:59,0,5,5,1,495,74816,495,True,6.61764705882353e-08,,,,,,6149.455547332764,696.1901659965515,0.0003020763397216797,0.09408736228942871,1.4017219543457031,0.17595958709716797,4.4754798412323,0,41.629701691401976,26643.00908249726,0.2735301760648619,2643373.0,3432802.5804303098,0.5,344891338.8194194,100000000000.0,100000000000.0,1000000000.0,clip,False,0,495,0,495,,,,,,,,,
2026-05-18T20:02:05,0,5,5,1,496,74816,496,True,6.631016042780749e-08,,,,,,6152.756214141846,696.1901659965515,0.0002999305725097656,0.09276914596557617,1.403066873550415,0.17712616920471191,4.477667570114136,0,41.60736929761576,26628.716350474086,0.2735301760648619,1914014.5,3402426.8188217035,0.5,343280258.043031,100000000000.0,100000000000.0,1000000000.0,clip,False,0,496,0,496,,,,,,,,,
2026-05-18T20:02:11,0,5,5,1,497,74816,497,True,6.644385026737967e-08,,,,,,6146.914720535278,696.1901659965515,0.0002601146697998047,0.09368109703063965,1.3988316059112549,0.17793941497802734,4.474204778671265,0,41.64690932587191,26654.021968558023,0.2735301760648619,1730129.5,3368980.8724452695,0.5,340242681.8821704,100000000000.0,100000000000.0,1000000000.0,clip,False,0,497,0,497,,,,,,,,,
2026-05-18T20:02:17,0,5,5,1,498,74816,498,True,6.657754010695186e-08,,,,,,6149.980783462524,696.1901659965515,0.00030493736267089844,0.6312816143035889,0.8679897785186768,0.18267488479614258,4.465949296951294,0,41.62614632689445,26640.733649212445,0.2735301760648619,2142847.75,3344458.209996364,0.5,336898087.2445269,100000000000.0,100000000000.0,1000000000.0,clip,False,0,498,0,498,,,,,,,,,
2026-05-18T20:02:23,0,5,5,1,499,74816,499,True,6.671122994652407e-08,,,,,,6149.467945098877,696.1901659965515,0.00030159950256347656,0.09371376037597656,1.4025976657867432,0.17872023582458496,4.472251892089844,0,41.62961776295328,26642.9553682901,0.2735301760648619,2524051.0,3328050.0657964367,0.5,334445820.9996364,100000000000.0,100000000000.0,1000000000.0,clip,False,0,499,0,499,,,,,,,,,
2026-05-18T20:02:29,0,5,5,1,500,74816,500,True,6.684491978609626e-08,,,,,,6152.323484420776,696.1901659965515,0.0003218650817871094,0.0942220687866211,1.401878833770752,0.17624425888061523,4.477826833724976,0,41.61029579284251,26630.589307419206,0.2735301760648619,1811987.5,3297728.8144805077,0.5,332805006.57964367,100000000000.0,100000000000.0,1000000000.0,clip,False,0,500,0,500,,,,,,,,,
