time,node_rank,rank,local_rank,epoch,batch_index,num_batches,update_step,should_step,lr,loss_total,loss_gep,loss_zero_prob,loss_gepc,loss_gepc_zero_prob,step_ms,data_load_s,to_device_s,forward_s,loss_s,backward_s,optimizer_s,grad_sync_s,samples_per_s,tokens_per_s,mfu,grad_norm_raw,grad_norm_ema,grad_clip_threshold,grad_skip_threshold,grad_skip_max,grad_hard_raw_norm_limit,grad_ema_contribution_cap,grad_action,skipped,skipped_count_cum,clipped_count_cum,consecutive_skips,consecutive_clips,cluster_loss_total_mean,cluster_loss_total_min,cluster_loss_total_max,cluster_step_ms_mean,cluster_step_ms_max,cluster_data_load_s_max,cluster_grad_sync_s_max,cluster_samples_per_s_sum,cluster_tokens_per_s_sum
2026-05-18T19:11:16,0,0,0,1,1,74816,1,True,1.3368983957219252e-10,629.22607421875,187.5048828125,0.7200760245323181,439.0373229980469,1.9638053178787231,809451.5836238861,610.8504967689514,0.001714944839477539,0.5039622783660889,1.2184607982635498,0.29172277450561523,18.56913137435913,0,0.31626351122064283,202.4086471812114,,91204840.0,91204840.0,0.5,100000000000.0,100000000000.0,100000000000.0,1000000000.0,clip,False,0,1,0,1,640.3086751302084,584.711669921875,701.3232421875,809494.5,810489.4375,768.8004150390625,0.0,7.5899224281311035,4857.55029296875
2026-05-18T19:11:22,0,0,0,1,2,74816,2,True,2.6737967914438504e-10,,,,,,7194.998025894165,610.8504967689514,0.000274658203125,0.0971822738647461,1.3925271034240723,0.22730803489685059,4.42218542098999,0,35.58027383449982,22771.37525407988,,96543344.0,91311610.08,0.5,100000000000.0,100000000000.0,100000000000.0,1000000000.0,clip,False,0,2,0,2,,,,,,,,,
2026-05-18T19:11:28,0,0,0,1,3,74816,3,True,4.0106951871657755e-10,,,,,,6287.861585617065,610.8504967689514,0.00030112266540527344,0.0923314094543457,1.4080531597137451,0.17713427543640137,4.60804009437561,0,40.71336439491252,26056.553212744013,,98736800.0,91460113.8784,0.5,100000000000.0,100000000000.0,100000000000.0,1000000000.0,clip,False,0,3,0,3,,,,,,,,,
2026-05-18T19:11:34,0,0,0,1,4,74816,4,True,5.347593582887701e-10,,,,,,6147.747278213501,610.8504967689514,0.0003139972686767578,0.09060525894165039,1.408543348312378,0.17792844772338867,4.468322992324829,0,41.64126929992999,26650.412351955194,,97532808.0,91581567.760832,0.5,100000000000.0,100000000000.0,100000000000.0,1000000000.0,clip,False,0,4,0,4,,,,,,,,,
2026-05-18T19:11:40,0,0,0,1,5,74816,5,True,6.684491978609625e-10,,,,,,6160.461187362671,610.8504967689514,0.00031065940856933594,0.08988714218139648,1.4115972518920898,0.17762994766235352,4.478946685791016,0,41.55533039070977,26595.411450054253,,96964872.0,91689233.84561536,0.5,100000000000.0,100000000000.0,100000000000.0,1000000000.0,clip,False,0,5,0,5,,,,,,,,,
2026-05-18T19:11:47,0,0,0,1,6,74816,6,True,8.021390374331551e-10,,,,,,6442.255258560181,610.8504967689514,0.0005092620849609375,1.0855662822723389,0.5469207763671875,0.18808364868164062,4.618231296539307,0,39.73763685626065,25432.087588006812,,98021048.0,91815870.12870306,0.5,100000000000.0,100000000000.0,100000000000.0,1000000000.0,clip,False,0,6,0,6,,,,,,,,,
2026-05-18T19:11:53,0,0,0,1,7,74816,7,True,9.358288770053475e-10,,,,,,6152.40216255188,610.8504967689514,0.00031280517578125,0.08990931510925293,1.4125161170959473,0.1841566562652588,4.463628053665161,0,41.60976367218116,26630.24875019594,,97543176.0,91930416.24612899,0.5,100000000000.0,100000000000.0,100000000000.0,1000000000.0,clip,False,0,7,0,7,,,,,,,,,
2026-05-18T19:11:59,0,0,0,1,8,74816,8,True,1.0695187165775401e-09,,,,,,6214.407682418823,610.8504967689514,0.00029969215393066406,0.0907595157623291,1.4112393856048584,0.18619012832641602,4.5239951610565186,0,41.194593770255764,26364.540012963687,,98012136.0,92052050.64120641,0.5,100000000000.0,100000000000.0,100000000000.0,1000000000.0,clip,False,0,8,0,8,,,,,,,,,
2026-05-18T19:12:05,0,0,0,1,9,74816,9,True,1.2032085561497326e-09,,,,,,6152.958631515503,610.8504967689514,0.00030040740966796875,0.09375405311584473,1.4090681076049805,0.18409276008605957,4.4637839794158936,0,41.60600051636394,26627.840330472925,,97280448.0,92156618.58838229,0.5,100000000000.0,100000000000.0,100000000000.0,1000000000.0,clip,False,0,9,0,9,,,,,,,,,
2026-05-18T19:12:12,0,0,0,1,10,74816,10,True,1.336898395721925e-09,,,,,,6148.97608757019,610.8504967689514,0.00033402442932128906,0.08998250961303711,1.4095118045806885,0.18435955047607422,4.462609767913818,0,41.63294772238416,26645.08654232586,,99618960.0,92305865.41661465,0.5,100000000000.0,100000000000.0,100000000000.0,1000000000.0,clip,False,0,10,0,10,,,,,,,,,
2026-05-18T19:12:18,0,0,0,1,11,74816,11,True,1.4705882352941176e-09,598.1268920898438,171.9930877685547,0.7188478112220764,423.3914489746094,2.0234720706939697,6154.249429702759,610.8504967689514,0.00029921531677246094,0.09278273582458496,1.4095680713653564,0.1797924041748047,4.467469930648804,0,41.59727403384826,26622.255381662882,,97702480.0,92413797.70828237,0.5,100000000000.0,100000000000.0,100000000000.0,1000000000.0,clip,False,0,11,0,11,630.4042154947916,568.9302368164062,698.9390869140625,6149.360677083333,6154.24951171875,768.8004150390625,0.0,999.1285400390625,639442.25
2026-05-18T19:12:24,0,0,0,1,12,74816,12,True,1.6042780748663102e-09,,,,,,6157.642364501953,610.8504967689514,0.00035262107849121094,0.09419512748718262,1.3904716968536377,0.19009685516357422,4.45368218421936,0,41.57435343692715,26607.586199633377,,97152176.0,92508565.27411671,0.5,100000000000.0,100000000000.0,100000000000.0,1000000000.0,clip,False,0,12,0,12,,,,,,,,,
2026-05-18T19:12:30,0,0,0,1,13,74816,13,True,1.7379679144385026e-09,,,,,,6150.585651397705,610.8504967689514,0.0002887248992919922,0.09050488471984863,1.4118146896362305,0.1859452724456787,4.4601218700408936,0,41.6220526807597,26638.11371568621,,96201584.0,92582425.64863437,0.5,100000000000.0,100000000000.0,100000000000.0,1000000000.0,clip,False,0,13,0,13,,,,,,,,,
2026-05-18T19:12:36,0,0,0,1,14,74816,14,True,1.871657754010695e-09,,,,,,6150.147199630737,610.8504967689514,0.0003120899200439453,0.09101462364196777,1.4117472171783447,0.18218398094177246,4.4629225730896,0,41.62501996950098,26640.01278048063,,98174080.0,92694258.7356617,0.5,100000000000.0,100000000000.0,100000000000.0,1000000000.0,clip,False,0,14,0,14,,,,,,,,,
2026-05-18T19:12:42,0,0,0,1,15,74816,15,True,2.0053475935828875e-09,,,,,,6151.86333656311,610.8504967689514,0.00029921531677246094,0.0952606201171875,1.4068689346313477,0.18543529510498047,4.462006568908691,0,41.61340816504885,26632.581225631264,,97234856.0,92785070.68094847,0.5,100000000000.0,100000000000.0,100000000000.0,1000000000.0,clip,False,0,15,0,15,,,,,,,,,
2026-05-18T19:12:48,0,0,0,1,16,74816,16,True,2.1390374331550803e-09,,,,,,6157.958269119263,610.8504967689514,0.00029730796813964844,0.09631085395812988,1.4056658744812012,0.18683552742004395,4.467019319534302,0,41.57222066342684,26606.221224593177,,96073600.0,92850841.2673295,0.5,100000000000.0,100000000000.0,100000000000.0,1000000000.0,clip,False,0,16,0,16,,,,,,,,,
2026-05-18T19:12:55,0,0,0,1,17,74816,17,True,2.2727272727272727e-09,,,,,,6150.6667137146,610.8504967689514,0.00029921531677246094,0.09181618690490723,1.410956621170044,0.18078923225402832,4.46492338180542,0,41.62150412558979,26637.762640377467,,97394552.0,92941715.48198292,0.5,100000000000.0,100000000000.0,100000000000.0,1000000000.0,clip,False,0,17,0,17,,,,,,,,,
2026-05-18T19:13:01,0,0,0,1,18,74816,18,True,2.406417112299465e-09,,,,,,6152.884244918823,610.8504967689514,0.00030159950256347656,0.09655427932739258,1.405569314956665,0.18963980674743652,4.45886492729187,0,41.60650352091542,26628.162253385864,,96955568.0,93021992.53234325,0.5,100000000000.0,100000000000.0,100000000000.0,1000000000.0,clip,False,0,18,0,18,,,,,,,,,
2026-05-18T19:13:07,0,0,0,1,19,74816,19,True,2.5401069518716575e-09,,,,,,6149.643182754517,610.8504967689514,0.000335693359375,0.09947443008422852,1.4015157222747803,0.18334531784057617,4.462764024734497,0,41.62843150280693,26642.196161796437,,98589184.0,93133336.36169639,0.5,100000000000.0,100000000000.0,100000000000.0,1000000000.0,clip,False,0,19,0,19,,,,,,,,,
2026-05-18T19:13:13,0,0,0,1,20,74816,20,True,2.67379679144385e-09,,,,,,6150.0537395477295,610.8504967689514,0.0002739429473876953,0.0905756950378418,1.410942554473877,0.18685173988342285,4.459397792816162,0,41.62565252947303,26640.41761886274,,97469176.0,93220053.15446246,0.5,100000000000.0,100000000000.0,100000000000.0,1000000000.0,clip,False,0,20,0,20,,,,,,,,,
2026-05-18T19:13:19,0,0,0,1,21,74816,21,True,2.8074866310160428e-09,560.7862548828125,158.94032287597656,0.7197288870811462,399.1268615722656,1.999308705329895,6151.854515075684,610.8504967689514,0.0002727508544921875,0.09468913078308105,1.4081594944000244,0.18182754516601562,4.4647862911224365,0,41.613467836836605,26632.619415575427,,96557584.0,93286803.77137321,0.5,100000000000.0,100000000000.0,100000000000.0,1000000000.0,clip,False,0,21,0,21,627.0322265625,552.3350219726562,672.52197265625,6151.369791666667,6153.51416015625,768.8004150390625,0.0,998.802001953125,639233.25
2026-05-18T19:13:25,0,0,0,1,22,74816,22,True,2.941176470588235e-09,,,,,,6165.021657943726,610.8504967689514,0.00026535987854003906,0.09448719024658203,1.3896534442901611,0.1849515438079834,4.460556507110596,0,41.52459053734873,26575.737943903187,,96791840.0,93356904.49594574,0.5,100000000000.0,100000000000.0,100000000000.0,1000000000.0,clip,False,0,22,0,22,,,,,,,,,
2026-05-18T19:13:32,0,0,0,1,23,74816,23,True,3.074866310160428e-09,,,,,,6153.209209442139,610.8504967689514,0.0002727508544921875,0.09278988838195801,1.408956527709961,0.1838696002960205,4.465553522109985,0,41.604306189876716,26626.7559615211,,97073120.0,93431228.80602683,0.5,100000000000.0,100000000000.0,100000000000.0,1000000000.0,clip,False,0,23,0,23,,,,,,,,,
2026-05-18T19:13:38,0,0,0,1,24,74816,24,True,3.2085561497326204e-09,,,,,,6155.593633651733,610.8504967689514,0.0002741813659667969,0.09403753280639648,1.4065160751342773,0.17908811569213867,4.4737584590911865,0,41.588190390035706,26616.441849622854,,96462200.0,93491848.22990629,0.5,100000000000.0,100000000000.0,100000000000.0,1000000000.0,clip,False,0,24,0,24,,,,,,,,,
2026-05-18T19:13:44,0,0,0,1,25,74816,25,True,3.3422459893048124e-09,,,,,,6152.773380279541,610.8504967689514,0.00028777122497558594,0.09640932083129883,1.4053490161895752,0.18413782119750977,4.4647605419158936,0,41.607253213731894,26628.642056788412,,96753424.0,93557079.74530816,0.5,100000000000.0,100000000000.0,100000000000.0,1000000000.0,clip,False,0,25,0,25,,,,,,,,,
2026-05-18T19:13:50,0,0,0,1,26,74816,26,True,3.4759358288770053e-09,,,,,,6147.617816925049,610.8504967689514,0.0003132820129394531,0.10032033920288086,1.4005756378173828,0.1870253086090088,4.457073211669922,0,41.64214621397001,26650.973576940807,,97311880.0,93632175.750402,0.5,100000000000.0,100000000000.0,100000000000.0,1000000000.0,clip,False,0,26,0,26,,,,,,,,,
2026-05-18T19:13:56,0,0,0,1,27,74816,27,True,3.6096256684491977e-09,,,,,,6150.4833698272705,610.8504967689514,0.0002899169921875,0.09515786170959473,1.4075143337249756,0.18066835403442383,4.464915990829468,0,41.62274484894502,26638.556703324808,,95252928.0,93664590.79539396,0.5,100000000000.0,100000000000.0,100000000000.0,1000000000.0,clip,False,0,27,0,27,,,,,,,,,
2026-05-18T19:14:02,0,0,0,1,28,74816,28,True,3.74331550802139e-09,,,,,,6151.107549667358,610.8504967689514,0.0002715587615966797,0.09453272819519043,1.4086768627166748,0.18410515785217285,4.46162486076355,0,41.61852120661491,26635.85357223354,,96178352.0,93714866.01948608,0.5,100000000000.0,100000000000.0,100000000000.0,1000000000.0,clip,False,0,28,0,28,,,,,,,,,
2026-05-18T19:14:08,0,0,0,1,29,74816,29,True,3.8770053475935825e-09,,,,,,6150.604963302612,610.8504967689514,0.0003228187561035156,0.08966588973999023,1.412900447845459,0.18401217460632324,4.461782932281494,0,41.62192199424541,26638.030076317064,,95945680.0,93759482.29909638,0.5,100000000000.0,100000000000.0,100000000000.0,1000000000.0,clip,False,0,29,0,29,,,,,,,,,
2026-05-18T19:14:15,0,0,0,1,30,74816,30,True,4.010695187165775e-09,,,,,,6149.499177932739,610.8504967689514,0.00029468536376953125,0.08868265151977539,1.413743019104004,0.18283557891845703,4.462002277374268,0,41.62940632932304,26642.820050766746,,97183760.0,93827967.85311446,0.5,100000000000.0,100000000000.0,100000000000.0,1000000000.0,clip,False,0,30,0,30,,,,,,,,,
2026-05-18T19:14:21,0,0,0,1,31,74816,31,True,4.144385026737968e-09,624.5447387695312,183.58119201660156,0.7200626134872437,438.2851257324219,1.9583491086959839,6151.271820068359,610.8504967689514,0.00029468536376953125,0.0878133773803711,1.417243242263794,0.17921233177185059,4.464766979217529,0,41.61740977935764,26635.14225878889,,95630088.0,93864010.25605217,0.5,100000000000.0,100000000000.0,100000000000.0,1000000000.0,clip,False,0,31,0,31,616.103515625,542.1213989257812,680.8824462890625,6150.972005208333,6155.2275390625,768.8004150390625,0.0,998.8665771484375,639274.625
2026-05-18T19:14:27,0,0,0,1,32,74816,32,True,4.2780748663101606e-09,,,,,,6172.908544540405,610.8504967689514,0.0002899169921875,0.09016275405883789,1.3944926261901855,0.18164372444152832,4.476541757583618,0,41.47153617340043,26541.783150976273,,95529488.0,93897319.81093113,0.5,100000000000.0,100000000000.0,100000000000.0,1000000000.0,clip,False,0,32,0,32,,,,,,,,,
2026-05-18T19:14:33,0,0,0,1,33,74816,33,True,4.411764705882352e-09,,,,,,6147.358417510986,610.8504967689514,0.0003070831298828125,0.09845137596130371,1.40254545211792,0.18731474876403809,4.456751108169556,0,41.64390338308145,26652.09816517213,,96741152.0,93954196.45471251,0.5,100000000000.0,100000000000.0,100000000000.0,1000000000.0,clip,False,0,33,0,33,,,,,,,,,
2026-05-18T19:14:39,0,0,0,1,34,74816,34,True,4.545454545454545e-09,,,,,,6149.604558944702,610.8504967689514,0.00029158592224121094,0.08956098556518555,1.4132468700408936,0.18107247352600098,4.463519334793091,0,41.62869295841856,26642.36349338788,,97046824.0,94016049.00561826,0.5,100000000000.0,100000000000.0,100000000000.0,1000000000.0,clip,False,0,34,0,34,,,,,,,,,
2026-05-18T19:14:45,0,0,0,1,35,74816,35,True,4.679144385026738e-09,,,,,,6150.767803192139,610.8504967689514,0.00030517578125,0.08836722373962402,1.414064884185791,0.18661022186279297,4.459503173828125,0,41.62082006528365,26637.324841781538,,96501528.0,94065758.58550589,0.5,100000000000.0,100000000000.0,100000000000.0,1000000000.0,clip,False,0,35,0,35,,,,,,,,,
2026-05-18T19:14:52,0,0,0,1,36,74816,36,True,4.81283422459893e-09,,,,,,6151.090145111084,610.8504967689514,0.0002892017364501953,0.09273743629455566,1.4096684455871582,0.18175411224365234,4.46471643447876,0,41.61863896653669,26635.92893858348,,95597888.0,94096401.17379577,0.5,100000000000.0,100000000000.0,100000000000.0,1000000000.0,clip,False,0,36,0,36,,,,,,,,,
2026-05-18T19:14:58,0,0,0,1,37,74816,37,True,4.946524064171123e-09,,,,,,6147.646188735962,610.8504967689514,0.00027441978454589844,0.08831334114074707,1.4140973091125488,0.1807243824005127,4.462435722351074,0,41.641954032594874,26650.85058086072,,94890496.0,94112283.07031986,0.5,100000000000.0,100000000000.0,100000000000.0,1000000000.0,clip,False,0,37,0,37,,,,,,,,,
2026-05-18T19:15:04,0,0,0,1,38,74816,38,True,5.080213903743315e-09,,,,,,6150.5749225616455,610.8504967689514,0.0003018379211425781,0.09146881103515625,1.4110472202301025,0.18069934844970703,4.464987754821777,0,41.622125284733364,26638.160182229352,,96836824.0,94166773.88891347,0.5,100000000000.0,100000000000.0,100000000000.0,1000000000.0,clip,False,0,38,0,38,,,,,,,,,
2026-05-18T19:15:10,0,0,0,1,39,74816,39,True,5.213903743315508e-09,,,,,,6150.165319442749,610.8504967689514,0.00034308433532714844,0.0945894718170166,1.4077680110931396,0.1884007453918457,4.456326961517334,0,41.624897332547725,26639.93429283054,,97421760.0,94231873.6111352,0.5,100000000000.0,100000000000.0,100000000000.0,1000000000.0,clip,False,0,39,0,39,,,,,,,,,
2026-05-18T19:15:16,0,0,0,1,40,74816,40,True,5.3475935828877e-09,,,,,,6150.134086608887,610.8504967689514,0.0003070831298828125,0.09419631958007812,1.4081664085388184,0.18579316139221191,4.459736347198486,0,41.6251087203784,26640.069581042175,,95397328.0,94255182.6989125,0.5,100000000000.0,100000000000.0,100000000000.0,1000000000.0,clip,False,0,40,0,40,,,,,,,,,
2026-05-18T19:15:22,0,0,0,1,41,74816,41,True,5.481283422459893e-09,629.0633544921875,181.53518676757812,0.7193934321403503,444.8694763183594,1.9393293857574463,6150.144100189209,610.8504967689514,0.00029397010803222656,0.09374475479125977,1.4090321063995361,0.18819427490234375,4.45692253112793,0,41.625040946946946,26640.026206046045,,96787872.0,94305836.48493424,0.5,100000000000.0,100000000000.0,100000000000.0,1000000000.0,clip,False,0,41,0,41,644.9625244140625,561.7142944335938,712.2764282226562,6150.124348958333,6153.1103515625,768.8004150390625,0.0,999.0042114257812,639362.75
2026-05-18T19:15:28,0,0,0,1,42,74816,42,True,5.6149732620320855e-09,,,,,,6159.635066986084,610.8504967689514,0.0002739429473876953,0.09285140037536621,1.3904616832733154,0.1810147762298584,4.46427059173584,0,41.56090372497685,26598.978383985188,,95900544.0,94337730.63523555,0.5,100000000000.0,100000000000.0,100000000000.0,1000000000.0,clip,False,0,42,0,42,,,,,,,,,
2026-05-18T19:15:35,0,0,0,1,43,74816,43,True,5.748663101604277e-09,,,,,,6149.437665939331,610.8504967689514,0.0003008842468261719,0.0927736759185791,1.409639596939087,0.1826939582824707,4.461949586868286,0,41.62982274264517,26643.08655529291,,96555600.0,94382088.02253084,0.5,100000000000.0,100000000000.0,100000000000.0,1000000000.0,clip,False,0,43,0,43,,,,,,,,,
2026-05-18T19:15:41,0,0,0,1,44,74816,44,True,5.88235294117647e-09,,,,,,6155.234336853027,610.8504967689514,0.00029921531677246094,0.09162068367004395,1.4102039337158203,0.1841278076171875,4.466983795166016,0,41.59061799926281,26617.9955195282,,94829768.0,94391041.62208022,0.5,100000000000.0,100000000000.0,100000000000.0,1000000000.0,clip,False,0,44,0,44,,,,,,,,,
2026-05-18T19:15:47,0,0,0,1,45,74816,45,True,6.016042780748663e-09,,,,,,6149.848461151123,610.8504967689514,0.00027251243591308594,0.08902692794799805,1.4137494564056396,0.18123078346252441,4.463783025741577,0,41.627041969759716,26641.30686064622,,96611416.0,94435449.10963862,0.5,100000000000.0,100000000000.0,100000000000.0,1000000000.0,clip,False,0,45,0,45,,,,,,,,,
2026-05-18T19:15:53,0,0,0,1,46,74816,46,True,6.149732620320856e-09,,,,,,6151.2610912323,610.8504967689514,0.0003104209899902344,0.08961224555969238,1.4126474857330322,0.1860370635986328,4.460700035095215,0,41.61748236713438,26635.188714966,,96316328.0,94473066.68744585,0.5,100000000000.0,100000000000.0,100000000000.0,1000000000.0,clip,False,0,46,0,46,,,,,,,,,
2026-05-18T19:15:59,0,0,0,1,47,74816,47,True,6.283422459893048e-09,,,,,,6150.188207626343,610.8504967689514,0.00034427642822265625,0.09332156181335449,1.4085729122161865,0.18740177154541016,4.457991600036621,0,41.62474242374493,26639.835151196752,,95600176.0,94495608.87369692,0.5,100000000000.0,100000000000.0,100000000000.0,1000000000.0,clip,False,0,47,0,47,,,,,,,,,
2026-05-18T19:16:05,0,0,0,1,48,74816,48,True,6.417112299465241e-09,,,,,,6151.279449462891,610.8504967689514,0.0002827644348144531,0.09024643898010254,1.411773443222046,0.1902773380279541,4.45680832862854,0,41.61735816153712,26635.10922338376,,96468944.0,94535075.57622297,0.5,100000000000.0,100000000000.0,100000000000.0,1000000000.0,clip,False,0,48,0,48,,,,,,,,,
2026-05-18T19:16:11,0,0,0,1,49,74816,49,True,6.550802139037433e-09,,,,,,6153.450489044189,610.8504967689514,0.0003104209899902344,0.0893399715423584,1.4129586219787598,0.1840648651123047,4.464779615402222,0,41.60267486604321,26625.711914267653,,95664432.0,94557662.70469852,0.5,100000000000.0,100000000000.0,100000000000.0,1000000000.0,clip,False,0,49,0,49,,,,,,,,,
2026-05-18T19:16:18,0,0,0,1,50,74816,50,True,6.684491978609625e-09,,,,,,6150.095701217651,610.8504967689514,0.00027251243591308594,0.089508056640625,1.4117438793182373,0.17957401275634766,4.466979026794434,0,41.625368520576814,26640.23585316916,,94806176.0,94562632.97060454,0.5,100000000000.0,100000000000.0,100000000000.0,1000000000.0,clip,False,0,50,0,50,,,,,,,,,
2026-05-18T19:16:24,0,0,0,1,51,74816,51,True,6.818181818181818e-09,676.2852172851562,193.63278198242188,0.7183010578155518,479.9046325683594,2.0294580459594727,6147.924900054932,610.8504967689514,0.00028252601623535156,0.08845162391662598,1.4110777378082275,0.1848282814025879,4.461519002914429,0,41.64006622750266,26649.6423856017,,95831632.0,94588012.95119245,0.5,100000000000.0,100000000000.0,100000000000.0,1000000000.0,clip,False,0,51,0,51,638.0814615885416,576.5716552734375,721.7869262695312,6150.464192708333,6153.8037109375,768.8004150390625,0.0,998.9490966796875,639327.4375
2026-05-18T19:16:30,0,0,0,1,52,74816,52,True,6.9518716577540105e-09,,,,,,6158.87188911438,610.8504967689514,0.00026988983154296875,0.09363794326782227,1.390197992324829,0.17921233177185059,4.463928699493408,0,41.56605375287514,26602.27440184009,,95770168.0,94611656.05216861,0.5,100000000000.0,100000000000.0,100000000000.0,1000000000.0,clip,False,0,52,0,52,,,,,,,,,
2026-05-18T19:16:36,0,0,0,1,53,74816,53,True,7.085561497326203e-09,,,,,,6150.373697280884,610.8504967689514,0.00030040740966796875,0.09163594245910645,1.411050796508789,0.18107056617736816,4.464438438415527,0,41.62348705952276,26639.031718094564,,94406568.0,94607554.29112524,0.5,100000000000.0,100000000000.0,100000000000.0,1000000000.0,clip,False,0,53,0,53,,,,,,,,,
2026-05-18T19:16:42,0,0,0,1,54,74816,54,True,7.219251336898395e-09,,,,,,6151.318311691284,610.8504967689514,0.0003428459167480469,0.09431242942810059,1.4069414138793945,0.17889118194580078,4.468617916107178,0,41.61709523525107,26634.940950560685,,95468952.0,94624782.24530274,0.5,100000000000.0,100000000000.0,100000000000.0,1000000000.0,clip,False,0,54,0,54,,,,,,,,,
2026-05-18T19:16:48,0,0,0,1,55,74816,55,True,7.352941176470588e-09,,,,,,6148.769378662109,610.8504967689514,0.00030159950256347656,0.0953066349029541,1.4063336849212646,0.1802992820739746,4.464570760726929,0,41.63434733597086,26645.98229502135,,94428672.0,94620860.04039668,0.5,100000000000.0,100000000000.0,100000000000.0,1000000000.0,clip,False,0,55,0,55,,,,,,,,,
2026-05-18T19:16:55,0,0,0,1,56,74816,56,True,7.48663101604278e-09,,,,,,6151.495456695557,610.8504967689514,0.0003020763397216797,0.09466981887817383,1.407031536102295,0.18168926239013672,4.465759515762329,0,41.61589678512375,26634.173942479203,,93425232.0,94596947.47958875,0.5,100000000000.0,100000000000.0,100000000000.0,1000000000.0,clip,False,0,56,0,56,,,,,,,,,
2026-05-18T19:17:01,0,0,0,1,57,74816,57,True,7.620320855614973e-09,,,,,,6147.386312484741,610.8504967689514,0.0002760887145996094,0.09012532234191895,1.4107155799865723,0.1854875087738037,4.458951473236084,0,41.64371441568411,26651.97722603783,,96617720.0,94637362.92999698,0.5,100000000000.0,100000000000.0,100000000000.0,1000000000.0,clip,False,0,57,0,57,,,,,,,,,
2026-05-18T19:17:07,0,0,0,1,58,74816,58,True,7.754010695187165e-09,,,,,,6149.868965148926,610.8504967689514,0.0002968311309814453,0.09231376647949219,1.4100964069366455,0.18755292892456055,4.457693338394165,0,41.626903182936466,26641.218037079336,,96380424.0,94672224.15139705,0.5,100000000000.0,100000000000.0,100000000000.0,1000000000.0,clip,False,0,58,0,58,,,,,,,,,
2026-05-18T19:17:13,0,0,0,1,59,74816,59,True,7.887700534759358e-09,,,,,,6152.721881866455,610.8504967689514,0.0002970695495605469,0.09489750862121582,1.407559871673584,0.18433475494384766,4.463789463043213,0,41.60760146732673,26628.864939089108,,94942496.0,94677629.5883691,0.5,100000000000.0,100000000000.0,100000000000.0,1000000000.0,clip,False,0,59,0,59,,,,,,,,,
2026-05-18T19:17:19,0,0,0,1,60,74816,60,True,8.02139037433155e-09,,,,,,6148.817300796509,610.8504967689514,0.00027060508728027344,0.08966064453125,1.4107556343078613,0.18393921852111816,4.462280988693237,0,41.63402284970122,26645.77462380878,,95344072.0,94690958.43660171,0.5,100000000000.0,100000000000.0,100000000000.0,1000000000.0,clip,False,0,60,0,60,,,,,,,,,
2026-05-18T19:17:25,0,0,0,1,61,74816,61,True,8.155080213903743e-09,591.726318359375,176.02349853515625,0.7186169624328613,412.96649169921875,2.0177175998687744,6149.976491928101,610.8504967689514,0.000370025634765625,0.09879684448242188,1.4078073501586914,0.18809938430786133,4.452028751373291,0,41.626175374166436,26640.75223946652,,94183152.0,94680802.30786969,0.5,100000000000.0,100000000000.0,100000000000.0,1000000000.0,clip,False,0,61,0,61,622.8434244791666,570.582763671875,677.679931640625,6152.172526041667,6167.33642578125,768.8004150390625,0.0,998.671875,639150.0625
2026-05-18T19:17:31,0,0,0,1,62,74816,62,True,8.288770053475936e-09,,,,,,6166.20659828186,610.8504967689514,0.0002655982971191406,0.09008431434631348,1.394392967224121,0.17799592018127441,4.465374708175659,0,41.51661088866717,26570.630968746984,,95311352.0,94693413.3017123,0.5,100000000000.0,100000000000.0,100000000000.0,1000000000.0,clip,False,0,62,0,62,,,,,,,,,
2026-05-18T19:17:38,0,0,0,1,63,74816,63,True,8.422459893048128e-09,,,,,,6149.327039718628,610.8504967689514,0.00031375885009765625,0.09515047073364258,1.407439947128296,0.1837925910949707,4.460836172103882,0,41.630571661986885,26643.565863671603,,94217216.0,94683889.35567807,0.5,100000000000.0,100000000000.0,100000000000.0,1000000000.0,clip,False,0,63,0,63,,,,,,,,,
2026-05-18T19:17:44,0,0,0,1,64,74816,64,True,8.556149732620321e-09,,,,,,6149.304389953613,610.8504967689514,0.00029540061950683594,0.09288311004638672,1.409287929534912,0.18224000930786133,4.462753534317017,0,41.63072500008917,26643.664000057073,,94706400.0,94684339.5685645,0.5,100000000000.0,100000000000.0,100000000000.0,1000000000.0,clip,False,0,64,0,64,,,,,,,,,
2026-05-18T19:17:50,0,0,0,1,65,74816,65,True,8.689839572192513e-09,,,,,,6149.5959758758545,610.8504967689514,0.0002961158752441406,0.09232211112976074,1.4098713397979736,0.17797398567199707,4.467207908630371,0,41.6287510601116,26642.400678471422,,93153376.0,94653720.29719321,0.5,100000000000.0,100000000000.0,100000000000.0,1000000000.0,clip,False,0,65,0,65,,,,,,,,,
2026-05-18T19:17:56,0,0,0,1,66,74816,66,True,8.823529411764704e-09,,,,,,6149.9924659729,610.8504967689514,0.00030493736267089844,0.0917959213256836,1.410301685333252,0.1805129051208496,4.465208530426025,0,41.626067253970525,26640.68304254114,,94022856.0,94641103.01124935,0.5,100000000000.0,100000000000.0,100000000000.0,1000000000.0,clip,False,0,66,0,66,,,,,,,,,
2026-05-18T19:18:02,0,0,0,1,67,74816,67,True,8.9572192513369e-09,,,,,,6149.3706703186035,610.8504967689514,0.0002980232238769531,0.09233951568603516,1.4103472232818604,0.17770767211914062,4.466737985610962,0,41.63027628756301,26643.376824040326,,93629128.0,94620863.51102436,0.5,100000000000.0,100000000000.0,100000000000.0,1000000000.0,clip,False,0,67,0,67,,,,,,,,,
2026-05-18T19:18:08,0,0,0,1,68,74816,68,True,9.09090909090909e-09,,,,,,6153.156042098999,610.8504967689514,0.00029206275939941406,0.08982396125793457,1.4127485752105713,0.18444204330444336,4.463855743408203,0,41.60466567863471,26626.98603432621,,92758432.0,94583614.88080387,0.5,100000000000.0,100000000000.0,100000000000.0,1000000000.0,clip,False,0,68,0,68,,,,,,,,,
2026-05-18T19:18:15,0,0,0,1,69,74816,69,True,9.224598930481282e-09,,,,,,6146.743059158325,610.8504967689514,0.0003256797790527344,0.09839200973510742,1.402726173400879,0.18354582786560059,4.45953106880188,0,41.6480724078052,26654.76634099533,,95296480.0,94597872.1831878,0.5,100000000000.0,100000000000.0,100000000000.0,1000000000.0,clip,False,0,69,0,69,,,,,,,,,
2026-05-18T19:18:21,0,0,0,1,70,74816,70,True,9.358288770053476e-09,,,,,,6150.763750076294,610.8504967689514,0.00029921531677246094,0.09018778800964355,1.4128761291503906,0.178391695022583,4.467215299606323,0,41.62084749179719,26637.3423947502,,93468272.0,94575280.17952403,0.5,100000000000.0,100000000000.0,100000000000.0,1000000000.0,clip,False,0,70,0,70,,,,,,,,,
2026-05-18T19:18:27,0,0,0,1,71,74816,71,True,9.491978609625667e-09,618.86865234375,199.3826446533203,0.7185507416725159,416.7800598144531,1.9874095916748047,6150.680780410767,610.8504967689514,0.0002689361572265625,0.08936142921447754,1.4131531715393066,0.1842031478881836,4.46184229850769,0,41.62140893660609,26637.701719427896,,93276976.0,94549314.09593354,0.5,100000000000.0,100000000000.0,100000000000.0,1000000000.0,clip,False,0,71,0,71,625.7650960286459,551.9337768554688,688.9147338867188,6150.05078125,6155.00830078125,768.8004150390625,0.0,999.0166015625,639370.625
2026-05-18T19:18:33,0,0,0,1,72,74816,72,True,9.62566844919786e-09,,,,,,6159.342288970947,610.8504967689514,0.0002675056457519531,0.08906030654907227,1.3949124813079834,0.17996621131896973,4.464813947677612,0,41.562879279886616,26600.242739127436,,93895952.0,94536246.85401487,0.5,100000000000.0,100000000000.0,100000000000.0,1000000000.0,clip,False,0,72,0,72,,,,,,,,,
2026-05-18T19:18:39,0,0,0,1,73,74816,73,True,9.759358288770054e-09,,,,,,6151.541471481323,610.8504967689514,0.0002880096435546875,0.09100723266601562,1.411729335784912,0.17819952964782715,4.468383550643921,0,41.615585489721795,26633.974713421947,,92776712.0,94501056.15693457,0.5,100000000000.0,100000000000.0,100000000000.0,1000000000.0,clip,False,0,73,0,73,,,,,,,,,
2026-05-18T19:18:45,0,0,0,1,74,74816,74,True,9.893048128342245e-09,,,,,,6152.315855026245,610.8504967689514,0.0003139972686767578,0.08938884735107422,1.413071632385254,0.182098388671875,4.465399503707886,0,41.61034739314565,26630.62233161322,,92730248.0,94465639.99379589,0.5,100000000000.0,100000000000.0,100000000000.0,1000000000.0,clip,False,0,74,0,74,,,,,,,,,
2026-05-18T19:18:51,0,0,0,1,75,74816,75,True,1.0026737967914437e-08,,,,,,6148.62322807312,610.8504967689514,0.0002875328063964844,0.0911099910736084,1.405989170074463,0.17876124382019043,4.470429420471191,0,41.63533696961072,26646.615660550862,,93646296.0,94449253.11391997,0.5,100000000000.0,100000000000.0,100000000000.0,1000000000.0,clip,False,0,75,0,75,,,,,,,,,
2026-05-18T19:18:58,0,0,0,1,76,74816,76,True,1.016042780748663e-08,,,,,,6149.716377258301,610.8504967689514,0.0002894401550292969,0.09759998321533203,1.4023568630218506,0.18751883506774902,4.459971904754639,0,41.62793603729271,26641.879063867334,,93447704.0,94429222.13164157,0.5,100000000000.0,100000000000.0,100000000000.0,1000000000.0,clip,False,0,76,0,76,,,,,,,,,
2026-05-18T19:19:04,0,0,0,1,77,74816,77,True,1.0294117647058823e-08,,,,,,6148.5960483551025,610.8504967689514,0.0002911090850830078,0.09747576713562012,1.4043328762054443,0.17955279350280762,4.464834928512573,0,41.63552101759655,26646.733451261796,,92482904.0,94390295.76900873,0.5,100000000000.0,100000000000.0,100000000000.0,1000000000.0,clip,False,0,77,0,77,,,,,,,,,
2026-05-18T19:19:10,0,0,0,1,78,74816,78,True,1.0427807486631017e-08,,,,,,6150.309801101685,610.8504967689514,0.00027632713317871094,0.09528136253356934,1.4071319103240967,0.18189597129821777,4.46392297744751,0,41.62391949006269,26639.30847364012,,92734624.0,94357182.33362855,0.5,100000000000.0,100000000000.0,100000000000.0,1000000000.0,clip,False,0,78,0,78,,,,,,,,,
2026-05-18T19:19:16,0,0,0,1,79,74816,79,True,1.0561497326203208e-08,,,,,,6161.714315414429,610.8504967689514,0.0003044605255126953,0.09241700172424316,1.410891056060791,0.18186116218566895,4.4743266105651855,0,41.54687914685992,26590.002653990352,,94295080.0,94355940.28695598,0.5,100000000000.0,100000000000.0,100000000000.0,1000000000.0,clip,False,0,79,0,79,,,,,,,,,
2026-05-18T19:19:22,0,0,0,1,80,74816,80,True,1.06951871657754e-08,,,,,,6149.876356124878,610.8504967689514,0.00030159950256347656,0.09202265739440918,1.4102146625518799,0.1799163818359375,4.4654998779296875,0,41.626853155355,26641.1860194272,,90328096.0,94275383.40121686,0.5,100000000000.0,100000000000.0,100000000000.0,1000000000.0,clip,False,0,80,0,80,,,,,,,,,
2026-05-18T19:19:28,0,0,0,1,81,74816,81,True,1.0828877005347593e-08,617.0931396484375,201.07015991210938,0.7209694385528564,413.3072509765625,1.9947245121002197,6149.132251739502,610.8504967689514,0.00027632713317871094,0.09072613716125488,1.4114835262298584,0.18197011947631836,4.462855339050293,0,41.631890406582365,26644.409860212716,,92621048.0,94242296.69319253,0.5,100000000000.0,100000000000.0,100000000000.0,1000000000.0,clip,False,0,81,0,81,625.7777506510416,560.7505493164062,703.0800170898438,6150.2421875,6155.46484375,768.8004150390625,0.0,998.9851684570312,639350.5
2026-05-18T19:19:35,0,0,0,1,82,74816,82,True,1.0962566844919786e-08,,,,,,6162.684202194214,610.8504967689514,0.00026535987854003906,0.08803892135620117,1.3959317207336426,0.18086862564086914,4.463757753372192,0,41.540340475153926,26585.817904098516,,91450808.0,94186466.91932867,0.5,100000000000.0,100000000000.0,100000000000.0,1000000000.0,clip,False,0,82,0,82,,,,,,,,,
2026-05-18T19:19:41,0,0,0,1,83,74816,83,True,1.1096256684491978e-08,,,,,,6150.961399078369,610.8504967689514,0.0003037452697753906,0.09095501899719238,1.4114618301391602,0.19321084022521973,4.452073097229004,0,41.61951008802588,26636.486456336566,,92333616.0,94149409.9009421,0.5,100000000000.0,100000000000.0,100000000000.0,1000000000.0,clip,False,0,83,0,83,,,,,,,,,
2026-05-18T19:19:47,0,0,0,1,84,74816,84,True,1.1229946524064171e-08,,,,,,6154.484987258911,610.8504967689514,0.0005490779876708984,0.08913207054138184,1.4125545024871826,0.1798110008239746,4.470593452453613,0,41.59568193439001,26621.236438009604,,91769184.0,94101805.38292326,0.5,100000000000.0,100000000000.0,100000000000.0,1000000000.0,clip,False,0,84,0,84,,,,,,,,,
2026-05-18T19:19:53,0,0,0,1,85,74816,85,True,1.1363636363636363e-08,,,,,,6145.594120025635,610.8504967689514,0.0002899169921875,0.0920865535736084,1.403303623199463,0.18053674697875977,4.467410087585449,0,41.65585865259389,26659.749537660093,,92992736.0,94079623.9952648,0.5,100000000000.0,100000000000.0,100000000000.0,1000000000.0,clip,False,0,85,0,85,,,,,,,,,
2026-05-18T19:19:59,0,0,0,1,86,74816,86,True,1.1497326203208554e-08,,,,,,6150.960922241211,610.8504967689514,0.00031304359436035156,0.09664368629455566,1.4033842086791992,0.1866142749786377,4.462018966674805,0,41.61951331446955,26636.488521260515,,90362544.0,94005282.3953595,0.5,100000000000.0,100000000000.0,100000000000.0,1000000000.0,clip,False,0,86,0,86,,,,,,,,,
2026-05-18T19:20:05,0,0,0,1,87,74816,87,True,1.1631016042780749e-08,,,,,,6148.354291915894,610.8504967689514,0.00029087066650390625,0.09685564041137695,1.4028456211090088,0.1840963363647461,4.462326288223267,0,41.6371581476037,26647.781214466366,,92068928.0,93966555.3074523,0.5,100000000000.0,100000000000.0,100000000000.0,1000000000.0,clip,False,0,87,0,87,,,,,,,,,
2026-05-18T19:20:11,0,0,0,1,88,74816,88,True,1.176470588235294e-08,,,,,,6153.351545333862,610.8504967689514,0.0003006458282470703,0.09481024742126465,1.4073560237884521,0.1838688850402832,4.4651243686676025,0,41.603343822299074,26626.14004627141,,92162400.0,93930472.20130326,0.5,100000000000.0,100000000000.0,100000000000.0,1000000000.0,clip,False,0,88,0,88,,,,,,,,,
2026-05-18T19:20:18,0,0,0,1,89,74816,89,True,1.1898395721925132e-08,,,,,,6149.383783340454,610.8504967689514,0.0002918243408203125,0.09283733367919922,1.4075260162353516,0.1848301887512207,4.461942434310913,0,41.63018751464822,26643.32000937486,,91993600.0,93891734.75727719,0.5,100000000000.0,100000000000.0,100000000000.0,1000000000.0,clip,False,0,89,0,89,,,,,,,,,
2026-05-18T19:20:24,0,0,0,1,90,74816,90,True,1.2032085561497326e-08,,,,,,6149.721384048462,610.8504967689514,0.00028896331787109375,0.09062623977661133,1.409703254699707,0.18792438507080078,4.459258794784546,0,41.62790214594584,26641.85737340534,,91290376.0,93839707.58213164,0.5,100000000000.0,100000000000.0,100000000000.0,1000000000.0,clip,False,0,90,0,90,,,,,,,,,
2026-05-18T19:20:30,0,0,0,1,91,74816,91,True,1.2165775401069517e-08,648.8897094726562,182.71896362304688,0.7178327441215515,463.4140625,2.038876533508301,6150.110960006714,610.8504967689514,0.00029087066650390625,0.09661722183227539,1.403421401977539,0.1828444004058838,4.46502161026001,0,41.62526524557543,26640.169757168274,,90509656.0,93773106.55048901,0.5,100000000000.0,100000000000.0,100000000000.0,1000000000.0,clip,False,0,91,0,91,623.5843912760416,548.1868286132812,696.0104370117188,6167.912109375,6582.76025390625,768.8004150390625,0.0,996.307373046875,637636.625
2026-05-18T19:20:36,0,0,0,1,92,74816,92,True,1.2299465240641712e-08,,,,,,6576.512813568115,610.8504967689514,0.00029277801513671875,0.09282040596008301,1.3913679122924805,0.18107318878173828,4.4624855518341064,0,38.92640480709504,24912.899076540823,,90333960.0,93704323.61947922,0.5,100000000000.0,100000000000.0,100000000000.0,1000000000.0,clip,False,0,92,0,92,,,,,,,,,
2026-05-18T19:20:43,0,0,0,1,93,74816,93,True,1.2433155080213904e-08,,,,,,6150.065660476685,610.8504967689514,0.00029969215393066406,0.08905625343322754,1.4136948585510254,0.18006086349487305,4.465054035186768,0,41.6255718447334,26640.365980629376,,92885360.0,93687944.34708965,0.5,100000000000.0,100000000000.0,100000000000.0,1000000000.0,clip,False,0,93,0,93,,,,,,,,,
2026-05-18T19:20:49,0,0,0,1,94,74816,94,True,1.2566844919786095e-08,,,,,,6150.209188461304,610.8504967689514,0.0003020763397216797,0.5303473472595215,0.9720873832702637,0.17737030982971191,4.468221426010132,0,41.6246004250219,26639.744272014017,,89635568.0,93606896.82014786,0.5,100000000000.0,100000000000.0,100000000000.0,1000000000.0,clip,False,0,94,0,94,,,,,,,,,
2026-05-18T19:20:55,0,0,0,1,95,74816,95,True,1.2700534759358288e-08,,,,,,6156.915903091431,610.8504967689514,0.00027251243591308594,0.08808088302612305,1.414438009262085,0.17779111862182617,4.474296569824219,0,41.579258841502224,26610.725658561423,,90732376.0,93549406.40374489,0.5,100000000000.0,100000000000.0,100000000000.0,1000000000.0,clip,False,0,95,0,95,,,,,,,,,
2026-05-18T19:21:02,0,0,0,1,96,74816,96,True,1.2834224598930482e-08,,,,,,6750.797986984253,610.8504967689514,0.0002899169921875,0.08829665184020996,1.4088385105133057,0.18015694618225098,5.07136082649231,0,37.92144284180565,24269.723418755617,,90878384.0,93495985.95567,0.5,100000000000.0,100000000000.0,100000000000.0,1000000000.0,clip,False,0,96,0,96,,,,,,,,,
2026-05-18T19:21:08,0,0,0,1,97,74816,97,True,1.2967914438502673e-08,,,,,,6149.587631225586,610.8504967689514,0.0002892017364501953,0.09137463569641113,1.4092681407928467,0.18225526809692383,4.46459698677063,0,41.62880754802421,26642.436830735496,,90492640.0,93435919.0365566,0.5,100000000000.0,100000000000.0,100000000000.0,1000000000.0,clip,False,0,97,0,97,,,,,,,,,
2026-05-18T19:21:14,0,0,0,1,98,74816,98,True,1.3101604278074867e-08,,,,,,6148.616313934326,610.8504967689514,0.00031495094299316406,0.09154415130615234,1.410116195678711,0.1821293830871582,4.462331056594849,0,41.635383788680876,26646.645624755758,,90247144.0,93372143.53582546,0.5,100000000000.0,100000000000.0,100000000000.0,1000000000.0,clip,False,0,98,0,98,,,,,,,,,
2026-05-18T19:21:20,0,0,0,1,99,74816,99,True,1.3235294117647058e-08,,,,,,6150.038242340088,610.8504967689514,0.0002677440643310547,0.09307265281677246,1.408717155456543,0.1809239387512207,4.4651384353637695,0,41.62575742010217,26640.484748865387,,90516408.0,93315028.82510895,0.5,100000000000.0,100000000000.0,100000000000.0,1000000000.0,clip,False,0,99,0,99,,,,,,,,,
2026-05-18T19:21:26,0,0,0,1,100,74816,100,True,1.336898395721925e-08,,,,,,6150.4693031311035,610.8504967689514,0.00025200843811035156,0.09073805809020996,1.4116086959838867,0.18114471435546875,4.4649083614349365,0,41.622840044039336,26638.617628185173,,90090384.0,93250535.92860678,0.5,100000000000.0,100000000000.0,100000000000.0,1000000000.0,clip,False,0,100,0,100,,,,,,,,,
2026-05-18T19:21:32,0,0,0,1,101,74816,101,True,1.3502673796791445e-08,623.6569213867188,203.25894165039062,0.7192702889442444,417.6603088378906,2.018388509750366,6149.417400360107,610.8504967689514,0.00030541419982910156,0.09347033500671387,1.408210039138794,0.17955899238586426,4.4659743309021,0,41.62995993490517,26643.17435833931,0.2735760305522386,89970568.0,93184936.57003464,0.5,100000000000.0,100000000000.0,100000000000.0,1000000000.0,clip,False,0,101,0,101,618.3015950520834,552.9642944335938,678.120849609375,6149.111979166667,6151.9765625,768.8004150390625,0.0,999.168701171875,639467.9375
2026-05-18T19:21:39,0,0,0,1,102,74816,102,True,1.3636363636363636e-08,,,,,,6157.920122146606,610.8504967689514,0.00027298927307128906,0.09137344360351562,1.3921794891357422,0.17870283126831055,4.466381549835205,0,41.57247819427061,26606.38604433319,0.2735760305522386,90262088.0,93126479.59863394,0.5,100000000000.0,100000000000.0,100000000000.0,1000000000.0,clip,False,0,102,0,102,,,,,,,,,
2026-05-18T19:21:45,0,0,0,1,103,74816,103,True,1.3770053475935828e-08,,,,,,6145.957469940186,610.8504967689514,0.0002999305725097656,0.08879518508911133,1.412973165512085,0.17829442024230957,4.463631868362427,0,41.65339595206985,26658.173409324707,0.2735760305522386,90863944.0,93081228.88666126,0.5,100000000000.0,100000000000.0,100000000000.0,1000000000.0,clip,False,0,103,0,103,,,,,,,,,
2026-05-18T19:21:51,0,0,0,1,104,74816,104,True,1.3903743315508021e-08,,,,,,6150.25782585144,610.8504967689514,0.00032210350036621094,0.09129762649536133,1.4116766452789307,0.1795940399169922,4.4653849601745605,0,41.62427124989015,26639.533599929695,0.2735760305522386,90259768.0,93024799.66892803,0.5,100000000000.0,100000000000.0,100000000000.0,1000000000.0,clip,False,0,104,0,104,,,,,,,,,
2026-05-18T19:21:57,0,0,0,1,105,74816,105,True,1.4037433155080213e-08,,,,,,6148.838758468628,610.8504967689514,0.0003173351287841797,0.09316372871398926,1.4084844589233398,0.18008661270141602,4.4646875858306885,0,41.63387755898106,26645.681637747883,0.2735760305522386,89860824.0,92961520.15554947,0.5,100000000000.0,100000000000.0,100000000000.0,1000000000.0,clip,False,0,105,0,105,,,,,,,,,
2026-05-18T19:22:04,0,0,0,1,106,74816,106,True,1.4171122994652406e-08,,,,,,6802.371501922607,610.8504967689514,0.00030159950256347656,0.09014630317687988,1.4124219417572021,0.18261432647705078,5.115015983581543,0,37.63393397841396,24085.71774618493,0.2735760305522386,88961168.0,92881513.11243847,0.5,100000000000.0,100000000000.0,100000000000.0,1000000000.0,clip,False,0,106,0,106,,,,,,,,,
2026-05-18T19:22:10,0,0,0,1,107,74816,107,True,1.4304812834224599e-08,,,,,,6148.468494415283,610.8504967689514,0.00027298927307128906,0.0908207893371582,1.410149335861206,0.18043732643127441,4.464881181716919,0,41.63638477330207,26647.286254913324,0.2735760305522386,88680096.0,92797484.7701897,0.5,100000000000.0,100000000000.0,100000000000.0,1000000000.0,clip,False,0,107,0,107,,,,,,,,,
2026-05-18T19:22:16,0,0,0,1,108,74816,108,True,1.443850267379679e-08,,,,,,6149.745464324951,610.8504967689514,0.0003025531768798828,0.09467315673828125,1.4082961082458496,0.17967748641967773,4.464906215667725,0,41.6277391454771,26641.75305310534,0.2735760305522386,88845048.0,92718436.03478591,0.5,100000000000.0,100000000000.0,100000000000.0,1000000000.0,clip,False,0,108,0,108,,,,,,,,,
2026-05-18T19:22:22,0,0,0,1,109,74816,109,True,1.4572192513368982e-08,,,,,,6151.493787765503,610.8504967689514,0.0002999305725097656,0.09275960922241211,1.4100897312164307,0.17990326881408691,4.46649432182312,0,41.61590807571808,26634.18116845957,0.2735760305522386,88708984.0,92638246.9940902,0.5,100000000000.0,100000000000.0,100000000000.0,1000000000.0,clip,False,0,109,0,109,,,,,,,,,
2026-05-18T19:22:28,0,0,0,1,110,74816,110,True,1.4705882352941176e-08,,,,,,6151.594877243042,610.8504967689514,0.0002932548522949219,0.09254097938537598,1.4093759059906006,0.1828477382659912,4.464583158493042,0,41.61522419934315,26633.743487579617,0.2735760305522386,87703760.0,92539557.2542084,0.5,100000000000.0,100000000000.0,100000000000.0,1000000000.0,clip,False,0,110,0,110,,,,,,,,,
2026-05-18T19:22:35,0,0,0,1,111,74816,111,True,1.4839572192513369e-08,581.244384765625,182.07369995117188,0.7199220061302185,396.4687805175781,1.9820199012756348,6149.266242980957,610.8504967689514,0.0003154277801513672,0.09470725059509277,1.4065918922424316,0.18756914138793945,4.45777702331543,0,41.63098325628845,26643.829284024607,0.2735760305522386,88103120.0,92450828.50912423,0.5,100000000000.0,100000000000.0,100000000000.0,1000000000.0,clip,False,0,111,0,111,616.94189453125,543.0492553710938,687.5508422851562,6150.786458333333,6159.6005859375,768.8004150390625,0.0,998.8969116210938,639294.0
2026-05-18T19:22:41,0,0,0,1,112,74816,112,True,1.497326203208556e-08,,,,,,6162.563323974609,610.8504967689514,0.000274658203125,0.09000253677368164,1.3937029838562012,0.17762279510498047,4.46757173538208,0,41.541155285831636,26586.339382932245,0.2735760305522386,88126536.0,92364342.65894175,0.5,100000000000.0,100000000000.0,100000000000.0,1000000000.0,clip,False,0,112,0,112,,,,,,,,,
2026-05-18T19:22:47,0,0,0,1,113,74816,113,True,1.5106951871657752e-08,,,,,,6149.4269371032715,610.8504967689514,0.0002961158752441406,0.09301567077636719,1.4098334312438965,0.18148493766784668,4.462854623794556,0,41.629895373729006,26643.133039186563,0.2735760305522386,88726832.0,92291592.4457629,0.5,100000000000.0,100000000000.0,100000000000.0,1000000000.0,clip,False,0,113,0,113,,,,,,,,,
2026-05-18T19:22:53,0,0,0,1,114,74816,114,True,1.5240641711229947e-08,,,,,,6148.704767227173,610.8504967689514,0.0002739429473876953,0.08857941627502441,1.4135706424713135,0.18457698822021484,4.459784746170044,0,41.634784835416006,26646.262294666245,0.2735760305522386,85670592.0,92159172.43684764,0.5,100000000000.0,100000000000.0,100000000000.0,1000000000.0,clip,False,0,114,0,114,,,,,,,,,
2026-05-18T19:22:59,0,0,0,1,115,74816,115,True,1.537433155080214e-08,,,,,,6150.153636932373,610.8504967689514,0.0002982616424560547,0.08907914161682129,1.4138855934143066,0.18704700469970703,4.457925081253052,0,41.624976401026935,26639.98489665724,0.2735760305522386,87739392.0,92070776.8281107,0.5,100000000000.0,100000000000.0,100000000000.0,1000000000.0,clip,False,0,115,0,115,,,,,,,,,
2026-05-18T19:23:05,0,0,0,1,116,74816,116,True,1.550802139037433e-08,,,,,,6149.546146392822,610.8504967689514,0.00030159950256347656,0.08902597427368164,1.4133739471435547,0.1761784553527832,4.468756914138794,0,41.62908837592243,26642.616560590355,0.2735760305522386,87676296.0,91982887.21154848,0.5,100000000000.0,100000000000.0,100000000000.0,1000000000.0,clip,False,0,116,0,116,,,,,,,,,
2026-05-18T19:23:11,0,0,0,1,117,74816,117,True,1.5641711229946525e-08,,,,,,6150.848388671875,610.8504967689514,0.00029850006103515625,0.09315848350524902,1.4092628955841064,0.1784360408782959,4.467655897140503,0,41.62027476916512,26636.97585226568,0.2735760305522386,87861312.0,91900455.7073175,0.5,100000000000.0,100000000000.0,100000000000.0,1000000000.0,clip,False,0,117,0,117,,,,,,,,,
2026-05-18T19:23:18,0,0,0,1,118,74816,118,True,1.5775401069518716e-08,,,,,,6150.353670120239,610.8504967689514,0.00030875205993652344,0.09104800224304199,1.410891056060791,0.18526625633239746,4.460670471191406,0,41.62362259648642,26639.11846175131,0.2735760305522386,88789280.0,91838232.19317114,0.5,100000000000.0,100000000000.0,100000000000.0,1000000000.0,clip,False,0,118,0,118,,,,,,,,,
2026-05-18T19:23:24,0,0,0,1,119,74816,119,True,1.5909090909090908e-08,,,,,,6150.240182876587,610.8504967689514,0.0002856254577636719,0.09199857711791992,1.4105157852172852,0.1798081398010254,4.465707063674927,0,41.62439065595383,26639.610019810454,0.2735760305522386,83260888.0,91666685.30930772,0.5,100000000000.0,100000000000.0,100000000000.0,1000000000.0,clip,False,0,119,0,119,,,,,,,,,
2026-05-18T19:23:30,0,0,0,1,120,74816,120,True,1.60427807486631e-08,,,,,,6150.68507194519,610.8504967689514,0.0003046989440917969,0.09266948699951172,1.4115500450134277,0.17731833457946777,4.466917514801025,0,41.621379895985875,26637.68313343096,0.2735760305522386,85365064.0,91540652.88312156,0.5,100000000000.0,100000000000.0,100000000000.0,1000000000.0,clip,False,0,120,0,120,,,,,,,,,
2026-05-18T19:23:36,0,0,0,1,121,74816,121,True,1.6176470588235295e-08,632.7141723632812,189.41209411621094,0.7215539216995239,440.5957336425781,1.9847943782806396,6161.811113357544,610.8504967689514,0.00030350685119628906,0.0908207893371582,1.4117116928100586,0.18300628662109375,4.473861932754517,0,41.54622647309724,26589.584942782236,0.2735760305522386,87429784.0,91458435.50545914,0.5,100000000000.0,100000000000.0,100000000000.0,1000000000.0,clip,False,0,121,0,121,604.25439453125,531.1227416992188,651.5750732421875,6160.485677083333,6164.4453125,768.8004150390625,0.0,997.324462890625,638287.625
2026-05-18T19:23:42,0,0,0,1,122,74816,122,True,1.6310160427807486e-08,,,,,,6158.164978027344,610.8504967689514,0.0002703666687011719,0.08928847312927246,1.3945980072021484,0.17916560173034668,4.466393947601318,0,41.57082522365371,26605.328143138373,0.2735760305522386,86282168.0,91354910.15534995,0.5,100000000000.0,100000000000.0,100000000000.0,1000000000.0,clip,False,0,122,0,122,,,,,,,,,
2026-05-18T19:23:48,0,0,0,1,123,74816,123,True,1.6443850267379678e-08,,,,,,6148.013353347778,610.8504967689514,0.00028443336486816406,0.08940839767456055,1.4113883972167969,0.18078017234802246,4.46429443359375,0,41.639467139511055,26649.258969287075,0.2735760305522386,86157864.0,91250969.23224296,0.5,100000000000.0,100000000000.0,100000000000.0,1000000000.0,clip,False,0,123,0,123,,,,,,,,,
2026-05-18T19:23:55,0,0,0,1,124,74816,124,True,1.6577540106951873e-08,,,,,,6151.803970336914,610.8504967689514,0.0005381107330322266,0.0930016040802002,1.409705400466919,0.18142032623291016,4.465240716934204,0,41.613809743352355,26632.83823574551,0.2735760305522386,85590424.0,91137758.3275981,0.5,100000000000.0,100000000000.0,100000000000.0,1000000000.0,clip,False,0,124,0,124,,,,,,,,,
2026-05-18T19:24:01,0,0,0,1,125,74816,125,True,1.6711229946524064e-08,,,,,,6150.67458152771,610.8504967689514,0.00028324127197265625,0.09169626235961914,1.409205675125122,0.17424798011779785,4.4733726978302,0,41.62145088424016,26637.728565913705,0.2735760305522386,86556856.0,91046140.28104614,0.5,100000000000.0,100000000000.0,100000000000.0,1000000000.0,clip,False,0,125,0,125,,,,,,,,,
2026-05-18T19:24:07,0,0,0,1,126,74816,126,True,1.6844919786096256e-08,,,,,,6148.109197616577,610.8504967689514,0.00032520294189453125,0.10096359252929688,1.4002630710601807,0.1877121925354004,4.456686019897461,0,41.63881801241313,26648.843527944406,0.2735760305522386,85490960.0,90935036.67542522,0.5,100000000000.0,100000000000.0,100000000000.0,1000000000.0,clip,False,0,126,0,126,,,,,,,,,
2026-05-18T19:24:13,0,0,0,1,127,74816,127,True,1.6978609625668447e-08,,,,,,6151.1523723602295,610.8504967689514,0.00029397010803222656,0.08990025520324707,1.4124536514282227,0.17899084091186523,4.467524290084839,0,41.61821793755557,26635.659480035563,0.2735760305522386,86260952.0,90841554.98191671,0.5,100000000000.0,100000000000.0,100000000000.0,1000000000.0,clip,False,0,127,0,127,,,,,,,,,
2026-05-18T19:24:19,0,0,0,1,128,74816,128,True,1.7112299465240642e-08,,,,,,6150.004863739014,610.8504967689514,0.0002868175506591797,0.09466290473937988,1.407874345779419,0.1830148696899414,4.462275743484497,0,41.62598334017575,26640.62933771248,0.2735760305522386,85844880.0,90741621.48227838,0.5,100000000000.0,100000000000.0,100000000000.0,1000000000.0,clip,False,0,128,0,128,,,,,,,,,
2026-05-18T19:24:25,0,0,0,1,129,74816,129,True,1.7245989304812834e-08,,,,,,6152.546405792236,610.8504967689514,0.00029969215393066406,0.08942818641662598,1.4139189720153809,0.18407297134399414,4.462881326675415,0,41.608788152982,26629.624417908482,0.2735760305522386,84174256.0,90610274.17263281,0.5,100000000000.0,100000000000.0,100000000000.0,1000000000.0,clip,False,0,129,0,129,,,,,,,,,
2026-05-18T19:24:31,0,0,0,1,130,74816,130,True,1.7379679144385025e-08,,,,,,6147.3681926727295,610.8504967689514,0.0002884864807128906,0.09255671501159668,1.4071667194366455,0.179718017578125,4.465686559677124,0,41.643837163541896,26652.055784666816,0.2735760305522386,85666664.0,90511401.96918015,0.5,100000000000.0,100000000000.0,100000000000.0,1000000000.0,clip,False,0,130,0,130,,,,,,,,,
2026-05-18T19:24:38,0,0,0,1,131,74816,131,True,1.7513368983957217e-08,610.7260131835938,194.36367797851562,0.720252513885498,413.6478271484375,1.9942455291748047,6151.181221008301,610.8504967689514,0.0002999305725097656,0.09286046028137207,1.4105868339538574,0.18396735191345215,4.461642026901245,0,41.618022750764695,26635.534560489403,0.2735760305522386,86574096.0,90432655.84979655,0.5,100000000000.0,100000000000.0,100000000000.0,1000000000.0,clip,False,0,131,0,131,606.4388834635416,518.0183715820312,685.4642333984375,6151.072265625,6153.2919921875,768.8004150390625,0.0,998.850341796875,639264.125
2026-05-18T19:24:44,0,0,0,1,132,74816,132,True,1.764705882352941e-08,,,,,,6159.016370773315,610.8504967689514,0.000274658203125,0.09239387512207031,1.3917605876922607,0.18184113502502441,4.463818550109863,0,41.565078673083164,26601.650350773223,0.2735760305522386,83844408.0,90300890.89280061,0.5,100000000000.0,100000000000.0,100000000000.0,1000000000.0,clip,False,0,132,0,132,,,,,,,,,
2026-05-18T19:24:50,0,0,0,1,133,74816,133,True,1.7780748663101607e-08,,,,,,6148.039817810059,610.8504967689514,0.0003199577331542969,0.09323716163635254,1.4081618785858154,0.17959332466125488,4.464653015136719,0,41.63928790090166,26649.14425657706,0.2735760305522386,84967528.0,90194223.6349446,0.5,100000000000.0,100000000000.0,100000000000.0,1000000000.0,clip,False,0,133,0,133,,,,,,,,,
2026-05-18T19:24:56,0,0,0,1,134,74816,134,True,1.79144385026738e-08,,,,,,6151.892900466919,610.8504967689514,0.00030612945556640625,0.09199857711791992,1.410578727722168,0.17789220809936523,4.46918249130249,0,41.61320818517013,26632.453238508882,0.2735760305522386,84108736.0,90072513.8822457,0.5,100000000000.0,100000000000.0,100000000000.0,1000000000.0,clip,False,0,134,0,134,,,,,,,,,
2026-05-18T19:25:02,0,0,0,1,135,74816,135,True,1.804812834224599e-08,,,,,,6150.165319442749,610.8504967689514,0.0002715587615966797,0.09032082557678223,1.4121160507202148,0.17931795120239258,4.46623158454895,0,41.624897332547725,26639.93429283054,0.2735760305522386,82765304.0,89926369.68460079,0.5,100000000000.0,100000000000.0,100000000000.0,1000000000.0,clip,False,0,135,0,135,,,,,,,,,
2026-05-18T19:25:08,0,0,0,1,136,74816,136,True,1.818181818181818e-08,,,,,,6147.906541824341,610.8504967689514,0.0003097057342529297,0.09068107604980469,1.4094088077545166,0.1828615665435791,4.462708234786987,0,41.640190568680005,26649.721963955202,0.2735760305522386,84656304.0,89820968.37090877,0.5,100000000000.0,100000000000.0,100000000000.0,1000000000.0,clip,False,0,136,0,136,,,,,,,,,
2026-05-18T19:25:14,0,0,0,1,137,74816,137,True,1.8315508021390373e-08,,,,,,6153.15580368042,610.8504967689514,0.00029921531677246094,0.09423947334289551,1.4078071117401123,0.18433475494384766,4.464461803436279,0,41.60466729070591,26626.98706605178,0.2735760305522386,83023080.0,89685010.60349059,0.5,100000000000.0,100000000000.0,100000000000.0,1000000000.0,clip,False,0,137,0,137,,,,,,,,,
2026-05-18T19:25:21,0,0,0,1,138,74816,138,True,1.8449197860962565e-08,,,,,,6150.79665184021,610.8504967689514,0.0002884864807128906,0.09453511238098145,1.4055626392364502,0.18016290664672852,4.468337297439575,0,41.62062485408444,26637.19990661404,0.2735760305522386,84435472.0,89580019.83142078,0.5,100000000000.0,100000000000.0,100000000000.0,1000000000.0,clip,False,0,138,0,138,,,,,,,,,
2026-05-18T19:25:27,0,0,0,1,139,74816,139,True,1.858288770053476e-08,,,,,,6147.6891040802,610.8504967689514,0.00031876564025878906,0.09416389465332031,1.4070112705230713,0.18519830703735352,4.458800554275513,0,41.64166334144869,26650.66453852716,0.2735760305522386,82931792.0,89447055.27479236,0.5,100000000000.0,100000000000.0,100000000000.0,1000000000.0,clip,False,0,139,0,139,,,,,,,,,
2026-05-18T19:25:33,0,0,0,1,140,74816,140,True,1.871657754010695e-08,,,,,,6150.311470031738,610.8504967689514,0.000301361083984375,0.09389686584472656,1.4082775115966797,0.1792736053466797,4.466435670852661,0,41.623908195120876,26639.301244877362,0.2735760305522386,83515392.0,89328422.0092965,0.5,100000000000.0,100000000000.0,100000000000.0,1000000000.0,clip,False,0,140,0,140,,,,,,,,,
2026-05-18T19:25:39,0,0,0,1,141,74816,141,True,1.8850267379679143e-08,560.5964965820312,174.29908752441406,0.7195567488670349,383.5741882324219,2.0036325454711914,6151.170253753662,610.8504967689514,0.0002930164337158203,0.0933220386505127,1.409221887588501,0.18247222900390625,4.463958501815796,0,41.6180969537918,26635.58205042675,0.2735760305522386,82924904.0,89200351.64911057,0.5,100000000000.0,100000000000.0,100000000000.0,1000000000.0,clip,False,0,141,0,141,604.5564778645834,510.64654541015625,682.7819213867188,6150.318359375,6162.05078125,768.8004150390625,0.0,998.9729614257812,639342.6875
2026-05-18T19:25:45,0,0,0,1,142,74816,142,True,1.8983957219251334e-08,,,,,,6178.272724151611,610.8504967689514,0.00027441978454589844,0.09336304664611816,1.3908367156982422,0.1817159652709961,4.476187467575073,0,41.43552922150316,26518.73870176202,0.2735760305522386,82198928.0,89060323.17612836,0.5,100000000000.0,100000000000.0,100000000000.0,1000000000.0,clip,False,0,142,0,142,,,,,,,,,
2026-05-18T19:25:51,0,0,0,1,143,74816,143,True,1.911764705882353e-08,,,,,,6150.578498840332,610.8504967689514,0.00030517578125,0.09347200393676758,1.4069814682006836,0.17729759216308594,4.470604658126831,0,41.62210108338066,26638.144693363625,0.2735760305522386,81404096.0,88907198.63260579,0.5,100000000000.0,100000000000.0,100000000000.0,1000000000.0,clip,False,0,143,0,143,,,,,,,,,
2026-05-18T19:25:58,0,0,0,1,144,74816,144,True,1.925133689839572e-08,,,,,,6149.746417999268,610.8504967689514,0.00031304359436035156,0.09478902816772461,1.405592441558838,0.1815810203552246,4.465515851974487,0,41.62773269003927,26641.74892162513,0.2735760305522386,82001656.0,88769087.77995367,0.5,100000000000.0,100000000000.0,100000000000.0,1000000000.0,clip,False,0,144,0,144,,,,,,,,,
2026-05-18T19:26:04,0,0,0,1,145,74816,145,True,1.9385026737967916e-08,,,,,,6149.029731750488,610.8504967689514,0.0002942085266113281,0.09188508987426758,1.4078192710876465,0.1816716194152832,4.465432167053223,0,41.6325845162441,26644.854090396224,0.2735760305522386,83126024.0,88656226.5043546,0.5,100000000000.0,100000000000.0,100000000000.0,1000000000.0,clip,False,0,145,0,145,,,,,,,,,
2026-05-18T19:26:10,0,0,0,1,146,74816,146,True,1.9518716577540107e-08,,,,,,6152.967691421509,610.8504967689514,0.0003192424774169922,0.09128975868225098,1.410797357559204,0.1843852996826172,4.463747262954712,0,41.60593925381994,26627.801122444762,0.2735760305522386,82900848.0,88541118.9342675,0.5,100000000000.0,100000000000.0,100000000000.0,1000000000.0,clip,False,0,146,0,146,,,,,,,,,
2026-05-18T19:26:16,0,0,0,1,147,74816,147,True,1.96524064171123e-08,,,,,,6146.689891815186,610.8504967689514,0.00027751922607421875,0.08969473838806152,1.4129526615142822,0.17761898040771484,4.464197158813477,0,41.6484326533025,26654.9968981136,0.2735760305522386,80059904.0,88371494.63558215,0.5,100000000000.0,100000000000.0,100000000000.0,1000000000.0,clip,False,0,147,0,147,,,,,,,,,
2026-05-18T19:26:22,0,0,0,1,148,74816,148,True,1.978609625668449e-08,,,,,,6150.256156921387,610.8504967689514,0.000278472900390625,0.08981966972351074,1.412348747253418,0.18392562866210938,4.461956024169922,0,41.624282545029,26639.540828818557,0.2735760305522386,79858176.0,88201228.2628705,0.5,100000000000.0,100000000000.0,100000000000.0,1000000000.0,clip,False,0,148,0,148,,,,,,,,,
2026-05-18T19:26:28,0,0,0,1,149,74816,149,True,1.9919786096256682e-08,,,,,,6151.751279830933,610.8504967689514,0.0003039836883544922,0.0932779312133789,1.4094321727752686,0.18695759773254395,4.45987343788147,0,41.61416617074863,26633.066349279125,0.2735760305522386,81465280.0,88066509.29761308,0.5,100000000000.0,100000000000.0,100000000000.0,1000000000.0,clip,False,0,149,0,149,,,,,,,,,
2026-05-18T19:26:34,0,0,0,1,150,74816,150,True,2.0053475935828874e-08,,,,,,6151.179552078247,610.8504967689514,0.0002892017364501953,0.09371089935302734,1.4060912132263184,0.17891836166381836,4.4702064990997314,0,41.61803404251262,26635.541787208076,0.2735760305522386,79298840.0,87891155.91166082,0.5,100000000000.0,100000000000.0,100000000000.0,1000000000.0,clip,False,0,150,0,150,,,,,,,,,
2026-05-18T19:26:41,0,0,0,1,151,74816,151,True,2.018716577540107e-08,644.3231201171875,226.52552795410156,0.7198916077613831,415.0941467285156,1.9834915399551392,6147.96781539917,610.8504967689514,0.0002970695495605469,0.09268927574157715,1.4061279296875,0.18099236488342285,4.466172933578491,0,41.63977556271229,26649.456360135864,0.2735760305522386,80936384.0,87752060.47342761,0.5,100000000000.0,100000000000.0,100000000000.0,1000000000.0,clip,False,0,151,0,151,598.2009684244791,523.0301513671875,654.5228881835938,6150.462239583333,6159.45263671875,768.8004150390625,0.0,998.9495849609375,639327.75
2026-05-18T19:26:47,0,0,0,1,152,74816,152,True,2.032085561497326e-08,,,,,,6161.694765090942,610.8504967689514,0.00028014183044433594,0.09228754043579102,1.3919806480407715,0.18082809448242188,4.4641852378845215,0,41.54701097015824,26590.087020901276,0.2735760305522386,79546232.0,87587943.90395905,0.5,100000000000.0,100000000000.0,100000000000.0,1000000000.0,clip,False,0,152,0,152,,,,,,,,,
2026-05-18T19:26:53,0,0,0,1,153,74816,153,True,2.0454545454545455e-08,,,,,,6149.020671844482,610.8504967689514,0.0003120899200439453,0.09045577049255371,1.4111428260803223,0.1849982738494873,4.4595746994018555,0,41.63264585728077,26644.89334865969,0.2735760305522386,79763440.0,87431453.82587987,0.5,100000000000.0,100000000000.0,100000000000.0,1000000000.0,clip,False,0,153,0,153,,,,,,,,,
2026-05-18T19:26:59,0,0,0,1,154,74816,154,True,2.0588235294117647e-08,,,,,,6150.233030319214,610.8504967689514,0.0002818107604980469,0.08823490142822266,1.4132962226867676,0.17984819412231445,4.466664552688599,0,41.624439064012655,26639.6410009681,0.2735760305522386,81817760.0,87319179.94936228,0.5,100000000000.0,100000000000.0,100000000000.0,1000000000.0,clip,False,0,154,0,154,,,,,,,,,
2026-05-18T19:27:05,0,0,0,1,155,74816,155,True,2.0721925133689838e-08,,,,,,6149.62911605835,610.8504967689514,0.00027108192443847656,0.09064626693725586,1.4111018180847168,0.18703889846801758,4.458741664886475,0,41.628526723914874,26642.257103305517,0.2735760305522386,79415768.0,87161111.71037503,0.5,100000000000.0,100000000000.0,100000000000.0,1000000000.0,clip,False,0,155,0,155,,,,,,,,,
2026-05-18T19:27:11,0,0,0,1,156,74816,156,True,2.0855614973262033e-08,,,,,,6152.077436447144,610.8504967689514,0.00029277801513671875,0.08851313591003418,1.4134502410888672,0.18320155143737793,4.464583396911621,0,41.611959967110124,26631.65437895048,0.2735760305522386,79356368.0,87005016.83616753,0.5,100000000000.0,100000000000.0,100000000000.0,1000000000.0,clip,False,0,156,0,156,,,,,,,,,
2026-05-18T19:27:18,0,0,0,1,157,74816,157,True,2.0989304812834225e-08,,,,,,6149.6477127075195,610.8504967689514,0.0002739429473876953,0.09005594253540039,1.4098985195159912,0.1790158748626709,4.468465089797974,0,41.628400838475066,26642.176536624043,0.2735760305522386,79976368.0,86864443.85944417,0.5,100000000000.0,100000000000.0,100000000000.0,1000000000.0,clip,False,0,157,0,157,,,,,,,,,
2026-05-18T19:27:24,0,0,0,1,158,74816,158,True,2.1122994652406416e-08,,,,,,6149.458408355713,610.8504967689514,0.0002930164337158203,0.09646463394165039,1.4040815830230713,0.18462800979614258,4.46208930015564,0,41.62968232326839,26642.99668689177,0.2735760305522386,79027056.0,86707696.10225528,0.5,100000000000.0,100000000000.0,100000000000.0,1000000000.0,clip,False,0,158,0,158,,,,,,,,,
2026-05-18T19:27:30,0,0,0,1,159,74816,159,True,2.1256684491978608e-08,,,,,,6151.42035484314,610.8504967689514,0.0002887248992919922,0.09149408340454102,1.4100854396820068,0.17833757400512695,4.469274520874023,0,41.61640486793362,26634.499115477516,0.2735760305522386,78324928.0,86540040.74021018,0.5,100000000000.0,100000000000.0,100000000000.0,1000000000.0,clip,False,0,159,0,159,,,,,,,,,
2026-05-18T19:27:36,0,0,0,1,160,74816,160,True,2.13903743315508e-08,,,,,,6147.082090377808,610.8504967689514,0.00031447410583496094,0.09331941604614258,1.4078307151794434,0.180955171585083,4.462496519088745,0,41.64577538353094,26653.296245459802,0.2735760305522386,78880864.0,86386857.20540597,0.5,100000000000.0,100000000000.0,100000000000.0,1000000000.0,clip,False,0,160,0,160,,,,,,,,,
2026-05-18T19:27:42,0,0,0,1,161,74816,161,True,2.152406417112299e-08,488.2982482910156,156.2429962158203,0.7176879644393921,329.35040283203125,1.9871546030044556,6150.516748428345,610.8504967689514,0.0002894401550292969,0.09045052528381348,1.412644863128662,0.17954492568969727,4.465710163116455,0,41.62251896402302,26638.412136974734,0.2735760305522386,76619304.0,86191506.14129785,0.5,100000000000.0,100000000000.0,100000000000.0,1000000000.0,clip,False,0,161,0,161,567.3617350260416,488.2982482910156,627.2603149414062,6150.458333333333,6156.61865234375,768.8004150390625,0.0,998.9500122070312,639328.0
2026-05-18T19:27:48,0,0,0,1,162,74816,162,True,2.1657754010695186e-08,,,,,,6160.206079483032,610.8504967689514,0.0002636909484863281,0.09319877624511719,1.3905267715454102,0.18570280075073242,4.458997011184692,0,41.55705128966784,26596.512825387417,0.2735760305522386,79512184.0,86057919.69847189,0.5,100000000000.0,100000000000.0,100000000000.0,1000000000.0,clip,False,0,162,0,162,,,,,,,,,
2026-05-18T19:27:54,0,0,0,1,163,74816,163,True,2.179144385026738e-08,,,,,,6151.094675064087,610.8504967689514,0.0003032684326171875,0.09340453147888184,1.4091711044311523,0.18627285957336426,4.460097074508667,0,41.61860831662988,26635.909322643125,0.2735760305522386,78255984.0,85901880.98450245,0.5,100000000000.0,100000000000.0,100000000000.0,1000000000.0,clip,False,0,163,0,163,,,,,,,,,
2026-05-18T19:28:01,0,0,0,1,164,74816,164,True,2.1925133689839573e-08,,,,,,6149.427652359009,610.8504967689514,0.00030159950256347656,0.09313774108886719,1.4094979763031006,0.18166851997375488,4.4628753662109375,0,41.62989053164886,26643.129940255272,0.2735760305522386,78006264.0,85743968.6448124,0.5,100000000000.0,100000000000.0,100000000000.0,1000000000.0,clip,False,0,164,0,164,,,,,,,,,
2026-05-18T19:28:07,0,0,0,1,165,74816,165,True,2.2058823529411764e-08,,,,,,6152.920722961426,610.8504967689514,0.00030112266540527344,0.08966827392578125,1.4124033451080322,0.1864476203918457,4.4622251987457275,0,41.60625685370218,26628.004386369397,0.2735760305522386,78427328.0,85597635.83191615,0.5,100000000000.0,100000000000.0,100000000000.0,1000000000.0,clip,False,0,165,0,165,,,,,,,,,
2026-05-18T19:28:13,0,0,0,1,166,74816,166,True,2.2192513368983956e-08,,,,,,6151.947021484375,610.8504967689514,0.0003123283386230469,0.09235858917236328,1.407853364944458,0.18686962127685547,4.461763620376587,0,41.61284209795274,26632.218942689757,0.2735760305522386,78566160.0,85457006.31527783,0.5,100000000000.0,100000000000.0,100000000000.0,1000000000.0,clip,False,0,166,0,166,,,,,,,,,
2026-05-18T19:28:19,0,0,0,1,167,74816,167,True,2.2326203208556147e-08,,,,,,6145.853757858276,610.8504967689514,0.0002810955047607422,0.09076046943664551,1.4080901145935059,0.18366098403930664,4.46112585067749,0,41.6540988585468,26658.623269469954,0.2735760305522386,75726432.0,85262394.82897227,0.5,100000000000.0,100000000000.0,100000000000.0,1000000000.0,clip,False,0,167,0,167,,,,,,,,,
2026-05-18T19:28:25,0,0,0,1,168,74816,168,True,2.2459893048128342e-08,,,,,,6150.06947517395,610.8504967689514,0.00030732154846191406,0.09039878845214844,1.4088215827941895,0.18874216079711914,4.4564208984375,0,41.62554602568278,26640.34945643698,0.2735760305522386,75834472.0,85073836.37239282,0.5,100000000000.0,100000000000.0,100000000000.0,1000000000.0,clip,False,0,168,0,168,,,,,,,,,
2026-05-18T19:28:31,0,0,0,1,169,74816,169,True,2.2593582887700534e-08,,,,,,6149.36375617981,610.8504967689514,0.0002956390380859375,0.08985114097595215,1.4121973514556885,0.18602538108825684,4.459048748016357,0,41.630323095252336,26643.406780961497,0.2735760305522386,76603880.0,84904437.24494496,0.5,100000000000.0,100000000000.0,100000000000.0,1000000000.0,clip,False,0,169,0,169,,,,,,,,,
2026-05-18T19:28:37,0,0,0,1,170,74816,170,True,2.2727272727272725e-08,,,,,,6149.190664291382,610.8504967689514,0.0003077983856201172,0.09149050712585449,1.4108872413635254,0.18016600608825684,4.4644787311553955,0,41.6314949358463,26644.15675894163,0.2735760305522386,76373072.0,84733809.94004606,0.5,100000000000.0,100000000000.0,100000000000.0,1000000000.0,clip,False,0,170,0,170,,,,,,,,,
2026-05-18T19:28:44,0,0,0,1,171,74816,171,True,2.2860962566844917e-08,551.1980590820312,179.65390014648438,0.7197942137718201,368.8316650390625,1.9927226305007935,6150.714159011841,610.8504967689514,0.0002925395965576172,0.0896444320678711,1.4136240482330322,0.17885661125183105,4.466468811035156,0,41.62118306618371,26637.557162357574,0.2735760305522386,75068160.0,84540496.94124514,0.5,100000000000.0,100000000000.0,100000000000.0,1000000000.0,clip,False,0,171,0,171,565.9637858072916,514.614013671875,612.7957763671875,6150.322916666667,6153.490234375,768.8004150390625,0.0,998.9720458984375,639342.125
2026-05-18T19:28:50,0,0,0,1,172,74816,172,True,2.299465240641711e-08,,,,,,6161.627769470215,610.8504967689514,0.00026702880859375,0.0944509506225586,1.389786720275879,0.18184185028076172,4.462045192718506,0,41.54746271244023,26590.376135961746,0.2735760305522386,75707240.0,84363831.80242023,0.5,100000000000.0,100000000000.0,100000000000.0,1000000000.0,clip,False,0,172,0,172,,,,,,,,,
2026-05-18T19:28:56,0,0,0,1,173,74816,173,True,2.3128342245989307e-08,,,,,,6150.230407714844,610.8504967689514,0.0003197193145751953,0.093017578125,1.4105734825134277,0.17835736274719238,4.465794563293457,0,41.624456813662434,26639.652360743956,0.2735760305522386,75068920.0,84177933.56637183,0.5,100000000000.0,100000000000.0,100000000000.0,1000000000.0,clip,False,0,173,0,173,,,,,,,,,
2026-05-18T19:29:02,0,0,0,1,174,74816,174,True,2.3262032085561498e-08,,,,,,6148.2038497924805,610.8504967689514,0.00028133392333984375,0.09180617332458496,1.4097256660461426,0.1820056438446045,4.4624481201171875,0,41.63817697889779,26648.433266494583,0.2735760305522386,74087368.0,83976122.25504439,0.5,100000000000.0,100000000000.0,100000000000.0,1000000000.0,clip,False,0,174,0,174,,,,,,,,,
2026-05-18T19:29:08,0,0,0,1,175,74816,175,True,2.339572192513369e-08,,,,,,6153.199672698975,610.8504967689514,0.0003037452697753906,0.09029150009155273,1.4119839668273926,0.18039655685424805,4.4683496952056885,0,41.60437067170792,26626.79722989307,0.2735760305522386,75062280.0,83797845.40994349,0.5,100000000000.0,100000000000.0,100000000000.0,1000000000.0,clip,False,0,175,0,175,,,,,,,,,
2026-05-18T19:29:14,0,0,0,1,176,74816,176,True,2.352941176470588e-08,,,,,,6146.493673324585,610.8504967689514,0.000274658203125,0.09052348136901855,1.4093563556671143,0.18091130256652832,4.463520050048828,0,41.64976222313946,26655.847822809254,0.2735760305522386,73494392.0,83591776.34174462,0.5,100000000000.0,100000000000.0,100000000000.0,1000000000.0,clip,False,0,176,0,176,,,,,,,,,
2026-05-18T19:29:21,0,0,0,1,177,74816,177,True,2.3663101604278073e-08,,,,,,6151.514768600464,610.8504967689514,0.0003056526184082031,0.09721875190734863,1.4052813053131104,0.1807091236114502,4.465956211090088,0,41.615766137263584,26634.09032784869,0.2735760305522386,74524088.0,83410422.57490973,0.5,100000000000.0,100000000000.0,100000000000.0,1000000000.0,clip,False,0,177,0,177,,,,,,,,,
2026-05-18T19:29:27,0,0,0,1,178,74816,178,True,2.3796791443850265e-08,,,,,,6150.936841964722,610.8504967689514,0.00030159950256347656,0.09596395492553711,1.4064066410064697,0.17689013481140137,4.469291925430298,0,41.619676250525266,26636.59280033617,0.2735760305522386,73879976.0,83219813.64341153,0.5,100000000000.0,100000000000.0,100000000000.0,1000000000.0,clip,False,0,178,0,178,,,,,,,,,
2026-05-18T19:29:33,0,0,0,1,179,74816,179,True,2.393048128342246e-08,,,,,,6149.788379669189,610.8504967689514,0.00030159950256347656,0.09438800811767578,1.408013105392456,0.18314075469970703,4.462060451507568,0,41.62744865275686,26641.567137764392,0.2735760305522386,73701304.0,83029443.4505433,0.5,100000000000.0,100000000000.0,100000000000.0,1000000000.0,clip,False,0,179,0,179,,,,,,,,,
2026-05-18T19:29:39,0,0,0,1,180,74816,180,True,2.406417112299465e-08,,,,,,6152.926206588745,610.8504967689514,0.0003192424774169922,0.09338784217834473,1.4090549945831299,0.1790771484375,4.469112873077393,0,41.60621977326288,26627.98065488824,0.2735760305522386,74867240.0,82866199.38153243,0.5,100000000000.0,100000000000.0,100000000000.0,1000000000.0,clip,False,0,180,0,180,,,,,,,,,
2026-05-18T19:29:45,0,0,0,1,181,74816,181,True,2.4197860962566843e-08,576.3772583007812,195.53370666503906,0.7206025719642639,378.1161804199219,2.0067672729492188,6147.616147994995,610.8504967689514,0.00032711029052734375,0.0926506519317627,1.4073231220245361,0.18111348152160645,4.463987350463867,0,41.64215751881203,26650.980812039696,0.2735760305522386,73833368.0,82685542.75390178,0.5,100000000000.0,100000000000.0,100000000000.0,1000000000.0,clip,False,0,181,0,181,579.659423828125,537.8135375976562,622.4334716796875,6148.453125,6152.53955078125,768.8004150390625,0.0,999.2760009765625,639536.625
2026-05-18T19:29:51,0,0,0,1,182,74816,182,True,2.4331550802139034e-08,,,,,,6157.290697097778,610.8504967689514,0.00027441978454589844,0.09500312805175781,1.3887176513671875,0.18164348602294922,4.462679862976074,0,41.57672791389643,26609.105864893714,0.2735760305522386,73268568.0,82497203.25882374,0.5,100000000000.0,100000000000.0,100000000000.0,1000000000.0,clip,False,0,182,0,182,,,,,,,,,
2026-05-18T19:29:57,0,0,0,1,183,74816,183,True,2.446524064171123e-08,,,,,,6151.411294937134,610.8504967689514,0.000301361083984375,0.09371709823608398,1.4087860584259033,0.18189525604248047,4.4647746086120605,0,41.61646616130165,26634.538343233056,0.2735760305522386,71037512.0,82268009.43364726,0.5,100000000000.0,100000000000.0,100000000000.0,1000000000.0,clip,False,0,183,0,183,,,,,,,,,
2026-05-18T19:30:04,0,0,0,1,184,74816,184,True,2.4598930481283424e-08,,,,,,6148.949861526489,610.8504967689514,0.00027561187744140625,0.09213685989379883,1.41005539894104,0.17801809310913086,4.4665141105651855,0,41.633125292136874,26645.2001869676,0.2735760305522386,70782976.0,82038308.76497431,0.5,100000000000.0,100000000000.0,100000000000.0,1000000000.0,clip,False,0,184,0,184,,,,,,,,,
2026-05-18T19:30:10,0,0,0,1,185,74816,185,True,2.4732620320855616e-08,,,,,,6150.413751602173,610.8504967689514,0.0003018379211425781,0.0922083854675293,1.410691738128662,0.17900919914245605,4.466338634490967,0,41.62321598824346,26638.858232475814,0.2735760305522386,72611600.0,81849774.58967483,0.5,100000000000.0,100000000000.0,100000000000.0,1000000000.0,clip,False,0,185,0,185,,,,,,,,,
2026-05-18T19:30:16,0,0,0,1,186,74816,186,True,2.4866310160427807e-08,,,,,,6153.363466262817,610.8504967689514,0.0003027915954589844,0.08868241310119629,1.413376808166504,0.18145275115966797,4.467555046081543,0,41.60326322401998,26626.08846337279,0.2735760305522386,72841224.0,81669603.57788134,0.5,100000000000.0,100000000000.0,100000000000.0,1000000000.0,clip,False,0,186,0,186,,,,,,,,,
2026-05-18T19:30:22,0,0,0,1,187,74816,187,True,2.5e-08,,,,,,6146.574974060059,610.8504967689514,0.00032138824462890625,0.09357523918151855,1.4056928157806396,0.1875603199005127,4.45710563659668,0,41.64921132181387,26655.49524596088,0.2735760305522386,70788320.0,81451977.90632372,0.5,100000000000.0,100000000000.0,100000000000.0,1000000000.0,clip,False,0,187,0,187,,,,,,,,,
2026-05-18T19:30:28,0,0,0,1,188,74816,188,True,2.513368983957219e-08,,,,,,6149.904489517212,610.8504967689514,0.0002932548522949219,0.08814430236816406,1.4142162799835205,0.17962908744812012,4.465700626373291,0,41.62666272888684,26641.06414648758,0.2735760305522386,69961304.0,81222164.42819723,0.5,100000000000.0,100000000000.0,100000000000.0,1000000000.0,clip,False,0,188,0,188,,,,,,,,,
2026-05-18T19:30:34,0,0,0,1,189,74816,189,True,2.5267379679144382e-08,,,,,,6151.955366134644,610.8504967689514,0.0002722740173339844,0.08967852592468262,1.4132306575775146,0.18436360359191895,4.462614059448242,0,41.6127856533602,26632.18281815053,0.2735760305522386,71796080.0,81033642.73963328,0.5,100000000000.0,100000000000.0,100000000000.0,1000000000.0,clip,False,0,189,0,189,,,,,,,,,
2026-05-18T19:30:41,0,0,0,1,190,74816,190,True,2.5401069518716577e-08,,,,,,6147.393226623535,610.8504967689514,0.0003151893615722656,0.08941984176635742,1.4097411632537842,0.17990946769714355,4.466015815734863,0,41.64366757787648,26651.94724984095,0.2735760305522386,70755848.0,80828086.84484062,0.5,100000000000.0,100000000000.0,100000000000.0,1000000000.0,clip,False,0,190,0,190,,,,,,,,,
2026-05-18T19:30:47,0,0,0,1,191,74816,191,True,2.553475935828877e-08,562.835693359375,191.45098876953125,0.7206658124923706,368.678955078125,1.9851127862930298,6152.280807495117,610.8504967689514,0.0002980232238769531,0.08901000022888184,1.4136772155761719,0.1784069538116455,4.469101428985596,0,41.61058443368251,26630.774037556806,0.2735760305522386,69595128.0,80603427.6679438,0.5,100000000000.0,100000000000.0,100000000000.0,1000000000.0,clip,False,0,191,0,191,549.2158610026041,488.6321716308594,628.562744140625,6151.795572916667,6155.37255859375,768.8004150390625,0.0,998.73291015625,639189.0
2026-05-18T19:30:53,0,0,0,1,192,74816,192,True,2.5668449197860963e-08,,,,,,6266.323089599609,610.8504967689514,0.00027489662170410156,0.09212017059326172,1.3921661376953125,0.1807854175567627,4.57171106338501,0,40.85330365823146,26146.114341268134,0.2735760305522386,71075312.0,80412865.35458492,0.5,100000000000.0,100000000000.0,100000000000.0,1000000000.0,clip,False,0,192,0,192,,,,,,,,,
2026-05-18T19:30:59,0,0,0,1,193,74816,193,True,2.5802139037433155e-08,,,,,,6150.715589523315,610.8504967689514,0.0002999305725097656,0.08983707427978516,1.4127755165100098,0.17696762084960938,4.468898057937622,0,41.62117338607753,26637.55096708962,0.2735760305522386,68910592.0,80182819.88749322,0.5,100000000000.0,100000000000.0,100000000000.0,1000000000.0,clip,False,0,193,0,193,,,,,,,,,
2026-05-18T19:31:05,0,0,0,1,194,74816,194,True,2.5935828877005347e-08,,,,,,6154.912233352661,610.8504967689514,0.00033164024353027344,0.09148645401000977,1.4107086658477783,0.18818902969360352,4.461174011230469,0,41.592794550793045,26619.388512507547,0.2735760305522386,68309240.0,79945348.28974335,0.5,100000000000.0,100000000000.0,100000000000.0,1000000000.0,clip,False,0,194,0,194,,,,,,,,,
2026-05-18T19:31:11,0,0,0,1,195,74816,195,True,2.6069518716577538e-08,,,,,,6148.0467319488525,610.8504967689514,0.00028061866760253906,0.0900876522064209,1.4117043018341064,0.17776203155517578,4.466354131698608,0,41.639241073050734,26649.11428675247,0.2735760305522386,68967104.0,79725783.40394849,0.5,100000000000.0,100000000000.0,100000000000.0,1000000000.0,clip,False,0,195,0,195,,,,,,,,,
2026-05-18T19:31:18,0,0,0,1,196,74816,196,True,2.6203208556149733e-08,,,,,,6147.172927856445,610.8504967689514,0.000278472900390625,0.09091806411743164,1.408555269241333,0.19066119194030762,4.454840898513794,0,41.64515997913673,26652.902386647507,0.2735760305522386,70380296.0,79538873.65586951,0.5,100000000000.0,100000000000.0,100000000000.0,1000000000.0,clip,False,0,196,0,196,,,,,,,,,
2026-05-18T19:31:24,0,0,0,1,197,74816,197,True,2.6336898395721925e-08,,,,,,6236.109972000122,610.8504967689514,0.0002982616424560547,0.09477376937866211,1.4073760509490967,0.17985010147094727,4.551804542541504,0,41.0512324428898,26272.78876344947,0.2735760305522386,68922392.0,79326544.02275212,0.5,100000000000.0,100000000000.0,100000000000.0,1000000000.0,clip,False,0,197,0,197,,,,,,,,,
2026-05-18T19:31:30,0,0,0,1,198,74816,198,True,2.6470588235294116e-08,,,,,,6149.686574935913,610.8504967689514,0.0002961158752441406,0.09485983848571777,1.40773344039917,0.18473386764526367,4.460098743438721,0,41.62813777264215,26642.008174490973,0.2735760305522386,68962104.0,79119255.22229707,0.5,100000000000.0,100000000000.0,100000000000.0,1000000000.0,clip,False,0,198,0,198,,,,,,,,,
2026-05-18T19:31:36,0,0,0,1,199,74816,199,True,2.6604278074866308e-08,,,,,,6437.00385093689,610.8504967689514,0.00030350685119628906,0.0932765007019043,1.4092628955841064,0.17850852012634277,4.753775119781494,0,39.77005543700892,25452.83547968571,0.2735760305522386,67420672.0,78885283.55785112,0.5,100000000000.0,100000000000.0,100000000000.0,1000000000.0,clip,False,0,199,0,199,,,,,,,,,
2026-05-18T19:31:43,0,0,0,1,200,74816,200,True,2.67379679144385e-08,,,,,,6153.167963027954,610.8504967689514,0.0003001689910888672,0.0946805477142334,1.407820224761963,0.1844780445098877,4.464015007019043,0,41.60458507523387,26626.934448149674,0.2735760305522386,66436436.0,78636306.6066941,0.5,100000000000.0,100000000000.0,100000000000.0,1000000000.0,clip,False,0,200,0,200,,,,,,,,,
2026-05-18T19:31:49,0,0,0,1,201,74816,201,True,2.687165775401069e-08,579.5067138671875,203.84201049804688,0.7192667126655579,372.929931640625,2.0155303478240967,6147.204160690308,610.8504967689514,0.0003247261047363281,0.09876704216003418,1.4022531509399414,0.1793653964996338,4.464377403259277,0,41.64494838760198,26652.766968065265,0.27358588038490556,66018268.0,78383945.83456022,0.5,7863630660.669411,100000000000.0,100000000000.0,1000000000.0,clip,False,0,201,0,201,552.5367024739584,499.5079040527344,603.2661743164062,6150.046223958333,6153.0234375,768.8004150390625,0.0,999.016845703125,639370.875
2026-05-18T19:31:55,0,0,0,1,202,74816,202,True,2.700534759358289e-08,,,,,,6159.794092178345,610.8504967689514,0.00026607513427734375,0.09338212013244629,1.3906736373901367,0.1863243579864502,4.457740306854248,0,41.5598307620488,26598.29168771123,0.27358588038490556,66378120.0,78143829.31786902,0.5,7838394583.456021,100000000000.0,100000000000.0,1000000000.0,clip,False,0,202,0,202,,,,,,,,,
2026-05-18T19:32:01,0,0,0,1,203,74816,203,True,2.713903743315508e-08,,,,,,6149.714946746826,610.8504967689514,0.00032138824462890625,0.09430956840515137,1.407721757888794,0.18308520317077637,4.462376356124878,0,41.62794572054481,26641.88526114868,0.27358588038490556,65047664.0,77881906.01151164,0.5,7814382931.786902,100000000000.0,100000000000.0,1000000000.0,clip,False,0,203,0,203,,,,,,,,,
2026-05-18T19:32:07,0,0,0,1,204,74816,204,True,2.7272727272727272e-08,,,,,,6150.120496749878,610.8504967689514,0.00029730796813964844,0.09064602851867676,1.4114890098571777,0.18220758438110352,4.463578939437866,0,41.6252006989598,26640.12844733427,0.27358588038490556,66362900.0,77651525.89128141,0.5,7788190601.151164,100000000000.0,100000000000.0,1000000000.0,clip,False,0,204,0,204,,,,,,,,,
2026-05-18T19:32:13,0,0,0,1,205,74816,205,True,2.7406417112299464e-08,,,,,,6150.324106216431,610.8504967689514,0.0002987384796142578,0.09184646606445312,1.4102389812469482,0.18259358406066895,4.4635009765625,0,41.623822676474624,26639.24651294376,0.27358588038490556,67577416.0,77450043.69345579,0.5,7765152589.128141,100000000000.0,100000000000.0,1000000000.0,clip,False,0,205,0,205,,,,,,,,,
2026-05-18T19:32:19,0,0,0,1,206,74816,206,True,2.7540106951871656e-08,,,,,,6150.5467891693115,610.8504967689514,0.0002810955047607422,0.09078073501586914,1.4117817878723145,0.183990478515625,4.4617955684661865,0,41.622315669689456,26638.28202860125,0.27358588038490556,64185820.0,77184759.21958667,0.5,7745004369.345578,100000000000.0,100000000000.0,1000000000.0,clip,False,0,206,0,206,,,,,,,,,
2026-05-18T19:32:26,0,0,0,1,207,74816,207,True,2.767379679144385e-08,,,,,,6148.886680603027,610.8504967689514,0.0002796649932861328,0.09087181091308594,1.4092628955841064,0.18466401100158691,4.461753845214844,0,41.63355308003397,26645.473971221738,0.27358588038490556,66562800.0,76972320.03519493,0.5,7718475921.958667,100000000000.0,100000000000.0,1000000000.0,clip,False,0,207,0,207,,,,,,,,,
2026-05-18T19:32:32,0,0,0,1,208,74816,208,True,2.7807486631016042e-08,,,,,,6229.205131530762,610.8504967689514,0.00032591819763183594,0.09858012199401855,1.4038646221160889,0.18069195747375488,4.543652296066284,0,41.09673619579304,26301.911165307545,0.27358588038490556,64594580.0,76724765.23449102,0.5,7697232003.519493,100000000000.0,100000000000.0,1000000000.0,clip,False,0,208,0,208,,,,,,,,,
2026-05-18T19:32:38,0,0,0,1,209,74816,209,True,2.7941176470588234e-08,,,,,,6147.340536117554,610.8504967689514,0.00029349327087402344,0.09247851371765137,1.4093892574310303,0.18318867683410645,4.459974050521851,0,41.644024516930486,26652.17569083551,0.27358588038490556,65955304.0,76509376.0098012,0.5,7672476523.449102,100000000000.0,100000000000.0,1000000000.0,clip,False,0,209,0,209,,,,,,,,,
2026-05-18T19:32:44,0,0,0,1,210,74816,210,True,2.8074866310160425e-08,,,,,,6151.583433151245,610.8504967689514,0.00027751922607421875,0.08990335464477539,1.412050724029541,0.1834249496459961,4.4640793800354,0,41.6153016181819,26633.79303563642,0.27358588038490556,65416528.0,76287519.04960518,0.5,7650937600.98012,100000000000.0,100000000000.0,1000000000.0,clip,False,0,210,0,210,,,,,,,,,
2026-05-18T19:32:50,0,0,0,1,211,74816,211,True,2.8208556149732617e-08,549.7265625,185.1201629638672,0.7196802496910095,361.9075927734375,1.9791221618652344,6148.334264755249,610.8504967689514,0.0002689361572265625,0.09013175964355469,1.4104657173156738,0.18071436882019043,4.464874744415283,0,41.63729377361541,26647.86801511386,0.27358588038490556,63979412.0,76041356.90861307,0.5,7628751904.960518,100000000000.0,100000000000.0,1000000000.0,clip,False,0,211,0,211,552.7822672526041,493.17620849609375,607.4188232421875,6150.567057291667,6157.41796875,768.8004150390625,0.0,998.9324951171875,639316.8125
2026-05-18T19:32:56,0,0,0,1,212,74816,212,True,2.8342245989304812e-08,,,,,,6159.568548202515,610.8504967689514,0.0002734661102294922,0.09007525444030762,1.3942005634307861,0.18300175666809082,4.461633920669556,0,41.561352551990986,26599.26563327423,0.27358588038490556,62386404.0,75768257.8504408,0.5,7604135690.861307,100000000000.0,100000000000.0,1000000000.0,clip,False,0,212,0,212,,,,,,,,,
2026-05-18T19:33:03,0,0,0,1,213,74816,213,True,2.8475935828877007e-08,,,,,,6150.784492492676,610.8504967689514,0.0003001689910888672,0.08980369567871094,1.4133052825927734,0.17959833145141602,4.465911626815796,0,41.620707132961684,26637.252565095474,0.27358588038490556,64114820.0,75535189.093432,0.5,7576825785.04408,100000000000.0,100000000000.0,1000000000.0,clip,False,0,213,0,213,,,,,,,,,
2026-05-18T19:33:09,0,0,0,1,214,74816,214,True,2.8609625668449198e-08,,,,,,6150.197267532349,610.8504967689514,0.00027108192443847656,0.09375667572021484,1.4088826179504395,0.18296074867248535,4.462446689605713,0,41.62468110599568,26639.795907837233,0.27358588038490556,62101540.0,75266516.11156335,0.5,7553518909.3432,100000000000.0,100000000000.0,1000000000.0,clip,False,0,214,0,214,,,,,,,,,
2026-05-18T19:33:15,0,0,0,1,215,74816,215,True,2.874331550802139e-08,,,,,,6151.836395263672,610.8504967689514,0.00030994415283203125,0.09339189529418945,1.4089298248291016,0.1885223388671875,4.458731412887573,0,41.61359040645093,26632.697860128595,0.27358588038490556,62119232.0,75003570.42933209,0.5,7526651611.156336,100000000000.0,100000000000.0,1000000000.0,clip,False,0,215,0,215,,,,,,,,,
2026-05-18T19:33:21,0,0,0,1,216,74816,216,True,2.887700534759358e-08,,,,,,6147.802352905273,610.8504967689514,0.0003209114074707031,0.09589171409606934,1.4049513339996338,0.1838979721069336,4.457736253738403,0,41.64089625929854,26650.17360595107,0.27358588038490556,62033536.0,74744169.74074546,0.5,7500357042.933209,100000000000.0,100000000000.0,1000000000.0,clip,False,0,216,0,216,,,,,,,,,
2026-05-18T19:33:27,0,0,0,1,217,74816,217,True,2.9010695187165773e-08,,,,,,6151.1499881744385,610.8504967689514,0.00030422210693359375,0.09113335609436035,1.4113883972167969,0.18761205673217773,4.458661317825317,0,41.61823406877722,26635.66980401742,0.27358588038490556,61189772.0,74473081.78593054,0.5,7474416974.074546,100000000000.0,100000000000.0,1000000000.0,clip,False,0,217,0,217,,,,,,,,,
2026-05-18T19:33:33,0,0,0,1,218,74816,218,True,2.9144385026737965e-08,,,,,,6152.321338653564,610.8504967689514,0.0002987384796142578,0.0908966064453125,1.411393404006958,0.18529891967773438,4.462450981140137,0,41.610310305414835,26630.598595465493,0.27358588038490556,61468856.0,74212997.27021194,0.5,7447308178.593055,100000000000.0,100000000000.0,1000000000.0,clip,False,0,218,0,218,,,,,,,,,
2026-05-18T19:33:39,0,0,0,1,219,74816,219,True,2.927807486631016e-08,,,,,,6147.35221862793,610.8504967689514,0.0002779960632324219,0.09038519859313965,1.4101824760437012,0.18673062324523926,4.457878112792969,0,41.64394537606931,26652.12504068436,0.27358588038490556,60956636.0,73947870.04480769,0.5,7421299727.0211935,100000000000.0,100000000000.0,1000000000.0,clip,False,0,219,0,219,,,,,,,,,
2026-05-18T19:33:46,0,0,0,1,220,74816,220,True,2.941176470588235e-08,,,,,,6149.268865585327,610.8504967689514,0.0002968311309814453,0.09392285346984863,1.4083950519561768,0.18494105339050293,4.459818363189697,0,41.630965501072176,26643.817920686193,0.27358588038490556,60486212.0,73678636.88391152,0.5,7394787004.480769,100000000000.0,100000000000.0,1000000000.0,clip,False,0,220,0,220,,,,,,,,,
2026-05-18T19:33:52,0,0,0,1,221,74816,221,True,2.9545454545454543e-08,532.2337646484375,183.68563842773438,0.720193088054657,345.88079833984375,1.9471582174301147,6153.355360031128,610.8504967689514,0.00030517578125,0.09623479843139648,1.4062786102294922,0.18393993377685547,4.464529037475586,0,41.603318030815785,26626.123539722103,0.27358588038490556,60243380.0,73409931.74623328,0.5,7367863688.391152,100000000000.0,100000000000.0,1000000000.0,clip,False,0,221,0,221,530.5683186848959,473.00701904296875,598.6720581054688,6150.180989583333,6153.35546875,768.8004150390625,0.0,998.9950561523438,639356.8125
2026-05-18T19:33:58,0,0,0,1,222,74816,222,True,2.9679144385026738e-08,,,,,,6155.528783798218,610.8504967689514,0.00030350685119628906,0.09361529350280762,1.3903148174285889,0.18500447273254395,4.458418369293213,0,41.588628530794935,26616.722259708757,0.27358588038490556,59943016.0,73140593.43130863,0.5,7340993174.623328,100000000000.0,100000000000.0,1000000000.0,clip,False,0,222,0,222,,,,,,,,,
2026-05-18T19:34:04,0,0,0,1,223,74816,223,True,2.981283422459893e-08,,,,,,6149.008274078369,610.8504967689514,0.0003058910369873047,0.09504079818725586,1.4073379039764404,0.1843581199645996,4.4600067138671875,0,41.63272979793965,26644.947070681377,0.27358588038490556,59706188.0,72871905.32268246,0.5,7314059343.130863,100000000000.0,100000000000.0,1000000000.0,clip,False,0,223,0,223,,,,,,,,,
2026-05-18T19:34:10,0,0,0,1,224,74816,224,True,2.994652406417112e-08,,,,,,6149.101495742798,610.8504967689514,0.0002760887145996094,0.08989238739013672,1.412771224975586,0.1801905632019043,4.463993310928345,0,41.632098637050674,26644.543127712433,0.27358588038490556,58808396.0,72590635.1362288,0.5,7287190532.268246,100000000000.0,100000000000.0,1000000000.0,clip,False,0,224,0,224,,,,,,,,,
2026-05-18T19:34:16,0,0,0,1,225,74816,225,True,3.008021390374331e-08,,,,,,6150.955677032471,610.8504967689514,0.00029969215393066406,0.0940248966217041,1.4086997509002686,0.1832578182220459,4.462815999984741,0,41.61954880538291,26636.51123544506,0.27358588038490556,58940752.0,72317637.47350423,0.5,7259063513.62288,100000000000.0,100000000000.0,1000000000.0,clip,False,0,225,0,225,,,,,,,,,
2026-05-18T19:34:23,0,0,0,1,226,74816,226,True,3.0213903743315504e-08,,,,,,6151.916742324829,610.8504967689514,0.0002758502960205078,0.09136033058166504,1.4108524322509766,0.18237519264221191,4.46515679359436,0,41.61304691247443,26632.350023983636,0.27358588038490556,58558328.0,72042451.28403415,0.5,7231763747.350423,100000000000.0,100000000000.0,1000000000.0,clip,False,0,226,0,226,,,,,,,,,
2026-05-18T19:34:29,0,0,0,1,227,74816,227,True,3.03475935828877e-08,,,,,,6157.447576522827,610.8504967689514,0.00028967857360839844,0.09069466590881348,1.4094600677490234,0.18189644813537598,4.4730775356292725,0,41.57566862218676,26608.427918199526,0.27358588038490556,59566752.0,71792937.29835346,0.5,7204245128.403415,100000000000.0,100000000000.0,1000000000.0,clip,False,0,227,0,227,,,,,,,,,
2026-05-18T19:34:35,0,0,0,1,228,74816,228,True,3.0481283422459894e-08,,,,,,6145.223379135132,610.8504967689514,0.00025582313537597656,0.0881962776184082,1.4066641330718994,0.18581938743591309,4.462416172027588,0,41.65837174759122,26661.35791845838,0.27358588038490556,58321928.0,71523517.11238639,0.5,7179293729.835346,100000000000.0,100000000000.0,1000000000.0,clip,False,0,228,0,228,,,,,,,,,
2026-05-18T19:34:41,0,0,0,1,229,74816,229,True,3.0614973262032085e-08,,,,,,6146.737813949585,610.8504967689514,0.0003142356872558594,0.09313726425170898,1.4080402851104736,0.17818784713745117,4.464935064315796,0,41.648107947442654,26654.7890863633,0.27358588038490556,58265348.0,71258353.73013867,0.5,7152351711.238639,100000000000.0,100000000000.0,1000000000.0,clip,False,0,229,0,229,,,,,,,,,
2026-05-18T19:34:47,0,0,0,1,230,74816,230,True,3.074866310160428e-08,,,,,,6149.54400062561,610.8504967689514,0.00030231475830078125,0.0906825065612793,1.4113967418670654,0.18539071083068848,4.459844589233398,0,41.62910290160643,26642.625857028113,0.27358588038490556,58625084.0,71005688.33553591,0.5,7125835373.013867,100000000000.0,100000000000.0,1000000000.0,clip,False,0,230,0,230,,,,,,,,,
2026-05-18T19:34:53,0,0,0,1,231,74816,231,True,3.088235294117647e-08,579.3812255859375,210.73614501953125,0.7197692394256592,365.9649658203125,1.9603384733200073,6149.110317230225,610.8504967689514,0.0003006458282470703,0.09113335609436035,1.4115238189697266,0.1811225414276123,4.463122606277466,0,41.632038911819585,26644.504903564535,0.27358588038490556,57755080.0,70740676.1688252,0.5,7100568833.553592,100000000000.0,100000000000.0,1000000000.0,clip,False,0,231,0,231,545.0289713541666,480.7418212890625,627.37109375,6149.13671875,6154.09765625,768.8004150390625,0.0,999.164794921875,639465.4375
2026-05-18T19:34:59,0,0,0,1,232,74816,232,True,3.101604278074866e-08,,,,,,6161.012172698975,610.8504967689514,0.0002732276916503906,0.09043288230895996,1.394038200378418,0.17908787727355957,4.466360330581665,0,41.55161405692423,26593.032996431506,0.27358588038490556,56587320.0,70457609.04544869,0.5,7074067616.88252,100000000000.0,100000000000.0,1000000000.0,clip,False,0,232,0,232,,,,,,,,,
2026-05-18T19:35:06,0,0,0,1,233,74816,233,True,3.114973262032086e-08,,,,,,6148.10585975647,610.8504967689514,0.00028443336486816406,0.09169554710388184,1.408691644668579,0.18111896514892578,4.464447975158691,0,41.63884061848934,26648.857995833176,0.27358588038490556,57402168.0,70196500.22453971,0.5,7045760904.544869,100000000000.0,100000000000.0,1000000000.0,clip,False,0,233,0,233,,,,,,,,,
2026-05-18T19:35:12,0,0,0,1,234,74816,234,True,3.128342245989305e-08,,,,,,6149.931192398071,610.8504967689514,0.00029730796813964844,0.09527468681335449,1.4077351093292236,0.18387365341186523,4.460843563079834,0,41.626481986732074,26640.948471508524,0.27358588038490556,55297912.0,69898528.46004891,0.5,7019650022.453971,100000000000.0,100000000000.0,1000000000.0,clip,False,0,234,0,234,,,,,,,,,
2026-05-18T19:35:18,0,0,0,1,235,74816,235,True,3.141711229946524e-08,,,,,,6154.074907302856,610.8504967689514,0.00028133392333984375,0.09506726264953613,1.407571792602539,0.1864619255065918,4.462849855422974,0,41.59845368411302,26623.010357832332,0.27358588038490556,54752520.0,69595608.29084794,0.5,6989852846.004891,100000000000.0,100000000000.0,1000000000.0,clip,False,0,235,0,235,,,,,,,,,
2026-05-18T19:35:24,0,0,0,1,236,74816,236,True,3.155080213903743e-08,,,,,,6148.334264755249,610.8504967689514,0.0003120899200439453,0.09970235824584961,1.4016153812408447,0.19342827796936035,4.451127767562866,0,41.63729377361541,26647.86801511386,0.27358588038490556,54630644.0,69296309.00503097,0.5,6959560829.084794,100000000000.0,100000000000.0,1000000000.0,clip,False,0,236,0,236,,,,,,,,,
2026-05-18T19:35:30,0,0,0,1,237,74816,237,True,3.1684491978609625e-08,,,,,,6149.012804031372,610.8504967689514,0.00030159950256347656,0.09161257743835449,1.4111261367797852,0.18475699424743652,4.459189176559448,0,41.632699127275046,26644.92744145603,0.27358588038490556,54518588.0,69000754.58493036,0.5,6929630900.503098,100000000000.0,100000000000.0,1000000000.0,clip,False,0,237,0,237,,,,,,,,,
2026-05-18T19:35:36,0,0,0,1,238,74816,238,True,3.1818181818181816e-08,,,,,,6148.8518714904785,610.8504967689514,0.0002925395965576172,0.09435009956359863,1.407996416091919,0.18541932106018066,4.458864688873291,0,41.633788770706836,26645.624813252376,0.27358588038490556,54150824.0,68703755.97323176,0.5,6900075458.493036,100000000000.0,100000000000.0,1000000000.0,clip,False,0,238,0,238,,,,,,,,,
2026-05-18T19:35:42,0,0,0,1,239,74816,239,True,3.195187165775401e-08,,,,,,6150.285959243774,610.8504967689514,0.00029540061950683594,0.09231328964233398,1.4098637104034424,0.1857292652130127,4.460209608078003,0,41.62408084704361,26639.411742107906,0.27358588038490556,53159048.0,68392861.81376714,0.5,6870375597.323176,100000000000.0,100000000000.0,1000000000.0,clip,False,0,239,0,239,,,,,,,,,
2026-05-18T19:35:49,0,0,0,1,240,74816,240,True,3.20855614973262e-08,,,,,,6150.232553482056,610.8504967689514,0.000274658203125,0.08858370780944824,1.412656307220459,0.18110942840576172,4.465682029724121,0,41.624442291220575,26639.64306638117,0.27358588038490556,54011444.0,68105233.45749179,0.5,6839286181.376714,100000000000.0,100000000000.0,1000000000.0,clip,False,0,240,0,240,,,,,,,,,
2026-05-18T19:35:55,0,0,0,1,241,74816,241,True,3.221925133689839e-08,557.698974609375,203.5982208251953,0.7213602066040039,351.3673095703125,2.012105941772461,6155.686855316162,610.8504967689514,0.0003151893615722656,0.09020638465881348,1.4128296375274658,0.18364500999450684,4.466850757598877,0,41.58756057886762,26616.038770475276,0.27358588038490556,53774364.0,67818616.06834194,0.5,6810523345.749179,100000000000.0,100000000000.0,1000000000.0,clip,False,0,241,0,241,522.3448893229166,476.903076171875,592.1480712890625,6151.06640625,6155.68701171875,768.8004150390625,0.0,998.8511962890625,639264.8125
2026-05-18T19:36:01,0,0,0,1,242,74816,242,True,3.235294117647059e-08,,,,,,6155.009508132935,610.8504967689514,0.00030732154846191406,0.0920712947845459,1.3917770385742188,0.18349528312683105,4.461347341537476,0,41.59213721144279,26618.967815323384,0.27358588038490556,54142976.0,67545103.2669751,0.5,6781861606.834194,100000000000.0,100000000000.0,1000000000.0,clip,False,0,242,0,242,,,,,,,,,
2026-05-18T19:36:07,0,0,0,1,243,74816,243,True,3.248663101604278e-08,,,,,,6152.048110961914,610.8504967689514,0.00026035308837890625,0.0910954475402832,1.410621166229248,0.18460583686828613,4.463574171066284,0,41.612158322340015,26631.781326297612,0.27358588038490556,53577656.0,67265754.3216356,0.5,6754510326.697511,100000000000.0,100000000000.0,1000000000.0,clip,False,0,243,0,243,,,,,,,,,
2026-05-18T19:36:13,0,0,0,1,244,74816,244,True,3.262032085561497e-08,,,,,,6147.920370101929,610.8504967689514,0.0002770423889160156,0.0904841423034668,1.4115440845489502,0.18382716178894043,4.4599432945251465,0,41.64009690902286,26649.66202177463,0.27358588038490556,53046752.0,66981374.27520289,0.5,6726575432.163561,100000000000.0,100000000000.0,1000000000.0,clip,False,0,244,0,244,,,,,,,,,
2026-05-18T19:36:19,0,0,0,1,245,74816,245,True,3.2754010695187164e-08,,,,,,6147.089242935181,610.8504967689514,0.0002770423889160156,0.09000396728515625,1.4098200798034668,0.18624281883239746,4.4587976932525635,0,41.64572692583234,26653.2652325327,0.27358588038490556,50884968.0,66659446.14969883,0.5,6698137427.520289,100000000000.0,100000000000.0,1000000000.0,clip,False,0,245,0,245,,,,,,,,,
2026-05-18T19:36:26,0,0,0,1,246,74816,246,True,3.2887700534759355e-08,,,,,,6152.817010879517,610.8504967689514,0.00028705596923828125,0.09374833106994629,1.4085500240325928,0.18523454666137695,4.463122129440308,0,41.60695817010914,26628.45322886985,0.27358588038490556,51313892.0,66352535.066704854,0.5,6665944614.969883,100000000000.0,100000000000.0,1000000000.0,clip,False,0,246,0,246,,,,,,,,,
2026-05-18T19:36:32,0,0,0,1,247,74816,247,True,3.302139037433155e-08,,,,,,6148.517847061157,610.8504967689514,0.0003037452697753906,0.09424448013305664,1.4062635898590088,0.18558454513549805,4.460104942321777,0,41.63605056824578,26647.072363677296,0.27358588038490556,51964176.0,66064767.88537076,0.5,6635253506.6704855,100000000000.0,100000000000.0,1000000000.0,clip,False,0,247,0,247,,,,,,,,,
2026-05-18T19:36:38,0,0,0,1,248,74816,248,True,3.3155080213903745e-08,,,,,,6153.269290924072,610.8504967689514,0.0002703666687011719,0.09365963935852051,1.409240484237671,0.1804344654083252,4.4677956104278564,0,41.603899958936296,26626.495973719233,0.27358588038490556,50410068.0,65751673.88766334,0.5,6606476788.537076,100000000000.0,100000000000.0,1000000000.0,clip,False,0,248,0,248,,,,,,,,,
2026-05-18T19:36:44,0,0,0,1,249,74816,249,True,3.328877005347593e-08,,,,,,6146.556377410889,610.8504967689514,0.00032401084899902344,0.09787344932556152,1.403428077697754,0.18838167190551758,4.454338073730469,0,41.64933733314828,26655.5758932149,0.27358588038490556,49474644.0,65426133.28991008,0.5,6575167388.766335,100000000000.0,100000000000.0,1000000000.0,clip,False,0,249,0,249,,,,,,,,,
2026-05-18T19:36:50,0,0,0,1,250,74816,250,True,3.342245989304813e-08,,,,,,6150.404214859009,610.8504967689514,0.0002760887145996094,0.08857512474060059,1.4139723777770996,0.1797020435333252,4.466013193130493,0,41.623280528704,26638.899538370562,0.27358588038490556,49363432.0,65104879.26411188,0.5,6542613328.991008,100000000000.0,100000000000.0,1000000000.0,clip,False,0,250,0,250,,,,,,,,,
2026-05-18T19:36:56,0,0,0,1,251,74816,251,True,3.355614973262032e-08,448.1879577636719,158.86251831054688,0.7200868129730225,286.6155090332031,1.989841103553772,6152.682781219482,610.8504967689514,0.0002963542938232422,0.0887441635131836,1.413161039352417,0.1791679859161377,4.469579219818115,0,41.60786588598672,26629.034167031503,0.27358588038490556,48146352.0,64765708.71882964,0.5,6510487926.411188,100000000000.0,100000000000.0,1000000000.0,clip,False,0,251,0,251,520.3386637369791,446.2673034667969,589.9898071289062,6150.311197916667,6153.888671875,768.8004150390625,0.0,998.9739379882812,639343.3125
2026-05-18T19:37:02,0,0,0,1,252,74816,252,True,3.368983957219251e-08,,,,,,6161.043643951416,610.8504967689514,0.0002732276916503906,0.08838057518005371,1.3955495357513428,0.17882966995239258,4.465243101119995,0,41.55140180695314,26592.897156450006,0.27358588038490556,49608352.0,64462561.58445305,0.5,6476570871.882964,100000000000.0,100000000000.0,1000000000.0,clip,False,0,252,0,252,,,,,,,,,
2026-05-18T19:37:09,0,0,0,1,253,74816,253,True,3.38235294117647e-08,,,,,,6148.962736129761,610.8504967689514,0.00029969215393066406,0.09077215194702148,1.4119155406951904,0.18214941024780273,4.461861848831177,0,41.63303812134172,26645.1443976587,0.27358588038490556,47146624.0,64116242.832763985,0.5,6446256158.445305,100000000000.0,100000000000.0,1000000000.0,clip,False,0,253,0,253,,,,,,,,,
2026-05-18T19:37:15,0,0,0,1,254,74816,254,True,3.3957219251336895e-08,,,,,,6151.024580001831,610.8504967689514,0.0002484321594238281,0.08910512924194336,1.413771152496338,0.18291068077087402,4.463068723678589,0,41.61908258866424,26636.212856745115,0.27358588038490556,49612916.0,63826176.29610871,0.5,6411624283.276399,100000000000.0,100000000000.0,1000000000.0,clip,False,0,254,0,254,,,,,,,,,
2026-05-18T19:37:21,0,0,0,1,255,74816,255,True,3.4090909090909086e-08,,,,,,6150.653123855591,610.8504967689514,0.00030493736267089844,0.0905599594116211,1.4114420413970947,0.18041038513183594,4.4657745361328125,0,41.62159608824179,26637.821496474746,0.27358588038490556,49165924.0,63532971.25018654,0.5,6382617629.61087,100000000000.0,100000000000.0,1000000000.0,clip,False,0,255,0,255,,,,,,,,,
2026-05-18T19:37:27,0,0,0,1,256,74816,256,True,3.4224598930481285e-08,,,,,,6150.677919387817,610.8504967689514,0.0002834796905517578,0.09129214286804199,1.4106519222259521,0.18718981742858887,4.4593377113342285,0,41.62142829704208,26637.714110106932,0.27358588038490556,46894376.0,63200199.34518281,0.5,6353297125.018654,100000000000.0,100000000000.0,1000000000.0,clip,False,0,256,0,256,,,,,,,,,
2026-05-18T19:37:33,0,0,0,1,257,74816,257,True,3.4358288770053476e-08,,,,,,6147.576808929443,610.8504967689514,0.00027441978454589844,0.0904693603515625,1.4091942310333252,0.1896817684173584,4.455672025680542,0,41.6424239918656,26651.151354793983,0.27358588038490556,48409764.0,62904390.638279155,0.5,6320019934.518281,100000000000.0,100000000000.0,1000000000.0,clip,False,0,257,0,257,,,,,,,,,
2026-05-18T19:37:39,0,0,0,1,258,74816,258,True,3.449197860962567e-08,,,,,,6150.397539138794,610.8504967689514,0.0003154277801513672,0.09388017654418945,1.4084138870239258,0.18463826179504395,4.4612367153167725,0,41.62332570714547,26638.928452573102,0.27358588038490556,48239144.0,62611085.705513574,0.5,6290439063.827915,100000000000.0,100000000000.0,1000000000.0,clip,False,0,258,0,258,,,,,,,,,
2026-05-18T19:37:45,0,0,0,1,259,74816,259,True,3.462566844919786e-08,,,,,,6150.324106216431,610.8504967689514,0.0002980232238769531,0.089599609375,1.4125280380249023,0.18615365028381348,4.4597015380859375,0,41.623822676474624,26639.24651294376,0.27358588038490556,45013156.0,62259127.1114033,0.5,6261108570.551357,100000000000.0,100000000000.0,1000000000.0,clip,False,0,259,0,259,,,,,,,,,
2026-05-18T19:37:52,0,0,0,1,260,74816,260,True,3.475935828877005e-08,,,,,,6149.670839309692,610.8504967689514,0.0003044605255126953,0.09328222274780273,1.4084885120391846,0.18621230125427246,4.459487676620483,0,41.628244289695395,26642.076345405054,0.27358588038490556,45055440.0,61915053.36917524,0.5,6225912711.14033,100000000000.0,100000000000.0,1000000000.0,clip,False,0,260,0,260,,,,,,,,,
2026-05-18T19:37:58,0,0,0,1,261,74816,261,True,3.489304812834225e-08,503.91156005859375,188.61416625976562,0.7199172377586365,312.5916442871094,1.9858332872390747,6152.829647064209,610.8504967689514,0.0003075599670410156,0.09229683876037598,1.4104893207550049,0.19153404235839844,4.456238031387329,0,41.606872721098185,26628.398541502836,0.27358588038490556,46434240.0,61605437.10179174,0.5,6191505336.917524,100000000000.0,100000000000.0,1000000000.0,clip,False,0,261,0,261,522.0421956380209,457.58673095703125,594.9293823242188,6150.477864583333,6155.04296875,768.8004150390625,0.0,998.94677734375,639326.0
2026-05-18T19:38:04,0,0,0,1,262,74816,262,True,3.5026737967914434e-08,,,,,,6154.354095458984,610.8504967689514,0.0002913475036621094,0.09550070762634277,1.3885376453399658,0.18335771560668945,4.459851503372192,0,41.59656659809202,26621.80262277889,0.27358588038490556,46431572.0,61301959.7997559,0.5,6160543710.179174,100000000000.0,100000000000.0,1000000000.0,clip,False,0,262,0,262,,,,,,,,,
2026-05-18T19:38:10,0,0,0,1,263,74816,263,True,3.516042780748663e-08,,,,,,6150.214433670044,610.8504967689514,0.000293731689453125,0.09280967712402344,1.4097120761871338,0.18725061416625977,4.458256244659424,0,41.62456492549253,26639.72155231522,0.27358588038490556,44481168.0,60965543.96376078,0.5,6130195979.97559,100000000000.0,100000000000.0,1000000000.0,clip,False,0,263,0,263,,,,,,,,,
2026-05-18T19:38:16,0,0,0,1,264,74816,264,True,3.529411764705882e-08,,,,,,6152.549266815186,610.8504967689514,0.0002906322479248047,0.08994436264038086,1.412618637084961,0.18504667282104492,4.462672710418701,0,41.60876880430349,26629.612034754235,0.27358588038490556,45840460.0,60663042.28448556,0.5,6096554396.376078,100000000000.0,100000000000.0,1000000000.0,clip,False,0,264,0,264,,,,,,,,,
2026-05-18T19:38:22,0,0,0,1,265,74816,265,True,3.5427807486631015e-08,,,,,,6151.235342025757,610.8504967689514,0.0002777576446533203,0.08989334106445312,1.4123444557189941,0.1815624237060547,4.465212345123291,0,41.61765657883165,26635.300210452257,0.27358588038490556,45073684.0,60351255.11879585,0.5,6066304228.448556,100000000000.0,100000000000.0,1000000000.0,clip,False,0,265,0,265,,,,,,,,,
2026-05-18T19:38:29,0,0,0,1,266,74816,266,True,3.5561497326203214e-08,,,,,,6146.748304367065,610.8504967689514,0.0002713203430175781,0.08998966217041016,1.4087557792663574,0.18626666069030762,4.459566831588745,0,41.64803686822841,26654.743595666183,0.27358588038490556,43446788.0,60013165.77641993,0.5,6035125511.879585,100000000000.0,100000000000.0,1000000000.0,clip,False,0,266,0,266,,,,,,,,,
2026-05-18T19:38:35,0,0,0,1,267,74816,267,True,3.56951871657754e-08,,,,,,6151.2861251831055,610.8504967689514,0.00030612945556640625,0.09201383590698242,1.410869836807251,0.18865108489990234,4.4573869705200195,0,41.6173129960492,26635.08031747149,0.27358588038490556,43656048.0,59686023.42089153,0.5,6001316577.641993,100000000000.0,100000000000.0,1000000000.0,clip,False,0,267,0,267,,,,,,,,,
2026-05-18T19:38:41,0,0,0,1,268,74816,268,True,3.58288770053476e-08,,,,,,6150.673866271973,610.8504967689514,0.0003082752227783203,0.09353780746459961,1.4086494445800781,0.18362998962402344,4.462592840194702,0,41.621455724357226,26637.731663588627,0.27358588038490556,43647636.0,59365255.6724737,0.5,5968602342.089153,100000000000.0,100000000000.0,1000000000.0,clip,False,0,268,0,268,,,,,,,,,
2026-05-18T19:38:47,0,0,0,1,269,74816,269,True,3.596256684491978e-08,,,,,,6147.232294082642,610.8504967689514,0.00029277801513671875,0.09761738777160645,1.4043152332305908,0.1869966983795166,4.455903768539429,0,41.64475779554108,26652.644989146294,0.27358588038490556,44574280.0,59069436.15902422,0.5,5936525567.24737,100000000000.0,100000000000.0,1000000000.0,clip,False,0,269,0,269,,,,,,,,,
2026-05-18T19:38:53,0,0,0,1,270,74816,270,True,3.609625668449198e-08,,,,,,6150.103569030762,610.8504967689514,0.0002903938293457031,0.09435081481933594,1.4077954292297363,0.1857748031616211,4.459978103637695,0,41.62531526934023,26640.201772377746,0.27358588038490556,42487884.0,58737805.115843736,0.5,5906943615.902422,100000000000.0,100000000000.0,1000000000.0,clip,False,0,270,0,270,,,,,,,,,
2026-05-18T19:38:59,0,0,0,1,271,74816,271,True,3.6229946524064165e-08,465.1604309082031,162.51441955566406,0.7194187045097351,299.910400390625,2.0161943435668945,6151.713132858276,610.8504967689514,0.000301361083984375,0.08950161933898926,1.4127554893493652,0.1871016025543213,4.460142612457275,0,41.614424221542734,26633.23150178735,0.27358588038490556,40931880.0,58381686.61352686,0.5,5873780511.584373,100000000000.0,100000000000.0,1000000000.0,clip,False,0,271,0,271,514.5491943359375,445.29833984375,595.7996215820312,6151.416015625,6158.5341796875,768.8004150390625,0.0,998.7945556640625,639228.5625
2026-05-18T19:39:05,0,0,0,1,272,74816,272,True,3.636363636363636e-08,,,,,,6160.280466079712,610.8504967689514,0.00027298927307128906,0.09227371215820312,1.391728162765503,0.18605470657348633,4.459120273590088,0,41.55654948011055,26596.19166727075,0.27358588038490556,42326600.0,58060584.88125632,0.5,5838168661.352686,100000000000.0,100000000000.0,1000000000.0,clip,False,0,272,0,272,,,,,,,,,
2026-05-18T19:39:12,0,0,0,1,273,74816,273,True,3.6497326203208555e-08,,,,,,6162.23669052124,610.8504967689514,0.0002989768981933594,0.0907449722290039,1.4123342037200928,0.18927907943725586,4.467648983001709,0,41.54335720239041,26587.748609529863,0.27358588038490556,40588204.0,57711137.26363119,0.5,5806058488.125632,100000000000.0,100000000000.0,1000000000.0,clip,False,0,273,0,273,,,,,,,,,
2026-05-18T19:39:18,0,0,0,1,274,74816,274,True,3.6631016042780746e-08,,,,,,6151.816368103027,610.8504967689514,0.0003178119659423828,0.08958315849304199,1.4131462574005127,0.18103384971618652,4.465758323669434,0,41.61372587896997,26632.78456254078,0.27358588038490556,41725160.0,57391417.71835857,0.5,5771113726.363119,100000000000.0,100000000000.0,1000000000.0,clip,False,0,274,0,274,,,,,,,,,
2026-05-18T19:39:24,0,0,0,1,275,74816,275,True,3.676470588235294e-08,,,,,,6147.966146469116,610.8504967689514,0.0002751350402832031,0.09135603904724121,1.4086511135101318,0.18560051918029785,4.460132122039795,0,41.63978686626719,26649.463594411,0.27358588038490556,41067544.0,57064940.2439914,0.5,5739141771.835856,100000000000.0,100000000000.0,1000000000.0,clip,False,0,275,0,275,,,,,,,,,
2026-05-18T19:39:30,0,0,0,1,276,74816,276,True,3.689839572192513e-08,,,,,,6152.544736862183,610.8504967689514,0.00031638145446777344,0.09775352478027344,1.4044969081878662,0.19089198112487793,4.4571309089660645,0,41.60879943971945,26629.631641420445,0.27358588038490556,39069532.0,56705032.07911157,0.5,5706494024.399139,100000000000.0,100000000000.0,1000000000.0,clip,False,0,276,0,276,,,,,,,,,
2026-05-18T19:39:36,0,0,0,1,277,74816,277,True,3.703208556149733e-08,,,,,,6148.670196533203,610.8504967689514,0.00029754638671875,0.0989542007446289,1.4022448062896729,0.18233513832092285,4.462624549865723,0,41.635018925610964,26646.412112391015,0.27358588038490556,39422272.0,56359376.87752933,0.5,5670503207.911157,100000000000.0,100000000000.0,1000000000.0,clip,False,0,277,0,277,,,,,,,,,
2026-05-18T19:39:42,0,0,0,1,278,74816,278,True,3.716577540106952e-08,,,,,,6150.9850025177,610.8504967689514,0.0002987384796142578,0.09295916557312012,1.4091911315917969,0.18211579322814941,4.4643542766571045,0,41.619350379689585,26636.384243001336,0.27358588038490556,37076028.0,55973709.89997874,0.5,5635937687.7529335,100000000000.0,100000000000.0,1000000000.0,clip,False,0,278,0,278,,,,,,,,,
2026-05-18T19:39:49,0,0,0,1,279,74816,279,True,3.729946524064171e-08,,,,,,6151.087999343872,610.8504967689514,0.0003132820129394531,0.0926826000213623,1.4100010395050049,0.18603277206420898,4.460155725479126,0,41.61865348492936,26635.93823035479,0.27358588038490556,37477984.0,55603795.38197917,0.5,5597370989.997874,100000000000.0,100000000000.0,1000000000.0,clip,False,0,279,0,279,,,,,,,,,
2026-05-18T19:39:55,0,0,0,1,280,74816,280,True,3.74331550802139e-08,,,,,,6149.711608886719,610.8504967689514,0.0003027915954589844,0.09154176712036133,1.410644292831421,0.18562030792236328,4.4597487449646,0,41.627968314817224,26641.899721483027,0.27358588038490556,37410640.0,55239932.27433958,0.5,5560379538.197917,100000000000.0,100000000000.0,1000000000.0,clip,False,0,280,0,280,,,,,,,,,
2026-05-18T19:40:01,0,0,0,1,281,74816,281,True,3.7566844919786094e-08,524.8017578125,206.7531280517578,0.7183153629302979,315.34881591796875,1.9814940690994263,6155.62629699707,610.8504967689514,0.0002701282501220703,0.08960223197937012,1.4135754108428955,0.18585753440856934,4.464398384094238,0,41.58796971234036,26616.30061589783,0.27358588038490556,37701216.0,54889157.948852785,0.5,5523993227.433958,100000000000.0,100000000000.0,1000000000.0,clip,False,0,281,0,281,508.4671223958333,444.277587890625,559.5413208007812,6150.013020833333,6155.62646484375,768.8004150390625,0.0,999.0224609375,639374.375
2026-05-18T19:40:07,0,0,0,1,282,74816,282,True,3.7700534759358286e-08,,,,,,6476.893663406372,610.8504967689514,0.00028324127197265625,0.09070897102355957,1.3926310539245605,0.18584728240966797,4.783334255218506,0,39.52512011218704,25296.076871799705,0.27358588038490556,38821152.0,54567797.82987573,0.5,5488915794.885279,100000000000.0,100000000000.0,1000000000.0,clip,False,0,282,0,282,,,,,,,,,
2026-05-18T19:40:13,0,0,0,1,283,74816,283,True,3.783422459893048e-08,,,,,,6149.604320526123,610.8504967689514,0.00032019615173339844,0.09412693977355957,1.408062219619751,0.19199681282043457,4.452875137329102,0,41.62869457235229,26642.364526305464,0.27358588038490556,36798984.0,54212421.553278215,0.5,5456779782.987573,100000000000.0,100000000000.0,1000000000.0,clip,False,0,283,0,283,,,,,,,,,
2026-05-18T19:40:20,0,0,0,1,284,74816,284,True,3.796791443850267e-08,,,,,,6153.31244468689,610.8504967689514,0.00029206275939941406,0.09090113639831543,1.4118905067443848,0.18561553955078125,4.4627110958099365,0,41.60360818684651,26626.309239581766,0.27358588038490556,37796180.0,53884096.72221265,0.5,5421242155.327822,100000000000.0,100000000000.0,1000000000.0,clip,False,0,284,0,284,,,,,,,,,
2026-05-18T19:40:26,0,0,0,1,285,74816,285,True,3.810160427807487e-08,,,,,,6147.355079650879,610.8504967689514,0.0002777576446533203,0.09103250503540039,1.4084575176239014,0.18813395500183105,4.457514762878418,0,41.643925994679776,26652.112636595055,0.27358588038490556,36603848.0,53538491.747768395,0.5,5388409672.221265,100000000000.0,100000000000.0,1000000000.0,clip,False,0,285,0,285,,,,,,,,,
2026-05-18T19:40:32,0,0,0,1,286,74816,286,True,3.823529411764706e-08,,,,,,6149.4340896606445,610.8504967689514,0.0003018379211425781,0.09501194953918457,1.4077465534210205,0.18791437149047852,4.456545352935791,0,41.62984695297829,26643.102049906105,0.27358588038490556,34099524.0,53149712.39281303,0.5,5353849174.776839,100000000000.0,100000000000.0,1000000000.0,clip,False,0,286,0,286,,,,,,,,,
2026-05-18T19:40:38,0,0,0,1,287,74816,287,True,3.836898395721925e-08,,,,,,6150.1476764678955,610.8504967689514,0.00030684471130371094,0.09446191787719727,1.4083600044250488,0.18258261680603027,4.462383985519409,0,41.625016742203485,26640.01071501023,0.27358588038490556,34955144.0,52785821.02495677,0.5,5314971239.281302,100000000000.0,100000000000.0,1000000000.0,clip,False,0,287,0,287,,,,,,,,,
2026-05-18T19:40:44,0,0,0,1,288,74816,288,True,3.850267379679144e-08,,,,,,6150.235176086426,610.8504967689514,0.0002918243408203125,0.09287095069885254,1.4093759059906006,0.18099403381347656,4.4647815227508545,0,41.62442454158318,26639.63170661324,0.27358588038490556,34880940.0,52427723.40445763,0.5,5278582102.495677,100000000000.0,100000000000.0,1000000000.0,clip,False,0,288,0,288,,,,,,,,,
2026-05-18T19:40:50,0,0,0,1,289,74816,289,True,3.8636363636363633e-08,,,,,,6153.720855712891,610.8504967689514,0.00030040740966796875,0.091766357421875,1.4105615615844727,0.18694043159484863,4.462218999862671,0,41.60084703262724,26624.542100881437,0.27358588038490556,35866968.0,52096508.29636847,0.5,5242772340.445763,100000000000.0,100000000000.0,1000000000.0,clip,False,0,289,0,289,,,,,,,,,
2026-05-18T19:40:57,0,0,0,1,290,74816,290,True,3.877005347593583e-08,,,,,,6145.762205123901,610.8504967689514,0.0003218650817871094,0.10117912292480469,1.3990411758422852,0.1906285285949707,4.452347755432129,0,41.65471937501346,26659.020400008612,0.27358588038490556,34597748.0,51746533.0904411,0.5,5209650829.6368475,100000000000.0,100000000000.0,1000000000.0,clip,False,0,290,0,290,,,,,,,,,
2026-05-18T19:41:03,0,0,0,1,291,74816,291,True,3.8903743315508017e-08,490.94427490234375,181.56210327148438,0.720774233341217,306.6802978515625,1.9810655117034912,6151.625633239746,610.8504967689514,0.00030350685119628906,0.09082317352294922,1.4117851257324219,0.18298792839050293,4.4637610912323,0,41.61501613764131,26633.610328090443,0.27358588038490556,34447972.0,51400561.86863227,0.5,5174653309.04411,100000000000.0,100000000000.0,1000000000.0,clip,False,0,291,0,291,502.3833821614583,429.375732421875,578.0230102539062,6152.766276041667,6167.822265625,768.8004150390625,0.0,998.5755004882812,639088.3125
2026-05-18T19:41:09,0,0,0,1,292,74816,292,True,3.9037433155080215e-08,,,,,,6166.92328453064,610.8504967689514,0.0002715587615966797,0.09607696533203125,1.387730598449707,0.1850874423980713,4.458775758743286,0,41.511786054183744,26567.543074677593,0.27358588038490556,32162550.0,51015801.63125963,0.5,5140056186.863227,100000000000.0,100000000000.0,1000000000.0,clip,False,0,292,0,292,,,,,,,,,
2026-05-18T19:41:15,0,0,0,1,293,74816,293,True,3.91711229946524e-08,,,,,,6150.183439254761,610.8504967689514,0.0003006458282470703,0.09381580352783203,1.409066915512085,0.1859426498413086,4.459091424942017,0,41.6247746963171,26639.85580564294,0.27358588038490556,32273194.0,50640949.47863444,0.5,5101580163.125963,100000000000.0,100000000000.0,1000000000.0,clip,False,0,293,0,293,,,,,,,,,
2026-05-18T19:41:21,0,0,0,1,294,74816,294,True,3.93048128342246e-08,,,,,,6149.84655380249,610.8504967689514,0.00029206275939941406,0.08836603164672852,1.4137017726898193,0.1816263198852539,4.463957786560059,0,41.627054880208924,26641.315123333712,0.27358588038490556,32316852.0,50274467.52906175,0.5,5064094947.863444,100000000000.0,100000000000.0,1000000000.0,clip,False,0,294,0,294,,,,,,,,,
2026-05-18T19:41:27,0,0,0,1,295,74816,295,True,3.943850267379678e-08,,,,,,6152.939081192017,610.8504967689514,0.0002980232238769531,0.5228023529052734,0.9793305397033691,0.18802905082702637,4.460248231887817,0,41.60613271509992,26627.92493766395,0.27358588038490556,31991888.0,49908815.93848051,0.5,5027446752.906175,100000000000.0,100000000000.0,1000000000.0,clip,False,0,295,0,295,,,,,,,,,
2026-05-18T19:41:33,0,0,0,1,296,74816,296,True,3.957219251336898e-08,,,,,,6146.461248397827,610.8504967689514,0.0003192424774169922,0.10054945945739746,1.4002199172973633,0.18827033042907715,4.454882383346558,0,41.64998194151642,26655.988442570513,0.27358588038490556,30834120.0,49527322.0197109,0.5,4990881593.848051,100000000000.0,100000000000.0,1000000000.0,clip,False,0,296,0,296,,,,,,,,,
2026-05-18T19:41:40,0,0,0,1,297,74816,297,True,3.970588235294118e-08,,,,,,6149.688482284546,610.8504967689514,0.00029850006103515625,0.09036588668823242,1.4119541645050049,0.1896219253540039,4.455316781997681,0,41.62812486152122,26641.99991137358,0.27358588038490556,31128736.0,49159350.29931668,0.5,4952732201.97109,100000000000.0,100000000000.0,1000000000.0,clip,False,0,297,0,297,,,,,,,,,
2026-05-18T19:41:46,0,0,0,1,298,74816,298,True,3.9839572192513364e-08,,,,,,6149.900913238525,610.8504967689514,0.0002980232238769531,0.0941002368927002,1.4083445072174072,0.1860942840576172,4.459113359451294,0,41.62668693554461,26641.07963874855,0.27358588038490556,30111360.0,48778390.49333035,0.5,4915935029.931668,100000000000.0,100000000000.0,1000000000.0,clip,False,0,298,0,298,,,,,,,,,
2026-05-18T19:41:52,0,0,0,1,299,74816,299,True,3.997326203208556e-08,,,,,,6149.282455444336,610.8504967689514,0.0003044605255126953,0.09351444244384766,1.4091284275054932,0.1854870319366455,4.4588727951049805,0,41.630873497012246,26643.75903808784,0.27358588038490556,28917670.0,48381176.08346374,0.5,4877839049.333035,100000000000.0,100000000000.0,1000000000.0,clip,False,0,299,0,299,,,,,,,,,
2026-05-18T19:41:58,0,0,0,1,300,74816,300,True,4.010695187165775e-08,,,,,,6150.185108184814,610.8504967689514,0.00031065940856933594,0.09227228164672852,1.4101510047912598,0.18535685539245605,4.46028208732605,0,41.62476340091114,26639.848576583132,0.27358588038490556,29107500.0,47995702.56179447,0.5,4838117608.3463745,100000000000.0,100000000000.0,1000000000.0,clip,False,0,300,0,300,,,,,,,,,
2026-05-18T19:42:04,0,0,0,1,301,74816,301,True,4.0240641711229946e-08,529.1712036132812,197.42092895507812,0.7205016613006592,329.029052734375,2.0007495880126953,6150.280237197876,610.8504967689514,0.0002999305725097656,0.09186363220214844,1.4146082401275635,0.18090510368347168,4.460813045501709,0,41.62411957290518,26639.436526659312,0.273581057341128,28665978.0,47609108.07055858,0.5,4799570256.179447,100000000000.0,100000000000.0,1000000000.0,clip,False,0,301,0,301,488.4320475260417,441.6407775878906,543.6531372070312,6150.780598958333,6178.2734375,768.8004150390625,0.0,998.8985595703125,639295.0625
2026-05-18T19:42:10,0,0,0,1,302,74816,302,True,4.037433155080214e-08,,,,,,6178.681135177612,610.8504967689514,0.00027298927307128906,0.09447073936462402,1.3893027305603027,0.1801900863647461,4.466405630111694,0,41.432790331660485,26516.98581226271,0.273581057341128,27995016.0,47216826.229147404,0.5,4760910807.055858,100000000000.0,100000000000.0,1000000000.0,clip,False,0,302,0,302,,,,,,,,,
2026-05-18T19:42:16,0,0,0,1,303,74816,303,True,4.050802139037433e-08,,,,,,6141.037940979004,610.8504967689514,0.0003161430358886719,0.09451746940612793,1.4069535732269287,0.1857914924621582,4.451188564300537,0,41.686764104113074,26679.52902663237,0.273581057341128,28069882.0,46833887.34456445,0.5,4721682622.914741,100000000000.0,100000000000.0,1000000000.0,clip,False,0,303,0,303,,,,,,,,,
2026-05-18T19:42:23,0,0,0,1,304,74816,304,True,4.064171122994652e-08,,,,,,6150.396347045898,610.8504967689514,0.00032019615173339844,0.08996462821960449,1.4121315479278564,0.18488049507141113,4.461124658584595,0,41.623333774734625,26638.93361583016,0.273581057341128,27141168.0,46440032.95767316,0.5,4683388734.456446,100000000000.0,100000000000.0,1000000000.0,clip,False,0,304,0,304,,,,,,,,,
2026-05-18T19:42:29,0,0,0,1,305,74816,305,True,4.077540106951871e-08,,,,,,6149.292469024658,610.8504967689514,0.0002892017364501953,0.0915679931640625,1.4092888832092285,0.1843428611755371,4.461801528930664,0,41.63080570480725,26643.71565107664,0.273581057341128,26645834.0,46044148.9785197,0.5,4644003295.767316,100000000000.0,100000000000.0,1000000000.0,clip,False,0,305,0,305,,,,,,,,,
2026-05-18T19:42:35,0,0,0,1,306,74816,306,True,4.090909090909091e-08,,,,,,6150.138378143311,610.8504967689514,0.0003058910369873047,0.09166073799133301,1.4097926616668701,0.1815483570098877,4.464894533157349,0,41.625079674595035,26640.050991740824,0.273581057341128,25877594.0,45640817.87894931,0.5,4604414897.85197,100000000000.0,100000000000.0,1000000000.0,clip,False,0,306,0,306,,,,,,,,,
2026-05-18T19:42:41,0,0,0,1,307,74816,307,True,4.10427807486631e-08,,,,,,6222.21827507019,610.8504967689514,0.0003063678741455078,0.08861255645751953,1.4133529663085938,0.18695688247680664,4.530912637710571,0,41.14288324240958,26331.445275142134,0.273581057341128,25063334.0,45229268.20137032,0.5,4564081787.894931,100000000000.0,100000000000.0,1000000000.0,clip,False,0,307,0,307,,,,,,,,,
2026-05-18T19:42:47,0,0,0,1,308,74816,308,True,4.1176470588235293e-08,,,,,,6152.2040367126465,610.8504967689514,0.0003120899200439453,0.09014701843261719,1.4118478298187256,0.18739891052246094,4.460612773895264,0,41.61110367477188,26631.106351854003,0.273581057341128,26303576.0,44850754.357342914,0.5,4522926820.1370325,100000000000.0,100000000000.0,1000000000.0,clip,False,0,308,0,308,,,,,,,,,
2026-05-18T19:42:53,0,0,0,1,309,74816,309,True,4.1310160427807485e-08,,,,,,6149.905443191528,610.8504967689514,0.0003039836883544922,0.08783721923828125,1.4123637676239014,0.18157029151916504,4.4659035205841064,0,41.626656273782864,26641.06001522103,0.273581057341128,26563452.0,44485008.31019606,0.5,4485075435.734291,100000000000.0,100000000000.0,1000000000.0,clip,False,0,309,0,309,,,,,,,,,
2026-05-18T19:43:00,0,0,0,1,310,74816,310,True,4.1443850267379677e-08,,,,,,6150.485992431641,610.8504967689514,0.0003037452697753906,0.0904994010925293,1.4079172611236572,0.18128681182861328,4.467837810516357,0,41.62272710075525,26638.545344483362,0.273581057341128,24101588.0,44077339.90399213,0.5,4448500831.019606,100000000000.0,100000000000.0,1000000000.0,clip,False,0,310,0,310,,,,,,,,,
2026-05-18T19:43:06,0,0,0,1,311,74816,311,True,4.157754010695187e-08,510.9635314941406,191.2855682373047,0.719992458820343,316.92303466796875,2.034935235977173,6149.90758895874,610.8504967689514,0.0002949237823486328,0.09127283096313477,1.409372091293335,0.18435335159301758,4.462594985961914,0,41.62664174980622,26641.05071987598,0.273581057341128,25008156.0,43695956.22591229,0.5,4407733990.399213,100000000000.0,100000000000.0,1000000000.0,clip,False,0,311,0,311,477.830322265625,392.5810241699219,556.1157836914062,6151.244140625,6153.65380859375,768.8004150390625,0.0,998.8223876953125,639246.25
2026-05-18T19:43:12,0,0,0,1,312,74816,312,True,4.1711229946524066e-08,,,,,,6158.092021942139,610.8504967689514,0.0002665519714355469,0.09769558906555176,1.38600754737854,0.18574237823486328,4.458689212799072,0,41.57131772111173,26605.643341511506,0.273581057341128,23462164.0,43291280.38139404,0.5,4369595622.5912285,100000000000.0,100000000000.0,1000000000.0,clip,False,0,312,0,312,,,,,,,,,
2026-05-18T19:43:18,0,0,0,1,313,74816,313,True,4.184491978609625e-08,,,,,,6151.227712631226,610.8504967689514,0.00030231475830078125,0.09552550315856934,1.4060966968536377,0.18448162078857422,4.462853908538818,0,41.617708197392425,26635.33324633115,0.273581057341128,21730252.0,42860059.81376616,0.5,4329128038.139404,100000000000.0,100000000000.0,1000000000.0,clip,False,0,313,0,313,,,,,,,,,
2026-05-18T19:43:24,0,0,0,1,314,74816,314,True,4.197860962566845e-08,,,,,,6150.347471237183,610.8504967689514,0.0003097057342529297,0.09243607521057129,1.4096894264221191,0.18005895614624023,4.4659271240234375,0,41.62366454858264,26639.14531109289,0.273581057341128,22829742.0,42459453.45749084,0.5,4286005981.376616,100000000000.0,100000000000.0,1000000000.0,clip,False,0,314,0,314,,,,,,,,,
2026-05-18T19:43:30,0,0,0,1,315,74816,315,True,4.2112299465240635e-08,,,,,,6151.432752609253,610.8504967689514,0.0003006458282470703,0.09198427200317383,1.4101130962371826,0.1812427043914795,4.465843439102173,0,41.616320993091,26634.44543557824,0.273581057341128,22873234.0,42067729.068341024,0.5,4245945345.749084,100000000000.0,100000000000.0,1000000000.0,clip,False,0,315,0,315,,,,,,,,,
2026-05-18T19:43:37,0,0,0,1,316,74816,316,True,4.224598930481283e-08,,,,,,6149.888038635254,610.8504967689514,0.0003452301025390625,0.09291958808898926,1.4076392650604248,0.18424296379089355,4.462568759918213,0,41.62677407974568,26641.135411037238,0.273581057341128,22042778.0,41667230.046974204,0.5,4206772906.8341026,100000000000.0,100000000000.0,1000000000.0,clip,False,0,316,0,316,,,,,,,,,
2026-05-18T19:43:43,0,0,0,1,317,74816,317,True,4.237967914438503e-08,,,,,,6150.395154953003,610.8504967689514,0.0002772808074951172,0.09248161315917969,1.4086112976074219,0.18672657012939453,4.460337400436401,0,41.62334184232691,26638.93877908922,0.273581057341128,21559388.0,41265073.20603472,0.5,4166723004.6974206,100000000000.0,100000000000.0,1000000000.0,clip,False,0,317,0,317,,,,,,,,,
2026-05-18T19:43:49,0,0,0,1,318,74816,318,True,4.2513368983957216e-08,,,,,,6151.775121688843,610.8504967689514,0.00027251243591308594,0.08988785743713379,1.4118695259094238,0.1889638900756836,4.458928346633911,0,41.614004890627484,26632.96313000159,0.273581057341128,21297070.0,40865713.141914025,0.5,4126507320.6034718,100000000000.0,100000000000.0,1000000000.0,clip,False,0,318,0,318,,,,,,,,,
2026-05-18T19:43:55,0,0,0,1,319,74816,319,True,4.2647058823529414e-08,,,,,,6146.092653274536,610.8504967689514,0.0003113746643066406,0.0899970531463623,1.4092423915863037,0.1900932788848877,4.454492092132568,0,41.65247978544669,26657.587062685878,0.273581057341128,20877030.0,40465939.479075745,0.5,4086571314.1914024,100000000000.0,100000000000.0,1000000000.0,clip,False,0,319,0,319,,,,,,,,,
2026-05-18T19:44:01,0,0,0,1,320,74816,320,True,4.27807486631016e-08,,,,,,6159.071922302246,610.8504967689514,0.00029754638671875,0.08941817283630371,1.4119997024536133,0.18588995933532715,4.469524621963501,0,41.564703778342604,26601.410418139265,0.273581057341128,21939292.0,40095406.52949423,0.5,4046593947.9075747,100000000000.0,100000000000.0,1000000000.0,clip,False,0,320,0,320,,,,,,,,,
2026-05-18T19:44:07,0,0,0,1,321,74816,321,True,4.29144385026738e-08,443.97705078125,172.0367431640625,0.7189221978187561,269.2179260253906,2.003469705581665,6150.266408920288,610.8504967689514,0.0003056526184082031,0.09482979774475098,1.4070250988006592,0.18545174598693848,4.460580348968506,0,41.624213160701466,26639.496422848937,0.273581057341128,19660710.0,39686712.59890435,0.5,4009540652.9494233,100000000000.0,100000000000.0,1000000000.0,clip,False,0,321,0,321,487.7889811197917,429.6623840332031,538.5887451171875,6150.602864583333,6154.76611328125,768.8004150390625,0.0,998.9265747070312,639313.0
2026-05-18T19:44:13,0,0,0,1,322,74816,322,True,4.304812834224598e-08,,,,,,6158.56671333313,610.8504967689514,0.0002532005310058594,0.09231686592102051,1.3921353816986084,0.18410944938659668,4.460454940795898,0,41.56811347772964,26603.59262574697,0.273581057341128,19473388.0,39282446.10692626,0.5,3968671259.8904347,100000000000.0,100000000000.0,1000000000.0,clip,False,0,322,0,322,,,,,,,,,
2026-05-18T19:44:20,0,0,0,1,323,74816,323,True,4.318181818181818e-08,,,,,,6149.888515472412,610.8504967689514,0.00030732154846191406,0.09262728691101074,1.4095189571380615,0.18802809715270996,4.456604242324829,0,41.62677085217617,26641.13334539275,0.273581057341128,18420130.0,38865199.78478774,0.5,3928244610.692626,100000000000.0,100000000000.0,1000000000.0,clip,False,0,323,0,323,,,,,,,,,
2026-05-18T19:44:26,0,0,0,1,324,74816,324,True,4.331550802139037e-08,,,,,,6149.3542194366455,610.8504967689514,0.00030231475830078125,0.09225034713745117,1.4096672534942627,0.18048810958862305,4.464728116989136,0,41.63038765775517,26643.44810096331,0.273581057341128,17427232.0,38436440.42909198,0.5,3886519978.4787736,100000000000.0,100000000000.0,1000000000.0,clip,False,0,324,0,324,,,,,,,,,
2026-05-18T19:44:32,0,0,0,1,325,74816,325,True,4.3449197860962564e-08,,,,,,6150.410890579224,610.8504967689514,0.0003001689910888672,0.08895611763000488,1.4131505489349365,0.18222951889038086,4.463886737823486,0,41.62323535036061,26638.87062423079,0.273581057341128,16921604.0,38006143.70051014,0.5,3843644042.9091983,100000000000.0,100000000000.0,1000000000.0,clip,False,0,325,0,325,,,,,,,,,
2026-05-18T19:44:38,0,0,0,1,326,74816,326,True,4.358288770053476e-08,,,,,,6155.52282333374,610.8504967689514,0.0003046989440917969,0.08893036842346191,1.413097858428955,0.18516898155212402,4.466116666793823,0,41.58866880154856,26616.748032991076,0.273581057341128,18516650.0,37616353.82649993,0.5,3800614370.0510135,100000000000.0,100000000000.0,1000000000.0,clip,False,0,326,0,326,,,,,,,,,
2026-05-18T19:44:44,0,0,0,1,327,74816,327,True,4.371657754010695e-08,,,,,,6147.993087768555,610.8504967689514,0.0002830028533935547,0.08807682991027832,1.411635160446167,0.17858409881591797,4.46741795539856,0,41.639604395345295,26649.346813020988,0.273581057341128,17368508.0,37211396.90996993,0.5,3761635382.649993,100000000000.0,100000000000.0,1000000000.0,clip,False,0,327,0,327,,,,,,,,,
2026-05-18T19:44:50,0,0,0,1,328,74816,328,True,4.3850267379679145e-08,,,,,,6146.289348602295,610.8504967689514,0.00027370452880859375,0.08856749534606934,1.4102227687835693,0.18382620811462402,4.461529731750488,0,41.651146810752735,26656.733958881752,0.273581057341128,15885966.0,36784888.29177053,0.5,3721139690.9969935,100000000000.0,100000000000.0,1000000000.0,clip,False,0,328,0,328,,,,,,,,,
2026-05-18T19:44:56,0,0,0,1,329,74816,329,True,4.3983957219251337e-08,,,,,,6152.6782512664795,610.8504967689514,0.0003123283386230469,0.08897709846496582,1.4127063751220703,0.1894986629486084,4.459204435348511,0,41.6078965200731,26629.053772846783,0.273581057341128,16466709.0,36378524.70593512,0.5,3678488829.1770535,100000000000.0,100000000000.0,1000000000.0,clip,False,0,329,0,329,,,,,,,,,
2026-05-18T19:45:03,0,0,0,1,330,74816,330,True,4.411764705882353e-08,,,,,,6148.236513137817,610.8504967689514,0.00031828880310058594,0.09628152847290039,1.404306173324585,0.18365931510925293,4.461501598358154,0,41.637955770401504,26648.291693056963,0.273581057341128,14547720.0,35941908.61181641,0.5,3637852470.593512,100000000000.0,100000000000.0,1000000000.0,clip,False,0,330,0,330,,,,,,,,,
2026-05-18T19:45:09,0,0,0,1,331,74816,331,True,4.425133689839572e-08,502.4227600097656,199.66586303710938,0.7202908992767334,300.0346374511719,2.0019800662994385,6149.606704711914,610.8504967689514,0.00031638145446777344,0.09214329719543457,1.4104514122009277,0.18318438529968262,4.461544752120972,0,41.628678433020646,26642.354197133212,0.273581057341128,14647137.0,35516013.179580085,0.5,3594190861.1816416,100000000000.0,100000000000.0,1000000000.0,clip,False,0,331,0,331,493.268310546875,421.0826416015625,552.0288696289062,6150.5,6155.63134765625,768.8004150390625,0.0,998.943115234375,639323.5625
2026-05-18T19:45:15,0,0,0,1,332,74816,332,True,4.438502673796791e-08,,,,,,6157.670974731445,610.8504967689514,0.00027370452880859375,0.09224772453308105,1.3921692371368408,0.18564891815185547,4.45838737487793,0,41.57416027106985,26607.462573484703,0.273581057341128,16609327.0,35137879.45598848,0.5,3551601317.9580083,100000000000.0,100000000000.0,1000000000.0,clip,False,0,332,0,332,,,,,,,,,
2026-05-18T19:45:21,0,0,0,1,333,74816,333,True,4.45187165775401e-08,,,,,,6151.570796966553,610.8504967689514,0.00029969215393066406,0.09026694297790527,1.4128377437591553,0.18108320236206055,4.465115070343018,0,41.61538710181765,26633.847745163297,0.273581057341128,14749534.0,34730112.54686871,0.5,3513787945.5988483,100000000000.0,100000000000.0,1000000000.0,clip,False,0,333,0,333,,,,,,,,,
2026-05-18T19:45:27,0,0,0,1,334,74816,334,True,4.4652406417112295e-08,,,,,,6152.02522277832,610.8504967689514,0.00030684471130371094,0.08992457389831543,1.4125416278839111,0.18356823921203613,4.463772535324097,0,41.612313137491924,26631.880407994835,0.273581057341128,12362726.0,34282764.81593134,0.5,3473011254.686871,100000000000.0,100000000000.0,1000000000.0,clip,False,0,334,0,334,,,,,,,,,
2026-05-18T19:45:33,0,0,0,1,335,74816,335,True,4.478609625668449e-08,,,,,,6155.5845737457275,610.8504967689514,0.0002689361572265625,0.0891110897064209,1.4136245250701904,0.1839582920074463,4.466710329055786,0,41.588251600322295,26616.48102420627,0.273581057341128,12703943.0,33851188.379612714,0.5,3428276481.5931344,100000000000.0,100000000000.0,1000000000.0,clip,False,0,335,0,335,,,,,,,,,
2026-05-18T19:45:40,0,0,0,1,336,74816,336,True,4.4919786096256684e-08,,,,,,6144.481658935547,610.8504967689514,0.0003192424774169922,0.09277892112731934,1.4079358577728271,0.18497562408447266,4.456293821334839,0,41.66340046401062,26664.576296966796,0.273581057341128,13633247.0,33446829.55202046,0.5,3385118837.9612713,100000000000.0,100000000000.0,1000000000.0,clip,False,0,336,0,336,,,,,,,,,
2026-05-18T19:45:46,0,0,0,1,337,74816,337,True,4.5053475935828876e-08,,,,,,6149.655103683472,610.8504967689514,0.00031566619873046875,0.09071922302246094,1.411823034286499,0.1802210807800293,4.464528799057007,0,41.62835080729376,26642.144516668002,0.273581057341128,11605137.0,33009995.70098005,0.5,3344682955.202046,100000000000.0,100000000000.0,1000000000.0,clip,False,0,337,0,337,,,,,,,,,
2026-05-18T19:45:52,0,0,0,1,338,74816,338,True,4.518716577540107e-08,,,,,,6149.435043334961,610.8504967689514,0.00029659271240234375,0.09198498725891113,1.4110796451568604,0.18377447128295898,4.460345029830933,0,41.6298404968867,26643.09791800749,0.273581057341128,13000839.0,32609812.566960447,0.5,3300999570.098005,100000000000.0,100000000000.0,1000000000.0,clip,False,0,338,0,338,,,,,,,,,
2026-05-18T19:45:58,0,0,0,1,339,74816,339,True,4.532085561497326e-08,,,,,,6152.539968490601,610.8504967689514,0.00027179718017578125,0.09389328956604004,1.4086434841156006,0.18427228927612305,4.463528871536255,0,41.60883168757445,26629.65228004765,0.273581057341128,12162599.0,32200868.29562124,0.5,3260981256.6960444,100000000000.0,100000000000.0,1000000000.0,clip,False,0,339,0,339,,,,,,,,,
2026-05-18T19:46:04,0,0,0,1,340,74816,340,True,4.545454545454545e-08,,,,,,6150.577783584595,610.8504967689514,0.00030684471130371094,0.09239053726196289,1.4100265502929688,0.17510247230529785,4.470742702484131,0,41.62210592364895,26638.14779113533,0.273581057341128,10830442.0,31773459.769708812,0.5,3220086829.562124,100000000000.0,100000000000.0,1000000000.0,clip,False,0,340,0,340,,,,,,,,,
2026-05-18T19:46:10,0,0,0,1,341,74816,341,True,4.558823529411765e-08,485.84246826171875,187.6088409423828,0.7192146182060242,295.52105712890625,1.993342399597168,6153.394460678101,610.8504967689514,0.00029778480529785156,0.09086346626281738,1.4115605354309082,0.18187546730041504,4.466843605041504,0,41.60305366995584,26625.95434877174,0.273581057341128,10459331.0,31347177.194314636,0.5,3177345976.9708815,100000000000.0,100000000000.0,1000000000.0,clip,False,0,341,0,341,480.501220703125,436.052001953125,569.6206665039062,6150.625,6156.19384765625,768.8004150390625,0.0,998.92333984375,639310.9375
2026-05-18T19:46:16,0,0,0,1,342,74816,342,True,4.5721925133689834e-08,,,,,,6157.4578285217285,610.8504967689514,0.0002734661102294922,0.08997917175292969,1.3937134742736816,0.1814250946044922,4.46563196182251,0,41.57559939983544,26608.38361589468,0.273581057341128,9251126.0,30905256.170428343,0.5,3134717719.4314637,100000000000.0,100000000000.0,1000000000.0,clip,False,0,342,0,342,,,,,,,,,
2026-05-18T19:46:23,0,0,0,1,343,74816,343,True,4.585561497326203e-08,,,,,,6146.628379821777,610.8504967689514,0.0003139972686767578,0.09474587440490723,1.406407117843628,0.18277359008789062,4.460126161575317,0,41.648849447349015,26655.26364630337,0.273581057341128,9341008.0,30473971.207019776,0.5,3090525617.0428343,100000000000.0,100000000000.0,1000000000.0,clip,False,0,343,0,343,,,,,,,,,
2026-05-18T19:46:29,0,0,0,1,344,74816,344,True,4.598930481283422e-08,,,,,,6152.354717254639,610.8504967689514,0.0003020763397216797,0.09039831161499023,1.4119277000427246,0.18294429779052734,4.464766502380371,0,41.610084555435826,26630.45411547893,0.273581057341128,8579942.0,30036090.62287938,0.5,3047397120.7019777,100000000000.0,100000000000.0,1000000000.0,clip,False,0,344,0,344,,,,,,,,,
2026-05-18T19:46:35,0,0,0,1,345,74816,345,True,4.6122994652406415e-08,,,,,,6147.4244594573975,610.8504967689514,0.0002753734588623047,0.08917522430419922,1.411294937133789,0.1798546314239502,4.464884042739868,0,41.643456001506664,26651.811840964263,0.273581057341128,5703405.5,29549436.92042179,0.5,3003609062.2879376,100000000000.0,100000000000.0,1000000000.0,clip,False,0,345,0,345,,,,,,,,,
2026-05-18T19:46:41,0,0,0,1,346,74816,346,True,4.6256684491978613e-08,,,,,,6150.088548660278,610.8504967689514,0.0002789497375488281,0.09409689903259277,1.4081459045410156,0.1796116828918457,4.4661314487457275,0,41.62541693091012,26640.266835782477,0.273581057341128,9421759.0,29146883.362013355,0.5,2954943692.042179,100000000000.0,100000000000.0,1000000000.0,clip,False,0,346,0,346,,,,,,,,,
2026-05-18T19:46:47,0,0,0,1,347,74816,347,True,4.63903743315508e-08,,,,,,6149.937868118286,610.8504967689514,0.0002856254577636719,0.09264326095581055,1.4094784259796143,0.18074989318847656,4.464771032333374,0,41.62643680143862,26640.919552920717,0.273581057341128,7534801.5,28714641.72477309,0.5,2914688336.2013354,100000000000.0,100000000000.0,1000000000.0,clip,False,0,347,0,347,,,,,,,,,
2026-05-18T19:46:53,0,0,0,1,348,74816,348,True,4.6524064171122997e-08,,,,,,6150.726318359375,610.8504967689514,0.0002777576446533203,0.09339356422424316,1.4085209369659424,0.17810630798339844,4.468455076217651,0,41.62110078542474,26637.504502671833,0.273581057341128,6339982.5,28267148.540277626,0.5,2871464172.477309,100000000000.0,100000000000.0,1000000000.0,clip,False,0,348,0,348,,,,,,,,,
2026-05-18T19:47:00,0,0,0,1,349,74816,349,True,4.665775401069518e-08,,,,,,6152.754306793213,610.8504967689514,0.00032210350036621094,0.09389233589172363,1.4075899124145508,0.1789252758026123,4.469977378845215,0,41.607382195865064,26628.72460535364,0.273581057341128,7715086.0,27856107.289472073,0.5,2826714854.0277624,100000000000.0,100000000000.0,1000000000.0,clip,False,0,349,0,349,,,,,,,,,
2026-05-18T19:47:06,0,0,0,1,350,74816,350,True,4.679144385026738e-08,,,,,,6148.1311321258545,610.8504967689514,0.0002949237823486328,0.0918734073638916,1.408137321472168,0.17908787727355957,4.466598749160767,0,41.638669458808735,26648.748453637592,0.273581057341128,6443031.5,27427845.77368263,0.5,2785610728.9472075,100000000000.0,100000000000.0,1000000000.0,clip,False,0,350,0,350,,,,,,,,,
2026-05-18T19:47:12,0,0,0,1,351,74816,351,True,4.6925133689839565e-08,493.5636291503906,197.018798828125,0.7190999388694763,293.8555603027344,1.9701975584030151,6149.983882904053,610.8504967689514,0.0002751350402832031,0.08889460563659668,1.412719488143921,0.1804797649383545,4.465854167938232,0,41.626125348334334,26640.720222933975,0.273581057341128,6354207.5,27006373.008208975,0.5,2742784577.3682632,100000000000.0,100000000000.0,1000000000.0,clip,False,0,351,0,351,491.3892008463542,395.34490966796875,559.47998046875,6149.962239583333,6151.74462890625,768.8004150390625,0.0,999.030517578125,639379.5
2026-05-18T19:47:18,0,0,0,1,352,74816,352,True,4.705882352941176e-08,,,,,,6156.460762023926,610.8504967689514,0.00026988983154296875,0.08922243118286133,1.394991159439087,0.18177461624145508,4.4623942375183105,0,41.582332755068265,26612.692963243688,0.273581057341128,4672576.5,26559697.0780448,0.5,2700637300.8208976,100000000000.0,100000000000.0,1000000000.0,clip,False,0,352,0,352,,,,,,,,,
2026-05-18T19:47:24,0,0,0,1,353,74816,353,True,4.7192513368983955e-08,,,,,,6152.529001235962,610.8504967689514,0.0002810955047607422,0.09149456024169922,1.4114408493041992,0.18234920501708984,4.465023040771484,0,41.608905857830656,26629.69974901162,0.273581057341128,6263533.0,26153773.7964839,0.5,2655969707.8044796,100000000000.0,100000000000.0,1000000000.0,clip,False,0,353,0,353,,,,,,,,,
2026-05-18T19:47:30,0,0,0,1,354,74816,354,True,4.7326203208556146e-08,,,,,,6148.738861083984,610.8504967689514,0.0002789497375488281,0.08910989761352539,1.4105439186096191,0.18435978889465332,4.462523460388184,0,41.63455397662941,26646.114545042823,0.273581057341128,4934951.5,25729397.350554224,0.5,2615377379.64839,100000000000.0,100000000000.0,1000000000.0,clip,False,0,354,0,354,,,,,,,,,
2026-05-18T19:47:36,0,0,0,1,355,74816,355,True,4.7459893048128344e-08,,,,,,6149.001359939575,610.8504967689514,0.0002899169921875,0.09354567527770996,1.407062292098999,0.18027448654174805,4.46592903137207,0,41.63277661114644,26644.977031133723,0.273581057341128,3949054.5,25293790.49354314,0.5,2572939735.0554223,100000000000.0,100000000000.0,1000000000.0,clip,False,0,355,0,355,,,,,,,,,
2026-05-18T19:47:43,0,0,0,1,356,74816,356,True,4.759358288770053e-08,,,,,,6150.13313293457,610.8504967689514,0.00030922889709472656,0.09182596206665039,1.4097566604614258,0.18139123916625977,4.46468186378479,0,41.62511517500243,26640.073712001555,0.273581057341128,2888567.0,24845686.02367228,0.5,2529379049.354314,100000000000.0,100000000000.0,1000000000.0,clip,False,0,356,0,356,,,,,,,,,
2026-05-18T19:47:49,0,0,0,1,357,74816,357,True,4.772727272727273e-08,,,,,,6150.293588638306,610.8504967689514,0.0002789497375488281,0.09438776969909668,1.4065227508544922,0.17576861381530762,4.471341848373413,0,41.624029212673605,26639.378696111107,0.273581057341128,3880360.5,24426379.513198834,0.5,2484568602.367228,100000000000.0,100000000000.0,1000000000.0,clip,False,0,357,0,357,,,,,,,,,
2026-05-18T19:47:55,0,0,0,1,358,74816,358,True,4.786096256684492e-08,,,,,,6152.042865753174,610.8504967689514,0.0003032684326171875,0.08984375,1.4116096496582031,0.1812915802001953,4.4671008586883545,0,41.612193800710585,26631.804032454773,0.273581057341128,3423797.25,24006327.867934857,0.5,2442637951.3198833,100000000000.0,100000000000.0,1000000000.0,clip,False,0,358,0,358,,,,,,,,,
2026-05-18T19:48:01,0,0,0,1,359,74816,359,True,4.799465240641711e-08,,,,,,6149.944067001343,610.8504967689514,0.0002586841583251953,0.08833098411560059,1.4119884967803955,0.17597723007202148,4.471155881881714,0,41.62639484375397,26640.89270000254,0.273581057341128,2049862.0,23567198.550576158,0.5,2400632786.7934856,100000000000.0,100000000000.0,1000000000.0,clip,False,0,359,0,359,,,,,,,,,
2026-05-18T19:48:07,0,0,0,1,360,74816,360,True,4.81283422459893e-08,,,,,,6152.1315574646,610.8504967689514,0.0003027915954589844,0.08895134925842285,1.4117977619171143,0.18049383163452148,4.468647480010986,0,41.611593901854405,26631.420097186823,0.273581057341128,2342583.5,23142706.249564636,0.5,2356719855.0576158,100000000000.0,100000000000.0,1000000000.0,clip,False,0,360,0,360,,,,,,,,,
2026-05-18T19:48:13,0,0,0,1,361,74816,361,True,4.8262032085561494e-08,569.8740234375,245.86598205566406,0.7198028564453125,321.28717041015625,2.0011284351348877,6152.24027633667,610.8504967689514,0.0002913475036621094,0.09193205833435059,1.4088659286499023,0.18598484992980957,4.4632251262664795,0,41.610858565562125,26630.949481959757,0.273581057341128,2009171.25,22720035.549573343,0.5,2314270624.956464,100000000000.0,100000000000.0,1000000000.0,clip,False,0,361,0,361,488.7589111328125,407.0879821777344,569.8740234375,6149.388671875,6152.240234375,768.8004150390625,0.0,999.123779296875,639439.1875
2026-05-18T19:48:19,0,0,0,1,362,74816,362,True,4.8395721925133685e-08,,,,,,6155.059576034546,610.8504967689514,0.0002906322479248047,0.08874821662902832,1.3956310749053955,0.17978858947753906,4.4665586948394775,0,41.591798883111764,26618.75128519153,0.273581057341128,2445125.0,22314537.338581875,0.5,2272003554.9573345,100000000000.0,100000000000.0,1000000000.0,clip,False,0,362,0,362,,,,,,,,,
2026-05-18T19:48:26,0,0,0,1,363,74816,363,True,4.8529411764705884e-08,,,,,,6148.298263549805,610.8504967689514,0.0003097057342529297,0.09127402305603027,1.4102227687835693,0.18237662315368652,4.461223840713501,0,41.63753757973916,26648.024051033062,0.273581057341128,1805772.0,21904362.03181024,0.5,2231453733.8581877,100000000000.0,100000000000.0,1000000000.0,clip,False,0,363,0,363,,,,,,,,,
2026-05-18T19:48:32,0,0,0,1,364,74816,364,True,4.866310160427807e-08,,,,,,6152.026891708374,610.8504967689514,0.000286102294921875,0.09668946266174316,1.4058969020843506,0.18500399589538574,4.462193489074707,0,41.61230184884816,26631.873183262825,0.273581057341128,1874630.0,21503767.391174037,0.5,2190436203.181024,100000000000.0,100000000000.0,1000000000.0,clip,False,0,364,0,364,,,,,,,,,
2026-05-18T19:48:38,0,0,0,1,365,74816,365,True,4.879679144385027e-08,,,,,,6148.068428039551,610.8504967689514,0.0002808570861816406,0.0962517261505127,1.4036951065063477,0.1878674030303955,4.457977771759033,0,41.63909413116785,26649.020243947423,0.273581057341128,1813063.25,21109953.308350556,0.5,2150376739.1174035,100000000000.0,100000000000.0,1000000000.0,clip,False,0,365,0,365,,,,,,,,,
2026-05-18T19:48:44,0,0,0,1,366,74816,366,True,4.893048128342246e-08,,,,,,6149.770259857178,610.8504967689514,0.000270843505859375,0.0889580249786377,1.4124345779418945,0.18263840675354004,4.463639736175537,0,41.62757130474421,26641.645635036293,0.273581057341128,2727165.0,20742297.542183544,0.5,2110995330.8350556,100000000000.0,100000000000.0,1000000000.0,clip,False,0,366,0,366,,,,,,,,,
2026-05-18T19:48:50,0,0,0,1,367,74816,367,True,4.906417112299465e-08,,,,,,6149.212598800659,610.8504967689514,0.00030231475830078125,0.09337139129638672,1.4079561233520508,0.18818020820617676,4.457308292388916,0,41.63134643448987,26644.061718073517,0.273581057341128,1911258.375,20365676.758839875,0.5,2074229754.2183545,100000000000.0,100000000000.0,1000000000.0,clip,False,0,367,0,367,,,,,,,,,
2026-05-18T19:48:56,0,0,0,1,368,74816,368,True,4.919786096256685e-08,,,,,,6149.869203567505,610.8504967689514,0.00029277801513671875,0.09293198585510254,1.409869909286499,0.18572378158569336,4.459080457687378,0,41.62690156914164,26641.217004250648,0.273581057341128,1772896.125,19993821.146163076,0.5,2036567675.8839874,100000000000.0,100000000000.0,1000000000.0,clip,False,0,368,0,368,,,,,,,,,
2026-05-18T19:49:03,0,0,0,1,369,74816,369,True,4.933155080213903e-08,,,,,,6152.071714401245,610.8504967689514,0.000308990478515625,0.09270524978637695,1.4089429378509521,0.1840808391571045,4.464025259017944,0,41.61199867042112,26631.679149069518,0.273581057341128,1950284.5,19632950.413239814,0.5,1999382114.6163077,100000000000.0,100000000000.0,1000000000.0,clip,False,0,369,0,369,,,,,,,,,
2026-05-18T19:49:09,0,0,0,1,370,74816,370,True,4.946524064171123e-08,,,,,,6150.323867797852,610.8504967689514,0.0002875328063964844,0.09322667121887207,1.4070749282836914,0.18746495246887207,4.460168123245239,0,41.62382429003073,26639.24754561967,0.273581057341128,2128330.75,19282858.019975018,0.5,1963295041.3239815,100000000000.0,100000000000.0,1000000000.0,clip,False,0,370,0,370,,,,,,,,,
2026-05-18T19:49:15,0,0,0,1,371,74816,371,True,4.9598930481283416e-08,466.2106628417969,184.4091339111328,0.7214167714118958,279.10089111328125,1.9792059659957886,6148.082494735718,610.8504967689514,0.0002892017364501953,0.08871603012084961,1.4103856086730957,0.1915130615234375,4.455248832702637,0,41.63899886171004,26648.959271494427,0.273581057341128,1772807.375,18932657.00707552,0.5,1928285801.9975019,100000000000.0,100000000000.0,1000000000.0,clip,False,0,371,0,371,475.6385091145833,414.7314147949219,530.9563598632812,6149.959635416667,6152.31787109375,768.8004150390625,0.0,999.031005859375,639379.875
2026-05-18T19:49:21,0,0,0,1,372,74816,372,True,4.9732620320855615e-08,,,,,,6156.390905380249,610.8504967689514,0.00026416778564453125,0.09394979476928711,1.3896958827972412,0.18682217597961426,4.457361936569214,0,41.58280459031186,26612.99493779959,0.273581057341128,1918538.5,18592374.63693401,0.5,1893265700.707552,100000000000.0,100000000000.0,1000000000.0,clip,False,0,372,0,372,,,,,,,,,
2026-05-18T19:49:27,0,0,0,1,373,74816,373,True,4.98663101604278e-08,,,,,,6151.642799377441,610.8504967689514,0.0002994537353515625,0.09267711639404297,1.4089398384094238,0.1863079071044922,4.461447238922119,0,41.61490001108447,26633.536007094062,0.273581057341128,1834358.75,18257214.31919533,0.5,1859237463.6934009,100000000000.0,100000000000.0,1000000000.0,clip,False,0,373,0,373,,,,,,,,,
2026-05-18T19:49:33,0,0,0,1,374,74816,374,True,5e-08,,,,,,6150.25520324707,610.8504967689514,0.00027441978454589844,0.09207534790039062,1.4088716506958008,0.18716025352478027,4.460023880004883,0,41.6242889993968,26639.544959613955,0.273581057341128,1869805.25,17929466.137811422,0.5,1825721431.919533,100000000000.0,100000000000.0,1000000000.0,clip,False,0,374,0,374,,,,,,,,,
2026-05-18T19:49:39,0,0,0,1,375,74816,375,True,5.0133689839572196e-08,,,,,,6153.597593307495,610.8504967689514,0.0004863739013671875,0.08836889266967773,1.412811517715454,0.18774652481079102,4.462256908416748,0,41.60168033711198,26625.075415751664,0.273581057341128,1841016.0,17607697.135055196,0.5,1792946613.7811422,100000000000.0,100000000000.0,1000000000.0,clip,False,0,375,0,375,,,,,,,,,
2026-05-18T19:49:46,0,0,0,1,376,74816,376,True,5.026737967914438e-08,,,,,,6143.826007843018,610.8504967689514,0.0003123283386230469,0.10248327255249023,1.3981513977050781,0.184401273727417,4.456126928329468,0,41.66784665991491,26667.421862345538,0.273581057341128,1851669.125,17292576.57485409,0.5,1760769713.5055196,100000000000.0,100000000000.0,1000000000.0,clip,False,0,376,0,376,,,,,,,,,
2026-05-18T19:49:52,0,0,0,1,377,74816,377,True,5.040106951871658e-08,,,,,,6149.826765060425,610.8504967689514,0.0002548694610595703,0.09049105644226074,1.4110174179077148,0.18239498138427734,4.463711738586426,0,41.62718882659204,26641.400849018908,0.273581057341128,1790081.0,16982526.66335701,0.5,1729257657.485409,100000000000.0,100000000000.0,1000000000.0,clip,False,0,377,0,377,,,,,,,,,
2026-05-18T19:49:58,0,0,0,1,378,74816,378,True,5.0534759358288764e-08,,,,,,6531.923055648804,610.8504967689514,0.0002892017364501953,0.0929403305053711,1.4093801975250244,0.1807103157043457,4.846513271331787,0,39.19213343742795,25082.965399953886,0.273581057341128,2009985.75,16683075.845089868,0.5,1698252666.3357008,100000000000.0,100000000000.0,1000000000.0,clip,False,0,378,0,378,,,,,,,,,
2026-05-18T19:50:04,0,0,0,1,379,74816,379,True,5.066844919786096e-08,,,,,,6149.639844894409,610.8504967689514,0.00030159950256347656,0.08797121047973633,1.4153010845184326,0.18747496604919434,4.4566826820373535,0,41.628454097606685,26642.21062246828,0.273581057341128,2065843.25,16390731.19318807,0.5,1668307584.5089867,100000000000.0,100000000000.0,1000000000.0,clip,False,0,379,0,379,,,,,,,,,
2026-05-18T19:50:11,0,0,0,1,380,74816,380,True,5.0802139037433154e-08,,,,,,6152.238130569458,610.8504967689514,0.00027179718017578125,0.08835649490356445,1.4138715267181396,0.18372011184692383,4.46411919593811,0,41.61087307852701,26630.958770257286,0.273581057341128,1937581.375,16101668.196824307,0.5,1639073119.318807,100000000000.0,100000000000.0,1000000000.0,clip,False,0,380,0,380,,,,,,,,,
2026-05-18T19:50:17,0,0,0,1,381,74816,381,True,5.0935828877005345e-08,495.4628601074219,199.769775390625,0.7207643389701843,293.0048828125,1.9674263000488281,6147.204875946045,610.8504967689514,0.00028443336486816406,0.08844637870788574,1.4114758968353271,0.18043160438537598,4.464609384536743,0,41.6449435420195,26652.763866892477,0.273581057341128,2251707.5,15824668.982887821,0.5,1610166819.6824307,100000000000.0,100000000000.0,1000000000.0,clip,False,0,381,0,381,480.5680338541667,412.36761474609375,515.8884887695312,6149.529947916667,6154.765625,768.8004150390625,0.0,999.1007690429688,639424.5
2026-05-18T19:50:23,0,0,0,1,382,74816,382,True,5.106951871657754e-08,,,,,,6158.521413803101,610.8504967689514,0.000278472900390625,0.08984780311584473,1.394228458404541,0.184922456741333,4.459640979766846,0,41.56841923553711,26603.78831074375,0.273581057341128,2410926.5,15556394.133230064,0.5,1582466898.2887821,100000000000.0,100000000000.0,1000000000.0,clip,False,0,382,0,382,,,,,,,,,
2026-05-18T19:50:29,0,0,0,1,383,74816,383,True,5.120320855614973e-08,,,,,,6155.344009399414,610.8504967689514,0.0002868175506591797,0.09019231796264648,1.4120328426361084,0.18723821640014648,4.463539361953735,0,41.589876960423254,26617.521254670883,0.273581057341128,1958415.25,15284434.555565462,0.5,1555639413.3230064,100000000000.0,100000000000.0,1000000000.0,clip,False,0,383,0,383,,,,,,,,,
2026-05-18T19:50:35,0,0,0,1,384,74816,384,True,5.133689839572193e-08,,,,,,6144.65594291687,610.8504967689514,0.0002903938293457031,0.09201335906982422,1.4062526226043701,0.1853468418121338,4.458543539047241,0,41.662218743931284,26663.819996116024,0.273581057341128,1840009.75,15015546.059454152,0.5,1528443455.5565462,100000000000.0,100000000000.0,1000000000.0,clip,False,0,384,0,384,,,,,,,,,
2026-05-18T19:50:41,0,0,0,1,385,74816,385,True,5.147058823529411e-08,,,,,,6150.50482749939,610.8504967689514,0.0003006458282470703,0.08970022201538086,1.4125261306762695,0.18053269386291504,4.465563774108887,0,41.622599636928,26638.46376763392,0.273581057341128,2005012.625,14755335.390765069,0.5,1501554605.9454153,100000000000.0,100000000000.0,1000000000.0,clip,False,0,385,0,385,,,,,,,,,
2026-05-18T19:50:47,0,0,0,1,386,74816,386,True,5.160427807486631e-08,,,,,,6156.089782714844,610.8504967689514,0.0002684593200683594,0.09342694282531738,1.4085495471954346,0.18330764770507812,4.468669414520264,0,41.584838596539065,26614.296701785,0.273581057341128,1907956.5,14498387.812949767,0.5,1475533539.0765069,100000000000.0,100000000000.0,1000000000.0,clip,False,0,386,0,386,,,,,,,,,
2026-05-18T19:50:54,0,0,0,1,387,74816,387,True,5.17379679144385e-08,,,,,,6150.329113006592,610.8504967689514,0.00028896331787109375,0.08865809440612793,1.4067950248718262,0.18215584754943848,4.470467805862427,0,41.6237887918252,26639.224826768128,0.273581057341128,1945667.375,14247333.404190771,0.5,1449838781.2949767,100000000000.0,100000000000.0,1000000000.0,clip,False,0,387,0,387,,,,,,,,,
2026-05-18T19:51:00,0,0,0,1,388,74816,388,True,5.187165775401069e-08,,,,,,6149.028301239014,610.8504967689514,0.00026726722717285156,0.0881044864654541,1.4078423976898193,0.18142127990722656,4.469529867172241,0,41.632594201658925,26644.86028906171,0.273581057341128,1761006.75,13997606.871106956,0.5,1424733340.4190772,100000000000.0,100000000000.0,1000000000.0,clip,False,0,388,0,388,,,,,,,,,
2026-05-18T19:51:06,0,0,0,1,389,74816,389,True,5.2005347593582885e-08,,,,,,6153.857469558716,610.8504967689514,0.00026869773864746094,0.5201961994171143,0.9756882190704346,0.18071389198303223,4.475074052810669,0,41.59992350592374,26623.951043791192,0.273581057341128,1715063.875,13751956.011184817,0.5,1399760687.1106956,100000000000.0,100000000000.0,1000000000.0,clip,False,0,389,0,389,,,,,,,,,
2026-05-18T19:51:12,0,0,0,1,390,74816,390,True,5.2139037433155076e-08,,,,,,6149.916887283325,610.8504967689514,0.0002789497375488281,0.08814144134521484,1.4070978164672852,0.1826953887939453,4.469807863235474,0,41.62657881269122,26641.01044012238,0.273581057341128,2466424.0,13526245.37096112,0.5,1375195601.1184816,100000000000.0,100000000000.0,1000000000.0,clip,False,0,390,0,390,,,,,,,,,
2026-05-18T19:51:18,0,0,0,1,391,74816,391,True,5.227272727272727e-08,557.782470703125,231.77867126464844,0.7207499146461487,323.3336486816406,1.949380874633789,6148.323535919189,610.8504967689514,0.0003058910369873047,0.09197163581848145,1.4020805358886719,0.18389105796813965,4.467929363250732,0,41.637366430770854,26647.914515693345,0.273581057341128,2134575.75,13298411.978541898,0.5,1352624537.096112,100000000000.0,100000000000.0,1000000000.0,clip,False,0,391,0,391,476.1582845052083,396.6743469238281,557.782470703125,6150.966145833333,6158.52685546875,768.8004150390625,0.0,998.86767578125,639275.25
2026-05-18T19:51:24,0,0,0,1,392,74816,392,True,5.2406417112299466e-08,,,,,,6162.3570919036865,610.8504967689514,0.0002593994140625,0.08930397033691406,1.394697904586792,0.1838538646697998,4.466999292373657,0,41.54254551985335,26587.229132706143,0.273581057341128,2262237.75,13077688.493971061,0.5,1329841197.8541899,100000000000.0,100000000000.0,1000000000.0,clip,False,0,392,0,392,,,,,,,,,
2026-05-18T19:51:31,0,0,0,1,393,74816,393,True,5.254010695187165e-08,,,,,,6150.378942489624,610.8504967689514,0.00030422210693359375,0.09357357025146484,1.4030864238739014,0.18649983406066895,4.464858770370483,0,41.62345156189242,26639.00899961115,0.273581057341128,2868942.0,12873513.56409164,0.5,1307768849.3971062,100000000000.0,100000000000.0,1000000000.0,clip,False,0,393,0,393,,,,,,,,,
2026-05-18T19:51:37,0,0,0,1,394,74816,394,True,5.267379679144385e-08,,,,,,6147.17435836792,610.8504967689514,0.0002906322479248047,0.09225034713745117,1.40313720703125,0.17991161346435547,4.469719171524048,0,41.645150287874415,26652.896184239624,0.273581057341128,1815598.875,12652355.270309806,0.5,1287351356.409164,100000000000.0,100000000000.0,1000000000.0,clip,False,0,394,0,394,,,,,,,,,
2026-05-18T19:51:43,0,0,0,1,395,74816,395,True,5.280748663101604e-08,,,,,,6150.083065032959,610.8504967689514,0.000293731689453125,0.0935060977935791,1.4027714729309082,0.18020319938659668,4.471334934234619,0,41.625454045575246,26640.29058916816,0.273581057341128,1940925.125,12438126.667403609,0.5,1265235527.0309806,100000000000.0,100000000000.0,1000000000.0,clip,False,0,395,0,395,,,,,,,,,
2026-05-18T19:51:49,0,0,0,1,396,74816,396,True,5.294117647058823e-08,,,,,,6152.826309204102,610.8504967689514,0.0002932548522949219,0.09446454048156738,1.4020156860351562,0.18716049194335938,4.466947317123413,0,41.60689529250093,26628.412987200594,0.273581057341128,1931296.5,12227990.064055536,0.5,1243812666.7403607,100000000000.0,100000000000.0,1000000000.0,clip,False,0,396,0,396,,,,,,,,,
2026-05-18T19:51:55,0,0,0,1,397,74816,397,True,5.307486631016043e-08,,,,,,6147.755861282349,610.8504967689514,0.0003237724304199219,0.09883236885070801,1.3963432312011719,0.18815088272094727,4.4617156982421875,0,41.64121116328804,26650.375144504345,0.273581057341128,1913020.5,12021690.672774425,0.5,1222799006.4055536,100000000000.0,100000000000.0,1000000000.0,clip,False,0,397,0,397,,,,,,,,,
2026-05-18T19:52:01,0,0,0,1,398,74816,398,True,5.3208556149732616e-08,,,,,,6149.6922969818115,610.8504967689514,0.00029277801513671875,0.09376883506774902,1.4034686088562012,0.18521666526794434,4.465072870254517,0,41.628099039303386,26641.98338515417,0.273581057341128,2313800.75,11827532.874318937,0.5,1202169067.2774425,100000000000.0,100000000000.0,1000000000.0,clip,False,0,398,0,398,,,,,,,,,
2026-05-18T19:52:07,0,0,0,1,399,74816,399,True,5.3342245989304814e-08,,,,,,6150.679349899292,610.8504967689514,0.00029921531677246094,0.0930168628692627,1.4031176567077637,0.18143677711486816,4.4708411693573,0,41.621418616821835,26637.70791476597,0.273581057341128,2123673.0,11633455.676832559,0.5,1182753287.4318936,100000000000.0,100000000000.0,1000000000.0,clip,False,0,399,0,399,,,,,,,,,
2026-05-18T19:52:14,0,0,0,1,400,74816,400,True,5.3475935828877e-08,,,,,,6151.532411575317,610.8504967689514,0.0002951622009277344,0.09244775772094727,1.404083251953125,0.18584609031677246,4.466917037963867,0,41.61564678067626,26634.013939632805,0.273581057341128,1876730.375,11438321.170795906,0.5,1163345567.683256,100000000000.0,100000000000.0,1000000000.0,clip,False,0,400,0,400,,,,,,,,,
2026-05-18T19:52:20,0,0,0,1,401,74816,401,True,5.36096256684492e-08,420.2447204589844,162.17083740234375,0.7184218764305115,255.3663330078125,1.9891290664672852,6150.60830116272,610.8504967689514,0.0002892017364501953,0.09102034568786621,1.4054288864135742,0.18396687507629395,4.468013525009155,0,41.621899406536,26638.01562018304,0.27357525759407264,1859300.25,11246740.75237999,0.5,1143832117.0795906,100000000000.0,100000000000.0,1000000000.0,clip,False,0,401,0,401,477.1020100911458,420.2447204589844,534.6539306640625,6150.674479166667,6156.46875,768.8004150390625,0.0,998.9152221679688,639305.75
2026-05-18T19:52:26,0,0,0,1,402,74816,402,True,5.374331550802138e-08,,,,,,6160.496473312378,610.8504967689514,0.0002655982971191406,0.0925753116607666,1.3913090229034424,0.18094825744628906,4.470385313034058,0,41.555092371046165,26595.259117469544,0.27357525759407264,2196421.5,11065734.36733239,0.5,1124674075.237999,100000000000.0,100000000000.0,1000000000.0,clip,False,0,402,0,402,,,,,,,,,
2026-05-18T19:52:32,0,0,0,1,403,74816,403,True,5.387700534759358e-08,,,,,,6148.362874984741,610.8504967689514,0.0003228187561035156,0.09254336357116699,1.4020793437957764,0.1882154941558838,4.462386131286621,0,41.63710002244058,26647.74401436197,0.27357525759407264,2220988.75,10888839.454985742,0.5,1106573436.733239,100000000000.0,100000000000.0,1000000000.0,clip,False,0,403,0,403,,,,,,,,,
2026-05-18T19:52:38,0,0,0,1,404,74816,404,True,5.401069518716578e-08,,,,,,6151.520490646362,610.8504967689514,0.0003044605255126953,0.08974266052246094,1.4066908359527588,0.18196988105773926,4.470800399780273,0,41.61572742694403,26634.065553244178,0.27357525759407264,2163798.75,10714338.640886026,0.5,1088883945.4985743,100000000000.0,100000000000.0,1000000000.0,clip,False,0,404,0,404,,,,,,,,,
2026-05-18T19:52:44,0,0,0,1,405,74816,405,True,5.4144385026737963e-08,,,,,,6148.578643798828,610.8504967689514,0.00027179718017578125,0.08884429931640625,1.40733003616333,0.19020509719848633,4.459985971450806,0,41.63563887374032,26646.808879193803,0.27357525759407264,2988044.75,10559812.763068303,0.5,1071433864.0886025,100000000000.0,100000000000.0,1000000000.0,clip,False,0,405,0,405,,,,,,,,,
2026-05-18T19:52:51,0,0,0,1,406,74816,406,True,5.427807486631016e-08,,,,,,6150.466203689575,610.8504967689514,0.0002918243408203125,0.0897974967956543,1.406862735748291,0.18656706809997559,4.46506142616272,0,41.62286101928815,26638.631052344415,0.27357525759407264,2198951.75,10392595.542806936,0.5,1055981276.3068304,100000000000.0,100000000000.0,1000000000.0,clip,False,0,406,0,406,,,,,,,,,
2026-05-18T19:52:57,0,0,0,1,407,74816,407,True,5.4411764705882347e-08,,,,,,6149.887561798096,610.8504967689514,0.0003132820129394531,0.09033751487731934,1.4057838916778564,0.18491530418395996,4.466426610946655,0,41.62677730731569,26641.137476682045,0.27357525759407264,2086925.75,10226482.146950798,0.5,1039259554.2806937,100000000000.0,100000000000.0,1000000000.0,clip,False,0,407,0,407,,,,,,,,,
2026-05-18T19:53:03,0,0,0,1,408,74816,408,True,5.4545454545454545e-08,,,,,,6150.361061096191,610.8504967689514,0.0002720355987548828,0.09053421020507812,1.4054062366485596,0.185194730758667,4.467037916183472,0,41.623572576789925,26639.08644914555,0.27357525759407264,2181916.75,10065590.839011783,0.5,1022648214.6950798,100000000000.0,100000000000.0,1000000000.0,clip,False,0,408,0,408,,,,,,,,,
2026-05-18T19:53:09,0,0,0,1,409,74816,409,True,5.4679144385026736e-08,,,,,,6150.503635406494,610.8504967689514,0.000335693359375,0.09402632713317871,1.4021852016448975,0.18327832221984863,4.468439102172852,0,41.6226077042357,26638.468930710846,0.27357525759407264,2115110.5,9906581.232231548,0.5,1006559083.9011782,100000000000.0,100000000000.0,1000000000.0,clip,False,0,409,0,409,,,,,,,,,
2026-05-18T19:53:15,0,0,0,1,410,74816,410,True,5.481283422459893e-08,,,,,,6147.673845291138,610.8504967689514,0.0003161430358886719,0.09567928314208984,1.3996543884277344,0.18337178230285645,4.466728687286377,0,41.64176669783569,26650.730686614843,0.27357525759407264,2018638.75,9748822.382586917,0.5,990658123.2231548,100000000000.0,100000000000.0,1000000000.0,clip,False,0,410,0,410,,,,,,,,,
2026-05-18T19:53:21,0,0,0,1,411,74816,411,True,5.494652406417112e-08,425.3297119140625,166.03302001953125,0.7191604971885681,256.609130859375,1.9683829545974731,6150.446891784668,610.8504967689514,0.00030422210693359375,0.08976864814758301,1.4067351818084717,0.19265055656433105,4.459000587463379,0,41.62299171169931,26638.714695487557,0.27357525759407264,1983252.625,9593510.987435179,0.5,974882238.2586917,100000000000.0,100000000000.0,1000000000.0,clip,False,0,411,0,411,482.2058919270833,400.1653747558594,572.1884765625,6150.05078125,6153.1416015625,768.8004150390625,0.0,999.0162353515625,639370.375
2026-05-18T19:53:27,0,0,0,1,412,74816,412,True,5.508021390374331e-08,,,,,,6162.580728530884,610.8504967689514,0.0002751350402832031,0.08988356590270996,1.3936593532562256,0.1808326244354248,4.472845792770386,0,41.54103796398114,26586.26429694793,0.27357525759407264,1900208.0,9439644.927686475,0.5,959351098.7435179,100000000000.0,100000000000.0,1000000000.0,clip,False,0,412,0,412,,,,,,,,,
2026-05-18T19:53:34,0,0,0,1,413,74816,413,True,5.52139037433155e-08,,,,,,6148.154735565186,610.8504967689514,0.00028014183044433594,0.09168815612792969,1.4023008346557617,0.184417724609375,4.467593193054199,0,41.63850960339672,26648.6461461739,0.27357525759407264,2434302.5,9299538.079132747,0.5,943964492.7686476,100000000000.0,100000000000.0,1000000000.0,clip,False,0,413,0,413,,,,,,,,,
2026-05-18T19:53:40,0,0,0,1,414,74816,414,True,5.53475935828877e-08,,,,,,6149.642467498779,610.8504967689514,0.0002675056457519531,0.09593605995178223,1.4005908966064453,0.18498444557189941,4.466049671173096,0,41.62843634454767,26642.199260510508,0.27357525759407264,2386713.5,9161281.58755009,0.5,929953807.9132746,100000000000.0,100000000000.0,1000000000.0,clip,False,0,414,0,414,,,,,,,,,
2026-05-18T19:53:46,0,0,0,1,415,74816,415,True,5.548128342245989e-08,,,,,,6152.806520462036,610.8504967689514,0.00029659271240234375,0.09380793571472168,1.4021966457366943,0.18133902549743652,4.473294973373413,0,41.607029109177326,26628.498629873488,0.27357525759407264,2126020.25,9020576.360799087,0.5,916128158.755009,100000000000.0,100000000000.0,1000000000.0,clip,False,0,415,0,415,,,,,,,,,
2026-05-18T19:53:52,0,0,0,1,416,74816,416,True,5.5614973262032084e-08,,,,,,6152.09436416626,610.8504967689514,0.0003147125244140625,0.0927736759185791,1.4023525714874268,0.19346928596496582,4.460555076599121,0,41.61184547023662,26631.581100951436,0.27357525759407264,3130588.0,8902776.593583105,0.5,902057636.0799087,100000000000.0,100000000000.0,1000000000.0,clip,False,0,416,0,416,,,,,,,,,
2026-05-18T19:53:58,0,0,0,1,417,74816,417,True,5.5748663101604276e-08,,,,,,6147.667169570923,610.8504967689514,0.00027179718017578125,0.09121274948120117,1.4048354625701904,0.18345189094543457,4.465971946716309,0,41.641811916416344,26650.75962650646,0.27357525759407264,2087920.375,8766479.469211444,0.5,890277659.3583105,100000000000.0,100000000000.0,1000000000.0,clip,False,0,417,0,417,,,,,,,,,
2026-05-18T19:54:04,0,0,0,1,418,74816,418,True,5.588235294117647e-08,,,,,,6150.09069442749,610.8504967689514,0.0003101825714111328,0.09243631362915039,1.4043757915496826,0.18619179725646973,4.464816570281982,0,41.625402407798305,26640.257540990915,0.27357525759407264,1865511.0,8628460.099827215,0.5,876647946.9211445,100000000000.0,100000000000.0,1000000000.0,clip,False,0,418,0,418,,,,,,,,,
2026-05-18T19:54:10,0,0,0,1,419,74816,419,True,5.6016042780748665e-08,,,,,,6152.243614196777,610.8504967689514,0.0003173351287841797,0.09031510353088379,1.4062626361846924,0.1857013702392578,4.467654705047607,0,41.61083598985908,26630.935033509813,0.27357525759407264,1987126.25,8495633.422830671,0.5,862846009.9827216,100000000000.0,100000000000.0,1000000000.0,clip,False,0,419,0,419,,,,,,,,,
2026-05-18T19:54:17,0,0,0,1,420,74816,420,True,5.614973262032085e-08,,,,,,6149.894952774048,610.8504967689514,0.0002887248992919922,0.0898292064666748,1.405803918838501,0.1864473819732666,4.465652704238892,0,41.62672728003679,26641.10545922354,0.27357525759407264,2355707.75,8372834.909374057,0.5,849563342.2830671,100000000000.0,100000000000.0,1000000000.0,clip,False,0,420,0,420,,,,,,,,,
2026-05-18T19:54:23,0,0,0,1,421,74816,421,True,5.628342245989305e-08,491.321044921875,197.94248962402344,0.7189773321151733,290.70037841796875,1.9591981172561646,6149.500131607056,610.8504967689514,0.0002777576446533203,0.09093189239501953,1.404541015625,0.18441033363342285,4.467359304428101,0,41.62939987336812,26642.815918955595,0.27357525759407264,1847503.75,8242328.286186576,0.5,837283490.9374057,100000000000.0,100000000000.0,1000000000.0,clip,False,0,421,0,421,480.3531087239583,400.7298583984375,543.6072998046875,6150.263020833333,6155.4560546875,768.8004150390625,0.0,998.98193359375,639348.4375
2026-05-18T19:54:29,0,0,0,1,422,74816,422,True,5.6417112299465234e-08,,,,,,6167.37961769104,610.8504967689514,0.00026607513427734375,0.09448575973510742,1.3887321949005127,0.19097590446472168,4.463760852813721,0,41.50871453828911,26565.57730450503,0.27357525759407264,2683304.75,8131147.8154628435,0.5,824232828.6186576,100000000000.0,100000000000.0,1000000000.0,clip,False,0,422,0,422,,,,,,,,,
2026-05-18T19:54:35,0,0,0,1,423,74816,423,True,5.655080213903743e-08,,,,,,6146.282196044922,610.8504967689514,0.00033020973205566406,0.09446096420288086,1.400160312652588,0.18154430389404297,4.467599630355835,0,41.651195281064986,26656.76497988159,0.27357525759407264,2413682.0,8016798.499153586,0.5,813114781.5462843,100000000000.0,100000000000.0,1000000000.0,clip,False,0,423,0,423,,,,,,,,,
2026-05-18T19:54:41,0,0,0,1,424,74816,424,True,5.6684491978609623e-08,,,,,,6150.41971206665,610.8504967689514,0.0003020763397216797,0.08986139297485352,1.4069838523864746,0.18491911888122559,4.4663987159729,0,41.62317565055726,26638.832416356647,0.27357525759407264,1801998.5,7892502.499170514,0.5,801679849.9153587,100000000000.0,100000000000.0,1000000000.0,clip,False,0,424,0,424,,,,,,,,,
2026-05-18T19:54:47,0,0,0,1,425,74816,425,True,5.6818181818181815e-08,,,,,,6151.85546875,610.8504967689514,0.0003046989440917969,0.09130620956420898,1.4050428867340088,0.18257999420166016,4.470641374588013,0,41.61346138582427,26632.615286927536,0.27357525759407264,2461779.25,7783888.034187104,0.5,789250249.9170514,100000000000.0,100000000000.0,1000000000.0,clip,False,0,425,0,425,,,,,,,,,
2026-05-18T19:54:54,0,0,0,1,426,74816,426,True,5.695187165775401e-08,,,,,,6150.614976882935,610.8504967689514,0.0003058910369873047,0.09139418601989746,1.402322769165039,0.18910002708435059,4.465500593185425,0,41.621854231190724,26637.986707962064,0.27357525759407264,3038065.75,7688971.588503362,0.5,778388803.4187104,100000000000.0,100000000000.0,1000000000.0,clip,False,0,426,0,426,,,,,,,,,
2026-05-18T19:55:00,0,0,0,1,427,74816,427,True,5.70855614973262e-08,,,,,,6147.111892700195,610.8504967689514,0.00030422210693359375,0.09063076972961426,1.402728796005249,0.18029499053955078,4.471013307571411,0,41.64557347719741,26653.16702540634,0.27357525759407264,2156152.0,7578315.196733294,0.5,768897158.8503362,100000000000.0,100000000000.0,1000000000.0,clip,False,0,427,0,427,,,,,,,,,
2026-05-18T19:55:06,0,0,0,1,428,74816,428,True,5.7219251336898396e-08,,,,,,6148.680925369263,610.8504967689514,0.00030612945556640625,0.09502315521240234,1.4008495807647705,0.18468856811523438,4.465837717056274,0,41.63494627664807,26646.365617054766,0.27357525759407264,1872495.375,7464198.8002986275,0.5,757831519.6733294,100000000000.0,100000000000.0,1000000000.0,clip,False,0,428,0,428,,,,,,,,,
2026-05-18T19:55:12,0,0,0,1,429,74816,429,True,5.735294117647058e-08,,,,,,6152.77361869812,610.8504967689514,0.0002961158752441406,0.09766149520874023,1.3985471725463867,0.18397903442382812,4.470329999923706,0,41.60725160146029,26628.641024934586,0.27357525759407264,1762996.875,7350174.761792655,0.5,746419880.0298628,100000000000.0,100000000000.0,1000000000.0,clip,False,0,429,0,429,,,,,,,,,
2026-05-18T19:55:18,0,0,0,1,430,74816,430,True,5.748663101604278e-08,,,,,,6147.128582000732,610.8504967689514,0.00029730796813964844,0.09503579139709473,1.399285078048706,0.18283963203430176,4.467566967010498,0,41.64546041050578,26653.094662723695,0.27357525759407264,2250054.75,7248172.361556802,0.5,735017476.1792655,100000000000.0,100000000000.0,1000000000.0,clip,False,0,430,0,430,,,,,,,,,
2026-05-18T19:55:24,0,0,0,1,431,74816,431,True,5.762032085561497e-08,424.1676330566406,162.41006469726562,0.7173317074775696,259.04693603515625,1.993322730064392,6150.82049369812,610.8504967689514,0.0002949237823486328,0.09284090995788574,1.4036567211151123,0.18163847923278809,4.470401048660278,0,41.62046352389688,26637.096655294,0.27357525759407264,2344780.5,7150104.524325666,0.5,724817236.1556802,100000000000.0,100000000000.0,1000000000.0,clip,False,0,431,0,431,470.4340006510417,415.120361328125,539.5479736328125,6150.759114583333,6155.64111328125,768.8004150390625,0.0,998.9012451171875,639296.75
2026-05-18T19:55:30,0,0,0,1,432,74816,432,True,5.775401069518716e-08,,,,,,6156.1338901519775,610.8504967689514,0.0002512931823730469,0.08929038047790527,1.3948781490325928,0.18593811988830566,4.4634246826171875,0,41.584540649696635,26614.106015805846,0.27357525759407264,1830411.125,7043710.656339153,0.5,715010452.4325666,100000000000.0,100000000000.0,1000000000.0,clip,False,0,432,0,432,,,,,,,,,
2026-05-18T19:55:37,0,0,0,1,433,74816,433,True,5.7887700534759354e-08,,,,,,6150.077819824219,610.8504967689514,0.0003123283386230469,0.09315633773803711,1.4023926258087158,0.18949460983276367,4.462799072265625,0,41.62548954662121,26640.313309837577,0.27357525759407264,2080738.5,6944451.21321237,0.5,704371065.6339153,100000000000.0,100000000000.0,1000000000.0,clip,False,0,433,0,433,,,,,,,,,
2026-05-18T19:55:43,0,0,0,1,434,74816,434,True,5.8021390374331546e-08,,,,,,6150.70104598999,610.8504967689514,0.00027871131896972656,0.09058141708374023,1.4053575992584229,0.18433713912963867,4.468214988708496,0,41.621271800700136,26637.613952448086,0.27357525759407264,2744293.25,6860448.053948123,0.5,694445121.321237,100000000000.0,100000000000.0,1000000000.0,clip,False,0,434,0,434,,,,,,,,,
2026-05-18T19:55:49,0,0,0,1,435,74816,435,True,5.8155080213903744e-08,,,,,,6153.879165649414,610.8504967689514,0.0002727508544921875,0.08935117721557617,1.4053587913513184,0.1842048168182373,4.472796440124512,0,41.59977684140708,26623.85717850053,0.27357525759407264,1794814.0,6759135.372869161,0.5,686044805.3948123,100000000000.0,100000000000.0,1000000000.0,clip,False,0,435,0,435,,,,,,,,,
2026-05-18T19:55:55,0,0,0,1,436,74816,436,True,5.828877005347593e-08,,,,,,6149.456739425659,610.8504967689514,0.0002560615539550781,0.09537816047668457,1.396209716796875,0.1800367832183838,4.475754022598267,0,41.629693621344124,26643.00391766024,0.27357525759407264,2562083.25,6675194.330411778,0.5,675913537.2869161,100000000000.0,100000000000.0,1000000000.0,clip,False,0,436,0,436,,,,,,,,,
2026-05-18T19:56:01,0,0,0,1,437,74816,437,True,5.842245989304813e-08,,,,,,6151.764392852783,610.8504967689514,0.00031280517578125,0.09198260307312012,1.4041032791137695,0.18118000030517578,4.471980333328247,0,41.6140774665273,26633.009578577472,0.27357525759407264,1689606.875,6575482.5813035425,0.5,667519433.0411777,100000000000.0,100000000000.0,1000000000.0,clip,False,0,437,0,437,,,,,,,,,
2026-05-18T19:56:07,0,0,0,1,438,74816,438,True,5.855614973262032e-08,,,,,,6147.5770473480225,610.8504967689514,0.0002815723419189453,0.09055113792419434,1.404012680053711,0.18084383010864258,4.469999313354492,0,41.642422376867124,26651.150321194957,0.27357525759407264,1998851.0,6483949.949677472,0.5,657548258.1303543,100000000000.0,100000000000.0,1000000000.0,clip,False,0,438,0,438,,,,,,,,,
2026-05-18T19:56:13,0,0,0,1,439,74816,439,True,5.868983957219251e-08,,,,,,6150.38275718689,610.8504967689514,0.000286102294921875,0.0891866683959961,1.4058446884155273,0.1828150749206543,4.470407247543335,0,41.62342574547203,26638.992477102096,0.27357525759407264,1962764.875,6393526.248183923,0.5,648394994.9677472,100000000000.0,100000000000.0,1000000000.0,clip,False,0,439,0,439,,,,,,,,,
2026-05-18T19:56:20,0,0,0,1,440,74816,440,True,5.88235294117647e-08,,,,,,6149.089097976685,610.8504967689514,0.0002624988555908203,0.0928037166595459,1.4032692909240723,0.18184876441955566,4.468926191329956,0,41.63218257550294,26644.59684832188,0.27357525759407264,2023556.625,6306126.855720244,0.5,639352624.8183923,100000000000.0,100000000000.0,1000000000.0,clip,False,0,440,0,440,,,,,,,,,
2026-05-18T19:56:26,0,0,0,1,441,74816,441,True,5.8957219251336894e-08,518.1375732421875,207.57899475097656,0.7198293805122375,307.87103271484375,1.9677187204360962,6149.253845214844,610.8504967689514,0.00028705596923828125,0.08947992324829102,1.4071133136749268,0.18036842346191406,4.47002100944519,0,41.631067190243115,26643.883001755596,0.27357525759407264,1749378.625,6214991.891105839,0.5,630612685.5720245,100000000000.0,100000000000.0,1000000000.0,clip,False,0,441,0,441,475.6282552083333,405.1033935546875,528.9489135742188,6149.444661458333,6153.85107421875,768.8004150390625,0.0,999.11474609375,639433.4375
2026-05-18T19:56:32,0,0,0,1,442,74816,442,True,5.9090909090909085e-08,,,,,,6155.4906368255615,610.8504967689514,0.00025177001953125,0.08836007118225098,1.3956937789916992,0.18221521377563477,4.467607259750366,0,41.58888626496577,26616.887209578093,0.27357525759407264,2161814.25,6133928.338283722,0.5,621499189.1105839,100000000000.0,100000000000.0,1000000000.0,clip,False,0,442,0,442,,,,,,,,,
2026-05-18T19:56:38,0,0,0,1,443,74816,443,True,5.9224598930481283e-08,,,,,,6149.707555770874,610.8504967689514,0.00025916099548339844,0.09240984916687012,1.4042770862579346,0.18412995338439941,4.466744899749756,0,41.62799575075242,26641.91728048155,0.27357525759407264,2051816.75,6052286.106518048,0.5,613392833.8283722,100000000000.0,100000000000.0,1000000000.0,clip,False,0,443,0,443,,,,,,,,,
2026-05-18T19:56:44,0,0,0,1,444,74816,444,True,5.9358288770053475e-08,,,,,,6151.986122131348,610.8504967689514,0.00026679039001464844,0.08821272850036621,1.4070408344268799,0.18210101127624512,4.472520112991333,0,41.61257761604136,26632.04967426647,0.27357525759407264,1959095.875,5970422.301887687,0.5,605228610.6518048,100000000000.0,100000000000.0,1000000000.0,clip,False,0,444,0,444,,,,,,,,,
2026-05-18T19:56:50,0,0,0,1,445,74816,445,True,5.9491978609625667e-08,,,,,,6147.315263748169,610.8504967689514,0.00030922889709472656,0.09547662734985352,1.398449420928955,0.1826484203338623,4.468250513076782,0,41.64419572063895,26652.28526120893,0.27357525759407264,1746197.0,5885937.795849934,0.5,597042230.1887687,100000000000.0,100000000000.0,1000000000.0,clip,False,0,445,0,445,,,,,,,,,
2026-05-18T19:56:57,0,0,0,1,446,74816,446,True,5.962566844919786e-08,,,,,,6151.26895904541,610.8504967689514,0.00029540061950683594,0.09017395973205566,1.4051027297973633,0.1803433895111084,4.473469972610474,0,41.61742913607334,26635.15464708694,0.27357525759407264,2337456.0,5814968.159932936,0.5,588593779.5849934,100000000000.0,100000000000.0,1000000000.0,clip,False,0,446,0,446,,,,,,,,,
2026-05-18T19:57:03,0,0,0,1,447,74816,447,True,5.975935828877005e-08,,,,,,6149.563789367676,610.8504967689514,0.0002677440643310547,0.09380030632019043,1.402038335800171,0.18543720245361328,4.466101884841919,0,41.628968942904976,26642.540123459185,0.27357525759407264,1950798.875,5737684.774234277,0.5,581496815.9932935,100000000000.0,100000000000.0,1000000000.0,clip,False,0,447,0,447,,,,,,,,,
2026-05-18T19:57:09,0,0,0,1,448,74816,448,True,5.989304812834224e-08,,,,,,6149.887323379517,610.8504967689514,0.00029754638671875,0.08975028991699219,1.4050979614257812,0.18149089813232422,4.4713897705078125,0,41.626778921100886,26641.138509504566,0.27357525759407264,1874119.25,5660413.463749591,0.5,573768477.4234277,100000000000.0,100000000000.0,1000000000.0,clip,False,0,448,0,448,,,,,,,,,
2026-05-18T19:57:15,0,0,0,1,449,74816,449,True,6.002673796791443e-08,,,,,,6152.081489562988,610.8504967689514,0.0002980232238769531,0.09045863151550293,1.4051170349121094,0.18564796447753906,4.468656778335571,0,41.61193255230839,26631.63683347737,0.27357525759407264,2161422.5,5590433.6444745995,0.5,566041346.3749591,100000000000.0,100000000000.0,1000000000.0,clip,False,0,449,0,449,,,,,,,,,
2026-05-18T19:57:21,0,0,0,1,450,74816,450,True,6.016042780748662e-08,,,,,,6152.85325050354,610.8504967689514,0.0002834796905517578,0.08816170692443848,1.4068388938903809,0.1808931827545166,4.474757432937622,0,41.6067131097348,26628.29639023027,0.27357525759407264,1892383.875,5516472.649085107,0.5,559043364.4474599,100000000000.0,100000000000.0,1000000000.0,clip,False,0,450,0,450,,,,,,,,,
2026-05-18T19:57:27,0,0,0,1,451,74816,451,True,6.029411764705882e-08,510.4918518066406,209.10472106933594,0.7198457717895508,298.6798095703125,1.987451195716858,6148.933887481689,610.8504967689514,0.00026226043701171875,0.0915517807006836,1.39967942237854,0.18445062637329102,4.471275091171265,0,41.63323344900125,26645.269407360804,0.27357525759407264,2395271.75,5454048.631103405,0.5,551647264.9085107,100000000000.0,100000000000.0,1000000000.0,clip,False,0,451,0,451,470.497802734375,413.9529113769531,524.5675048828125,6149.251302083333,6154.44580078125,768.8004150390625,0.0,999.1461791992188,639453.5625
2026-05-18T19:57:33,0,0,0,1,452,74816,452,True,6.042780748663101e-08,,,,,,6160.5682373046875,610.8504967689514,0.00029397010803222656,0.08917021751403809,1.3949577808380127,0.1857142448425293,4.466431617736816,0,41.55460829892579,26594.949311312506,0.27357525759407264,1967840.75,5384324.473481337,0.5,545404863.1103405,100000000000.0,100000000000.0,1000000000.0,clip,False,0,452,0,452,,,,,,,,,
2026-05-18T19:57:40,0,0,0,1,453,74816,453,True,6.056149732620321e-08,,,,,,6148.644208908081,610.8504967689514,0.00029659271240234375,0.0921473503112793,1.4030225276947021,0.1847214698791504,4.466346502304077,0,41.635194898594115,26646.524735100236,0.27357525759407264,2427014.25,5325178.26901171,0.5,538432447.3481337,100000000000.0,100000000000.0,1000000000.0,clip,False,0,453,0,453,,,,,,,,,
2026-05-18T19:57:46,0,0,0,1,454,74816,454,True,6.06951871657754e-08,,,,,,6149.250030517578,610.8504967689514,0.0002532005310058594,0.08862042427062988,1.406273603439331,0.18289542198181152,4.469364881515503,0,41.63109301614341,26643.899530331782,0.27357525759407264,1849451.75,5255663.738631476,0.5,532517826.90117097,100000000000.0,100000000000.0,1000000000.0,clip,False,0,454,0,454,,,,,,,,,
2026-05-18T19:57:52,0,0,0,1,455,74816,455,True,6.08288770053476e-08,,,,,,6151.160001754761,610.8504967689514,0.0002999305725097656,0.08833527565002441,1.4076037406921387,0.1802074909210205,4.472822427749634,0,41.61816631773033,26635.62644334741,0.27357525759407264,1882167.75,5188193.818858846,0.5,525566373.86314756,100000000000.0,100000000000.0,1000000000.0,clip,False,0,455,0,455,,,,,,,,,
2026-05-18T19:57:58,0,0,0,1,456,74816,456,True,6.096256684491979e-08,,,,,,6148.003578186035,610.8504967689514,0.0002753734588623047,0.09141206741333008,1.4031143188476562,0.18387269973754883,4.467450141906738,0,41.63953334515343,26649.301340898193,0.27357525759407264,2146545.25,5127360.847481669,0.5,518819381.8858846,100000000000.0,100000000000.0,1000000000.0,clip,False,0,456,0,456,,,,,,,,,
2026-05-18T19:58:04,0,0,0,1,457,74816,457,True,6.109625668449198e-08,,,,,,6149.787902832031,610.8504967689514,0.00026154518127441406,0.08869290351867676,1.407581090927124,0.18179059028625488,4.469502210617065,0,41.62745188043148,26641.569203476145,0.27357525759407264,1960050.875,5064014.648032036,0.5,512736084.7481669,100000000000.0,100000000000.0,1000000000.0,clip,False,0,457,0,457,,,,,,,,,
2026-05-18T19:58:10,0,0,0,1,458,74816,458,True,6.122994652406417e-08,,,,,,6150.609254837036,610.8504967689514,0.0002923011779785156,0.09229230880737305,1.4042716026306152,0.18076014518737793,4.471058130264282,0,41.62189295290924,26638.011489861914,0.27357525759407264,2798537.75,5018705.110071395,0.5,506401464.8032036,100000000000.0,100000000000.0,1000000000.0,clip,False,0,458,0,458,,,,,,,,,
2026-05-18T19:58:17,0,0,0,1,459,74816,459,True,6.136363636363636e-08,,,,,,6151.087999343872,610.8504967689514,0.000308990478515625,0.08844137191772461,1.407278299331665,0.18764901161193848,4.465312242507935,0,41.61865348492936,26635.93823035479,0.27357525759407264,1891452.75,4956160.062869966,0.5,501870511.00713944,100000000000.0,100000000000.0,1000000000.0,clip,False,0,459,0,459,,,,,,,,,
2026-05-18T19:58:23,0,0,0,1,460,74816,460,True,6.149732620320855e-08,,,,,,6148.397922515869,610.8504967689514,0.0003044605255126953,0.09178805351257324,1.4038581848144531,0.19127297401428223,4.45844030380249,0,41.636862679708784,26647.59211501362,0.27357525759407264,2362625.0,4904289.361612567,0.5,495616006.2869966,100000000000.0,100000000000.0,1000000000.0,clip,False,0,460,0,460,,,,,,,,,
2026-05-18T19:58:29,0,0,0,1,461,74816,461,True,6.163101604278075e-08,456.17437744140625,185.7340087890625,0.7199104428291321,267.7525939941406,1.967856526374817,6150.382995605469,610.8504967689514,0.0002942085266113281,0.08994603157043457,1.4077045917510986,0.18561935424804688,4.46489405632019,0,41.62342413194681,26638.99144444596,0.27357525759407264,2082781.875,4847859.211880315,0.5,490428936.1612567,100000000000.0,100000000000.0,1000000000.0,clip,False,0,461,0,461,466.1287434895833,409.7030944824219,520.039306640625,6151.572916666667,6157.67431640625,768.8004150390625,0.0,998.7691650390625,639212.3125
2026-05-18T19:58:35,0,0,0,1,462,74816,462,True,6.176470588235294e-08,,,,,,6157.932281494141,610.8504967689514,0.0002663135528564453,0.0924520492553711,1.3908822536468506,0.1858227252960205,4.464576482772827,0,41.572396105967734,26606.33350781935,0.27357525759407264,1668274.75,4784267.522642708,0.5,484785921.1880315,100000000000.0,100000000000.0,1000000000.0,clip,False,0,462,0,462,,,,,,,,,
2026-05-18T19:58:41,0,0,0,1,463,74816,463,True,6.189839572192513e-08,,,,,,6149.871110916138,610.8504967689514,0.0002932548522949219,0.08919239044189453,1.4085817337036133,0.18413496017456055,4.465729475021362,0,41.62688865878752,26641.208741624014,0.27357525759407264,2035278.25,4729287.7371898545,0.5,478426752.26427084,100000000000.0,100000000000.0,1000000000.0,clip,False,0,463,0,463,,,,,,,,,
2026-05-18T19:58:47,0,0,0,1,464,74816,464,True,6.203208556149732e-08,,,,,,6148.92053604126,610.8504967689514,0.00028896331787109375,0.0943763256072998,1.401724100112915,0.18585729598999023,4.464727878570557,0,41.63332384919964,26645.32726348777,0.27357525759407264,1877672.0,4672255.422446058,0.5,472928773.71898544,100000000000.0,100000000000.0,1000000000.0,clip,False,0,464,0,464,,,,,,,,,
2026-05-18T19:58:53,0,0,0,1,465,74816,465,True,6.216577540106951e-08,,,,,,6154.72149848938,610.8504967689514,0.00026679039001464844,0.0890960693359375,1.4076499938964844,0.18042755126953125,4.4753594398498535,0,41.59408351179381,26620.213447548038,0.27357525759407264,1950801.625,4617826.346497136,0.5,467225542.24460584,100000000000.0,100000000000.0,1000000000.0,clip,False,0,465,0,465,,,,,,,,,
2026-05-18T19:59:00,0,0,0,1,466,74816,466,True,6.229946524064172e-08,,,,,,6144.241809844971,610.8504967689514,0.00028634071350097656,0.09305572509765625,1.3986573219299316,0.18205881118774414,4.468316555023193,0,41.66502685324152,26665.617186074574,0.27357525759407264,1928506.25,4564039.944567193,0.5,461782634.64971364,100000000000.0,100000000000.0,1000000000.0,clip,False,0,466,0,466,,,,,,,,,
2026-05-18T19:59:06,0,0,0,1,467,74816,467,True,6.24331550802139e-08,,,,,,6151.153326034546,610.8504967689514,0.0002777576446533203,0.08896970748901367,1.4071640968322754,0.18534350395202637,4.467445611953735,0,41.61821148507041,26635.655350445064,0.27357525759407264,1791577.375,4508590.6931758495,0.5,456403994.45671934,100000000000.0,100000000000.0,1000000000.0,clip,False,0,467,0,467,,,,,,,,,
2026-05-18T19:59:12,0,0,0,1,468,74816,468,True,6.25668449197861e-08,,,,,,6272.832870483398,610.8504967689514,0.00030922889709472656,0.09215450286865234,1.4016783237457275,0.18632245063781738,4.589481353759766,0,40.810907174747044,26118.980591838106,0.27357525759407264,1982100.875,4458060.896812333,0.5,450859069.31758493,100000000000.0,100000000000.0,1000000000.0,clip,False,0,468,0,468,,,,,,,,,
2026-05-18T19:59:18,0,0,0,1,469,74816,469,True,6.270053475935828e-08,,,,,,6150.960206985474,610.8504967689514,0.00028014183044433594,0.0908198356628418,1.404592752456665,0.18499279022216797,4.468395709991455,0,41.61951815413599,26636.491618647036,0.27357525759407264,1676478.75,4402429.253876086,0.5,445806089.6812333,100000000000.0,100000000000.0,1000000000.0,clip,False,0,469,0,469,,,,,,,,,
2026-05-18T19:59:24,0,0,0,1,470,74816,470,True,6.283422459893048e-08,,,,,,6146.563529968262,610.8504967689514,0.00027179718017578125,0.08938121795654297,1.4044685363769531,0.18520593643188477,4.465351819992065,0,41.649288867160195,26655.544874982526,0.27357525759407264,1904254.875,4352465.766298565,0.5,440242925.38760865,100000000000.0,100000000000.0,1000000000.0,clip,False,0,470,0,470,,,,,,,,,
2026-05-18T19:59:31,0,0,0,1,471,74816,471,True,6.296791443850267e-08,462.3080139160156,187.07444763183594,0.7202514410018921,272.5184631347656,1.994840383529663,6444.785118103027,610.8504967689514,0.00025534629821777344,0.08996343612670898,1.4063327312469482,0.18417024612426758,4.7622504234313965,0,39.722038098820526,25422.104383245136,0.27357525759407264,1738705.125,4300190.553472593,0.5,435246576.6298565,100000000000.0,100000000000.0,1000000000.0,clip,False,0,471,0,471,476.6305338541667,412.51495361328125,527.1090698242188,6442.095052083333,6447.3916015625,768.8004150390625,0.0,953.7271728515625,610385.375
2026-05-18T19:59:37,0,0,0,1,472,74816,472,True,6.310160427807487e-08,,,,,,6154.757976531982,610.8504967689514,0.00026988983154296875,0.09183526039123535,1.3914952278137207,0.18402695655822754,4.467024326324463,0,41.593836991824034,26620.05567476738,0.27357525759407264,1920161.875,4252589.979903141,0.5,430019055.34725934,100000000000.0,100000000000.0,1000000000.0,clip,False,0,472,0,472,,,,,,,,,
2026-05-18T19:59:43,0,0,0,1,473,74816,473,True,6.323529411764706e-08,,,,,,6149.594068527222,610.8504967689514,0.0002810955047607422,0.09125518798828125,1.404892921447754,0.18306756019592285,4.468301296234131,0,41.62876397162096,26642.408941837417,0.27357525759407264,2173855.0,4211015.280305078,0.5,425258997.9903141,100000000000.0,100000000000.0,1000000000.0,clip,False,0,473,0,473,,,,,,,,,
2026-05-18T19:59:49,0,0,0,1,474,74816,474,True,6.336898395721925e-08,,,,,,6150.327920913696,610.8504967689514,0.0002987384796142578,0.089019775390625,1.407278060913086,0.18346333503723145,4.468460559844971,0,41.62379685959387,26639.229990140077,0.27357525759407264,1859817.0,4163991.3146989765,0.5,421101528.0305078,100000000000.0,100000000000.0,1000000000.0,clip,False,0,474,0,474,,,,,,,,,
2026-05-18T19:59:55,0,0,0,1,475,74816,475,True,6.350267379679144e-08,,,,,,6151.200771331787,610.8504967689514,0.00030231475830078125,0.0949404239654541,1.401165246963501,0.18398070335388184,4.4689037799835205,0,41.61789047645958,26635.449904934132,0.27357525759407264,1623745.25,4113186.393404997,0.5,416399131.4698976,100000000000.0,100000000000.0,1000000000.0,clip,False,0,475,0,475,,,,,,,,,
2026-05-18T20:00:01,0,0,0,1,476,74816,476,True,6.363636363636363e-08,,,,,,6151.796817779541,610.8504967689514,0.00029730796813964844,0.0920560359954834,1.4036872386932373,0.1779193878173828,4.4759840965271,0,41.61385812680365,26632.86920115434,0.27357525759407264,1740267.25,4065728.010536897,0.5,411318639.3404997,100000000000.0,100000000000.0,1000000000.0,clip,False,0,476,0,476,,,,,,,,,
2026-05-18T20:00:08,0,0,0,1,477,74816,477,True,6.377005347593582e-08,,,,,,6150.910377502441,610.8504967689514,0.0003464221954345703,0.0913238525390625,1.403435230255127,0.17985939979553223,4.473698377609253,0,41.619855320335205,26636.70740501453,0.27357525759407264,2192220.75,4028257.865326159,0.5,406572801.0536897,100000000000.0,100000000000.0,1000000000.0,clip,False,0,477,0,477,,,,,,,,,
2026-05-18T20:00:14,0,0,0,1,478,74816,478,True,6.390374331550802e-08,,,,,,6148.4386920928955,610.8504967689514,0.00028014183044433594,0.09544801712036133,1.3990263938903809,0.18482589721679688,4.466844797134399,0,41.63658659054775,26647.41541795056,0.27357525759407264,1855989.25,3984812.4930196363,0.5,402825786.5326159,100000000000.0,100000000000.0,1000000000.0,clip,False,0,478,0,478,,,,,,,,,
2026-05-18T20:00:20,0,0,0,1,479,74816,479,True,6.403743315508021e-08,,,,,,6149.857521057129,610.8504967689514,0.00029850006103515625,0.08896684646606445,1.4070122241973877,0.18122410774230957,4.470413684844971,0,41.62698064523533,26641.267612950607,0.27357525759407264,1819307.125,3941502.3856592434,0.5,398481249.3019636,100000000000.0,100000000000.0,1000000000.0,clip,False,0,479,0,479,,,,,,,,,
2026-05-18T20:00:26,0,0,0,1,480,74816,480,True,6.41711229946524e-08,,,,,,6149.807929992676,610.8504967689514,0.00030350685119628906,0.09489583969116211,1.4007489681243896,0.18463850021362305,4.467276334762573,0,41.627316318528486,26641.48244385823,0.27357525759407264,2775959.25,3918191.522946059,0.5,394150238.56592435,100000000000.0,100000000000.0,1000000000.0,clip,False,0,480,0,480,,,,,,,,,
2026-05-18T20:00:32,0,0,0,1,481,74816,481,True,6.430481283422459e-08,530.4033813476562,218.17330932617188,0.7203190922737122,309.5272521972656,1.9824599027633667,6149.682998657227,610.8504967689514,0.00029921531677246094,0.09059500694274902,1.4057855606079102,0.18381381034851074,4.467331409454346,0,41.628161981015474,26642.023667849902,0.27357525759407264,1832886.875,3876485.429987137,0.5,391819152.29460585,100000000000.0,100000000000.0,1000000000.0,clip,False,0,481,0,481,466.62646484375,398.2541198730469,540.8550415039062,6149.142578125,6152.6943359375,768.8004150390625,0.0,999.163818359375,639464.875
2026-05-18T20:00:38,0,0,0,1,482,74816,482,True,6.443850267379678e-08,,,,,,6156.651496887207,610.8504967689514,0.00026869773864746094,0.08862590789794922,1.3956377506256104,0.18230342864990234,4.466328144073486,0,41.58104452224284,26611.86849423542,0.27357525759407264,2126098.0,3841477.681387394,0.5,387648542.99871373,100000000000.0,100000000000.0,1000000000.0,clip,False,0,482,0,482,,,,,,,,,
2026-05-18T20:00:45,0,0,0,1,483,74816,483,True,6.457219251336899e-08,,,,,,6152.348041534424,610.8504967689514,0.00029397010803222656,0.09234428405761719,1.4037363529205322,0.18048930168151855,4.47370719909668,0,41.610129705235664,26630.483011350825,0.27357525759407264,2208220.25,3808812.5327596464,0.5,384147768.1387394,100000000000.0,100000000000.0,1000000000.0,clip,False,0,483,0,483,,,,,,,,,
2026-05-18T20:00:51,0,0,0,1,484,74816,484,True,6.470588235294118e-08,,,,,,6146.848917007446,610.8504967689514,0.0002689361572265625,0.09102344512939453,1.402552843093872,0.17923784255981445,4.47196626663208,0,41.64735516626818,26654.307306411632,0.27357525759407264,1982956.875,3772295.4196044537,0.5,380881253.2759646,100000000000.0,100000000000.0,1000000000.0,clip,False,0,484,0,484,,,,,,,,,
2026-05-18T20:00:57,0,0,0,1,485,74816,485,True,6.483957219251337e-08,,,,,,6156.072616577148,610.8504967689514,0.0003046989440917969,0.09600973129272461,1.3998401165008545,0.1824045181274414,4.475686550140381,0,41.584954555383256,26614.370915445284,0.27357525759407264,1918317.75,3735215.8662123648,0.5,377229541.96044534,100000000000.0,100000000000.0,1000000000.0,clip,False,0,485,0,485,,,,,,,,,
2026-05-18T20:01:03,0,0,0,1,486,74816,486,True,6.497326203208556e-08,,,,,,6143.980503082275,610.8504967689514,0.0003044605255126953,0.09307384490966797,1.4015655517578125,0.18077588081359863,4.4661688804626465,0,41.66679888902178,26666.751288973937,0.27357525759407264,1750189.5,3695515.3388881176,0.5,373521586.6212365,100000000000.0,100000000000.0,1000000000.0,clip,False,0,486,0,486,,,,,,,,,
2026-05-18T20:01:09,0,0,0,1,487,74816,487,True,6.510695187165775e-08,,,,,,6149.616241455078,610.8504967689514,0.00030493736267089844,0.0907888412475586,1.4049737453460693,0.1854548454284668,4.466150522232056,0,41.628613875819205,26642.31288052429,0.27357525759407264,1940920.625,3660423.4446103554,0.5,369551533.88881177,100000000000.0,100000000000.0,1000000000.0,clip,False,0,487,0,487,,,,,,,,,
2026-05-18T20:01:15,0,0,0,1,488,74816,488,True,6.524064171122994e-08,,,,,,6149.357080459595,610.8504967689514,0.00028777122497558594,0.5214347839355469,0.9742863178253174,0.17975854873657227,4.4716150760650635,0,41.63036828898329,26643.43570494931,0.27357525759407264,2142666.5,3630068.305718148,0.5,366042344.46103555,100000000000.0,100000000000.0,1000000000.0,clip,False,0,488,0,488,,,,,,,,,
2026-05-18T20:01:21,0,0,0,1,489,74816,489,True,6.537433155080214e-08,,,,,,6149.995803833008,610.8504967689514,0.00030517578125,0.09073257446289062,1.4052090644836426,0.18521595001220703,4.46659255027771,0,41.626044661761725,26640.668583527506,0.27357525759407264,1873451.5,3594935.9696037853,0.5,363006830.57181484,100000000000.0,100000000000.0,1000000000.0,clip,False,0,489,0,489,,,,,,,,,
2026-05-18T20:01:28,0,0,0,1,490,74816,490,True,6.550802139037433e-08,,,,,,6415.603876113892,610.8504967689514,0.00029969215393066406,0.09373807907104492,1.4024314880371094,0.1807079315185547,4.736457109451294,0,39.902712970344155,25537.736301020257,0.27357525759407264,1937712.375,3561791.4977117097,0.5,359493596.9603785,100000000000.0,100000000000.0,1000000000.0,clip,False,0,490,0,490,,,,,,,,,
2026-05-18T20:01:34,0,0,0,1,491,74816,491,True,6.564171122994652e-08,453.9286804199219,183.067626953125,0.7177397012710571,268.1695556640625,1.9737683534622192,6149.275064468384,610.8504967689514,0.0003008842468261719,0.09024882316589355,1.4054574966430664,0.18390679359436035,4.467448472976685,0,41.630923534257555,26643.791061924836,0.27357525759407264,2167973.75,3533915.1427574754,0.5,356179149.771171,100000000000.0,100000000000.0,1000000000.0,clip,False,0,491,0,491,479.71728515625,446.21881103515625,551.65234375,6149.236328125,6151.59912109375,768.8004150390625,0.0,999.1484375,639455.0
2026-05-18T20:01:40,0,0,0,1,492,74816,492,True,6.577540106951871e-08,,,,,,6158.201456069946,610.8504967689514,0.0002799034118652344,0.09619760513305664,1.3873419761657715,0.1842343807220459,4.4668004512786865,0,41.570578979300656,26605.17054675242,0.27357525759407264,2042119.0,3504079.219902326,0.5,353391514.27574754,100000000000.0,100000000000.0,1000000000.0,clip,False,0,492,0,492,,,,,,,,,
2026-05-18T20:01:46,0,0,0,1,493,74816,493,True,6.59090909090909e-08,,,,,,6151.3917446136475,610.8504967689514,0.0003082752227783203,0.09147238731384277,1.4035191535949707,0.18377113342285156,4.470519065856934,0,41.61659842655309,26634.62299299398,0.27357525759407264,1871036.5,3471418.3655042793,0.5,350407921.9902326,100000000000.0,100000000000.0,1000000000.0,clip,False,0,493,0,493,,,,,,,,,
2026-05-18T20:01:52,0,0,0,1,494,74816,494,True,6.60427807486631e-08,,,,,,6148.6780643463135,610.8504967689514,0.000335693359375,0.09459376335144043,1.4000766277313232,0.18851113319396973,4.462399244308472,0,41.634965649680055,26646.378015795235,0.27357525759407264,2346169.5,3448913.3881941936,0.5,347141836.5504279,100000000000.0,100000000000.0,1000000000.0,clip,False,0,494,0,494,,,,,,,,,
2026-05-18T20:01:59,0,0,0,1,495,74816,495,True,6.61764705882353e-08,,,,,,6148.381471633911,610.8504967689514,0.0002624988555908203,0.0901486873626709,1.4040319919586182,0.18538165092468262,4.4667723178863525,0,41.63697408514389,26647.66341449209,0.27357525759407264,2643373.0,3432802.5804303098,0.5,344891338.8194194,100000000000.0,100000000000.0,1000000000.0,clip,False,0,495,0,495,,,,,,,,,
2026-05-18T20:02:05,0,0,0,1,496,74816,496,True,6.631016042780749e-08,,,,,,6149.69801902771,610.8504967689514,0.0003123283386230469,0.08968424797058105,1.4058194160461426,0.1865520477294922,4.465368747711182,0,41.62806030603671,26641.958595863493,0.27357525759407264,1914014.5,3402426.8188217035,0.5,343280258.043031,100000000000.0,100000000000.0,1000000000.0,clip,False,0,496,0,496,,,,,,,,,
2026-05-18T20:02:11,0,0,0,1,497,74816,497,True,6.644385026737967e-08,,,,,,6149.797439575195,610.8504967689514,0.0003132820129394531,0.09211206436157227,1.403867483139038,0.18431568145751953,4.467119216918945,0,41.62738732703422,26641.527889301902,0.27357525759407264,1730129.5,3368980.8724452695,0.5,340242681.8821704,100000000000.0,100000000000.0,1000000000.0,clip,False,0,497,0,497,,,,,,,,,
2026-05-18T20:02:17,0,0,0,1,498,74816,498,True,6.657754010695186e-08,,,,,,6153.436183929443,610.8504967689514,0.0002720355987548828,0.09197425842285156,1.4041118621826172,0.18549633026123047,4.469764947891235,0,41.60277158128002,26625.77381201921,0.27357525759407264,2142847.75,3344458.209996364,0.5,336898087.2445269,100000000000.0,100000000000.0,1000000000.0,clip,False,0,498,0,498,,,,,,,,,
2026-05-18T20:02:23,0,0,0,1,499,74816,499,True,6.671122994652407e-08,,,,,,6148.372173309326,610.8504967689514,0.0002684593200683594,0.09107518196105957,1.4041571617126465,0.18298768997192383,4.46796989440918,0,41.63703705369701,26647.703714366082,0.27357525759407264,2524051.0,3328050.0657964367,0.5,334445820.9996364,100000000000.0,100000000000.0,1000000000.0,clip,False,0,499,0,499,,,,,,,,,
2026-05-18T20:02:29,0,0,0,1,500,74816,500,True,6.684491978609626e-08,,,,,,6150.034189224243,610.8504967689514,0.0003292560577392578,0.09027934074401855,1.4029433727264404,0.17859911918640137,4.475929260253906,0,41.62578485312315,26640.502305998816,0.27357525759407264,1811987.5,3297728.8144805077,0.5,332805006.57964367,100000000000.0,100000000000.0,1000000000.0,clip,False,0,500,0,500,,,,,,,,,
