time,node_rank,rank,local_rank,epoch,batch_index,num_batches,update_step,should_step,lr,loss_total,loss_gep,loss_zero_prob,loss_gepc,loss_gepc_zero_prob,step_ms,data_load_s,to_device_s,forward_s,loss_s,backward_s,optimizer_s,grad_sync_s,samples_per_s,tokens_per_s,mfu,grad_norm_raw,grad_norm_ema,grad_clip_threshold,grad_skip_threshold,grad_skip_max,grad_hard_raw_norm_limit,grad_ema_contribution_cap,grad_action,skipped,skipped_count_cum,clipped_count_cum,consecutive_skips,consecutive_clips,cluster_loss_total_mean,cluster_loss_total_min,cluster_loss_total_max,cluster_step_ms_mean,cluster_step_ms_max,cluster_data_load_s_max,cluster_grad_sync_s_max,cluster_samples_per_s_sum,cluster_tokens_per_s_sum
2026-05-18T19:11:16,0,4,4,1,1,74816,1,True,1.3368983957219252e-10,633.373779296875,194.07643127441406,0.7198852896690369,436.5867004394531,1.990794062614441,809449.0976333618,727.8788983821869,0.0028955936431884766,0.6344561576843262,1.1316111087799072,0.31946635246276855,15.048985242843628,0,0.31626448253322365,202.40926882126314,,91204840.0,91204840.0,0.5,100000000000.0,100000000000.0,100000000000.0,1000000000.0,clip,False,0,1,0,1,640.3086751302084,584.711669921875,701.3232421875,809494.5,810489.4375,768.8004150390625,0.0,7.5899224281311035,4857.55029296875
2026-05-18T19:11:22,0,4,4,1,2,74816,2,True,2.6737967914438504e-10,,,,,,7196.987628936768,727.8788983821869,0.0002789497375488281,0.09710693359375,1.3937087059020996,0.2679016590118408,4.38183331489563,0,35.57043768849991,22765.08012063994,,96543344.0,91311610.08,0.5,100000000000.0,100000000000.0,100000000000.0,1000000000.0,clip,False,0,2,0,2,,,,,,,,,
2026-05-18T19:11:28,0,4,4,1,3,74816,3,True,4.0106951871657755e-10,,,,,,6285.863876342773,727.8788983821869,0.00047779083251953125,0.11019277572631836,1.389357566833496,0.19422698020935059,4.587337255477905,0,40.72630350196914,26064.83424126025,,98736800.0,91460113.8784,0.5,100000000000.0,100000000000.0,100000000000.0,1000000000.0,clip,False,0,3,0,3,,,,,,,,,
2026-05-18T19:11:34,0,4,4,1,4,74816,4,True,5.347593582887701e-10,,,,,,6147.264242172241,727.8788983821869,0.0003898143768310547,0.09749722480773926,1.4045400619506836,0.18708133697509766,4.455474376678467,0,41.64454136260426,26652.506472066725,,97532808.0,91581567.760832,0.5,100000000000.0,100000000000.0,100000000000.0,1000000000.0,clip,False,0,4,0,4,,,,,,,,,
2026-05-18T19:11:40,0,4,4,1,5,74816,5,True,6.684491978609625e-10,,,,,,6151.483774185181,727.8788983821869,0.0003094673156738281,0.09158968925476074,1.4120123386383057,0.1760265827178955,4.4692511558532715,0,41.61597581941269,26634.224524424124,,96964872.0,91689233.84561536,0.5,100000000000.0,100000000000.0,100000000000.0,1000000000.0,clip,False,0,5,0,5,,,,,,,,,
2026-05-18T19:11:47,0,4,4,1,6,74816,6,True,8.021390374331551e-10,,,,,,6452.497243881226,727.8788983821869,0.00031113624572753906,1.503875494003296,0.3813960552215576,0.17624402046203613,4.388515472412109,0,39.674561696676385,25391.719485872884,,98021048.0,91815870.12870306,0.5,100000000000.0,100000000000.0,100000000000.0,1000000000.0,clip,False,0,6,0,6,,,,,,,,,
2026-05-18T19:11:53,0,4,4,1,7,74816,7,True,9.358288770053475e-10,,,,,,6153.361558914185,727.8788983821869,0.0003039836883544922,0.09152340888977051,1.4117381572723389,0.17748260498046875,4.470389127731323,0,41.60327611972365,26626.09671662314,,97543176.0,91930416.24612899,0.5,100000000000.0,100000000000.0,100000000000.0,1000000000.0,clip,False,0,7,0,7,,,,,,,,,
2026-05-18T19:11:59,0,4,4,1,8,74816,8,True,1.0695187165775401e-09,,,,,,6214.074373245239,727.8788983821869,0.00029158592224121094,0.09028768539428711,1.412416934967041,0.17237138748168945,4.536616086959839,0,41.196803356942524,26365.954148443216,,98012136.0,92052050.64120641,0.5,100000000000.0,100000000000.0,100000000000.0,1000000000.0,clip,False,0,8,0,8,,,,,,,,,
2026-05-18T19:12:05,0,4,4,1,9,74816,9,True,1.2032085561497326e-09,,,,,,6155.320644378662,727.8788983821869,0.00028896331787109375,0.09157657623291016,1.4111731052398682,0.18015074729919434,4.470198154449463,0,41.59003483170152,26617.622292288972,,97280448.0,92156618.58838229,0.5,100000000000.0,100000000000.0,100000000000.0,1000000000.0,clip,False,0,9,0,9,,,,,,,,,
2026-05-18T19:12:12,0,4,4,1,10,74816,10,True,1.336898395721925e-09,,,,,,6148.118495941162,727.8788983821869,0.0003867149353027344,0.09119701385498047,1.4074175357818604,0.18213939666748047,4.46478271484375,0,41.63875503847314,26648.803224622814,,99618960.0,92305865.41661465,0.5,100000000000.0,100000000000.0,100000000000.0,1000000000.0,clip,False,0,10,0,10,,,,,,,,,
2026-05-18T19:12:18,0,4,4,1,11,74816,11,True,1.4705882352941176e-09,643.716552734375,185.73745727539062,0.7199408411979675,455.267578125,1.9915671348571777,6148.643493652344,727.8788983821869,0.00031685829162597656,0.09408426284790039,1.4084718227386475,0.18785858154296875,4.455209732055664,0,41.635199741908266,26646.52783482129,,97702480.0,92413797.70828237,0.5,100000000000.0,100000000000.0,100000000000.0,1000000000.0,clip,False,0,11,0,11,630.4042154947916,568.9302368164062,698.9390869140625,6149.360677083333,6154.24951171875,768.8004150390625,0.0,999.1285400390625,639442.25
2026-05-18T19:12:24,0,4,4,1,12,74816,12,True,1.6042780748663102e-09,,,,,,6161.02147102356,727.8788983821869,0.0002930164337158203,0.09121465682983398,1.3944356441497803,0.17546534538269043,4.467926263809204,0,41.55155134647981,26592.992861747076,,97152176.0,92508565.27411671,0.5,100000000000.0,100000000000.0,100000000000.0,1000000000.0,clip,False,0,12,0,12,,,,,,,,,
2026-05-18T19:12:30,0,4,4,1,13,74816,13,True,1.7379679144385026e-09,,,,,,6150.466203689575,727.8788983821869,0.00030994415283203125,0.09089040756225586,1.4131779670715332,0.17489337921142578,4.469209671020508,0,41.62286101928815,26638.631052344415,,96201584.0,92582425.64863437,0.5,100000000000.0,100000000000.0,100000000000.0,1000000000.0,clip,False,0,13,0,13,,,,,,,,,
2026-05-18T19:12:36,0,4,4,1,14,74816,14,True,1.871657754010695e-09,,,,,,6151.948690414429,727.8788983821869,0.0003161430358886719,0.09045076370239258,1.413452386856079,0.1739330291748047,4.471588134765625,0,41.612830809021986,26632.211717774073,,98174080.0,92694258.7356617,0.5,100000000000.0,100000000000.0,100000000000.0,1000000000.0,clip,False,0,14,0,14,,,,,,,,,
2026-05-18T19:12:42,0,4,4,1,15,74816,15,True,2.0053475935828875e-09,,,,,,6150.1476764678955,727.8788983821869,0.00029158592224121094,0.09038567543029785,1.4116106033325195,0.18146967887878418,4.464373826980591,0,41.625016742203485,26640.01071501023,,97234856.0,92785070.68094847,0.5,100000000000.0,100000000000.0,100000000000.0,1000000000.0,clip,False,0,15,0,15,,,,,,,,,
2026-05-18T19:12:48,0,4,4,1,16,74816,16,True,2.1390374331550803e-09,,,,,,6157.999515533447,727.8788983821869,0.00028634071350097656,0.08931231498718262,1.4145793914794922,0.17528176307678223,4.476468801498413,0,41.57194221179206,26606.043015546922,,96073600.0,92850841.2673295,0.5,100000000000.0,100000000000.0,100000000000.0,1000000000.0,clip,False,0,16,0,16,,,,,,,,,
2026-05-18T19:12:55,0,4,4,1,17,74816,17,True,2.2727272727272727e-09,,,,,,6151.865243911743,727.8788983821869,0.0002810955047607422,0.09055685997009277,1.413358449935913,0.18125486373901367,4.464352607727051,0,41.61339526306319,26632.57296836044,,97394552.0,92941715.48198292,0.5,100000000000.0,100000000000.0,100000000000.0,1000000000.0,clip,False,0,17,0,17,,,,,,,,,
2026-05-18T19:13:01,0,4,4,1,18,74816,18,True,2.406417112299465e-09,,,,,,6156.091213226318,727.8788983821869,0.00031828880310058594,0.09865474700927734,1.4039113521575928,0.1813671588897705,4.4695165157318115,0,41.58482893333124,26614.290517331992,,96955568.0,93021992.53234325,0.5,100000000000.0,100000000000.0,100000000000.0,1000000000.0,clip,False,0,18,0,18,,,,,,,,,
2026-05-18T19:13:07,0,4,4,1,19,74816,19,True,2.5401069518716575e-09,,,,,,6144.563436508179,727.8788983821869,0.0003674030303955078,0.09538078308105469,1.4067471027374268,0.17980313301086426,4.460233211517334,0,41.66284596867621,26664.221419952773,,98589184.0,93133336.36169639,0.5,100000000000.0,100000000000.0,100000000000.0,1000000000.0,clip,False,0,19,0,19,,,,,,,,,
2026-05-18T19:13:13,0,4,4,1,20,74816,20,True,2.67379679144385e-09,,,,,,6150.7508754730225,727.8788983821869,0.00033164024353027344,0.09071803092956543,1.4126319885253906,0.17427968978881836,4.470674753189087,0,41.62093461155055,26637.398151392354,,97469176.0,93220053.15446246,0.5,100000000000.0,100000000000.0,100000000000.0,1000000000.0,clip,False,0,20,0,20,,,,,,,,,
2026-05-18T19:13:19,0,4,4,1,21,74816,21,True,2.8074866310160428e-09,629.7915649414062,169.95469665527344,0.7208671569824219,457.07928466796875,2.0366618633270264,6151.748418807983,727.8788983821869,0.00031495094299316406,0.09100794792175293,1.4131860733032227,0.17822027206420898,4.467000722885132,0,41.61418552444718,26633.078735646195,,96557584.0,93286803.77137321,0.5,100000000000.0,100000000000.0,100000000000.0,1000000000.0,clip,False,0,21,0,21,627.0322265625,552.3350219726562,672.52197265625,6151.369791666667,6153.51416015625,768.8004150390625,0.0,998.802001953125,639233.25
2026-05-18T19:13:25,0,4,4,1,22,74816,22,True,2.941176470588235e-09,,,,,,6163.522958755493,727.8788983821869,0.0002827644348144531,0.09018445014953613,1.3949615955352783,0.18152332305908203,4.46142578125,0,41.53468750146267,26582.200000936107,,96791840.0,93356904.49594574,0.5,100000000000.0,100000000000.0,100000000000.0,1000000000.0,clip,False,0,22,0,22,,,,,,,,,
2026-05-18T19:13:32,0,4,4,1,23,74816,23,True,3.074866310160428e-09,,,,,,6153.304576873779,727.8788983821869,0.000308990478515625,0.09569501876831055,1.4079244136810303,0.18131542205810547,4.466064691543579,0,41.60366138255783,26626.34328483701,,97073120.0,93431228.80602683,0.5,100000000000.0,100000000000.0,100000000000.0,1000000000.0,clip,False,0,23,0,23,,,,,,,,,
2026-05-18T19:13:38,0,4,4,1,24,74816,24,True,3.2085561497326204e-09,,,,,,6156.389951705933,727.8788983821869,0.00032901763916015625,0.09056210517883301,1.4121720790863037,0.17521977424621582,4.476045370101929,0,41.58281103182272,26612.999060366543,,96462200.0,93491848.22990629,0.5,100000000000.0,100000000000.0,100000000000.0,1000000000.0,clip,False,0,24,0,24,,,,,,,,,
2026-05-18T19:13:44,0,4,4,1,25,74816,25,True,3.3422459893048124e-09,,,,,,6153.648138046265,727.8788983821869,0.0003123283386230469,0.09149479866027832,1.4119703769683838,0.18399667739868164,4.463745832443237,0,41.601338629881106,26624.856723123907,,96753424.0,93557079.74530816,0.5,100000000000.0,100000000000.0,100000000000.0,1000000000.0,clip,False,0,25,0,25,,,,,,,,,
2026-05-18T19:13:50,0,4,4,1,26,74816,26,True,3.4759358288770053e-09,,,,,,6149.847507476807,727.8788983821869,0.00033664703369140625,0.09306526184082031,1.408353328704834,0.175581693649292,4.470599412918091,0,41.62704842498332,26641.310991989325,,97311880.0,93632175.750402,0.5,100000000000.0,100000000000.0,100000000000.0,1000000000.0,clip,False,0,26,0,26,,,,,,,,,
2026-05-18T19:13:56,0,4,4,1,27,74816,27,True,3.6096256684491977e-09,,,,,,6148.073196411133,727.8788983821869,0.00029778480529785156,0.0898749828338623,1.411632776260376,0.1777346134185791,4.466681718826294,0,41.63906183638755,26648.99957528803,,95252928.0,93664590.79539396,0.5,100000000000.0,100000000000.0,100000000000.0,1000000000.0,clip,False,0,27,0,27,,,,,,,,,
2026-05-18T19:14:02,0,4,4,1,28,74816,28,True,3.74331550802139e-09,,,,,,6153.292894363403,727.8788983821869,0.00031113624572753906,0.09459996223449707,1.409466028213501,0.18251776695251465,4.464576005935669,0,41.603740370380144,26626.39383704329,,96178352.0,93714866.01948608,0.5,100000000000.0,100000000000.0,100000000000.0,1000000000.0,clip,False,0,28,0,28,,,,,,,,,
2026-05-18T19:14:08,0,4,4,1,29,74816,29,True,3.8770053475935825e-09,,,,,,6150.432825088501,727.8788983821869,0.00030612945556640625,0.08796429634094238,1.4129664897918701,0.17669177055358887,4.470653295516968,0,41.623086907922826,26638.77562107061,,95945680.0,93759482.29909638,0.5,100000000000.0,100000000000.0,100000000000.0,1000000000.0,clip,False,0,29,0,29,,,,,,,,,
2026-05-18T19:14:15,0,4,4,1,30,74816,30,True,4.010695187165775e-09,,,,,,6147.474050521851,727.8788983821869,0.0003027915954589844,0.08959126472473145,1.4111902713775635,0.17866134643554688,4.465680122375488,0,41.64312006787056,26651.59684343716,,97183760.0,93827967.85311446,0.5,100000000000.0,100000000000.0,100000000000.0,1000000000.0,clip,False,0,30,0,30,,,,,,,,,
2026-05-18T19:14:21,0,4,4,1,31,74816,31,True,4.144385026737968e-09,629.0308227539062,186.94900512695312,0.7204940319061279,439.38323974609375,1.978058099746704,6150.725603103638,727.8788983821869,0.0002892017364501953,0.09004569053649902,1.4139761924743652,0.1736280918121338,4.470840692520142,0,41.62110562546038,26637.507600294644,,95630088.0,93864010.25605217,0.5,100000000000.0,100000000000.0,100000000000.0,1000000000.0,clip,False,0,31,0,31,616.103515625,542.1213989257812,680.8824462890625,6150.972005208333,6155.2275390625,768.8004150390625,0.0,998.8665771484375,639274.625
2026-05-18T19:14:27,0,4,4,1,32,74816,32,True,4.2780748663101606e-09,,,,,,6176.350116729736,727.8788983821869,0.0002875328063964844,0.09171009063720703,1.3935070037841797,0.18150043487548828,4.479175567626953,0,41.448427495484545,26526.99359711011,,95529488.0,93897319.81093113,0.5,100000000000.0,100000000000.0,100000000000.0,1000000000.0,clip,False,0,32,0,32,,,,,,,,,
2026-05-18T19:14:33,0,4,4,1,33,74816,33,True,4.411764705882352e-09,,,,,,6144.547700881958,727.8788983821869,0.00032210350036621094,0.09512114524841309,1.4063751697540283,0.17789697647094727,4.462371826171875,0,41.66295266342468,26664.2897045918,,96741152.0,93954196.45471251,0.5,100000000000.0,100000000000.0,100000000000.0,1000000000.0,clip,False,0,33,0,33,,,,,,,,,
2026-05-18T19:14:39,0,4,4,1,34,74816,34,True,4.545454545454545e-09,,,,,,6149.463176727295,727.8788983821869,0.00032591819763183594,0.08957028388977051,1.4139182567596436,0.17237138748168945,4.471444129943848,0,41.6296500430858,26642.976027574914,,97046824.0,94016049.00561826,0.5,100000000000.0,100000000000.0,100000000000.0,1000000000.0,clip,False,0,34,0,34,,,,,,,,,
2026-05-18T19:14:45,0,4,4,1,35,74816,35,True,4.679144385026738e-09,,,,,,6152.259349822998,727.8788983821869,0.00028133392333984375,0.08928465843200684,1.414766788482666,0.17298579216003418,4.472920656204224,0,41.61072956187473,26630.866919599823,,96501528.0,94065758.58550589,0.5,100000000000.0,100000000000.0,100000000000.0,1000000000.0,clip,False,0,35,0,35,,,,,,,,,
2026-05-18T19:14:52,0,4,4,1,36,74816,36,True,4.81283422459893e-09,,,,,,6148.201942443848,727.8788983821869,0.00029397010803222656,0.08882713317871094,1.4140136241912842,0.1740550994873047,4.469139099121094,0,41.63818989625487,26648.44153360312,,95597888.0,94096401.17379577,0.5,100000000000.0,100000000000.0,100000000000.0,1000000000.0,clip,False,0,36,0,36,,,,,,,,,
2026-05-18T19:14:58,0,4,4,1,37,74816,37,True,4.946524064171123e-09,,,,,,6149.401903152466,727.8788983821869,0.0003123283386230469,0.0896608829498291,1.4138014316558838,0.1713700294494629,4.472304582595825,0,41.63006484724354,26643.241502235865,,94890496.0,94112283.07031986,0.5,100000000000.0,100000000000.0,100000000000.0,1000000000.0,clip,False,0,37,0,37,,,,,,,,,
2026-05-18T19:15:04,0,4,4,1,38,74816,38,True,5.080213903743315e-09,,,,,,6151.693820953369,727.8788983821869,0.00029850006103515625,0.08960890769958496,1.4142050743103027,0.17191863059997559,4.473684787750244,0,41.61455486097746,26633.31511102557,,96836824.0,94166773.88891347,0.5,100000000000.0,100000000000.0,100000000000.0,1000000000.0,clip,False,0,38,0,38,,,,,,,,,
2026-05-18T19:15:10,0,4,4,1,39,74816,39,True,5.213903743315508e-09,,,,,,6150.864362716675,727.8788983821869,0.000347137451171875,0.09243083000183105,1.4088075160980225,0.17414236068725586,4.473211765289307,0,41.620166679619565,26636.906674956525,,97421760.0,94231873.6111352,0.5,100000000000.0,100000000000.0,100000000000.0,1000000000.0,clip,False,0,39,0,39,,,,,,,,,
2026-05-18T19:15:16,0,4,4,1,40,74816,40,True,5.3475935828877e-09,,,,,,6148.185253143311,727.8788983821869,0.00032711029052734375,0.09519553184509277,1.4057719707489014,0.18167638778686523,4.463227272033691,0,41.63830292347126,26648.513871021605,,95397328.0,94255182.6989125,0.5,100000000000.0,100000000000.0,100000000000.0,1000000000.0,clip,False,0,40,0,40,,,,,,,,,
2026-05-18T19:15:22,0,4,4,1,41,74816,41,True,5.481283422459893e-09,617.1770629882812,185.06956481933594,0.719943642616272,429.3919372558594,1.9956034421920776,6150.615215301514,727.8788983821869,0.0003190040588378906,0.09111928939819336,1.4130291938781738,0.17610788345336914,4.468134880065918,0,41.62185261778735,26637.9856753839,,96787872.0,94305836.48493424,0.5,100000000000.0,100000000000.0,100000000000.0,1000000000.0,clip,False,0,41,0,41,644.9625244140625,561.7142944335938,712.2764282226562,6150.124348958333,6153.1103515625,768.8004150390625,0.0,999.0042114257812,639362.75
2026-05-18T19:15:28,0,4,4,1,42,74816,42,True,5.6149732620320855e-09,,,,,,6161.698818206787,727.8788983821869,0.00028967857360839844,0.08937501907348633,1.395439624786377,0.1804337501525879,4.465981483459473,0,41.54698364086912,26590.06953015624,,95900544.0,94337730.63523555,0.5,100000000000.0,100000000000.0,100000000000.0,1000000000.0,clip,False,0,42,0,42,,,,,,,,,
2026-05-18T19:15:35,0,4,4,1,43,74816,43,True,5.748663101604277e-09,,,,,,6146.709442138672,727.8788983821869,0.00030612945556640625,0.08937597274780273,1.4113810062408447,0.17382431030273438,4.469766139984131,0,41.64830018562386,26654.91211879927,,96555600.0,94382088.02253084,0.5,100000000000.0,100000000000.0,100000000000.0,1000000000.0,clip,False,0,43,0,43,,,,,,,,,
2026-05-18T19:15:41,0,4,4,1,44,74816,44,True,5.88235294117647e-09,,,,,,6155.020475387573,727.8788983821869,0.00028228759765625,0.08919048309326172,1.4144859313964844,0.1773054599761963,4.471509695053101,0,41.59206310095663,26618.92038461224,,94829768.0,94391041.62208022,0.5,100000000000.0,100000000000.0,100000000000.0,1000000000.0,clip,False,0,44,0,44,,,,,,,,,
2026-05-18T19:15:47,0,4,4,1,45,74816,45,True,6.016042780748663e-09,,,,,,6151.268482208252,727.8788983821869,0.00031280517578125,0.0898904800415039,1.4138474464416504,0.1827678680419922,4.462467193603516,0,41.61743236219438,26635.1567118044,,96611416.0,94435449.10963862,0.5,100000000000.0,100000000000.0,100000000000.0,1000000000.0,clip,False,0,45,0,45,,,,,,,,,
2026-05-18T19:15:53,0,4,4,1,46,74816,46,True,6.149732620320856e-09,,,,,,6151.431560516357,727.8788983821869,0.00028252601623535156,0.09170889854431152,1.4110898971557617,0.17477869987487793,4.471328973770142,0,41.61632905796502,26634.450597097613,,96316328.0,94473066.68744585,0.5,100000000000.0,100000000000.0,100000000000.0,1000000000.0,clip,False,0,46,0,46,,,,,,,,,
2026-05-18T19:15:59,0,4,4,1,47,74816,47,True,6.283422459893048e-09,,,,,,6148.561000823975,727.8788983821869,0.00030350685119628906,0.09297704696655273,1.4102435111999512,0.18137025833129883,4.461320877075195,0,41.6357583450328,26646.88534082099,,95600176.0,94495608.87369692,0.5,100000000000.0,100000000000.0,100000000000.0,1000000000.0,clip,False,0,47,0,47,,,,,,,,,
2026-05-18T19:16:05,0,4,4,1,48,74816,48,True,6.417112299465241e-09,,,,,,6152.250528335571,727.8788983821869,0.0003209114074707031,0.08897209167480469,1.4146921634674072,0.18047690391540527,4.465700149536133,0,41.610789225980724,26630.90510462766,,96468944.0,94535075.57622297,0.5,100000000000.0,100000000000.0,100000000000.0,1000000000.0,clip,False,0,48,0,48,,,,,,,,,
2026-05-18T19:16:11,0,4,4,1,49,74816,49,True,6.550802139037433e-09,,,,,,6150.211572647095,727.8788983821869,0.0002818107604980469,0.08872199058532715,1.414038896560669,0.16996097564697266,4.475266218185425,0,41.62458428886468,26639.733944873395,,95664432.0,94557662.70469852,0.5,100000000000.0,100000000000.0,100000000000.0,1000000000.0,clip,False,0,49,0,49,,,,,,,,,
2026-05-18T19:16:18,0,4,4,1,50,74816,50,True,6.684491978609625e-09,,,,,,6150.541305541992,727.8788983821869,0.000335693359375,0.08918356895446777,1.4133965969085693,0.17146658897399902,4.473970174789429,0,41.6223527788244,26638.30577844762,,94806176.0,94562632.97060454,0.5,100000000000.0,100000000000.0,100000000000.0,1000000000.0,clip,False,0,50,0,50,,,,,,,,,
2026-05-18T19:16:24,0,4,4,1,51,74816,51,True,6.818181818181818e-09,647.1396484375,194.53073120117188,0.7207729816436768,449.91461181640625,1.9735108613967896,6150.181293487549,727.8788983821869,0.00036597251892089844,0.0919654369354248,1.4110233783721924,0.17771482467651367,4.467314720153809,0,41.6247892189909,26639.865100154173,,95831632.0,94588012.95119245,0.5,100000000000.0,100000000000.0,100000000000.0,1000000000.0,clip,False,0,51,0,51,638.0814615885416,576.5716552734375,721.7869262695312,6150.464192708333,6153.8037109375,768.8004150390625,0.0,998.9490966796875,639327.4375
2026-05-18T19:16:30,0,4,4,1,52,74816,52,True,6.9518716577540105e-09,,,,,,6160.995721817017,727.8788983821869,0.00028896331787109375,0.09059882164001465,1.3949811458587646,0.17500925064086914,4.468643665313721,0,41.55172500663575,26593.10400424688,,95770168.0,94611656.05216861,0.5,100000000000.0,100000000000.0,100000000000.0,1000000000.0,clip,False,0,52,0,52,,,,,,,,,
2026-05-18T19:16:36,0,4,4,1,53,74816,53,True,7.085561497326203e-09,,,,,,6149.052619934082,727.8788983821869,0.0003066062927246094,0.0918428897857666,1.4099857807159424,0.17136192321777344,4.473532438278198,0,41.632429550219776,26644.754912140656,,94406568.0,94607554.29112524,0.5,100000000000.0,100000000000.0,100000000000.0,1000000000.0,clip,False,0,53,0,53,,,,,,,,,
2026-05-18T19:16:42,0,4,4,1,54,74816,54,True,7.219251336898395e-09,,,,,,6151.269912719727,727.8788983821869,0.00031495094299316406,0.09168314933776855,1.4096925258636475,0.18036222457885742,4.4671924114227295,0,41.61742268383277,26635.150517652975,,95468952.0,94624782.24530274,0.5,100000000000.0,100000000000.0,100000000000.0,1000000000.0,clip,False,0,54,0,54,,,,,,,,,
2026-05-18T19:16:48,0,4,4,1,55,74816,55,True,7.352941176470588e-09,,,,,,6147.8331089019775,727.8788983821869,0.00030517578125,0.0905461311340332,1.4117107391357422,0.1746361255645752,4.4687628746032715,0,41.64068794081536,26650.040282121834,,94428672.0,94620860.04039668,0.5,100000000000.0,100000000000.0,100000000000.0,1000000000.0,clip,False,0,55,0,55,,,,,,,,,
2026-05-18T19:16:55,0,4,4,1,56,74816,56,True,7.48663101604278e-09,,,,,,6149.320363998413,727.8788983821869,0.00027942657470703125,0.08866024017333984,1.415536880493164,0.1764218807220459,4.466322422027588,0,41.630616856257525,26643.594788004815,,93425232.0,94596947.47958875,0.5,100000000000.0,100000000000.0,100000000000.0,1000000000.0,clip,False,0,56,0,56,,,,,,,,,
2026-05-18T19:17:01,0,4,4,1,57,74816,57,True,7.620320855614973e-09,,,,,,6151.84211730957,727.8788983821869,0.0003159046173095703,0.09049701690673828,1.4127559661865234,0.17391586303710938,4.472461938858032,0,41.613551700178924,26632.673088114512,,96617720.0,94637362.92999698,0.5,100000000000.0,100000000000.0,100000000000.0,1000000000.0,clip,False,0,57,0,57,,,,,,,,,
2026-05-18T19:17:07,0,4,4,1,58,74816,58,True,7.754010695187165e-09,,,,,,6149.594306945801,727.8788983821869,0.0002980232238769531,0.08975815773010254,1.411414623260498,0.17299699783325195,4.473204135894775,0,41.62876235768186,26642.40790891639,,96380424.0,94672224.15139705,0.5,100000000000.0,100000000000.0,100000000000.0,1000000000.0,clip,False,0,58,0,58,,,,,,,,,
2026-05-18T19:17:13,0,4,4,1,59,74816,59,True,7.887700534759358e-09,,,,,,6148.587942123413,727.8788983821869,0.0003085136413574219,0.0941476821899414,1.4076673984527588,0.1738879680633545,4.4706950187683105,0,41.63557590941612,26646.768582026314,,94942496.0,94677629.5883691,0.5,100000000000.0,100000000000.0,100000000000.0,1000000000.0,clip,False,0,59,0,59,,,,,,,,,
2026-05-18T19:17:19,0,4,4,1,60,74816,60,True,8.02139037433155e-09,,,,,,6150.622129440308,727.8788983821869,0.0003528594970703125,0.08891057968139648,1.4141852855682373,0.17809510231018066,4.467003583908081,0,41.62180582914389,26637.95573065209,,95344072.0,94690958.43660171,0.5,100000000000.0,100000000000.0,100000000000.0,1000000000.0,clip,False,0,60,0,60,,,,,,,,,
2026-05-18T19:17:25,0,4,4,1,61,74816,61,True,8.155080213903743e-09,651.9002075195312,195.08363342285156,0.7189932465553284,454.09149169921875,2.006086587905884,6151.305913925171,727.8788983821869,0.00039577484130859375,0.09331488609313965,1.4100019931793213,0.18652820587158203,4.458535671234131,0,41.61717911321459,26634.994632457336,,94183152.0,94680802.30786969,0.5,100000000000.0,100000000000.0,100000000000.0,1000000000.0,clip,False,0,61,0,61,622.8434244791666,570.582763671875,677.679931640625,6152.172526041667,6167.33642578125,768.8004150390625,0.0,998.671875,639150.0625
2026-05-18T19:17:31,0,4,4,1,62,74816,62,True,8.288770053475936e-09,,,,,,6165.227651596069,727.8788983821869,0.0002944469451904297,0.09326338768005371,1.3918581008911133,0.1733570098876953,4.469033718109131,0,41.52320311054955,26574.84999075171,,95311352.0,94693413.3017123,0.5,100000000000.0,100000000000.0,100000000000.0,1000000000.0,clip,False,0,62,0,62,,,,,,,,,
2026-05-18T19:17:38,0,4,4,1,63,74816,63,True,8.422459893048128e-09,,,,,,6149.575710296631,727.8788983821869,0.00028443336486816406,0.08919763565063477,1.4141478538513184,0.17039084434509277,4.473556756973267,0,41.62888824530816,26642.488476997223,,94217216.0,94683889.35567807,0.5,100000000000.0,100000000000.0,100000000000.0,1000000000.0,clip,False,0,63,0,63,,,,,,,,,
2026-05-18T19:17:44,0,4,4,1,64,74816,64,True,8.556149732620321e-09,,,,,,6151.284694671631,727.8788983821869,0.0002872943878173828,0.09031248092651367,1.4134273529052734,0.17438316345214844,4.470931053161621,0,41.61732267435979,26635.086511590267,,94706400.0,94684339.5685645,0.5,100000000000.0,100000000000.0,100000000000.0,1000000000.0,clip,False,0,64,0,64,,,,,,,,,
2026-05-18T19:17:50,0,4,4,1,65,74816,65,True,8.689839572192513e-09,,,,,,6147.304058074951,727.8788983821869,0.00030350685119628906,0.10100603103637695,1.4008963108062744,0.1747572422027588,4.46844220161438,0,41.64427163216769,26652.33384458732,,93153376.0,94653720.29719321,0.5,100000000000.0,100000000000.0,100000000000.0,1000000000.0,clip,False,0,65,0,65,,,,,,,,,
2026-05-18T19:17:56,0,4,4,1,66,74816,66,True,8.823529411764704e-09,,,,,,6150.024175643921,727.8788983821869,0.0002865791320800781,0.09000229835510254,1.4133391380310059,0.17566967010498047,4.468714714050293,0,41.625852628977064,26640.545682545322,,94022856.0,94641103.01124935,0.5,100000000000.0,100000000000.0,100000000000.0,1000000000.0,clip,False,0,66,0,66,,,,,,,,,
2026-05-18T19:18:02,0,4,4,1,67,74816,67,True,8.9572192513369e-09,,,,,,6149.429798126221,727.8788983821869,0.0002956390380859375,0.09389853477478027,1.4100472927093506,0.17405366897583008,4.469089984893799,0,41.6298760054152,26643.12064346573,,93629128.0,94620863.51102436,0.5,100000000000.0,100000000000.0,100000000000.0,1000000000.0,clip,False,0,67,0,67,,,,,,,,,
2026-05-18T19:18:08,0,4,4,1,68,74816,68,True,9.09090909090909e-09,,,,,,6150.951385498047,727.8788983821869,0.0002903938293457031,0.08868598937988281,1.414811372756958,0.17239594459533691,4.472661018371582,0,41.619577843447956,26636.52981980669,,92758432.0,94583614.88080387,0.5,100000000000.0,100000000000.0,100000000000.0,1000000000.0,clip,False,0,68,0,68,,,,,,,,,
2026-05-18T19:18:15,0,4,4,1,69,74816,69,True,9.224598930481282e-09,,,,,,6148.863315582275,727.8788983821869,0.000316619873046875,0.09008646011352539,1.413754940032959,0.17344331741333008,4.469292640686035,0,41.63371128306789,26645.575221163446,,95296480.0,94597872.1831878,0.5,100000000000.0,100000000000.0,100000000000.0,1000000000.0,clip,False,0,69,0,69,,,,,,,,,
2026-05-18T19:18:21,0,4,4,1,70,74816,70,True,9.358288770053476e-09,,,,,,6150.691032409668,727.8788983821869,0.00029397010803222656,0.09038686752319336,1.413698434829712,0.17876672744750977,4.46558141708374,0,41.62133956185837,26637.657319589354,,93468272.0,94575280.17952403,0.5,100000000000.0,100000000000.0,100000000000.0,1000000000.0,clip,False,0,70,0,70,,,,,,,,,
2026-05-18T19:18:27,0,4,4,1,71,74816,71,True,9.491978609625667e-09,617.8564453125,180.25003051757812,0.7209497690200806,434.8863220214844,1.9991573095321655,6150.889158248901,727.8788983821869,0.0002789497375488281,0.09224510192871094,1.4122974872589111,0.1821146011352539,4.4619855880737305,0,41.61999889994453,26636.799295964498,,93276976.0,94549314.09593354,0.5,100000000000.0,100000000000.0,100000000000.0,1000000000.0,clip,False,0,71,0,71,625.7650960286459,551.9337768554688,688.9147338867188,6150.05078125,6155.00830078125,768.8004150390625,0.0,999.0166015625,639370.625
2026-05-18T19:18:33,0,4,4,1,72,74816,72,True,9.62566844919786e-09,,,,,,6159.290075302124,727.8788983821869,0.00027108192443847656,0.09084343910217285,1.394359827041626,0.17925739288330078,4.464282751083374,0,41.56323161763781,26600.468235288197,,93895952.0,94536246.85401487,0.5,100000000000.0,100000000000.0,100000000000.0,1000000000.0,clip,False,0,72,0,72,,,,,,,,,
2026-05-18T19:18:39,0,4,4,1,73,74816,73,True,9.759358288770054e-09,,,,,,6154.873847961426,727.8788983821869,0.0003223419189453125,0.09092307090759277,1.4127585887908936,0.17852783203125,4.470456123352051,0,41.59305394777353,26619.554526575055,,92776712.0,94501056.15693457,0.5,100000000000.0,100000000000.0,100000000000.0,1000000000.0,clip,False,0,73,0,73,,,,,,,,,
2026-05-18T19:18:45,0,4,4,1,74,74816,74,True,9.893048128342245e-09,,,,,,6146.384716033936,727.8788983821869,0.0004246234893798828,0.09489321708679199,1.4029974937438965,0.17365288734436035,4.471890687942505,0,41.65050055070236,26656.32035244951,,92730248.0,94465639.99379589,0.5,100000000000.0,100000000000.0,100000000000.0,1000000000.0,clip,False,0,74,0,74,,,,,,,,,
2026-05-18T19:18:51,0,4,4,1,75,74816,75,True,1.0026737967914437e-08,,,,,,6149.464845657349,727.8788983821869,0.0003314018249511719,0.09131288528442383,1.4116315841674805,0.19395852088928223,4.449892520904541,0,41.62963874503372,26642.968796821584,,93646296.0,94449253.11391997,0.5,100000000000.0,100000000000.0,100000000000.0,1000000000.0,clip,False,0,75,0,75,,,,,,,,,
2026-05-18T19:18:58,0,4,4,1,76,74816,76,True,1.016042780748663e-08,,,,,,6149.462699890137,727.8788983821869,0.00033354759216308594,0.09088277816772461,1.4124436378479004,0.18080782890319824,4.4630231857299805,0,41.62965327110181,26642.97809350516,,93447704.0,94429222.13164157,0.5,100000000000.0,100000000000.0,100000000000.0,1000000000.0,clip,False,0,76,0,76,,,,,,,,,
2026-05-18T19:19:04,0,4,4,1,77,74816,77,True,1.0294117647058823e-08,,,,,,6150.130987167358,727.8788983821869,0.00031948089599609375,0.09074211120605469,1.4130113124847412,0.18203210830688477,4.461977958679199,0,41.62512969791381,26640.08300666484,,92482904.0,94390295.76900873,0.5,100000000000.0,100000000000.0,100000000000.0,1000000000.0,clip,False,0,77,0,77,,,,,,,,,
2026-05-18T19:19:10,0,4,4,1,78,74816,78,True,1.0427807486631017e-08,,,,,,6150.694131851196,727.8788983821869,0.00030922889709472656,0.09106898307800293,1.412412166595459,0.17999863624572754,4.464886426925659,0,41.621318588142955,26637.643896411493,,92734624.0,94357182.33362855,0.5,100000000000.0,100000000000.0,100000000000.0,1000000000.0,clip,False,0,78,0,78,,,,,,,,,
2026-05-18T19:19:16,0,4,4,1,79,74816,79,True,1.0561497326203208e-08,,,,,,6161.694049835205,727.8788983821869,0.00029158592224121094,0.09036588668823242,1.4132986068725586,0.18122601509094238,4.474461555480957,0,41.5470157929777,26590.09010750573,,94295080.0,94355940.28695598,0.5,100000000000.0,100000000000.0,100000000000.0,1000000000.0,clip,False,0,79,0,79,,,,,,,,,
2026-05-18T19:19:22,0,4,4,1,80,74816,80,True,1.06951871657754e-08,,,,,,6149.371862411499,727.8788983821869,0.00027823448181152344,0.08963584899902344,1.4141159057617188,0.1857166290283203,4.457452058792114,0,41.630268217282385,26643.371659060726,,90328096.0,94275383.40121686,0.5,100000000000.0,100000000000.0,100000000000.0,1000000000.0,clip,False,0,80,0,80,,,,,,,,,
2026-05-18T19:19:28,0,4,4,1,81,74816,81,True,1.0828877005347593e-08,657.6516723632812,194.96705627441406,0.7196686863899231,460.01556396484375,1.9494099617004395,6149.698734283447,727.8788983821869,0.0003256797790527344,0.09493088722229004,1.4090144634246826,0.18222975730895996,4.461244344711304,0,41.62805546438344,26641.955497205403,,92621048.0,94242296.69319253,0.5,100000000000.0,100000000000.0,100000000000.0,1000000000.0,clip,False,0,81,0,81,625.7777506510416,560.7505493164062,703.0800170898438,6150.2421875,6155.46484375,768.8004150390625,0.0,998.9851684570312,639350.5
2026-05-18T19:19:35,0,4,4,1,82,74816,82,True,1.0962566844919786e-08,,,,,,6161.90242767334,727.8788983821869,0.0002777576446533203,0.09030413627624512,1.3944416046142578,0.18089509010314941,4.462016344070435,0,41.54561079226023,26589.190907046544,,91450808.0,94186466.91932867,0.5,100000000000.0,100000000000.0,100000000000.0,1000000000.0,clip,False,0,82,0,82,,,,,,,,,
2026-05-18T19:19:41,0,4,4,1,83,74816,83,True,1.1096256684491978e-08,,,,,,6149.684906005859,727.8788983821869,0.0003199577331542969,0.09003996849060059,1.4140143394470215,0.18140554428100586,4.462013483047485,0,41.62814906987953,26642.0154047229,,92333616.0,94149409.9009421,0.5,100000000000.0,100000000000.0,100000000000.0,1000000000.0,clip,False,0,83,0,83,,,,,,,,,
2026-05-18T19:19:47,0,4,4,1,84,74816,84,True,1.1229946524064171e-08,,,,,,6149.2743492126465,727.8788983821869,0.00031113624572753906,0.09600424766540527,1.40665864944458,0.1869347095489502,4.457479953765869,0,41.630928376578005,26643.794161009922,,91769184.0,94101805.38292326,0.5,100000000000.0,100000000000.0,100000000000.0,1000000000.0,clip,False,0,84,0,84,,,,,,,,,
2026-05-18T19:19:53,0,4,4,1,85,74816,85,True,1.1363636363636363e-08,,,,,,6150.607585906982,727.8788983821869,0.00030803680419921875,0.09081625938415527,1.4127979278564453,0.1797924041748047,4.4649457931518555,0,41.62190424675738,26638.018717924726,,92992736.0,94079623.9952648,0.5,100000000000.0,100000000000.0,100000000000.0,1000000000.0,clip,False,0,85,0,85,,,,,,,,,
2026-05-18T19:19:59,0,4,4,1,86,74816,86,True,1.1497326203208554e-08,,,,,,6150.6969928741455,727.8788983821869,0.00030684471130371094,0.09184622764587402,1.4119641780853271,0.18535327911376953,4.459173917770386,0,41.62129922780903,26637.63150579778,,90362544.0,94005282.3953595,0.5,100000000000.0,100000000000.0,100000000000.0,1000000000.0,clip,False,0,86,0,86,,,,,,,,,
2026-05-18T19:20:05,0,4,4,1,87,74816,87,True,1.1631016042780749e-08,,,,,,6150.901317596436,727.8788983821869,0.0003018379211425781,0.09096240997314453,1.4133672714233398,0.1797773838043213,4.464520454406738,0,41.61991662386743,26636.74663927516,,92068928.0,93966555.3074523,0.5,100000000000.0,100000000000.0,100000000000.0,1000000000.0,clip,False,0,87,0,87,,,,,,,,,
2026-05-18T19:20:11,0,4,4,1,88,74816,88,True,1.176470588235294e-08,,,,,,6151.19481086731,727.8788983821869,0.0006849765777587891,0.08971452713012695,1.4133780002593994,0.1794295310974121,4.4660255908966064,0,41.61793080390253,26635.475714497617,,92162400.0,93930472.20130326,0.5,100000000000.0,100000000000.0,100000000000.0,1000000000.0,clip,False,0,88,0,88,,,,,,,,,
2026-05-18T19:20:18,0,4,4,1,89,74816,89,True,1.1898395721925132e-08,,,,,,6149.890184402466,727.8788983821869,0.00031495094299316406,0.1019906997680664,1.401700735092163,0.1884777545928955,4.455398797988892,0,41.62675955568683,26641.126115639574,,91993600.0,93891734.75727719,0.5,100000000000.0,100000000000.0,100000000000.0,1000000000.0,clip,False,0,89,0,89,,,,,,,,,
2026-05-18T19:20:24,0,4,4,1,90,74816,90,True,1.2032085561497326e-08,,,,,,6150.632858276367,727.8788983821869,0.00034499168395996094,0.09341311454772949,1.409538745880127,0.17780351638793945,4.466897249221802,0,41.62173322628472,26637.909264822218,,91290376.0,93839707.58213164,0.5,100000000000.0,100000000000.0,100000000000.0,1000000000.0,clip,False,0,90,0,90,,,,,,,,,
2026-05-18T19:20:30,0,4,4,1,91,74816,91,True,1.2165775401069517e-08,635.4277954101562,204.21934509277344,0.7192925810813904,428.4737548828125,2.015397548675537,6148.08201789856,727.8788983821869,0.0003235340118408203,0.09589767456054688,1.4065461158752441,0.18636679649353027,4.456895351409912,0,41.63900209117605,26648.961338352674,,90509656.0,93773106.55048901,0.5,100000000000.0,100000000000.0,100000000000.0,1000000000.0,clip,False,0,91,0,91,623.5843912760416,548.1868286132812,696.0104370117188,6167.912109375,6582.76025390625,768.8004150390625,0.0,996.307373046875,637636.625
2026-05-18T19:20:36,0,4,4,1,92,74816,92,True,1.2299465240641712e-08,,,,,,6579.257965087891,727.8788983821869,0.000286102294921875,0.0903322696685791,1.3952879905700684,0.1815638542175293,4.4610021114349365,0,38.9101630242249,24902.504335503934,,90333960.0,93704323.61947922,0.5,100000000000.0,100000000000.0,100000000000.0,1000000000.0,clip,False,0,92,0,92,,,,,,,,,
2026-05-18T19:20:43,0,4,4,1,93,74816,93,True,1.2433155080213904e-08,,,,,,6150.008201599121,727.8788983821869,0.00027632713317871094,0.09003257751464844,1.4134118556976318,0.18140697479248047,4.4629011154174805,0,41.625960748058034,26640.614878757144,,92885360.0,93687944.34708965,0.5,100000000000.0,100000000000.0,100000000000.0,1000000000.0,clip,False,0,93,0,93,,,,,,,,,
2026-05-18T19:20:49,0,4,4,1,94,74816,94,True,1.2566844919786095e-08,,,,,,6150.285720825195,727.8788983821869,0.00030303001403808594,0.0942380428314209,1.4098708629608154,0.18680429458618164,4.457053184509277,0,41.62408246061973,26639.41277479663,,89635568.0,93606896.82014786,0.5,100000000000.0,100000000000.0,100000000000.0,1000000000.0,clip,False,0,94,0,94,,,,,,,,,
2026-05-18T19:20:55,0,4,4,1,95,74816,95,True,1.2700534759358288e-08,,,,,,6150.9153842926025,727.8788983821869,0.0003108978271484375,0.09559011459350586,1.4083352088928223,0.18234539031982422,4.462396144866943,0,41.61982144214487,26636.685722972714,,90732376.0,93549406.40374489,0.5,100000000000.0,100000000000.0,100000000000.0,1000000000.0,clip,False,0,95,0,95,,,,,,,,,
2026-05-18T19:21:02,0,4,4,1,96,74816,96,True,1.2834224598930482e-08,,,,,,6754.485845565796,727.8788983821869,0.0003056526184082031,0.09077787399291992,1.4134585857391357,0.17811059951782227,5.069807767868042,0,37.90073824317207,24256.472475630126,,90878384.0,93495985.95567,0.5,100000000000.0,100000000000.0,100000000000.0,1000000000.0,clip,False,0,96,0,96,,,,,,,,,
2026-05-18T19:21:08,0,4,4,1,97,74816,97,True,1.2967914438502673e-08,,,,,,6150.892972946167,727.8788983821869,0.0003209114074707031,0.09225010871887207,1.4123382568359375,0.18145251274108887,4.462649345397949,0,41.61997308780689,26636.78277619641,,90492640.0,93435919.0365566,0.5,100000000000.0,100000000000.0,100000000000.0,1000000000.0,clip,False,0,97,0,97,,,,,,,,,
2026-05-18T19:21:14,0,4,4,1,98,74816,98,True,1.3101604278074867e-08,,,,,,6149.207592010498,727.8788983821869,0.0003185272216796875,0.09562993049621582,1.4075543880462646,0.1852715015411377,4.458331823348999,0,41.63138033144531,26644.083412124997,,90247144.0,93372143.53582546,0.5,100000000000.0,100000000000.0,100000000000.0,1000000000.0,clip,False,0,98,0,98,,,,,,,,,
2026-05-18T19:21:20,0,4,4,1,99,74816,99,True,1.3235294117647058e-08,,,,,,6150.1758098602295,727.8788983821869,0.00033736228942871094,0.09156274795532227,1.4121172428131104,0.17879366874694824,4.465466260910034,0,41.62482633253665,26639.888852823457,,90516408.0,93315028.82510895,0.5,100000000000.0,100000000000.0,100000000000.0,1000000000.0,clip,False,0,99,0,99,,,,,,,,,
2026-05-18T19:21:26,0,4,4,1,100,74816,100,True,1.336898395721925e-08,,,,,,6155.716896057129,727.8788983821869,0.0003097057342529297,0.08838772773742676,1.4147429466247559,0.18127679824829102,4.46895432472229,0,41.58735762588003,26615.90888056322,,90090384.0,93250535.92860678,0.5,100000000000.0,100000000000.0,100000000000.0,1000000000.0,clip,False,0,100,0,100,,,,,,,,,
2026-05-18T19:21:32,0,4,4,1,101,74816,101,True,1.3502673796791445e-08,637.9808959960938,200.0259552001953,0.7195770144462585,435.21783447265625,2.017540693283081,6146.461248397827,727.8788983821869,0.00030875205993652344,0.09019136428833008,1.4070837497711182,0.17988348007202148,4.467099666595459,0,41.64998194151642,26655.988442570513,0.2737076074526479,89970568.0,93184936.57003464,0.5,100000000000.0,100000000000.0,100000000000.0,1000000000.0,clip,False,0,101,0,101,618.3015950520834,552.9642944335938,678.120849609375,6149.111979166667,6151.9765625,768.8004150390625,0.0,999.168701171875,639467.9375
2026-05-18T19:21:39,0,4,4,1,102,74816,102,True,1.3636363636363636e-08,,,,,,6158.003330230713,727.8788983821869,0.00027108192443847656,0.08953475952148438,1.3959681987762451,0.18345403671264648,4.461772918701172,0,41.57191645922816,26606.026533906024,0.2737076074526479,90262088.0,93126479.59863394,0.5,100000000000.0,100000000000.0,100000000000.0,1000000000.0,clip,False,0,102,0,102,,,,,,,,,
2026-05-18T19:21:45,0,4,4,1,103,74816,103,True,1.3770053475935828e-08,,,,,,6145.702362060547,727.8788983821869,0.00030541419982910156,0.09129619598388672,1.4099774360656738,0.18463134765625,4.4575440883636475,0,41.65512498300807,26659.279989125167,0.2737076074526479,90863944.0,93081228.88666126,0.5,100000000000.0,100000000000.0,100000000000.0,1000000000.0,clip,False,0,103,0,103,,,,,,,,,
2026-05-18T19:21:51,0,4,4,1,104,74816,104,True,1.3903743315508021e-08,,,,,,6149.024248123169,727.8788983821869,0.00030040740966796875,0.09148287773132324,1.4096710681915283,0.18859434127807617,4.457003593444824,0,41.63262164369207,26644.877851962923,0.2737076074526479,90259768.0,93024799.66892803,0.5,100000000000.0,100000000000.0,100000000000.0,1000000000.0,clip,False,0,104,0,104,,,,,,,,,
2026-05-18T19:21:57,0,4,4,1,105,74816,105,True,1.4037433155080213e-08,,,,,,6154.004096984863,727.8788983821869,0.0003046989440917969,0.09632229804992676,1.4055790901184082,0.18331217765808105,4.466416358947754,0,41.59893233178484,26623.316692342298,0.2737076074526479,89860824.0,92961520.15554947,0.5,100000000000.0,100000000000.0,100000000000.0,1000000000.0,clip,False,0,105,0,105,,,,,,,,,
2026-05-18T19:22:04,0,4,4,1,106,74816,106,True,1.4171122994652406e-08,,,,,,6796.187400817871,727.8788983821869,0.00029158592224121094,0.09407496452331543,1.4047553539276123,0.18173956871032715,5.112823724746704,0,37.66817848036272,24107.634227432143,0.2737076074526479,88961168.0,92881513.11243847,0.5,100000000000.0,100000000000.0,100000000000.0,1000000000.0,clip,False,0,106,0,106,,,,,,,,,
2026-05-18T19:22:10,0,4,4,1,107,74816,107,True,1.4304812834224599e-08,,,,,,6151.202917098999,727.8788983821869,0.0003261566162109375,0.09239435195922852,1.4089345932006836,0.1890869140625,4.458208084106445,0,41.61787595859925,26635.44061350352,0.2737076074526479,88680096.0,92797484.7701897,0.5,100000000000.0,100000000000.0,100000000000.0,1000000000.0,clip,False,0,107,0,107,,,,,,,,,
2026-05-18T19:22:16,0,4,4,1,108,74816,108,True,1.443850267379679e-08,,,,,,6149.7509479522705,727.8788983821869,0.0003085136413574219,0.09196996688842773,1.4091391563415527,0.18268656730651855,4.463700294494629,0,41.62770202673691,26641.729297111626,0.2737076074526479,88845048.0,92718436.03478591,0.5,100000000000.0,100000000000.0,100000000000.0,1000000000.0,clip,False,0,108,0,108,,,,,,,,,
2026-05-18T19:22:22,0,4,4,1,109,74816,109,True,1.4572192513368982e-08,,,,,,6149.152517318726,727.8788983821869,0.00030422210693359375,0.09033918380737305,1.4119060039520264,0.1785726547241211,4.4659953117370605,0,41.631753201598286,26644.322049022903,0.2737076074526479,88708984.0,92638246.9940902,0.5,100000000000.0,100000000000.0,100000000000.0,1000000000.0,clip,False,0,109,0,109,,,,,,,,,
2026-05-18T19:22:28,0,4,4,1,110,74816,110,True,1.4705882352941176e-08,,,,,,6151.446342468262,727.8788983821869,0.00030040740966796875,0.09093427658081055,1.4130098819732666,0.18037676811218262,4.4648683071136475,0,41.61622905374807,26634.386594398766,0.2737076074526479,87703760.0,92539557.2542084,0.5,100000000000.0,100000000000.0,100000000000.0,1000000000.0,clip,False,0,110,0,110,,,,,,,,,
2026-05-18T19:22:35,0,4,4,1,111,74816,111,True,1.4839572192513369e-08,673.8055419921875,216.14279174804688,0.7220031023025513,454.9400939941406,2.0006752014160156,6151.554584503174,727.8788983821869,0.00032401084899902344,0.09849429130554199,1.4043879508972168,0.17685437202453613,4.469494581222534,0,41.61549677944956,26633.917938847717,0.2737076074526479,88103120.0,92450828.50912423,0.5,100000000000.0,100000000000.0,100000000000.0,1000000000.0,clip,False,0,111,0,111,616.94189453125,543.0492553710938,687.5508422851562,6150.786458333333,6159.6005859375,768.8004150390625,0.0,998.8969116210938,639294.0
2026-05-18T19:22:41,0,4,4,1,112,74816,112,True,1.497326203208556e-08,,,,,,6162.686109542847,727.8788983821869,0.00030994415283203125,0.09195065498352051,1.3933026790618896,0.17664122581481934,4.469050645828247,0,41.540327618436876,26585.8096757996,0.2737076074526479,88126536.0,92364342.65894175,0.5,100000000000.0,100000000000.0,100000000000.0,1000000000.0,clip,False,0,112,0,112,,,,,,,,,
2026-05-18T19:22:47,0,4,4,1,113,74816,113,True,1.5106951871657752e-08,,,,,,6152.992248535156,727.8788983821869,0.0003006458282470703,0.09304618835449219,1.4089365005493164,0.18230557441711426,4.466549396514893,0,41.60577320098948,26627.694848633266,0.2737076074526479,88726832.0,92291592.4457629,0.5,100000000000.0,100000000000.0,100000000000.0,1000000000.0,clip,False,0,113,0,113,,,,,,,,,
2026-05-18T19:22:53,0,4,4,1,114,74816,114,True,1.5240641711229947e-08,,,,,,6145.188331604004,727.8788983821869,0.0003147125244140625,0.09260416030883789,1.408212423324585,0.18629217147827148,4.455788850784302,0,41.65860933560346,26661.509974786215,0.2737076074526479,85670592.0,92159172.43684764,0.5,100000000000.0,100000000000.0,100000000000.0,1000000000.0,clip,False,0,114,0,114,,,,,,,,,
2026-05-18T19:22:59,0,4,4,1,115,74816,115,True,1.537433155080214e-08,,,,,,6147.881269454956,727.8788983821869,0.0003082752227783203,0.09247446060180664,1.4094643592834473,0.18200349807739258,4.461647987365723,0,41.64036174086619,26649.83151415436,0.2737076074526479,87739392.0,92070776.8281107,0.5,100000000000.0,100000000000.0,100000000000.0,1000000000.0,clip,False,0,115,0,115,,,,,,,,,
2026-05-18T19:23:05,0,4,4,1,116,74816,116,True,1.550802139037433e-08,,,,,,6149.498224258423,727.8788983821869,0.0002894401550292969,0.0897829532623291,1.4139502048492432,0.1804349422454834,4.463077068328857,0,41.62941278527996,26642.824182579174,0.2737076074526479,87676296.0,91982887.21154848,0.5,100000000000.0,100000000000.0,100000000000.0,1000000000.0,clip,False,0,116,0,116,,,,,,,,,
2026-05-18T19:23:11,0,4,4,1,117,74816,117,True,1.5641711229946525e-08,,,,,,6150.034427642822,727.8788983821869,0.00028634071350097656,0.09202456474304199,1.4118506908416748,0.18228864669799805,4.461468458175659,0,41.62578323941503,26640.50127322562,0.2737076074526479,87861312.0,91900455.7073175,0.5,100000000000.0,100000000000.0,100000000000.0,1000000000.0,clip,False,0,117,0,117,,,,,,,,,
2026-05-18T19:23:18,0,4,4,1,118,74816,118,True,1.5775401069518716e-08,,,,,,6150.32958984375,727.8788983821869,0.0003159046173095703,0.090484619140625,1.4136652946472168,0.17892217636108398,4.464975595474243,0,41.62378556471861,26639.22276141991,0.2737076074526479,88789280.0,91838232.19317114,0.5,100000000000.0,100000000000.0,100000000000.0,1000000000.0,clip,False,0,118,0,118,,,,,,,,,
2026-05-18T19:23:24,0,4,4,1,119,74816,119,True,1.5909090909090908e-08,,,,,,6151.090145111084,727.8788983821869,0.0003173351287841797,0.0922994613647461,1.4116272926330566,0.1793231964111328,4.46540379524231,0,41.61863896653669,26635.92893858348,0.2737076074526479,83260888.0,91666685.30930772,0.5,100000000000.0,100000000000.0,100000000000.0,1000000000.0,clip,False,0,119,0,119,,,,,,,,,
2026-05-18T19:23:30,0,4,4,1,120,74816,120,True,1.60427807486631e-08,,,,,,6150.69055557251,727.8788983821869,0.0002892017364501953,0.08894634246826172,1.4148223400115967,0.18680024147033691,4.457792043685913,0,41.62134278858569,26637.65938469484,0.2737076074526479,85365064.0,91540652.88312156,0.5,100000000000.0,100000000000.0,100000000000.0,1000000000.0,clip,False,0,120,0,120,,,,,,,,,
2026-05-18T19:23:36,0,4,4,1,121,74816,121,True,1.6176470588235295e-08,623.427978515625,194.488525390625,0.7194581031799316,426.23974609375,1.9802229404449463,6164.003372192383,727.8788983821869,0.0003116130828857422,0.09440064430236816,1.4100754261016846,0.1784532070159912,4.478652000427246,0,41.53145034846845,26580.128223019805,0.2737076074526479,87429784.0,91458435.50545914,0.5,100000000000.0,100000000000.0,100000000000.0,1000000000.0,clip,False,0,121,0,121,604.25439453125,531.1227416992188,651.5750732421875,6160.485677083333,6164.4453125,768.8004150390625,0.0,997.324462890625,638287.625
2026-05-18T19:23:42,0,4,4,1,122,74816,122,True,1.6310160427807486e-08,,,,,,6153.227806091309,727.8788983821869,0.0002925395965576172,0.09436750411987305,1.3908662796020508,0.17789292335510254,4.463353157043457,0,41.60418045088077,26626.675488563695,0.2737076074526479,86282168.0,91354910.15534995,0.5,100000000000.0,100000000000.0,100000000000.0,1000000000.0,clip,False,0,122,0,122,,,,,,,,,
2026-05-18T19:23:48,0,4,4,1,123,74816,123,True,1.6443850267379678e-08,,,,,,6150.64549446106,727.8788983821869,0.0003113746643066406,0.0911104679107666,1.4126121997833252,0.17749834060668945,4.46706485748291,0,41.62164771657541,26637.854538608262,0.2737076074526479,86157864.0,91250969.23224296,0.5,100000000000.0,100000000000.0,100000000000.0,1000000000.0,clip,False,0,123,0,123,,,,,,,,,
2026-05-18T19:23:55,0,4,4,1,124,74816,124,True,1.6577540106951873e-08,,,,,,6149.218797683716,727.8788983821869,0.0002989768981933594,0.09099483489990234,1.4122951030731201,0.1792314052581787,4.464351177215576,0,41.63130446690723,26644.03485882063,0.2737076074526479,85590424.0,91137758.3275981,0.5,100000000000.0,100000000000.0,100000000000.0,1000000000.0,clip,False,0,124,0,124,,,,,,,,,
2026-05-18T19:24:01,0,4,4,1,125,74816,125,True,1.6711229946524064e-08,,,,,,6150.382041931152,727.8788983821869,0.0003135204315185547,0.08969616889953613,1.4143822193145752,0.18323230743408203,4.460715293884277,0,41.62343058604841,26638.99557507098,0.2737076074526479,86556856.0,91046140.28104614,0.5,100000000000.0,100000000000.0,100000000000.0,1000000000.0,clip,False,0,125,0,125,,,,,,,,,
2026-05-18T19:24:07,0,4,4,1,126,74816,126,True,1.6844919786096256e-08,,,,,,6155.144453048706,727.8788983821869,0.0003094673156738281,0.09026408195495605,1.4132230281829834,0.1787738800048828,4.470658302307129,0,41.59122534861072,26618.38422311086,0.2737076074526479,85490960.0,90935036.67542522,0.5,100000000000.0,100000000000.0,100000000000.0,1000000000.0,clip,False,0,126,0,126,,,,,,,,,
2026-05-18T19:24:13,0,4,4,1,127,74816,127,True,1.6978609625668447e-08,,,,,,6146.878957748413,727.8788983821869,0.00028133392333984375,0.0916907787322998,1.407841444015503,0.1854252815246582,4.459623336791992,0,41.647151629250914,26654.17704272059,0.2737076074526479,86260952.0,90841554.98191671,0.5,100000000000.0,100000000000.0,100000000000.0,1000000000.0,clip,False,0,127,0,127,,,,,,,,,
2026-05-18T19:24:19,0,4,4,1,128,74816,128,True,1.7112299465240642e-08,,,,,,6150.2673625946045,727.8788983821869,0.00032258033752441406,0.08942604064941406,1.4142003059387207,0.18117117881774902,4.463046073913574,0,41.62420670635718,26639.492292068593,0.2737076074526479,85844880.0,90741621.48227838,0.5,100000000000.0,100000000000.0,100000000000.0,1000000000.0,clip,False,0,128,0,128,,,,,,,,,
2026-05-18T19:24:25,0,4,4,1,129,74816,129,True,1.7245989304812834e-08,,,,,,6149.680614471436,727.8788983821869,0.0002758502960205078,0.09098100662231445,1.4126489162445068,0.17989349365234375,4.463949918746948,0,41.62817811994667,26642.03399676587,0.2737076074526479,84174256.0,90610274.17263281,0.5,100000000000.0,100000000000.0,100000000000.0,1000000000.0,clip,False,0,129,0,129,,,,,,,,,
2026-05-18T19:24:31,0,4,4,1,130,74816,130,True,1.7379679144385025e-08,,,,,,6150.086164474487,727.8788983821869,0.00031304359436035156,0.09428286552429199,1.409538745880127,0.1779465675354004,4.465970754623413,0,41.62543306771291,26640.277163336264,0.2737076074526479,85666664.0,90511401.96918015,0.5,100000000000.0,100000000000.0,100000000000.0,1000000000.0,clip,False,0,130,0,130,,,,,,,,,
2026-05-18T19:24:38,0,4,4,1,131,74816,131,True,1.7513368983957217e-08,607.0987548828125,198.50881958007812,0.7216031551361084,405.89697265625,1.971347689628601,6150.94780921936,727.8788983821869,0.00029540061950683594,0.0908041000366211,1.4134726524353027,0.17963647842407227,4.464720726013184,0,41.61960204186644,26636.545306794524,0.2737076074526479,86574096.0,90432655.84979655,0.5,100000000000.0,100000000000.0,100000000000.0,1000000000.0,clip,False,0,131,0,131,606.4388834635416,518.0183715820312,685.4642333984375,6151.072265625,6153.2919921875,768.8004150390625,0.0,998.850341796875,639264.125
2026-05-18T19:24:44,0,4,4,1,132,74816,132,True,1.764705882352941e-08,,,,,,6157.293081283569,727.8788983821869,0.00028324127197265625,0.08996033668518066,1.3948235511779785,0.17704248428344727,4.4659483432769775,0,41.57671181483429,26609.095561493945,0.2737076074526479,83844408.0,90300890.89280061,0.5,100000000000.0,100000000000.0,100000000000.0,1000000000.0,clip,False,0,132,0,132,,,,,,,,,
2026-05-18T19:24:50,0,4,4,1,133,74816,133,True,1.7780748663101607e-08,,,,,,6149.952173233032,727.8788983821869,0.00032329559326171875,0.09314918518066406,1.4106931686401367,0.17856931686401367,4.465353727340698,0,41.62633997614012,26640.857584729678,0.2737076074526479,84967528.0,90194223.6349446,0.5,100000000000.0,100000000000.0,100000000000.0,1000000000.0,clip,False,0,133,0,133,,,,,,,,,
2026-05-18T19:24:56,0,4,4,1,134,74816,134,True,1.79144385026738e-08,,,,,,6151.203870773315,727.8788983821869,0.0003337860107421875,0.0903017520904541,1.414426565170288,0.1791701316833496,4.464973449707031,0,41.61786950622013,26635.436483980884,0.2737076074526479,84108736.0,90072513.8822457,0.5,100000000000.0,100000000000.0,100000000000.0,1000000000.0,clip,False,0,134,0,134,,,,,,,,,
2026-05-18T19:25:02,0,4,4,1,135,74816,135,True,1.804812834224599e-08,,,,,,6151.098966598511,727.8788983821869,0.0003445148468017578,0.0931241512298584,1.4097588062286377,0.1797330379486084,4.465685606002808,0,41.618579279917704,26635.890739147333,0.2737076074526479,82765304.0,89926369.68460079,0.5,100000000000.0,100000000000.0,100000000000.0,1000000000.0,clip,False,0,135,0,135,,,,,,,,,
2026-05-18T19:25:08,0,4,4,1,136,74816,136,True,1.818181818181818e-08,,,,,,6148.443222045898,727.8788983821869,0.0003142356872558594,0.09332752227783203,1.4084184169769287,0.17967987060546875,4.464543342590332,0,41.636555914200315,26647.395785088203,0.2737076074526479,84656304.0,89820968.37090877,0.5,100000000000.0,100000000000.0,100000000000.0,1000000000.0,clip,False,0,136,0,136,,,,,,,,,
2026-05-18T19:25:14,0,4,4,1,137,74816,137,True,1.8315508021390373e-08,,,,,,6151.68833732605,727.8788983821869,0.0002968311309814453,0.0935978889465332,1.40971040725708,0.17993903160095215,4.466087818145752,0,41.614591956275106,26633.338852016066,0.2737076074526479,83023080.0,89685010.60349059,0.5,100000000000.0,100000000000.0,100000000000.0,1000000000.0,clip,False,0,137,0,137,,,,,,,,,
2026-05-18T19:25:21,0,4,4,1,138,74816,138,True,1.8449197860962565e-08,,,,,,6149.55735206604,727.8788983821869,0.0003147125244140625,0.09363889694213867,1.4079375267028809,0.17823100090026855,4.467296361923218,0,41.629012519737344,26642.5680126319,0.2737076074526479,84435472.0,89580019.83142078,0.5,100000000000.0,100000000000.0,100000000000.0,1000000000.0,clip,False,0,138,0,138,,,,,,,,,
2026-05-18T19:25:27,0,4,4,1,139,74816,139,True,1.858288770053476e-08,,,,,,6149.792671203613,727.8788983821869,0.0003170967102050781,0.09210443496704102,1.4113109111785889,0.18042373657226562,4.463496685028076,0,41.62741960370782,26641.548546373007,0.2737076074526479,82931792.0,89447055.27479236,0.5,100000000000.0,100000000000.0,100000000000.0,1000000000.0,clip,False,0,139,0,139,,,,,,,,,
2026-05-18T19:25:33,0,4,4,1,140,74816,140,True,1.871657754010695e-08,,,,,,6150.305271148682,727.8788983821869,0.0002987384796142578,0.09005331993103027,1.412740707397461,0.17885637283325195,4.466043472290039,0,41.6239501477928,26639.328094587392,0.2737076074526479,83515392.0,89328422.0092965,0.5,100000000000.0,100000000000.0,100000000000.0,1000000000.0,clip,False,0,140,0,140,,,,,,,,,
2026-05-18T19:25:39,0,4,4,1,141,74816,141,True,1.8850267379679143e-08,587.8515625,188.930419921875,0.721347451210022,396.2256164550781,1.9741933345794678,6150.568008422852,727.8788983821869,0.00028514862060546875,0.09626555442810059,1.408067226409912,0.1775350570678711,4.466307640075684,0,41.62217207409505,26638.19012742083,0.2737076074526479,82924904.0,89200351.64911057,0.5,100000000000.0,100000000000.0,100000000000.0,1000000000.0,clip,False,0,141,0,141,604.5564778645834,510.64654541015625,682.7819213867188,6150.318359375,6162.05078125,768.8004150390625,0.0,998.9729614257812,639342.6875
2026-05-18T19:25:45,0,4,4,1,142,74816,142,True,1.8983957219251334e-08,,,,,,6176.588535308838,727.8788983821869,0.00028443336486816406,0.09165740013122559,1.393355131149292,0.17700934410095215,4.4778077602386475,0,41.44682757100634,26525.969645444056,0.2737076074526479,82198928.0,89060323.17612836,0.5,100000000000.0,100000000000.0,100000000000.0,1000000000.0,clip,False,0,142,0,142,,,,,,,,,
2026-05-18T19:25:51,0,4,4,1,143,74816,143,True,1.911764705882353e-08,,,,,,6154.344320297241,727.8788983821869,0.000308990478515625,0.09123039245605469,1.4128093719482422,0.17920780181884766,4.46868896484375,0,41.59663266738312,26621.8449071252,0.2737076074526479,81404096.0,88907198.63260579,0.5,100000000000.0,100000000000.0,100000000000.0,1000000000.0,clip,False,0,143,0,143,,,,,,,,,
2026-05-18T19:25:58,0,4,4,1,144,74816,144,True,1.925133689839572e-08,,,,,,6145.845890045166,727.8788983821869,0.0002906322479248047,0.09164834022521973,1.4091644287109375,0.18432259559631348,4.458390474319458,0,41.65415218345455,26658.65739741091,0.2737076074526479,82001656.0,88769087.77995367,0.5,100000000000.0,100000000000.0,100000000000.0,1000000000.0,clip,False,0,144,0,144,,,,,,,,,
2026-05-18T19:26:04,0,4,4,1,145,74816,145,True,1.9385026737967916e-08,,,,,,6150.923728942871,727.8788983821869,0.0003161430358886719,0.09250068664550781,1.4114398956298828,0.17877483367919922,4.46584939956665,0,41.61976497861687,26636.649586314797,0.2737076074526479,83126024.0,88656226.5043546,0.5,100000000000.0,100000000000.0,100000000000.0,1000000000.0,clip,False,0,145,0,145,,,,,,,,,
2026-05-18T19:26:10,0,4,4,1,146,74816,146,True,1.9518716577540107e-08,,,,,,6152.867794036865,727.8788983821869,0.0003261566162109375,0.09147834777832031,1.4112422466278076,0.18163108825683594,4.466183662414551,0,41.60661476394891,26628.2334489273,0.2737076074526479,82900848.0,88541118.9342675,0.5,100000000000.0,100000000000.0,100000000000.0,1000000000.0,clip,False,0,146,0,146,,,,,,,,,
2026-05-18T19:26:16,0,4,4,1,147,74816,147,True,1.96524064171123e-08,,,,,,6146.744012832642,727.8788983821869,0.00030994415283203125,0.0914757251739502,1.411815881729126,0.17795062065124512,4.463069915771484,0,41.64806594605946,26654.76220547805,0.2737076074526479,80059904.0,88371494.63558215,0.5,100000000000.0,100000000000.0,100000000000.0,1000000000.0,clip,False,0,147,0,147,,,,,,,,,
2026-05-18T19:26:22,0,4,4,1,148,74816,148,True,1.978609625668449e-08,,,,,,6150.971412658691,727.8788983821869,0.0003142356872558594,0.09176373481750488,1.4122333526611328,0.18026494979858398,4.4642417430877686,0,41.61944233282443,26636.443093007634,0.2737076074526479,79858176.0,88201228.2628705,0.5,100000000000.0,100000000000.0,100000000000.0,1000000000.0,clip,False,0,148,0,148,,,,,,,,,
2026-05-18T19:26:28,0,4,4,1,149,74816,149,True,1.9919786096256682e-08,,,,,,6150.56037902832,727.8788983821869,0.00031495094299316406,0.09397292137145996,1.4094274044036865,0.18587565422058105,4.458594560623169,0,41.62222370385761,26638.22317046887,0.2737076074526479,81465280.0,88066509.29761308,0.5,100000000000.0,100000000000.0,100000000000.0,1000000000.0,clip,False,0,149,0,149,,,,,,,,,
2026-05-18T19:26:34,0,4,4,1,150,74816,150,True,2.0053475935828874e-08,,,,,,6149.0113735198975,727.8788983821869,0.00033092498779296875,0.09829282760620117,1.4049086570739746,0.1834120750427246,4.459950923919678,0,41.632708812743196,26644.933640155647,0.2737076074526479,79298840.0,87891155.91166082,0.5,100000000000.0,100000000000.0,100000000000.0,1000000000.0,clip,False,0,150,0,150,,,,,,,,,
2026-05-18T19:26:41,0,4,4,1,151,74816,151,True,2.018716577540107e-08,580.5653686523438,189.94203186035156,0.7202742099761963,387.9353332519531,1.9677395820617676,6150.43568611145,727.8788983821869,0.00030517578125,0.09053730964660645,1.4130685329437256,0.1814885139465332,4.463155269622803,0,41.62306754594378,26638.763229404023,0.2737076074526479,80936384.0,87752060.47342761,0.5,100000000000.0,100000000000.0,100000000000.0,1000000000.0,clip,False,0,151,0,151,598.2009684244791,523.0301513671875,654.5228881835938,6150.462239583333,6159.45263671875,768.8004150390625,0.0,998.9495849609375,639327.75
2026-05-18T19:26:47,0,4,4,1,152,74816,152,True,2.032085561497326e-08,,,,,,6161.1504554748535,727.8788983821869,0.00028634071350097656,0.09181952476501465,1.3931748867034912,0.18208885192871094,4.460860252380371,0,41.55068145958294,26592.436134133084,0.2737076074526479,79546232.0,87587943.90395905,0.5,100000000000.0,100000000000.0,100000000000.0,1000000000.0,clip,False,0,152,0,152,,,,,,,,,
2026-05-18T19:26:53,0,4,4,1,153,74816,153,True,2.0454545454545455e-08,,,,,,6149.764537811279,727.8788983821869,0.00031065940856933594,0.09875869750976562,1.4045534133911133,0.18369007110595703,4.460512161254883,0,41.6276100371009,26641.670423744577,0.2737076074526479,79763440.0,87431453.82587987,0.5,100000000000.0,100000000000.0,100000000000.0,1000000000.0,clip,False,0,153,0,153,,,,,,,,,
2026-05-18T19:26:59,0,4,4,1,154,74816,154,True,2.0588235294117647e-08,,,,,,6150.211334228516,727.8788983821869,0.0003192424774169922,0.09343218803405762,1.4099633693695068,0.17859649658203125,4.4658379554748535,0,41.62458590247984,26639.734977587097,0.2737076074526479,81817760.0,87319179.94936228,0.5,100000000000.0,100000000000.0,100000000000.0,1000000000.0,clip,False,0,154,0,154,,,,,,,,,
2026-05-18T19:27:05,0,4,4,1,155,74816,155,True,2.0721925133689838e-08,,,,,,6153.018951416016,727.8788983821869,0.00032329559326171875,0.0912013053894043,1.412322759628296,0.17859721183776855,4.468500852584839,0,41.60559264019264,26627.57928972329,0.2737076074526479,79415768.0,87161111.71037503,0.5,100000000000.0,100000000000.0,100000000000.0,1000000000.0,clip,False,0,155,0,155,,,,,,,,,
2026-05-18T19:27:11,0,4,4,1,156,74816,156,True,2.0855614973262033e-08,,,,,,6146.408796310425,727.8788983821869,0.0002827644348144531,0.09229826927185059,1.4081602096557617,0.18174242973327637,4.461942434310913,0,41.65033737321085,26656.215918854945,0.2737076074526479,79356368.0,87005016.83616753,0.5,100000000000.0,100000000000.0,100000000000.0,1000000000.0,clip,False,0,156,0,156,,,,,,,,,
2026-05-18T19:27:18,0,4,4,1,157,74816,157,True,2.0989304812834225e-08,,,,,,6150.283336639404,727.8788983821869,0.00031113624572753906,0.09209656715393066,1.4114372730255127,0.1807713508605957,4.463516473770142,0,41.62409859638788,26639.423101688244,0.2737076074526479,79976368.0,86864443.85944417,0.5,100000000000.0,100000000000.0,100000000000.0,1000000000.0,clip,False,0,157,0,157,,,,,,,,,
2026-05-18T19:27:24,0,4,4,1,158,74816,158,True,2.1122994652406416e-08,,,,,,6149.656295776367,727.8788983821869,0.0003204345703125,0.09074759483337402,1.4128026962280273,0.18808865547180176,4.455617427825928,0,41.628342737759645,26642.13935216617,0.2737076074526479,79027056.0,86707696.10225528,0.5,100000000000.0,100000000000.0,100000000000.0,1000000000.0,clip,False,0,158,0,158,,,,,,,,,
2026-05-18T19:27:30,0,4,4,1,159,74816,159,True,2.1256684491978608e-08,,,,,,6150.717258453369,727.8788983821869,0.00032138824462890625,0.09049677848815918,1.4133806228637695,0.1836397647857666,4.460700035095215,0,41.62116209262602,26637.543739280653,0.2737076074526479,78324928.0,86540040.74021018,0.5,100000000000.0,100000000000.0,100000000000.0,1000000000.0,clip,False,0,159,0,159,,,,,,,,,
2026-05-18T19:27:36,0,4,4,1,160,74816,160,True,2.13903743315508e-08,,,,,,6149.751663208008,727.8788983821869,0.0003154277801513672,0.09416389465332031,1.4087543487548828,0.18652772903442383,4.4579010009765625,0,41.62769718516699,26641.726198506873,0.2737076074526479,78880864.0,86386857.20540597,0.5,100000000000.0,100000000000.0,100000000000.0,1000000000.0,clip,False,0,160,0,160,,,,,,,,,
2026-05-18T19:27:42,0,4,4,1,161,74816,161,True,2.152406417112299e-08,540.7364501953125,168.95950317382812,0.7212720513343811,369.0482177734375,2.007441282272339,6150.524139404297,727.8788983821869,0.0003113746643066406,0.09245824813842773,1.4126973152160645,0.18193888664245605,4.461122512817383,0,41.622468946978984,26638.38012606655,0.2737076074526479,76619304.0,86191506.14129785,0.5,100000000000.0,100000000000.0,100000000000.0,1000000000.0,clip,False,0,161,0,161,567.3617350260416,488.2982482910156,627.2603149414062,6150.458333333333,6156.61865234375,768.8004150390625,0.0,998.9500122070312,639328.0
2026-05-18T19:27:48,0,4,4,1,162,74816,162,True,2.1657754010695186e-08,,,,,,6160.111665725708,727.8788983821869,0.0002930164337158203,0.09285497665405273,1.3919415473937988,0.18016743659973145,4.46335244178772,0,41.55768821925101,26596.92046032065,0.2737076074526479,79512184.0,86057919.69847189,0.5,100000000000.0,100000000000.0,100000000000.0,1000000000.0,clip,False,0,162,0,162,,,,,,,,,
2026-05-18T19:27:54,0,4,4,1,163,74816,163,True,2.179144385026738e-08,,,,,,6151.56102180481,727.8788983821869,0.000286102294921875,0.0970146656036377,1.4065706729888916,0.18387818336486816,4.461738109588623,0,41.61545323090886,26633.890067781675,0.2737076074526479,78255984.0,85901880.98450245,0.5,100000000000.0,100000000000.0,100000000000.0,1000000000.0,clip,False,0,163,0,163,,,,,,,,,
2026-05-18T19:28:01,0,4,4,1,164,74816,164,True,2.1925133689839573e-08,,,,,,6149.41930770874,727.8788983821869,0.000324249267578125,0.09314608573913574,1.410356044769287,0.1833481788635254,4.460243225097656,0,41.62994702265392,26643.16609449851,0.2737076074526479,78006264.0,85743968.6448124,0.5,100000000000.0,100000000000.0,100000000000.0,1000000000.0,clip,False,0,164,0,164,,,,,,,,,
2026-05-18T19:28:07,0,4,4,1,165,74816,165,True,2.2058823529411764e-08,,,,,,6150.447130203247,727.8788983821869,0.0002951622009277344,0.09304141998291016,1.4122164249420166,0.18636536598205566,4.453203916549683,0,41.622990098207744,26638.71366285296,0.2737076074526479,78427328.0,85597635.83191615,0.5,100000000000.0,100000000000.0,100000000000.0,1000000000.0,clip,False,0,165,0,165,,,,,,,,,
2026-05-18T19:28:13,0,4,4,1,166,74816,166,True,2.2192513368983956e-08,,,,,,6149.523496627808,727.8788983821869,0.0003173351287841797,0.09151864051818848,1.411322832107544,0.1792447566986084,4.465137243270874,0,41.6292417030981,26642.714689982786,0.2737076074526479,78566160.0,85457006.31527783,0.5,100000000000.0,100000000000.0,100000000000.0,1000000000.0,clip,False,0,166,0,166,,,,,,,,,
2026-05-18T19:28:19,0,4,4,1,167,74816,167,True,2.2326203208556147e-08,,,,,,6153.226613998413,727.8788983821869,0.0003085136413574219,0.09149813652038574,1.4119105339050293,0.1767873764038086,4.470604181289673,0,41.60418851105002,26626.680647072015,0.2737076074526479,75726432.0,85262394.82897227,0.5,100000000000.0,100000000000.0,100000000000.0,1000000000.0,clip,False,0,167,0,167,,,,,,,,,
2026-05-18T19:28:25,0,4,4,1,168,74816,168,True,2.2459893048128342e-08,,,,,,6147.288084030151,727.8788983821869,0.0003275871276855469,0.09094691276550293,1.410356044769287,0.17742490768432617,4.466220378875732,0,41.64437984695307,26652.403102049968,0.2737076074526479,75834472.0,85073836.37239282,0.5,100000000000.0,100000000000.0,100000000000.0,1000000000.0,clip,False,0,168,0,168,,,,,,,,,
2026-05-18T19:28:31,0,4,4,1,169,74816,169,True,2.2593582887700534e-08,,,,,,6149.204730987549,727.8788983821869,0.00029158592224121094,0.0908668041229248,1.4130704402923584,0.1769256591796875,4.4661054611206055,0,41.63139970115891,26644.095808741702,0.2737076074526479,76603880.0,84904437.24494496,0.5,100000000000.0,100000000000.0,100000000000.0,1000000000.0,clip,False,0,169,0,169,,,,,,,,,
2026-05-18T19:28:37,0,4,4,1,170,74816,170,True,2.2727272727272725e-08,,,,,,6149.192094802856,727.8788983821869,0.00030040740966796875,0.09185481071472168,1.4122247695922852,0.18546080589294434,4.457303762435913,0,41.63148525094294,26644.150560603477,0.2737076074526479,76373072.0,84733809.94004606,0.5,100000000000.0,100000000000.0,100000000000.0,1000000000.0,clip,False,0,170,0,170,,,,,,,,,
2026-05-18T19:28:44,0,4,4,1,171,74816,171,True,2.2860962566844917e-08,596.6995239257812,213.17501831054688,0.7201979160308838,380.8003234863281,2.0039865970611572,6150.742769241333,727.8788983821869,0.00028514862060546875,0.09083724021911621,1.4132592678070068,0.17963600158691406,4.4646711349487305,0,41.62098946491571,26637.433257546054,0.2737076074526479,75068160.0,84540496.94124514,0.5,100000000000.0,100000000000.0,100000000000.0,1000000000.0,clip,False,0,171,0,171,565.9637858072916,514.614013671875,612.7957763671875,6150.322916666667,6153.490234375,768.8004150390625,0.0,998.9720458984375,639342.125
2026-05-18T19:28:50,0,4,4,1,172,74816,172,True,2.299465240641711e-08,,,,,,6160.7825756073,727.8788983821869,0.00028014183044433594,0.08976149559020996,1.3955016136169434,0.17660069465637207,4.465246677398682,0,41.55316258255791,26594.024052837063,0.2737076074526479,75707240.0,84363831.80242023,0.5,100000000000.0,100000000000.0,100000000000.0,1000000000.0,clip,False,0,172,0,172,,,,,,,,,
2026-05-18T19:28:56,0,4,4,1,173,74816,173,True,2.3128342245989307e-08,,,,,,6149.256467819214,727.8788983821869,0.0003173351287841797,0.08980822563171387,1.4142980575561523,0.17858600616455078,4.464261054992676,0,41.63104943495525,26643.87163837136,0.2737076074526479,75068920.0,84177933.56637183,0.5,100000000000.0,100000000000.0,100000000000.0,1000000000.0,clip,False,0,173,0,173,,,,,,,,,
2026-05-18T19:29:02,0,4,4,1,174,74816,174,True,2.3262032085561498e-08,,,,,,6150.044202804565,727.8788983821869,0.0003116130828857422,0.09059810638427734,1.4130752086639404,0.17938566207885742,4.464680194854736,0,41.62571707748994,26640.458929593562,0.2737076074526479,74087368.0,83976122.25504439,0.5,100000000000.0,100000000000.0,100000000000.0,1000000000.0,clip,False,0,174,0,174,,,,,,,,,
2026-05-18T19:29:08,0,4,4,1,175,74816,175,True,2.339572192513369e-08,,,,,,6150.383472442627,727.8788983821869,0.0003082752227783203,0.09548640251159668,1.4085071086883545,0.18279218673706055,4.461313009262085,0,41.62342090489677,26638.98937913393,0.2737076074526479,75062280.0,83797845.40994349,0.5,100000000000.0,100000000000.0,100000000000.0,1000000000.0,clip,False,0,175,0,175,,,,,,,,,
2026-05-18T19:29:14,0,4,4,1,176,74816,176,True,2.352941176470588e-08,,,,,,6150.089502334595,727.8788983821869,0.0002808570861816406,0.0903165340423584,1.4132542610168457,0.1765429973602295,4.467701435089111,0,41.625410476192506,26640.262704763205,0.2737076074526479,73494392.0,83591776.34174462,0.5,100000000000.0,100000000000.0,100000000000.0,1000000000.0,clip,False,0,176,0,176,,,,,,,,,
2026-05-18T19:29:21,0,4,4,1,177,74816,177,True,2.3663101604278073e-08,,,,,,6150.985956192017,727.8788983821869,0.0002925395965576172,0.09047365188598633,1.4124042987823486,0.18111968040466309,4.464723825454712,0,41.619343926853276,26636.380113186096,0.2737076074526479,74524088.0,83410422.57490973,0.5,100000000000.0,100000000000.0,100000000000.0,1000000000.0,clip,False,0,177,0,177,,,,,,,,,
2026-05-18T19:29:27,0,4,4,1,178,74816,178,True,2.3796791443850265e-08,,,,,,6151.60346031189,727.8788983821869,0.0003020763397216797,0.08898782730102539,1.414186716079712,0.18607592582702637,4.459927320480347,0,41.61516613540312,26633.706326657997,0.2737076074526479,73879976.0,83219813.64341153,0.5,100000000000.0,100000000000.0,100000000000.0,1000000000.0,clip,False,0,178,0,178,,,,,,,,,
2026-05-18T19:29:33,0,4,4,1,179,74816,179,True,2.393048128342246e-08,,,,,,6150.233745574951,727.8788983821869,0.00037479400634765625,0.09330940246582031,1.4098875522613525,0.18024778366088867,4.464120864868164,0,41.6244342232017,26639.637902849092,0.2737076074526479,73701304.0,83029443.4505433,0.5,100000000000.0,100000000000.0,100000000000.0,1000000000.0,clip,False,0,179,0,179,,,,,,,,,
2026-05-18T19:29:39,0,4,4,1,180,74816,180,True,2.406417112299465e-08,,,,,,6163.832664489746,727.8788983821869,0.0002980232238769531,0.09206914901733398,1.4112117290496826,0.1800060272216797,4.478286981582642,0,41.532600564391245,26580.864361210395,0.2737076074526479,74867240.0,82866199.38153243,0.5,100000000000.0,100000000000.0,100000000000.0,1000000000.0,clip,False,0,180,0,180,,,,,,,,,
2026-05-18T19:29:45,0,4,4,1,181,74816,181,True,2.4197860962566843e-08,599.643798828125,190.63449096679688,0.7202604413032532,406.2568664550781,2.0321359634399414,6136.0297203063965,727.8788983821869,0.0002961158752441406,0.08968925476074219,1.3989074230194092,0.17798233032226562,4.467271327972412,0,41.72078879487841,26701.304828722183,0.2737076074526479,73833368.0,82685542.75390178,0.5,100000000000.0,100000000000.0,100000000000.0,1000000000.0,clip,False,0,181,0,181,579.659423828125,537.8135375976562,622.4334716796875,6148.453125,6152.53955078125,768.8004150390625,0.0,999.2760009765625,639536.625
2026-05-18T19:29:51,0,4,4,1,182,74816,182,True,2.4331550802139034e-08,,,,,,6158.94889831543,727.8788983821869,0.00028824806213378906,0.09011292457580566,1.3957068920135498,0.176513671875,4.4679858684539795,0,41.56553402643429,26601.94177691795,0.2737076074526479,73268568.0,82497203.25882374,0.5,100000000000.0,100000000000.0,100000000000.0,1000000000.0,clip,False,0,182,0,182,,,,,,,,,
2026-05-18T19:29:57,0,4,4,1,183,74816,183,True,2.446524064171123e-08,,,,,,6149.140357971191,727.8788983821869,0.00031685829162597656,0.09226179122924805,1.409209966659546,0.17654109001159668,4.468851089477539,0,41.63183552448021,26644.374735667334,0.2737076074526479,71037512.0,82268009.43364726,0.5,100000000000.0,100000000000.0,100000000000.0,1000000000.0,clip,False,0,183,0,183,,,,,,,,,
2026-05-18T19:30:04,0,4,4,1,184,74816,184,True,2.4598930481283424e-08,,,,,,6148.926019668579,727.8788983821869,0.00031375885009765625,0.09421873092651367,1.4092986583709717,0.18537664413452148,4.457852363586426,0,41.63328672049922,26645.303501119502,0.2737076074526479,70782976.0,82038308.76497431,0.5,100000000000.0,100000000000.0,100000000000.0,1000000000.0,clip,False,0,184,0,184,,,,,,,,,
2026-05-18T19:30:10,0,4,4,1,185,74816,185,True,2.4732620320855616e-08,,,,,,6150.724411010742,727.8788983821869,0.0002868175506591797,0.09145355224609375,1.4119923114776611,0.1772005558013916,4.467823266983032,0,41.62111369218895,26637.512763000926,0.2737076074526479,72611600.0,81849774.58967483,0.5,100000000000.0,100000000000.0,100000000000.0,1000000000.0,clip,False,0,185,0,185,,,,,,,,,
2026-05-18T19:30:16,0,4,4,1,186,74816,186,True,2.4866310160427807e-08,,,,,,6151.9269943237305,727.8788983821869,0.00029158592224121094,0.09093379974365234,1.4125733375549316,0.17712712287902832,4.469181776046753,0,41.61297756559961,26632.30564198375,0.2737076074526479,72841224.0,81669603.57788134,0.5,100000000000.0,100000000000.0,100000000000.0,1000000000.0,clip,False,0,186,0,186,,,,,,,,,
2026-05-18T19:30:22,0,4,4,1,187,74816,187,True,2.5e-08,,,,,,6151.113033294678,727.8788983821869,0.00034332275390625,0.09649205207824707,1.4048683643341064,0.17969417572021484,4.467693328857422,0,41.618484104311854,26635.829826759586,0.2737076074526479,70788320.0,81451977.90632372,0.5,100000000000.0,100000000000.0,100000000000.0,1000000000.0,clip,False,0,187,0,187,,,,,,,,,
2026-05-18T19:30:28,0,4,4,1,188,74816,188,True,2.513368983957219e-08,,,,,,6146.391153335571,727.8788983821869,0.00030159950256347656,0.0923764705657959,1.4097721576690674,0.1831047534942627,4.458966255187988,0,41.65045692887149,26656.292434477757,0.2737076074526479,69961304.0,81222164.42819723,0.5,100000000000.0,100000000000.0,100000000000.0,1000000000.0,clip,False,0,188,0,188,,,,,,,,,
2026-05-18T19:30:34,0,4,4,1,189,74816,189,True,2.5267379679144382e-08,,,,,,6152.733087539673,727.8788983821869,0.0002894401550292969,0.09032940864562988,1.4139657020568848,0.18195867538452148,4.464254379272461,0,41.6075256894279,26628.81644123386,0.2737076074526479,71796080.0,81033642.73963328,0.5,100000000000.0,100000000000.0,100000000000.0,1000000000.0,clip,False,0,189,0,189,,,,,,,,,
2026-05-18T19:30:41,0,4,4,1,190,74816,190,True,2.5401069518716577e-08,,,,,,6146.68345451355,727.8788983821869,0.0002834796905517578,0.09035873413085938,1.4101932048797607,0.17904996871948242,4.464911222457886,0,41.6484762708933,26655.024813371707,0.2737076074526479,70755848.0,80828086.84484062,0.5,100000000000.0,100000000000.0,100000000000.0,1000000000.0,clip,False,0,190,0,190,,,,,,,,,
2026-05-18T19:30:47,0,4,4,1,191,74816,191,True,2.553475935828877e-08,491.9176940917969,165.21485900878906,0.7210825681686401,323.97406005859375,2.0076873302459717,6151.90577507019,727.8788983821869,0.0002892017364501953,0.09067726135253906,1.4132027626037598,0.18156194686889648,4.464285373687744,0,41.6131210977592,26632.397502565887,0.2737076074526479,69595128.0,80603427.6679438,0.5,100000000000.0,100000000000.0,100000000000.0,1000000000.0,clip,False,0,191,0,191,549.2158610026041,488.6321716308594,628.562744140625,6151.795572916667,6155.37255859375,768.8004150390625,0.0,998.73291015625,639189.0
2026-05-18T19:30:53,0,4,4,1,192,74816,192,True,2.5668449197860963e-08,,,,,,6274.539470672607,727.8788983821869,0.0002777576446533203,0.09067916870117188,1.3942651748657227,0.18102788925170898,4.578840970993042,0,40.79980709286346,26111.876539432615,0.2737076074526479,71075312.0,80412865.35458492,0.5,100000000000.0,100000000000.0,100000000000.0,1000000000.0,clip,False,0,192,0,192,,,,,,,,,
2026-05-18T19:30:59,0,4,4,1,193,74816,193,True,2.5802139037433155e-08,,,,,,6142.944097518921,727.8788983821869,0.0003151893615722656,0.09117317199707031,1.4121778011322021,0.1762373447418213,4.4610371589660645,0,41.673828694517354,26671.250364491105,0.2737076074526479,68910592.0,80182819.88749322,0.5,100000000000.0,100000000000.0,100000000000.0,1000000000.0,clip,False,0,193,0,193,,,,,,,,,
2026-05-18T19:31:05,0,4,4,1,194,74816,194,True,2.5935828877005347e-08,,,,,,6153.324365615845,727.8788983821869,0.0003180503845214844,0.09204316139221191,1.4102580547332764,0.18224763870239258,4.465716361999512,0,41.60352758754311,26626.25765602759,0.2737076074526479,68309240.0,79945348.28974335,0.5,100000000000.0,100000000000.0,100000000000.0,1000000000.0,clip,False,0,194,0,194,,,,,,,,,
2026-05-18T19:31:11,0,4,4,1,195,74816,195,True,2.6069518716577538e-08,,,,,,6147.168159484863,727.8788983821869,0.0003387928009033203,0.0933389663696289,1.4099652767181396,0.17748737335205078,4.46396803855896,0,41.64519228337703,26652.9230613613,0.2737076074526479,68967104.0,79725783.40394849,0.5,100000000000.0,100000000000.0,100000000000.0,1000000000.0,clip,False,0,195,0,195,,,,,,,,,
2026-05-18T19:31:18,0,4,4,1,196,74816,196,True,2.6203208556149733e-08,,,,,,6150.852918624878,727.8788983821869,0.0003190040588378906,0.08997654914855957,1.4138319492340088,0.17633461952209473,4.4684157371521,0,41.62024411684891,26636.9562347833,0.2737076074526479,70380296.0,79538873.65586951,0.5,100000000000.0,100000000000.0,100000000000.0,1000000000.0,clip,False,0,196,0,196,,,,,,,,,
2026-05-18T19:31:24,0,4,4,1,197,74816,197,True,2.6336898395721925e-08,,,,,,6238.039255142212,727.8788983821869,0.0002956390380859375,0.09152936935424805,1.4110615253448486,0.1760997772216797,4.556955099105835,0,41.03853623379673,26264.663189629904,0.2737076074526479,68922392.0,79326544.02275212,0.5,100000000000.0,100000000000.0,100000000000.0,1000000000.0,clip,False,0,197,0,197,,,,,,,,,
2026-05-18T19:31:30,0,4,4,1,198,74816,198,True,2.6470588235294116e-08,,,,,,6146.553516387939,727.8788983821869,0.00029158592224121094,0.09037327766418457,1.4098784923553467,0.18115448951721191,4.462990045547485,0,41.6493567195751,26655.588300528067,0.2737076074526479,68962104.0,79119255.22229707,0.5,100000000000.0,100000000000.0,100000000000.0,1000000000.0,clip,False,0,198,0,198,,,,,,,,,
2026-05-18T19:31:36,0,4,4,1,199,74816,199,True,2.6604278074866308e-08,,,,,,6437.538146972656,727.8788983821869,0.0002598762512207031,0.09242081642150879,1.4115607738494873,0.17954659461975098,4.751758575439453,0,39.76675464368124,25450.722971955995,0.2737076074526479,67420672.0,78885283.55785112,0.5,100000000000.0,100000000000.0,100000000000.0,1000000000.0,clip,False,0,199,0,199,,,,,,,,,
2026-05-18T19:31:43,0,4,4,1,200,74816,200,True,2.67379679144385e-08,,,,,,6150.251865386963,727.8788983821869,0.0002968311309814453,0.09103107452392578,1.412553310394287,0.1804821491241455,4.463897466659546,0,41.6243115896999,26639.559417407938,0.2737076074526479,66436436.0,78636306.6066941,0.5,100000000000.0,100000000000.0,100000000000.0,1000000000.0,clip,False,0,200,0,200,,,,,,,,,
2026-05-18T19:31:49,0,4,4,1,201,74816,201,True,2.687165775401069e-08,581.8743286132812,197.2463836669922,0.719290554523468,381.91729736328125,1.9914169311523438,6151.7462730407715,727.8788983821869,0.0003190040588378906,0.09807062149047852,1.4053981304168701,0.1831047534942627,4.462963342666626,0,41.6142000397329,26633.088025429057,0.2736840929677172,66018268.0,78383945.83456022,0.5,7863630660.669411,100000000000.0,100000000000.0,1000000000.0,clip,False,0,201,0,201,552.5367024739584,499.5079040527344,603.2661743164062,6150.046223958333,6153.0234375,768.8004150390625,0.0,999.016845703125,639370.875
2026-05-18T19:31:55,0,4,4,1,202,74816,202,True,2.700534759358289e-08,,,,,,6158.548831939697,727.8788983821869,0.0002963542938232422,0.09447503089904785,1.390763759613037,0.17919540405273438,4.464609861373901,0,41.56823417106367,26603.669869480753,0.2736840929677172,66378120.0,78143829.31786902,0.5,7838394583.456021,100000000000.0,100000000000.0,1000000000.0,clip,False,0,202,0,202,,,,,,,,,
2026-05-18T19:32:01,0,4,4,1,203,74816,203,True,2.713903743315508e-08,,,,,,6151.10969543457,727.8788983821869,0.00029730796813964844,0.09133481979370117,1.4116709232330322,0.17754173278808594,4.468358278274536,0,41.618506688314525,26635.844280521298,0.2736840929677172,65047664.0,77881906.01151164,0.5,7814382931.786902,100000000000.0,100000000000.0,1000000000.0,clip,False,0,203,0,203,,,,,,,,,
2026-05-18T19:32:07,0,4,4,1,204,74816,204,True,2.7272727272727272e-08,,,,,,6150.747299194336,727.8788983821869,0.0030105113983154297,0.0920872688293457,1.4066753387451172,0.18342161178588867,4.463598012924194,0,41.62095881154677,26637.413639389935,0.2736840929677172,66362900.0,77651525.89128141,0.5,7788190601.151164,100000000000.0,100000000000.0,1000000000.0,clip,False,0,204,0,204,,,,,,,,,
2026-05-18T19:32:13,0,4,4,1,205,74816,205,True,2.7406417112299464e-08,,,,,,6145.5078125,727.8788983821869,0.0002636909484863281,0.09052300453186035,1.409623384475708,0.17833209037780762,4.464832305908203,0,41.65644366756714,26660.12394724297,0.2736840929677172,67577416.0,77450043.69345579,0.5,7765152589.128141,100000000000.0,100000000000.0,1000000000.0,clip,False,0,205,0,205,,,,,,,,,
2026-05-18T19:32:19,0,4,4,1,206,74816,206,True,2.7540106951871656e-08,,,,,,6150.337219238281,727.8788983821869,0.0003135204315185547,0.09037065505981445,1.4142918586730957,0.17939424514770508,4.4640655517578125,0,41.62373393108119,26639.189715891964,0.2736840929677172,64185820.0,77184759.21958667,0.5,7745004369.345578,100000000000.0,100000000000.0,1000000000.0,clip,False,0,206,0,206,,,,,,,,,
2026-05-18T19:32:26,0,4,4,1,207,74816,207,True,2.767379679144385e-08,,,,,,6153.010129928589,727.8788983821869,0.0003292560577392578,0.5451388359069824,0.9581711292266846,0.190596342086792,4.456595182418823,0,41.60565228956825,26627.617465323678,0.2736840929677172,66562800.0,76972320.03519493,0.5,7718475921.958667,100000000000.0,100000000000.0,1000000000.0,clip,False,0,207,0,207,,,,,,,,,
2026-05-18T19:32:32,0,4,4,1,208,74816,208,True,2.7807486631016042e-08,,,,,,6226.667881011963,727.8788983821869,0.00036072731018066406,0.09216833114624023,1.4112601280212402,0.1772596836090088,4.543070554733276,0,41.11348234593728,26312.628701399855,0.2736840929677172,64594580.0,76724765.23449102,0.5,7697232003.519493,100000000000.0,100000000000.0,1000000000.0,clip,False,0,208,0,208,,,,,,,,,
2026-05-18T19:32:38,0,4,4,1,209,74816,209,True,2.7941176470588234e-08,,,,,,6147.817611694336,727.8788983821869,0.00033354759216308594,0.09267425537109375,1.4100019931793213,0.1772000789642334,4.465666770935059,0,41.64079290723241,26650.107460628744,0.2736840929677172,65955304.0,76509376.0098012,0.5,7672476523.449102,100000000000.0,100000000000.0,1000000000.0,clip,False,0,209,0,209,,,,,,,,,
2026-05-18T19:32:44,0,4,4,1,210,74816,210,True,2.8074866310160425e-08,,,,,,6149.734735488892,727.8788983821869,0.0002930164337158203,0.09119772911071777,1.4123480319976807,0.17479228973388672,4.469141960144043,0,41.62781176929065,26641.799532346016,0.2736840929677172,65416528.0,76287519.04960518,0.5,7650937600.98012,100000000000.0,100000000000.0,1000000000.0,clip,False,0,210,0,210,,,,,,,,,
2026-05-18T19:32:50,0,4,4,1,211,74816,211,True,2.8208556149732617e-08,587.0547485351562,200.55972290039062,0.7207695841789246,383.8008117675781,1.9734694957733154,6150.199890136719,727.8788983821869,0.0003292560577392578,0.09052777290344238,1.413705587387085,0.17900967597961426,4.464594125747681,0,41.62466335615461,26639.78454793895,0.2736840929677172,63979412.0,76041356.90861307,0.5,7628751904.960518,100000000000.0,100000000000.0,1000000000.0,clip,False,0,211,0,211,552.7822672526041,493.17620849609375,607.4188232421875,6150.567057291667,6157.41796875,768.8004150390625,0.0,998.9324951171875,639316.8125
2026-05-18T19:32:56,0,4,4,1,212,74816,212,True,2.8342245989304812e-08,,,,,,6159.400939941406,727.8788983821869,0.0002758502960205078,0.09179496765136719,1.3934776782989502,0.17971229553222656,4.4637157917022705,0,41.562483510358284,26599.9894466293,0.2736840929677172,62386404.0,75768257.8504408,0.5,7604135690.861307,100000000000.0,100000000000.0,1000000000.0,clip,False,0,212,0,212,,,,,,,,,
2026-05-18T19:33:03,0,4,4,1,213,74816,213,True,2.8475935828877007e-08,,,,,,6150.809049606323,727.8788983821869,0.0003147125244140625,0.09369635581970215,1.4097120761871338,0.17752313613891602,4.467457294464111,0,41.62054096223082,26637.146215827725,0.2736840929677172,64114820.0,75535189.093432,0.5,7576825785.04408,100000000000.0,100000000000.0,1000000000.0,clip,False,0,213,0,213,,,,,,,,,
2026-05-18T19:33:09,0,4,4,1,214,74816,214,True,2.8609625668449198e-08,,,,,,6153.100490570068,727.8788983821869,0.0003018379211425781,0.09045815467834473,1.4132969379425049,0.17806053161621094,4.469054222106934,0,41.60504129460143,26627.226428544913,0.2736840929677172,62101540.0,75266516.11156335,0.5,7553518909.3432,100000000000.0,100000000000.0,1000000000.0,clip,False,0,214,0,214,,,,,,,,,
2026-05-18T19:33:15,0,4,4,1,215,74816,215,True,2.874331550802139e-08,,,,,,6149.40071105957,727.8788983821869,0.00032210350036621094,0.09129619598388672,1.409325361251831,0.17846274375915527,4.467988729476929,0,41.63007291744532,26643.246667165004,0.2736840929677172,62119232.0,75003570.42933209,0.5,7526651611.156336,100000000000.0,100000000000.0,1000000000.0,clip,False,0,215,0,215,,,,,,,,,
2026-05-18T19:33:21,0,4,4,1,216,74816,216,True,2.887700534759358e-08,,,,,,6149.681806564331,727.8788983821869,0.0003120899200439453,0.09259247779846191,1.4087722301483154,0.18500471115112305,4.461009740829468,0,41.62817005047951,26642.028832306885,0.2736840929677172,62033536.0,74744169.74074546,0.5,7500357042.933209,100000000000.0,100000000000.0,1000000000.0,clip,False,0,216,0,216,,,,,,,,,
2026-05-18T19:33:27,0,4,4,1,217,74816,217,True,2.9010695187165773e-08,,,,,,6149.0888595581055,727.8788983821869,0.00031495094299316406,0.09477615356445312,1.4071681499481201,0.17961955070495605,4.465200901031494,0,41.63218418970726,26644.597881412647,0.2736840929677172,61189772.0,74473081.78593054,0.5,7474416974.074546,100000000000.0,100000000000.0,1000000000.0,clip,False,0,217,0,217,,,,,,,,,
2026-05-18T19:33:33,0,4,4,1,218,74816,218,True,2.9144385026737965e-08,,,,,,6150.143384933472,727.8788983821869,0.0002868175506591797,0.08988308906555176,1.4138078689575195,0.1815180778503418,4.462714910507202,0,41.62504578789902,26640.02930425537,0.2736840929677172,61468856.0,74212997.27021194,0.5,7447308178.593055,100000000000.0,100000000000.0,1000000000.0,clip,False,0,218,0,218,,,,,,,,,
2026-05-18T19:33:39,0,4,4,1,219,74816,219,True,2.927807486631016e-08,,,,,,6151.705265045166,727.8788983821869,0.00031876564025878906,0.09066247940063477,1.4135620594024658,0.17901325225830078,4.466290473937988,0,41.61447744491713,26633.265564746962,0.2736840929677172,60956636.0,73947870.04480769,0.5,7421299727.0211935,100000000000.0,100000000000.0,1000000000.0,clip,False,0,219,0,219,,,,,,,,,
2026-05-18T19:33:46,0,4,4,1,220,74816,220,True,2.941176470588235e-08,,,,,,6147.145748138428,727.8788983821869,0.0002989768981933594,0.09311270713806152,1.408405065536499,0.181992769241333,4.461470603942871,0,41.64534411397775,26653.020232945757,0.2736840929677172,60486212.0,73678636.88391152,0.5,7394787004.480769,100000000000.0,100000000000.0,1000000000.0,clip,False,0,220,0,220,,,,,,,,,
2026-05-18T19:33:52,0,4,4,1,221,74816,221,True,2.9545454545454543e-08,490.5514221191406,165.23561096191406,0.7194839715957642,322.62396240234375,1.9723703861236572,6151.38578414917,727.8788983821869,0.000293731689453125,0.09039640426635742,1.413386344909668,0.17956948280334473,4.465777158737183,0,41.616638751492104,26634.648800954947,0.2736840929677172,60243380.0,73409931.74623328,0.5,7367863688.391152,100000000000.0,100000000000.0,1000000000.0,clip,False,0,221,0,221,530.5683186848959,473.00701904296875,598.6720581054688,6150.180989583333,6153.35546875,768.8004150390625,0.0,998.9950561523438,639356.8125
2026-05-18T19:33:58,0,4,4,1,222,74816,222,True,2.9679144385026738e-08,,,,,,6158.445596694946,727.8788983821869,0.00028967857360839844,0.09080195426940918,1.3943135738372803,0.18203997611999512,4.461764097213745,0,41.56893098761602,26604.115832074254,0.2736840929677172,59943016.0,73140593.43130863,0.5,7340993174.623328,100000000000.0,100000000000.0,1000000000.0,clip,False,0,222,0,222,,,,,,,,,
2026-05-18T19:34:04,0,4,4,1,223,74816,223,True,2.981283422459893e-08,,,,,,6150.4387855529785,727.8788983821869,0.0003292560577392578,0.0929269790649414,1.410219430923462,0.17830777168273926,4.4663145542144775,0,41.623046570486814,26638.74980511156,0.2736840929677172,59706188.0,72871905.32268246,0.5,7314059343.130863,100000000000.0,100000000000.0,1000000000.0,clip,False,0,223,0,223,,,,,,,,,
2026-05-18T19:34:10,0,4,4,1,224,74816,224,True,2.994652406417112e-08,,,,,,6146.586656570435,727.8788983821869,0.0002994537353515625,0.0924525260925293,1.409566879272461,0.17858672142028809,4.463550806045532,0,41.64913216123735,26655.4445831919,0.2736840929677172,58808396.0,72590635.1362288,0.5,7287190532.268246,100000000000.0,100000000000.0,1000000000.0,clip,False,0,224,0,224,,,,,,,,,
2026-05-18T19:34:16,0,4,4,1,225,74816,225,True,3.008021390374331e-08,,,,,,6150.338888168335,727.8788983821869,0.00029397010803222656,0.09067964553833008,1.4125444889068604,0.1774461269378662,4.46757698059082,0,41.62372263624008,26639.182487193655,0.2736840929677172,58940752.0,72317637.47350423,0.5,7259063513.62288,100000000000.0,100000000000.0,1000000000.0,clip,False,0,225,0,225,,,,,,,,,
2026-05-18T19:34:23,0,4,4,1,226,74816,226,True,3.0213903743315504e-08,,,,,,6150.241851806641,727.8788983821869,0.0003414154052734375,0.0912473201751709,1.4127981662750244,0.18052196502685547,4.4632744789123535,0,41.62437936075631,26639.602790884037,0.2736840929677172,58558328.0,72042451.28403415,0.5,7231763747.350423,100000000000.0,100000000000.0,1000000000.0,clip,False,0,226,0,226,,,,,,,,,
2026-05-18T19:34:29,0,4,4,1,227,74816,227,True,3.03475935828877e-08,,,,,,6153.239965438843,727.8788983821869,0.00033211708068847656,0.09193634986877441,1.410888910293579,0.1770014762878418,4.470896482467651,0,41.60409823733281,26626.622871893003,0.2736840929677172,59566752.0,71792937.29835346,0.5,7204245128.403415,100000000000.0,100000000000.0,1000000000.0,clip,False,0,227,0,227,,,,,,,,,
2026-05-18T19:34:35,0,4,4,1,228,74816,228,True,3.0481283422459894e-08,,,,,,6148.996114730835,727.8788983821869,0.00031447410583496094,0.09408164024353027,1.4083523750305176,0.18263816833496094,4.461587190628052,0,41.63281212468388,26644.999759797687,0.2736840929677172,58321928.0,71523517.11238639,0.5,7179293729.835346,100000000000.0,100000000000.0,1000000000.0,clip,False,0,228,0,228,,,,,,,,,
2026-05-18T19:34:41,0,4,4,1,229,74816,229,True,3.0614973262032085e-08,,,,,,6149.392604827881,727.8788983821869,0.0003104209899902344,0.0946950912475586,1.4084980487823486,0.17925190925598145,4.464614152908325,0,41.630127794900375,26643.281788736243,0.2736840929677172,58265348.0,71258353.73013867,0.5,7152351711.238639,100000000000.0,100000000000.0,1000000000.0,clip,False,0,229,0,229,,,,,,,,,
2026-05-18T19:34:47,0,4,4,1,230,74816,230,True,3.074866310160428e-08,,,,,,6152.141332626343,727.8788983821869,0.00029397010803222656,0.0937662124633789,1.4101061820983887,0.17993569374084473,4.466069936752319,0,41.61152778502796,26631.377782417894,0.2736840929677172,58625084.0,71005688.33553591,0.5,7125835373.013867,100000000000.0,100000000000.0,1000000000.0,clip,False,0,230,0,230,,,,,,,,,
2026-05-18T19:34:53,0,4,4,1,231,74816,231,True,3.088235294117647e-08,540.3709716796875,187.83985900878906,0.7186890244483948,349.8008117675781,2.0115838050842285,6146.652698516846,727.8788983821869,0.000301361083984375,0.09265398979187012,1.4083077907562256,0.17726802825927734,4.46619176864624,0,41.64868466731029,26655.15818707859,0.2736840929677172,57755080.0,70740676.1688252,0.5,7100568833.553592,100000000000.0,100000000000.0,1000000000.0,clip,False,0,231,0,231,545.0289713541666,480.7418212890625,627.37109375,6149.13671875,6154.09765625,768.8004150390625,0.0,999.164794921875,639465.4375
2026-05-18T19:34:59,0,4,4,1,232,74816,232,True,3.101604278074866e-08,,,,,,6158.774375915527,727.8788983821869,0.0002810955047607422,0.09570956230163574,1.3894355297088623,0.17694926261901855,4.4657135009765625,0,41.56671187714107,26602.69560137028,0.2736840929677172,56587320.0,70457609.04544869,0.5,7074067616.88252,100000000000.0,100000000000.0,1000000000.0,clip,False,0,232,0,232,,,,,,,,,
2026-05-18T19:35:06,0,4,4,1,233,74816,233,True,3.114973262032086e-08,,,,,,6150.751352310181,727.8788983821869,0.00031685829162597656,0.09155607223510742,1.4118008613586426,0.17887187004089355,4.46630597114563,0,41.62093138488652,26637.39608632737,0.2736840929677172,57402168.0,70196500.22453971,0.5,7045760904.544869,100000000000.0,100000000000.0,1000000000.0,clip,False,0,233,0,233,,,,,,,,,
2026-05-18T19:35:12,0,4,4,1,234,74816,234,True,3.128342245989305e-08,,,,,,6149.306774139404,727.8788983821869,0.00029850006103515625,0.0905768871307373,1.4128313064575195,0.17988252639770508,4.4637837409973145,0,41.63070885918311,26643.65366987719,0.2736840929677172,55297912.0,69898528.46004891,0.5,7019650022.453971,100000000000.0,100000000000.0,1000000000.0,clip,False,0,234,0,234,,,,,,,,,
2026-05-18T19:35:18,0,4,4,1,235,74816,235,True,3.141711229946524e-08,,,,,,6152.008295059204,727.8788983821869,0.000324249267578125,0.0947723388671875,1.4084196090698242,0.18081164360046387,4.465807199478149,0,41.61242763693907,26631.953687641002,0.2736840929677172,54752520.0,69595608.29084794,0.5,6989852846.004891,100000000000.0,100000000000.0,1000000000.0,clip,False,0,235,0,235,,,,,,,,,
2026-05-18T19:35:24,0,4,4,1,236,74816,236,True,3.155080213903743e-08,,,,,,6151.330947875977,727.8788983821869,0.00031495094299316406,0.09199953079223633,1.4121975898742676,0.181685209274292,4.463189125061035,0,41.61700974459771,26634.886236542538,0.2736840929677172,54630644.0,69296309.00503097,0.5,6959560829.084794,100000000000.0,100000000000.0,1000000000.0,clip,False,0,236,0,236,,,,,,,,,
2026-05-18T19:35:30,0,4,4,1,237,74816,237,True,3.1684491978609625e-08,,,,,,6149.929523468018,727.8788983821869,0.0003571510314941406,0.09402585029602051,1.409055233001709,0.18330907821655273,4.460767030715942,0,41.62649328307076,26640.955701165287,0.2736840929677172,54518588.0,69000754.58493036,0.5,6929630900.503098,100000000000.0,100000000000.0,1000000000.0,clip,False,0,237,0,237,,,,,,,,,
2026-05-18T19:35:36,0,4,4,1,238,74816,238,True,3.1818181818181816e-08,,,,,,6147.035598754883,727.8788983821869,0.0002961158752441406,0.0941612720489502,1.408698320388794,0.18298959732055664,4.458914279937744,0,41.646090361320546,26653.49783124515,0.2736840929677172,54150824.0,68703755.97323176,0.5,6900075458.493036,100000000000.0,100000000000.0,1000000000.0,clip,False,0,238,0,238,,,,,,,,,
2026-05-18T19:35:42,0,4,4,1,239,74816,239,True,3.195187165775401e-08,,,,,,6150.097608566284,727.8788983821869,0.0002899169921875,0.09053492546081543,1.4133539199829102,0.18180465698242188,4.462059497833252,0,41.62535561117361,26640.227591151113,0.2736840929677172,53159048.0,68392861.81376714,0.5,6870375597.323176,100000000000.0,100000000000.0,1000000000.0,clip,False,0,239,0,239,,,,,,,,,
2026-05-18T19:35:49,0,4,4,1,240,74816,240,True,3.20855614973262e-08,,,,,,6150.440692901611,727.8788983821869,0.0003223419189453125,0.09202218055725098,1.4113075733184814,0.18487024307250977,4.459825754165649,0,41.6230336625238,26638.741544015236,0.2736840929677172,54011444.0,68105233.45749179,0.5,6839286181.376714,100000000000.0,100000000000.0,1000000000.0,clip,False,0,240,0,240,,,,,,,,,
2026-05-18T19:35:55,0,4,4,1,241,74816,241,True,3.221925133689839e-08,500.1109619140625,167.98753356933594,0.7198016047477722,329.3856506347656,2.01796817779541,6149.6381759643555,727.8788983821869,0.0002963542938232422,0.08960604667663574,1.4136087894439697,0.18084049224853516,4.463051795959473,0,41.62846539501576,26642.217852810085,0.2736840929677172,53774364.0,67818616.06834194,0.5,6810523345.749179,100000000000.0,100000000000.0,1000000000.0,clip,False,0,241,0,241,522.3448893229166,476.903076171875,592.1480712890625,6151.06640625,6155.68701171875,768.8004150390625,0.0,998.8511962890625,639264.8125
2026-05-18T19:36:01,0,4,4,1,242,74816,242,True,3.235294117647059e-08,,,,,,6159.06023979187,727.8788983821869,0.000278472900390625,0.09100651741027832,1.394336223602295,0.18110132217407227,4.46054482460022,0,41.564782618305884,26601.460875715766,0.2736840929677172,54142976.0,67545103.2669751,0.5,6781861606.834194,100000000000.0,100000000000.0,1000000000.0,clip,False,0,242,0,242,,,,,,,,,
2026-05-18T19:36:07,0,4,4,1,243,74816,243,True,3.248663101604278e-08,,,,,,6149.471044540405,727.8788983821869,0.00030541419982910156,0.09763169288635254,1.405562162399292,0.18615293502807617,4.457815885543823,0,41.62959678089398,26642.941939772147,0.2736840929677172,53577656.0,67265754.3216356,0.5,6754510326.697511,100000000000.0,100000000000.0,1000000000.0,clip,False,0,243,0,243,,,,,,,,,
2026-05-18T19:36:13,0,4,4,1,244,74816,244,True,3.262032085561497e-08,,,,,,6150.033235549927,727.8788983821869,0.0003161430358886719,0.09059882164001465,1.4134166240692139,0.1819915771484375,4.461625337600708,0,41.62579130795687,26640.506437092397,0.2736840929677172,53046752.0,66981374.27520289,0.5,6726575432.163561,100000000000.0,100000000000.0,1000000000.0,clip,False,0,244,0,244,,,,,,,,,
2026-05-18T19:36:19,0,4,4,1,245,74816,245,True,3.2754010695187164e-08,,,,,,6149.458885192871,727.8788983821869,0.00030994415283203125,0.09070277214050293,1.4133288860321045,0.1816244125366211,4.461369514465332,0,41.62967909524788,26642.994620958645,0.2736840929677172,50884968.0,66659446.14969883,0.5,6698137427.520289,100000000000.0,100000000000.0,1000000000.0,clip,False,0,245,0,245,,,,,,,,,
2026-05-18T19:36:26,0,4,4,1,246,74816,246,True,3.2887700534759355e-08,,,,,,6150.771141052246,727.8788983821869,0.0003123283386230469,0.09413671493530273,1.4094605445861816,0.1816108226776123,4.4632909297943115,0,41.62079747877023,26637.310386412944,0.2736840929677172,51313892.0,66352535.066704854,0.5,6665944614.969883,100000000000.0,100000000000.0,1000000000.0,clip,False,0,246,0,246,,,,,,,,,
2026-05-18T19:36:32,0,4,4,1,247,74816,247,True,3.302139037433155e-08,,,,,,6150.000333786011,727.8788983821869,0.00031113624572753906,0.0922706127166748,1.411531925201416,0.17867684364318848,4.465144872665405,0,41.62601400094616,26640.648960605537,0.2736840929677172,51964176.0,66064767.88537076,0.5,6635253506.6704855,100000000000.0,100000000000.0,1000000000.0,clip,False,0,247,0,247,,,,,,,,,
2026-05-18T19:36:38,0,4,4,1,248,74816,248,True,3.3155080213903745e-08,,,,,,6150.413751602173,727.8788983821869,0.0003085136413574219,0.08997797966003418,1.4134972095489502,0.18282461166381836,4.461791753768921,0,41.62321598824346,26638.858232475814,0.2736840929677172,50410068.0,65751673.88766334,0.5,6606476788.537076,100000000000.0,100000000000.0,1000000000.0,clip,False,0,248,0,248,,,,,,,,,
2026-05-18T19:36:44,0,4,4,1,249,74816,249,True,3.328877005347593e-08,,,,,,6149.866819381714,727.8788983821869,0.00031065940856933594,0.09496617317199707,1.4088246822357178,0.18045401573181152,4.463449478149414,0,41.626917707095544,26641.227332541148,0.2736840929677172,49474644.0,65426133.28991008,0.5,6575167388.766335,100000000000.0,100000000000.0,1000000000.0,clip,False,0,249,0,249,,,,,,,,,
2026-05-18T19:36:50,0,4,4,1,250,74816,250,True,3.342245989304813e-08,,,,,,6150.569438934326,727.8788983821869,0.00031685829162597656,0.09043455123901367,1.413297176361084,0.18146610260009766,4.463172435760498,0,41.622162393528825,26638.18393185845,0.2736840929677172,49363432.0,65104879.26411188,0.5,6542613328.991008,100000000000.0,100000000000.0,1000000000.0,clip,False,0,250,0,250,,,,,,,,,
2026-05-18T19:36:56,0,4,4,1,251,74816,251,True,3.355614973262032e-08,502.10015869140625,188.3640594482422,0.7180929780006409,311.0002136230469,2.0177767276763916,6150.71964263916,727.8788983821869,0.0003266334533691406,0.09205937385559082,1.4118993282318115,0.19215726852416992,4.452364683151245,0,41.62114595913449,26637.53341384607,0.2736840929677172,48146352.0,64765708.71882964,0.5,6510487926.411188,100000000000.0,100000000000.0,1000000000.0,clip,False,0,251,0,251,520.3386637369791,446.2673034667969,589.9898071289062,6150.311197916667,6153.888671875,768.8004150390625,0.0,998.9739379882812,639343.3125
2026-05-18T19:37:02,0,4,4,1,252,74816,252,True,3.368983957219251e-08,,,,,,6165.472745895386,727.8788983821869,0.0002980232238769531,0.09736442565917969,1.3884897232055664,0.18644404411315918,4.456844329833984,0,41.52155245036643,26573.793568234516,0.2736840929677172,49608352.0,64462561.58445305,0.5,6476570871.882964,100000000000.0,100000000000.0,1000000000.0,clip,False,0,252,0,252,,,,,,,,,
2026-05-18T19:37:09,0,4,4,1,253,74816,253,True,3.38235294117647e-08,,,,,,6146.409273147583,727.8788983821869,0.00029540061950683594,0.09073519706726074,1.4104254245758057,0.1996011734008789,4.443241119384766,0,41.650334141986306,26656.213850871234,0.2736840929677172,47146624.0,64116242.832763985,0.5,6446256158.445305,100000000000.0,100000000000.0,1000000000.0,clip,False,0,253,0,253,,,,,,,,,
2026-05-18T19:37:15,0,4,4,1,254,74816,254,True,3.3957219251336895e-08,,,,,,6150.091648101807,727.8788983821869,0.0003294944763183594,0.08992862701416016,1.4137423038482666,0.18052959442138672,4.463621139526367,0,41.625395953085196,26640.253409974524,0.2736840929677172,49612916.0,63826176.29610871,0.5,6411624283.276399,100000000000.0,100000000000.0,1000000000.0,clip,False,0,254,0,254,,,,,,,,,
2026-05-18T19:37:21,0,4,4,1,255,74816,255,True,3.4090909090909086e-08,,,,,,6149.832248687744,727.8788983821869,0.0003135204315185547,0.09100580215454102,1.4129905700683594,0.18296194076538086,4.460481643676758,0,41.627151708833274,26641.377093653296,0.2736840929677172,49165924.0,63532971.25018654,0.5,6382617629.61087,100000000000.0,100000000000.0,1000000000.0,clip,False,0,255,0,255,,,,,,,,,
2026-05-18T19:37:27,0,4,4,1,256,74816,256,True,3.4224598930481285e-08,,,,,,6149.821996688843,727.8788983821869,0.0003306865692138672,0.09052133560180664,1.4131782054901123,0.18109488487243652,4.462679862976074,0,41.62722110295782,26641.421505893006,0.2736840929677172,46894376.0,63200199.34518281,0.5,6353297125.018654,100000000000.0,100000000000.0,1000000000.0,clip,False,0,256,0,256,,,,,,,,,
2026-05-18T19:37:33,0,4,4,1,257,74816,257,True,3.4358288770053476e-08,,,,,,6150.654315948486,727.8788983821869,0.00031566619873046875,0.09055280685424805,1.413358211517334,0.17711329460144043,4.467294454574585,0,41.62158802132623,26637.81633364879,0.2736840929677172,48409764.0,62904390.638279155,0.5,6320019934.518281,100000000000.0,100000000000.0,1000000000.0,clip,False,0,257,0,257,,,,,,,,,
2026-05-18T19:37:39,0,4,4,1,258,74816,258,True,3.449197860962567e-08,,,,,,6152.427911758423,727.8788983821869,0.000293731689453125,0.09115743637084961,1.4120240211486816,0.18158340454101562,4.465219259262085,0,41.60958952655697,26630.137296996458,0.2736840929677172,48239144.0,62611085.705513574,0.5,6290439063.827915,100000000000.0,100000000000.0,1000000000.0,clip,False,0,258,0,258,,,,,,,,,
2026-05-18T19:37:45,0,4,4,1,259,74816,259,True,3.462566844919786e-08,,,,,,6150.238275527954,727.8788983821869,0.00031185150146484375,0.09392762184143066,1.4068984985351562,0.18344640731811523,4.463631868362427,0,41.62440356475851,26639.618281445448,0.2736840929677172,45013156.0,62259127.1114033,0.5,6261108570.551357,100000000000.0,100000000000.0,1000000000.0,clip,False,0,259,0,259,,,,,,,,,
2026-05-18T19:37:52,0,4,4,1,260,74816,260,True,3.475935828877005e-08,,,,,,6149.914979934692,727.8788983821869,0.0003142356872558594,0.09241461753845215,1.4089837074279785,0.18334078788757324,4.4629199504852295,0,41.62659172285314,26641.01870262601,0.2736840929677172,45055440.0,61915053.36917524,0.5,6225912711.14033,100000000000.0,100000000000.0,1000000000.0,clip,False,0,260,0,260,,,,,,,,,
2026-05-18T19:37:58,0,4,4,1,261,74816,261,True,3.489304812834225e-08,577.8218994140625,215.60531616210938,0.7201812267303467,359.5608215332031,1.9355770349502563,6150.518178939819,727.8788983821869,0.00030517578125,0.0917055606842041,1.410726547241211,0.18505024909973145,4.460734605789185,0,41.62250928329544,26638.405941309084,0.2736840929677172,46434240.0,61605437.10179174,0.5,6191505336.917524,100000000000.0,100000000000.0,1000000000.0,clip,False,0,261,0,261,522.0421956380209,457.58673095703125,594.9293823242188,6150.477864583333,6155.04296875,768.8004150390625,0.0,998.94677734375,639326.0
2026-05-18T19:38:04,0,4,4,1,262,74816,262,True,3.5026737967914434e-08,,,,,,6156.553030014038,727.8788983821869,0.0003304481506347656,0.09361624717712402,1.3916957378387451,0.18253254890441895,4.462075471878052,0,41.581709562471886,26612.29411998201,0.2736840929677172,46431572.0,61301959.7997559,0.5,6160543710.179174,100000000000.0,100000000000.0,1000000000.0,clip,False,0,262,0,262,,,,,,,,,
2026-05-18T19:38:10,0,4,4,1,263,74816,263,True,3.516042780748663e-08,,,,,,6150.747776031494,727.8788983821869,0.00031304359436035156,0.09388613700866699,1.407489538192749,0.18900251388549805,4.458113193511963,0,41.620955584878985,26637.41157432255,0.2736840929677172,44481168.0,60965543.96376078,0.5,6130195979.97559,100000000000.0,100000000000.0,1000000000.0,clip,False,0,263,0,263,,,,,,,,,
2026-05-18T19:38:16,0,4,4,1,264,74816,264,True,3.529411764705882e-08,,,,,,6149.310350418091,727.8788983821869,0.00030231475830078125,0.09396982192993164,1.4073679447174072,0.18497920036315918,4.460745096206665,0,41.630684647847474,26643.638174622385,0.2736840929677172,45840460.0,60663042.28448556,0.5,6096554396.376078,100000000000.0,100000000000.0,1000000000.0,clip,False,0,264,0,264,,,,,,,,,
2026-05-18T19:38:22,0,4,4,1,265,74816,265,True,3.5427807486631015e-08,,,,,,6151.228427886963,727.8788983821869,0.0003006458282470703,0.09285998344421387,1.4091205596923828,0.18236899375915527,4.464698076248169,0,41.61770335814691,26635.330149214024,0.2736840929677172,45073684.0,60351255.11879585,0.5,6066304228.448556,100000000000.0,100000000000.0,1000000000.0,clip,False,0,265,0,265,,,,,,,,,
2026-05-18T19:38:29,0,4,4,1,266,74816,266,True,3.5561497326203214e-08,,,,,,6150.61092376709,727.8788983821869,0.0003285408020019531,0.09244346618652344,1.4093456268310547,0.19545483589172363,4.451114654541016,0,41.621881659067235,26638.004261803027,0.2736840929677172,43446788.0,60013165.77641993,0.5,6035125511.879585,100000000000.0,100000000000.0,1000000000.0,clip,False,0,266,0,266,,,,,,,,,
2026-05-18T19:38:35,0,4,4,1,267,74816,267,True,3.56951871657754e-08,,,,,,6154.124975204468,727.8788983821869,0.00035500526428222656,0.09742045402526855,1.4034898281097412,0.18087315559387207,4.469620943069458,0,41.5981152530128,26622.793761928195,0.2736840929677172,43656048.0,59686023.42089153,0.5,6001316577.641993,100000000000.0,100000000000.0,1000000000.0,clip,False,0,267,0,267,,,,,,,,,
2026-05-18T19:38:41,0,4,4,1,268,74816,268,True,3.58288770053476e-08,,,,,,6142.280101776123,727.8788983821869,0.00031948089599609375,0.0937960147857666,1.4054534435272217,0.1867058277130127,4.453834295272827,0,41.678333738960255,26674.133592934562,0.2736840929677172,43647636.0,59365255.6724737,0.5,5968602342.089153,100000000000.0,100000000000.0,1000000000.0,clip,False,0,268,0,268,,,,,,,,,
2026-05-18T19:38:47,0,4,4,1,269,74816,269,True,3.596256684491978e-08,,,,,,6150.764465332031,727.8788983821869,0.00031757354736328125,0.10821938514709473,1.3949806690216064,0.18432831764221191,4.460904836654663,0,41.62084265182158,26637.339297165814,0.2736840929677172,44574280.0,59069436.15902422,0.5,5936525567.24737,100000000000.0,100000000000.0,1000000000.0,clip,False,0,269,0,269,,,,,,,,,
2026-05-18T19:38:53,0,4,4,1,270,74816,270,True,3.609625668449198e-08,,,,,,6150.904417037964,727.8788983821869,0.00029277801513671875,0.09119915962219238,1.4107880592346191,0.179426908493042,4.467265605926514,0,41.619895651586084,26636.733217015095,0.2736840929677172,42487884.0,58737805.115843736,0.5,5906943615.902422,100000000000.0,100000000000.0,1000000000.0,clip,False,0,270,0,270,,,,,,,,,
2026-05-18T19:38:59,0,4,4,1,271,74816,271,True,3.6229946524064165e-08,519.6889038085938,195.96861267089844,0.7193619608879089,320.9994812011719,2.001469612121582,6152.0538330078125,727.8788983821869,0.0003113746643066406,0.09095621109008789,1.4106793403625488,0.17774391174316406,4.4703688621521,0,41.61211961873203,26631.7565559885,0.2736840929677172,40931880.0,58381686.61352686,0.5,5873780511.584373,100000000000.0,100000000000.0,1000000000.0,clip,False,0,271,0,271,514.5491943359375,445.29833984375,595.7996215820312,6151.416015625,6158.5341796875,768.8004150390625,0.0,998.7945556640625,639228.5625
2026-05-18T19:39:05,0,4,4,1,272,74816,272,True,3.636363636363636e-08,,,,,,6159.8639488220215,727.8788983821869,0.00029730796813964844,0.09277105331420898,1.392199993133545,0.18431615829467773,4.462048053741455,0,41.55935944802093,26597.990046733397,0.2736840929677172,42326600.0,58060584.88125632,0.5,5838168661.352686,100000000000.0,100000000000.0,1000000000.0,clip,False,0,272,0,272,,,,,,,,,
2026-05-18T19:39:12,0,4,4,1,273,74816,273,True,3.6497326203208555e-08,,,,,,6162.475347518921,727.8788983821869,0.00032401084899902344,0.09580469131469727,1.4056789875030518,0.18205976486206055,4.476691961288452,0,41.54174833381985,26586.7189336447,0.2736840929677172,40588204.0,57711137.26363119,0.5,5806058488.125632,100000000000.0,100000000000.0,1000000000.0,clip,False,0,273,0,273,,,,,,,,,
2026-05-18T19:39:18,0,4,4,1,274,74816,274,True,3.6631016042780746e-08,,,,,,6148.932218551636,727.8788983821869,0.00030350685119628906,0.09243535995483398,1.4083735942840576,0.17998719215393066,4.462252378463745,0,41.63324474900458,26645.276639362935,0.2736840929677172,41725160.0,57391417.71835857,0.5,5771113726.363119,100000000000.0,100000000000.0,1000000000.0,clip,False,0,274,0,274,,,,,,,,,
2026-05-18T19:39:24,0,4,4,1,275,74816,275,True,3.676470588235294e-08,,,,,,6150.766372680664,727.8788983821869,0.00033020973205566406,0.09234476089477539,1.4087226390838623,0.18435382843017578,4.462917327880859,0,41.62082974522548,26637.331036944306,0.2736840929677172,41067544.0,57064940.2439914,0.5,5739141771.835856,100000000000.0,100000000000.0,1000000000.0,clip,False,0,275,0,275,,,,,,,,,
2026-05-18T19:39:30,0,4,4,1,276,74816,276,True,3.689839572192513e-08,,,,,,6147.783279418945,727.8788983821869,0.0003070831298828125,0.09635615348815918,1.404799222946167,0.1807239055633545,4.463560104370117,0,41.641025450102674,26650.256288065713,0.2736840929677172,39069532.0,56705032.07911157,0.5,5706494024.399139,100000000000.0,100000000000.0,1000000000.0,clip,False,0,276,0,276,,,,,,,,,
2026-05-18T19:39:36,0,4,4,1,277,74816,277,True,3.703208556149733e-08,,,,,,6151.049613952637,727.8788983821869,0.00031757354736328125,0.09044432640075684,1.413259506225586,0.18671941757202148,4.458261013031006,0,41.61891320455397,26636.104450914543,0.2736840929677172,39422272.0,56359376.87752933,0.5,5670503207.911157,100000000000.0,100000000000.0,1000000000.0,clip,False,0,277,0,277,,,,,,,,,
2026-05-18T19:39:42,0,4,4,1,278,74816,278,True,3.716577540106952e-08,,,,,,6150.938510894775,727.8788983821869,0.00029921531677246094,0.0906682014465332,1.4133460521697998,0.18096351623535156,4.463631629943848,0,41.6196649578862,26636.585573047167,0.2736840929677172,37076028.0,55973709.89997874,0.5,5635937687.7529335,100000000000.0,100000000000.0,1000000000.0,clip,False,0,278,0,278,,,,,,,,,
2026-05-18T19:39:49,0,4,4,1,279,74816,279,True,3.729946524064171e-08,,,,,,6151.091814041138,727.8788983821869,0.00030612945556640625,0.08925795555114746,1.4144611358642578,0.18038463592529297,4.464643478393555,0,41.61862767446051,26635.921711654726,0.2736840929677172,37477984.0,55603795.38197917,0.5,5597370989.997874,100000000000.0,100000000000.0,1000000000.0,clip,False,0,279,0,279,,,,,,,,,
2026-05-18T19:39:55,0,4,4,1,280,74816,280,True,3.74331550802139e-08,,,,,,6149.731397628784,727.8788983821869,0.0002884864807128906,0.09060907363891602,1.413283348083496,0.1861705780029297,4.4574339389801025,0,41.627834363417655,26641.8139925873,0.2736840929677172,37410640.0,55239932.27433958,0.5,5560379538.197917,100000000000.0,100000000000.0,1000000000.0,clip,False,0,280,0,280,,,,,,,,,
2026-05-18T19:40:01,0,4,4,1,281,74816,281,True,3.7566844919786094e-08,452.94378662109375,155.56320190429688,0.7186146974563599,294.6761474609375,1.9858521223068237,6150.831937789917,727.8788983821869,0.0003063678741455078,0.09036803245544434,1.41336989402771,0.17987275123596191,4.465019464492798,0,41.620386085851095,26637.0470949447,0.2736840929677172,37701216.0,54889157.948852785,0.5,5523993227.433958,100000000000.0,100000000000.0,1000000000.0,clip,False,0,281,0,281,508.4671223958333,444.277587890625,559.5413208007812,6150.013020833333,6155.62646484375,768.8004150390625,0.0,999.0224609375,639374.375
2026-05-18T19:40:07,0,4,4,1,282,74816,282,True,3.7700534759358286e-08,,,,,,6477.5121212005615,727.8788983821869,0.00030732154846191406,0.09441113471984863,1.3908684253692627,0.18137717247009277,4.781675338745117,0,39.521346345632494,25293.6616612048,0.2736840929677172,38821152.0,54567797.82987573,0.5,5488915794.885279,100000000000.0,100000000000.0,1000000000.0,clip,False,0,282,0,282,,,,,,,,,
2026-05-18T19:40:13,0,4,4,1,283,74816,283,True,3.783422459893048e-08,,,,,,6153.794527053833,727.8788983821869,0.00034356117248535156,0.09359478950500488,1.4092719554901123,0.18735957145690918,4.460123062133789,0,41.60034900004398,26624.223360028143,0.2736840929677172,36798984.0,54212421.553278215,0.5,5456779782.987573,100000000000.0,100000000000.0,1000000000.0,clip,False,0,283,0,283,,,,,,,,,
2026-05-18T19:40:20,0,4,4,1,284,74816,284,True,3.796791443850267e-08,,,,,,6150.62403678894,727.8788983821869,0.0002760887145996094,0.09100103378295898,1.4118239879608154,0.17911553382873535,4.466345310211182,0,41.621792921950416,26637.947470048264,0.2736840929677172,37796180.0,53884096.72221265,0.5,5421242155.327822,100000000000.0,100000000000.0,1000000000.0,clip,False,0,284,0,284,,,,,,,,,
2026-05-18T19:40:26,0,4,4,1,285,74816,285,True,3.810160427807487e-08,,,,,,6153.078317642212,727.8788983821869,0.00030684471130371094,0.09182929992675781,1.4123382568359375,0.18181419372558594,4.464800834655762,0,41.60519122046479,26627.322381097463,0.2736840929677172,36603848.0,53538491.747768395,0.5,5388409672.221265,100000000000.0,100000000000.0,1000000000.0,clip,False,0,285,0,285,,,,,,,,,
2026-05-18T19:40:32,0,4,4,1,286,74816,286,True,3.823529411764706e-08,,,,,,6147.69172668457,727.8788983821869,0.0002970695495605469,0.09167075157165527,1.4088528156280518,0.17986035346984863,4.46509861946106,0,41.641645577121345,26650.653169357658,0.2736840929677172,34099524.0,53149712.39281303,0.5,5353849174.776839,100000000000.0,100000000000.0,1000000000.0,clip,False,0,286,0,286,,,,,,,,,
2026-05-18T19:40:38,0,4,4,1,287,74816,287,True,3.836898395721925e-08,,,,,,6151.5069007873535,727.8788983821869,0.0002987384796142578,0.09183096885681152,1.4104492664337158,0.17815756797790527,4.468740940093994,0,41.61581936407055,26634.124393005157,0.2736840929677172,34955144.0,52785821.02495677,0.5,5314971239.281302,100000000000.0,100000000000.0,1000000000.0,clip,False,0,287,0,287,,,,,,,,,
2026-05-18T19:40:44,0,4,4,1,288,74816,288,True,3.850267379679144e-08,,,,,,6147.689580917358,727.8788983821869,0.00030350685119628906,0.09250950813293457,1.409036636352539,0.17772722244262695,4.466102600097656,0,41.64166011156986,26650.66247140471,0.2736840929677172,34880940.0,52427723.40445763,0.5,5278582102.495677,100000000000.0,100000000000.0,1000000000.0,clip,False,0,288,0,288,,,,,,,,,
2026-05-18T19:40:50,0,4,4,1,289,74816,289,True,3.8636363636363633e-08,,,,,,6150.904655456543,727.8788983821869,0.00030493736267089844,0.09543442726135254,1.4090266227722168,0.18053388595581055,4.463737726211548,0,41.61989403833455,26636.73218453411,0.2736840929677172,35866968.0,52096508.29636847,0.5,5242772340.445763,100000000000.0,100000000000.0,1000000000.0,clip,False,0,289,0,289,,,,,,,,,
2026-05-18T19:40:57,0,4,4,1,290,74816,290,True,3.877005347593583e-08,,,,,,6148.475885391235,727.8788983821869,0.0003142356872558594,0.09205865859985352,1.4110608100891113,0.17804598808288574,4.464990854263306,0,41.636334722927906,26647.254222673862,0.2736840929677172,34597748.0,51746533.0904411,0.5,5209650829.6368475,100000000000.0,100000000000.0,1000000000.0,clip,False,0,290,0,290,,,,,,,,,
2026-05-18T19:41:03,0,4,4,1,291,74816,291,True,3.8903743315508017e-08,578.0230102539062,224.05003356933594,0.7195850014686584,351.2882080078125,1.9651384353637695,6151.553153991699,727.8788983821869,0.00027823448181152344,0.09081816673278809,1.4131889343261719,0.17767977714538574,4.467646837234497,0,41.615506456915426,26633.924132425873,0.2736840929677172,34447972.0,51400561.86863227,0.5,5174653309.04411,100000000000.0,100000000000.0,1000000000.0,clip,False,0,291,0,291,502.3833821614583,429.375732421875,578.0230102539062,6152.766276041667,6167.822265625,768.8004150390625,0.0,998.5755004882812,639088.3125
2026-05-18T19:41:09,0,4,4,1,292,74816,292,True,3.9037433155080215e-08,,,,,,6167.2985553741455,727.8788983821869,0.00028228759765625,0.0907905101776123,1.3941776752471924,0.17684435844421387,4.4661266803741455,0,41.50926012442242,26565.926479630347,0.2736840929677172,32162550.0,51015801.63125963,0.5,5140056186.863227,100000000000.0,100000000000.0,1000000000.0,clip,False,0,292,0,292,,,,,,,,,
2026-05-18T19:41:15,0,4,4,1,293,74816,293,True,3.91711229946524e-08,,,,,,6150.217294692993,727.8788983821869,0.00029587745666503906,0.09033370018005371,1.413219928741455,0.1807267665863037,4.463728904724121,0,41.62454556213839,26639.70915976857,0.2736840929677172,32273194.0,50640949.47863444,0.5,5101580163.125963,100000000000.0,100000000000.0,1000000000.0,clip,False,0,293,0,293,,,,,,,,,
2026-05-18T19:41:21,0,4,4,1,294,74816,294,True,3.93048128342246e-08,,,,,,6149.768114089966,727.8788983821869,0.0002810955047607422,0.08923792839050293,1.41383695602417,0.18268227577209473,4.4618613719940186,0,41.62758582936952,26641.654930796496,0.2736840929677172,32316852.0,50274467.52906175,0.5,5064094947.863444,100000000000.0,100000000000.0,1000000000.0,clip,False,0,294,0,294,,,,,,,,,
2026-05-18T19:41:27,0,4,4,1,295,74816,295,True,3.943850267379678e-08,,,,,,6150.0244140625,727.8788983821869,0.00031280517578125,0.09769749641418457,1.405357837677002,0.18201422691345215,4.462632417678833,0,41.62585101526369,26640.544649768763,0.2736840929677172,31991888.0,49908815.93848051,0.5,5027446752.906175,100000000000.0,100000000000.0,1000000000.0,clip,False,0,295,0,295,,,,,,,,,
2026-05-18T19:41:33,0,4,4,1,296,74816,296,True,3.957219251336898e-08,,,,,,6149.125337600708,727.8788983821869,0.00031256675720214844,0.09208893775939941,1.410571575164795,0.17989325523376465,4.4642815589904785,0,41.631937217901495,26644.439819456955,0.2736840929677172,30834120.0,49527322.0197109,0.5,4990881593.848051,100000000000.0,100000000000.0,1000000000.0,clip,False,0,296,0,296,,,,,,,,,
2026-05-18T19:41:40,0,4,4,1,297,74816,297,True,3.970588235294118e-08,,,,,,6150.611400604248,727.8788983821869,0.00032901763916015625,0.09265899658203125,1.4107728004455566,0.17702722549438477,4.467685222625732,0,41.62187843225635,26638.002196644065,0.2736840929677172,31128736.0,49159350.29931668,0.5,4952732201.97109,100000000000.0,100000000000.0,1000000000.0,clip,False,0,297,0,297,,,,,,,,,
2026-05-18T19:41:46,0,4,4,1,298,74816,298,True,3.9839572192513364e-08,,,,,,6150.325775146484,727.8788983821869,0.00032520294189453125,0.09383869171142578,1.409792423248291,0.18068218231201172,4.4627366065979,0,41.623811381585355,26639.239284214626,0.2736840929677172,30111360.0,48778390.49333035,0.5,4915935029.931668,100000000000.0,100000000000.0,1000000000.0,clip,False,0,298,0,298,,,,,,,,,
2026-05-18T19:41:52,0,4,4,1,299,74816,299,True,3.997326203208556e-08,,,,,,6147.875785827637,727.8788983821869,0.000316619873046875,0.09230351448059082,1.4105033874511719,0.1815032958984375,4.46118426322937,0,41.64039888218673,26649.855284599507,0.2736840929677172,28917670.0,48381176.08346374,0.5,4877839049.333035,100000000000.0,100000000000.0,1000000000.0,clip,False,0,299,0,299,,,,,,,,,
2026-05-18T19:41:58,0,4,4,1,300,74816,300,True,4.010695187165775e-08,,,,,,6150.16508102417,727.8788983821869,0.00029015541076660156,0.09093022346496582,1.4126086235046387,0.18006658554077148,4.464253187179565,0,41.62489894618715,26639.935325559778,0.2736840929677172,29107500.0,47995702.56179447,0.5,4838117608.3463745,100000000000.0,100000000000.0,1000000000.0,clip,False,0,300,0,300,,,,,,,,,
2026-05-18T19:42:04,0,4,4,1,301,74816,301,True,4.0240641711229946e-08,495.25775146484375,186.72926330566406,0.7178255319595337,305.8509826660156,1.9596892595291138,6150.352478027344,727.8788983821869,0.00030040740966796875,0.09104704856872559,1.4120182991027832,0.17822790145874023,4.466797590255737,0,41.623630664190664,26639.123625082026,0.2736691273737196,28665978.0,47609108.07055858,0.5,4799570256.179447,100000000000.0,100000000000.0,1000000000.0,clip,False,0,301,0,301,488.4320475260417,441.6407775878906,543.6531372070312,6150.780598958333,6178.2734375,768.8004150390625,0.0,998.8985595703125,639295.0625
2026-05-18T19:42:10,0,4,4,1,302,74816,302,True,4.037433155080214e-08,,,,,,6176.775217056274,727.8788983821869,0.00031757354736328125,0.09346675872802734,1.3912253379821777,0.18067479133605957,4.462943077087402,0,41.4455749163565,26525.16794646816,0.2736691273737196,27995016.0,47216826.229147404,0.5,4760910807.055858,100000000000.0,100000000000.0,1000000000.0,clip,False,0,302,0,302,,,,,,,,,
2026-05-18T19:42:16,0,4,4,1,303,74816,303,True,4.050802139037433e-08,,,,,,6145.427227020264,727.8788983821869,0.0003292560577392578,0.5330619812011719,0.970461368560791,0.18134832382202148,4.458088159561157,0,41.65698991185139,26660.473543584892,0.2736691273737196,28069882.0,46833887.34456445,0.5,4721682622.914741,100000000000.0,100000000000.0,1000000000.0,clip,False,0,303,0,303,,,,,,,,,
2026-05-18T19:42:23,0,4,4,1,304,74816,304,True,4.064171122994652e-08,,,,,,6149.761199951172,727.8788983821869,0.0003085136413574219,0.09094810485839844,1.4102003574371338,0.17863082885742188,4.467668533325195,0,41.62763263100892,26641.68488384571,0.2736691273737196,27141168.0,46440032.95767316,0.5,4683388734.456446,100000000000.0,100000000000.0,1000000000.0,clip,False,0,304,0,304,,,,,,,,,
2026-05-18T19:42:29,0,4,4,1,305,74816,305,True,4.077540106951871e-08,,,,,,6149.80673789978,727.8788983821869,0.0003123283386230469,0.08977627754211426,1.4110939502716064,0.1782989501953125,4.468393802642822,0,41.627324387664665,26641.487608105384,0.2736691273737196,26645834.0,46044148.9785197,0.5,4644003295.767316,100000000000.0,100000000000.0,1000000000.0,clip,False,0,305,0,305,,,,,,,,,
2026-05-18T19:42:35,0,4,4,1,306,74816,306,True,4.090909090909091e-08,,,,,,6148.380517959595,727.8788983821869,0.0003006458282470703,0.09190154075622559,1.4093596935272217,0.18285822868347168,4.462026596069336,0,41.63698054344826,26647.66754780689,0.2736691273737196,25877594.0,45640817.87894931,0.5,4604414897.85197,100000000000.0,100000000000.0,1000000000.0,clip,False,0,306,0,306,,,,,,,,,
2026-05-18T19:42:41,0,4,4,1,307,74816,307,True,4.10427807486631e-08,,,,,,6223.9110469818115,727.8788983821869,0.0002868175506591797,0.09103727340698242,1.412522554397583,0.18179774284362793,4.536256790161133,0,41.13169325004142,26324.283680026507,0.2736691273737196,25063334.0,45229268.20137032,0.5,4564081787.894931,100000000000.0,100000000000.0,1000000000.0,clip,False,0,307,0,307,,,,,,,,,
2026-05-18T19:42:47,0,4,4,1,308,74816,308,True,4.1176470588235293e-08,,,,,,6147.638559341431,727.8788983821869,0.00028634071350097656,0.0891873836517334,1.4117381572723389,0.1797189712524414,4.46472954750061,0,41.642005711445755,26650.883655325284,0.2736691273737196,26303576.0,44850754.357342914,0.5,4522926820.1370325,100000000000.0,100000000000.0,1000000000.0,clip,False,0,308,0,308,,,,,,,,,
2026-05-18T19:42:53,0,4,4,1,309,74816,309,True,4.1310160427807485e-08,,,,,,6150.3143310546875,727.8788983821869,0.0003063678741455078,0.08992815017700195,1.41361665725708,0.1788325309753418,4.465612888336182,0,41.623888832377745,26639.288852721755,0.2736691273737196,26563452.0,44485008.31019606,0.5,4485075435.734291,100000000000.0,100000000000.0,1000000000.0,clip,False,0,309,0,309,,,,,,,,,
2026-05-18T19:43:00,0,4,4,1,310,74816,310,True,4.1443850267379677e-08,,,,,,6156.044960021973,727.8788983821869,0.000324249267578125,0.0904695987701416,1.412182092666626,0.17777276039123535,4.473340749740601,0,41.58514137932583,26614.490482768535,0.2736691273737196,24101588.0,44077339.90399213,0.5,4448500831.019606,100000000000.0,100000000000.0,1000000000.0,clip,False,0,310,0,310,,,,,,,,,
2026-05-18T19:43:06,0,4,4,1,311,74816,311,True,4.157754010695187e-08,454.8164978027344,176.95169067382812,0.7190955281257629,275.1278381347656,2.017850637435913,6146.210193634033,727.8788983821869,0.0002913475036621094,0.09288525581359863,1.405674934387207,0.18561673164367676,4.459718465805054,0,41.65168322182558,26657.07726196837,0.2736691273737196,25008156.0,43695956.22591229,0.5,4407733990.399213,100000000000.0,100000000000.0,1000000000.0,clip,False,0,311,0,311,477.830322265625,392.5810241699219,556.1157836914062,6151.244140625,6153.65380859375,768.8004150390625,0.0,998.8223876953125,639246.25
2026-05-18T19:43:12,0,4,4,1,312,74816,312,True,4.1711229946524066e-08,,,,,,6158.6315631866455,727.8788983821869,0.0002827644348144531,0.09109139442443848,1.3937742710113525,0.17938947677612305,4.4643638134002686,0,41.56767576911819,26603.31249223564,0.2736691273737196,23462164.0,43291280.38139404,0.5,4369595622.5912285,100000000000.0,100000000000.0,1000000000.0,clip,False,0,312,0,312,,,,,,,,,
2026-05-18T19:43:18,0,4,4,1,313,74816,313,True,4.184491978609625e-08,,,,,,6153.07092666626,727.8788983821869,0.00030875205993652344,0.09501290321350098,1.4081883430480957,0.17691278457641602,4.4702863693237305,0,41.60524119599269,26627.354365435323,0.2736691273737196,21730252.0,42860059.81376616,0.5,4329128038.139404,100000000000.0,100000000000.0,1000000000.0,clip,False,0,313,0,313,,,,,,,,,
2026-05-18T19:43:24,0,4,4,1,314,74816,314,True,4.197860962566845e-08,,,,,,6148.236989974976,727.8788983821869,0.00030303001403808594,0.09300541877746582,1.4093618392944336,0.1802520751953125,4.463316440582275,0,41.637952541097796,26648.28962630259,0.2736691273737196,22829742.0,42459453.45749084,0.5,4286005981.376616,100000000000.0,100000000000.0,1000000000.0,clip,False,0,314,0,314,,,,,,,,,
2026-05-18T19:43:30,0,4,4,1,315,74816,315,True,4.2112299465240635e-08,,,,,,6152.188539505005,727.8788983821869,0.0002713203430175781,0.0899343490600586,1.41347336769104,0.17798280715942383,4.468323469161987,0,41.61120849209172,26631.1734349387,0.2736691273737196,22873234.0,42067729.068341024,0.5,4245945345.749084,100000000000.0,100000000000.0,1000000000.0,clip,False,0,315,0,315,,,,,,,,,
2026-05-18T19:43:37,0,4,4,1,316,74816,316,True,4.224598930481283e-08,,,,,,6148.017883300781,727.8788983821869,0.00028324127197265625,0.09100961685180664,1.4124059677124023,0.17729449272155762,4.465024471282959,0,41.63943645891891,26649.2393337081,0.2736691273737196,22042778.0,41667230.046974204,0.5,4206772906.8341026,100000000000.0,100000000000.0,1000000000.0,clip,False,0,316,0,316,,,,,,,,,
2026-05-18T19:43:43,0,4,4,1,317,74816,317,True,4.237967914438503e-08,,,,,,6150.564432144165,727.8788983821869,0.0003261566162109375,0.09045958518981934,1.4120581150054932,0.1813807487487793,4.464101791381836,0,41.6221962755303,26638.205616339394,0.2736691273737196,21559388.0,41265073.20603472,0.5,4166723004.6974206,100000000000.0,100000000000.0,1000000000.0,clip,False,0,317,0,317,,,,,,,,,
2026-05-18T19:43:49,0,4,4,1,318,74816,318,True,4.2513368983957216e-08,,,,,,6154.559850692749,727.8788983821869,0.0003247261047363281,0.08942270278930664,1.4127120971679688,0.18094134330749512,4.469084024429321,0,41.59517596878759,26620.91262002406,0.2736691273737196,21297070.0,40865713.141914025,0.5,4126507320.6034718,100000000000.0,100000000000.0,1000000000.0,clip,False,0,318,0,318,,,,,,,,,
2026-05-18T19:43:55,0,4,4,1,319,74816,319,True,4.2647058823529414e-08,,,,,,6144.644260406494,727.8788983821869,0.0002994537353515625,0.09241580963134766,1.4059734344482422,0.1837470531463623,4.4601922035217285,0,41.6622979542618,26663.870690727552,0.2736691273737196,20877030.0,40465939.479075745,0.5,4086571314.1914024,100000000000.0,100000000000.0,1000000000.0,clip,False,0,319,0,319,,,,,,,,,
2026-05-18T19:44:01,0,4,4,1,320,74816,320,True,4.27807486631016e-08,,,,,,6160.7232093811035,727.8788983821869,0.0002815723419189453,0.09138035774230957,1.4109711647033691,0.18281292915344238,4.473257541656494,0,41.553562998931966,26594.28031931646,0.2736691273737196,21939292.0,40095406.52949423,0.5,4046593947.9075747,100000000000.0,100000000000.0,1000000000.0,clip,False,0,320,0,320,,,,,,,,,
2026-05-18T19:44:07,0,4,4,1,321,74816,321,True,4.29144385026738e-08,485.4140930175781,192.6453857421875,0.722287654876709,290.0354309082031,2.010993242263794,6150.813579559326,727.8788983821869,0.0003077983856201172,0.09255647659301758,1.4090418815612793,0.17774653434753418,4.469064950942993,0,41.62051030952251,26637.126598094408,0.2736691273737196,19660710.0,39686712.59890435,0.5,4009540652.9494233,100000000000.0,100000000000.0,1000000000.0,clip,False,0,321,0,321,487.7889811197917,429.6623840332031,538.5887451171875,6150.602864583333,6154.76611328125,768.8004150390625,0.0,998.9265747070312,639313.0
2026-05-18T19:44:13,0,4,4,1,322,74816,322,True,4.304812834224598e-08,,,,,,6154.793262481689,727.8788983821869,0.0002846717834472656,0.09096646308898926,1.3942618370056152,0.17901062965393066,4.463842868804932,0,41.59359853084287,26619.903059739438,0.2736691273737196,19473388.0,39282446.10692626,0.5,3968671259.8904347,100000000000.0,100000000000.0,1000000000.0,clip,False,0,322,0,322,,,,,,,,,
2026-05-18T19:44:20,0,4,4,1,323,74816,323,True,4.318181818181818e-08,,,,,,6150.751352310181,727.8788983821869,0.00033164024353027344,0.09122848510742188,1.4123339653015137,0.18179917335510254,4.462955713272095,0,41.62093138488652,26637.39608632737,0.2736691273737196,18420130.0,38865199.78478774,0.5,3928244610.692626,100000000000.0,100000000000.0,1000000000.0,clip,False,0,323,0,323,,,,,,,,,
2026-05-18T19:44:26,0,4,4,1,324,74816,324,True,4.331550802139037e-08,,,,,,6149.356365203857,727.8788983821869,0.0002694129943847656,0.08963584899902344,1.4136335849761963,0.1797807216644287,4.463928461074829,0,41.63037313117457,26643.438803951725,0.2736691273737196,17427232.0,38436440.42909198,0.5,3886519978.4787736,100000000000.0,100000000000.0,1000000000.0,clip,False,0,324,0,324,,,,,,,,,
2026-05-18T19:44:32,0,4,4,1,325,74816,325,True,4.3449197860962564e-08,,,,,,6150.425672531128,727.8788983821869,0.0002887248992919922,0.08963227272033691,1.4136440753936768,0.18588900566101074,4.458888292312622,0,41.623135312949245,26638.806600287517,0.2736691273737196,16921604.0,38006143.70051014,0.5,3843644042.9091983,100000000000.0,100000000000.0,1000000000.0,clip,False,0,325,0,325,,,,,,,,,
2026-05-18T19:44:38,0,4,4,1,326,74816,326,True,4.358288770053476e-08,,,,,,6151.130437850952,727.8788983821869,0.0003082752227783203,0.08954071998596191,1.4138884544372559,0.1825881004333496,4.462822437286377,0,41.61836634526642,26635.75446097051,0.2736691273737196,18516650.0,37616353.82649993,0.5,3800614370.0510135,100000000000.0,100000000000.0,1000000000.0,clip,False,0,326,0,326,,,,,,,,,
2026-05-18T19:44:44,0,4,4,1,327,74816,327,True,4.371657754010695e-08,,,,,,6150.187015533447,727.8788983821869,0.00032591819763183594,0.09106183052062988,1.4125030040740967,0.18912339210510254,4.454901218414307,0,41.624750491883276,26639.840314805297,0.2736691273737196,17368508.0,37211396.90996993,0.5,3761635382.649993,100000000000.0,100000000000.0,1000000000.0,clip,False,0,327,0,327,,,,,,,,,
2026-05-18T19:44:50,0,4,4,1,328,74816,328,True,4.3850267379679145e-08,,,,,,6149.700880050659,727.8788983821869,0.0003695487976074219,0.09461760520935059,1.4078855514526367,0.18683815002441406,4.457509279251099,0,41.6280409394304,26641.946201235456,0.2736691273737196,15885966.0,36784888.29177053,0.5,3721139690.9969935,100000000000.0,100000000000.0,1000000000.0,clip,False,0,328,0,328,,,,,,,,,
2026-05-18T19:44:56,0,4,4,1,329,74816,329,True,4.3983957219251337e-08,,,,,,6149.013042449951,727.8788983821869,0.0002944469451904297,0.09396505355834961,1.4082999229431152,0.18143510818481445,4.463011980056763,0,41.63269751303079,26644.926408339707,0.2736691273737196,16466709.0,36378524.70593512,0.5,3678488829.1770535,100000000000.0,100000000000.0,1000000000.0,clip,False,0,329,0,329,,,,,,,,,
2026-05-18T19:45:03,0,4,4,1,330,74816,330,True,4.411764705882353e-08,,,,,,6150.717496871948,727.8788983821869,0.00031566619873046875,0.09048581123352051,1.41275954246521,0.18051695823669434,4.464583158493042,0,41.621160479276305,26637.542706736833,0.2736691273737196,14547720.0,35941908.61181641,0.5,3637852470.593512,100000000000.0,100000000000.0,1000000000.0,clip,False,0,330,0,330,,,,,,,,,
2026-05-18T19:45:09,0,4,4,1,331,74816,331,True,4.425133689839572e-08,552.0288696289062,220.515625,0.7210648655891418,328.7937927246094,1.9983453750610352,6149.466037750244,727.8788983821869,0.0002932548522949219,0.09458541870117188,1.4088811874389648,0.18170166015625,4.461881160736084,0,41.62963067500028,26642.96363200018,0.2736691273737196,14647137.0,35516013.179580085,0.5,3594190861.1816416,100000000000.0,100000000000.0,1000000000.0,clip,False,0,331,0,331,493.268310546875,421.0826416015625,552.0288696289062,6150.5,6155.63134765625,768.8004150390625,0.0,998.943115234375,639323.5625
2026-05-18T19:45:15,0,4,4,1,332,74816,332,True,4.438502673796791e-08,,,,,,6157.829761505127,727.8788983821869,0.0002751350402832031,0.0901188850402832,1.3946740627288818,0.18180060386657715,4.461678743362427,0,41.573088233187406,26606.77646923994,0.2736691273737196,16609327.0,35137879.45598848,0.5,3551601317.9580083,100000000000.0,100000000000.0,1000000000.0,clip,False,0,332,0,332,,,,,,,,,
2026-05-18T19:45:21,0,4,4,1,333,74816,333,True,4.45187165775401e-08,,,,,,6151.5185832977295,727.8788983821869,0.00028896331787109375,0.09198594093322754,1.4113538265228271,0.18248891830444336,4.4632484912872314,0,41.61574033037588,26634.07381144056,0.2736691273737196,14749534.0,34730112.54686871,0.5,3513787945.5988483,100000000000.0,100000000000.0,1000000000.0,clip,False,0,333,0,333,,,,,,,,,
2026-05-18T19:45:27,0,4,4,1,334,74816,334,True,4.4652406417112295e-08,,,,,,6150.339841842651,727.8788983821869,0.0003228187561035156,0.09553027153015137,1.4077210426330566,0.18392229080200195,4.460769176483154,0,41.623716182047914,26639.178356510667,0.2736691273737196,12362726.0,34282764.81593134,0.5,3473011254.686871,100000000000.0,100000000000.0,1000000000.0,clip,False,0,334,0,334,,,,,,,,,
2026-05-18T19:45:33,0,4,4,1,335,74816,335,True,4.478609625668449e-08,,,,,,6150.963068008423,727.8788983821869,0.0003044605255126953,0.09146809577941895,1.412219524383545,0.18211102485656738,4.462800741195679,0,41.619498795476986,26636.479229105273,0.2736691273737196,12703943.0,33851188.379612714,0.5,3428276481.5931344,100000000000.0,100000000000.0,1000000000.0,clip,False,0,335,0,335,,,,,,,,,
2026-05-18T19:45:40,0,4,4,1,336,74816,336,True,4.4919786096256684e-08,,,,,,6150.962352752686,727.8788983821869,0.0003294944763183594,0.08986473083496094,1.4145095348358154,0.1817772388458252,4.462433338165283,0,41.61950363514005,26636.482326489633,0.2736691273737196,13633247.0,33446829.55202046,0.5,3385118837.9612713,100000000000.0,100000000000.0,1000000000.0,clip,False,0,336,0,336,,,,,,,,,
2026-05-18T19:45:46,0,4,4,1,337,74816,337,True,4.5053475935828876e-08,,,,,,6149.62911605835,727.8788983821869,0.0003058910369873047,0.09205055236816406,1.4110841751098633,0.1822352409362793,4.461915016174316,0,41.628526723914874,26642.257103305517,0.2736691273737196,11605137.0,33009995.70098005,0.5,3344682955.202046,100000000000.0,100000000000.0,1000000000.0,clip,False,0,337,0,337,,,,,,,,,
2026-05-18T19:45:52,0,4,4,1,338,74816,338,True,4.518716577540107e-08,,,,,,6149.337530136108,727.8788983821869,0.00028634071350097656,0.09035563468933105,1.4132030010223389,0.18170857429504395,4.461895942687988,0,41.63050064261699,26643.52041127487,0.2736691273737196,13000839.0,32609812.566960447,0.5,3300999570.098005,100000000000.0,100000000000.0,1000000000.0,clip,False,0,338,0,338,,,,,,,,,
2026-05-18T19:45:58,0,4,4,1,339,74816,339,True,4.532085561497326e-08,,,,,,6152.503728866577,727.8788983821869,0.0003108978271484375,0.09121441841125488,1.412940263748169,0.181715726852417,4.464416027069092,0,41.60907677290602,26629.809134659856,0.2736691273737196,12162599.0,32200868.29562124,0.5,3260981256.6960444,100000000000.0,100000000000.0,1000000000.0,clip,False,0,339,0,339,,,,,,,,,
2026-05-18T19:46:04,0,4,4,1,340,74816,340,True,4.545454545454545e-08,,,,,,6150.657892227173,727.8788983821869,0.0002956390380859375,0.09110498428344727,1.4126520156860352,0.1800525188446045,4.464442253112793,0,41.62156382059832,26637.800845182923,0.2736691273737196,10830442.0,31773459.769708812,0.5,3220086829.562124,100000000000.0,100000000000.0,1000000000.0,clip,False,0,340,0,340,,,,,,,,,
2026-05-18T19:46:10,0,4,4,1,341,74816,341,True,4.558823529411765e-08,439.3088073730469,177.92356872558594,0.7200050950050354,258.6783447265625,1.9868930578231812,6155.749559402466,727.8788983821869,0.0002884864807128906,0.09290814399719238,1.4116730690002441,0.1822340488433838,4.46666407585144,0,41.587136957022295,26615.76765249427,0.2736691273737196,10459331.0,31347177.194314636,0.5,3177345976.9708815,100000000000.0,100000000000.0,1000000000.0,clip,False,0,341,0,341,480.501220703125,436.052001953125,569.6206665039062,6150.625,6156.19384765625,768.8004150390625,0.0,998.92333984375,639310.9375
2026-05-18T19:46:16,0,4,4,1,342,74816,342,True,4.5721925133689834e-08,,,,,,6153.024435043335,727.8788983821869,0.0003180503845214844,0.09302878379821777,1.391986608505249,0.18200039863586426,4.461688280105591,0,41.60555556093725,26627.55555899984,0.2736691273737196,9251126.0,30905256.170428343,0.5,3134717719.4314637,100000000000.0,100000000000.0,1000000000.0,clip,False,0,342,0,342,,,,,,,,,
2026-05-18T19:46:23,0,4,4,1,343,74816,343,True,4.585561497326203e-08,,,,,,6151.3659954071045,727.8788983821869,0.0003521442413330078,0.0922551155090332,1.4108755588531494,0.18417119979858398,4.46124529838562,0,41.61677263085004,26634.734483744025,0.2736691273737196,9341008.0,30473971.207019776,0.5,3090525617.0428343,100000000000.0,100000000000.0,1000000000.0,clip,False,0,343,0,343,,,,,,,,,
2026-05-18T19:46:29,0,4,4,1,344,74816,344,True,4.598930481283422e-08,,,,,,6146.719932556152,727.8788983821869,0.0002989768981933594,0.09127211570739746,1.4102566242218018,0.17999792098999023,4.462853193283081,0,41.648229105753444,26654.866627682204,0.2736691273737196,8579942.0,30036090.62287938,0.5,3047397120.7019777,100000000000.0,100000000000.0,1000000000.0,clip,False,0,344,0,344,,,,,,,,,
2026-05-18T19:46:35,0,4,4,1,345,74816,345,True,4.6122994652406415e-08,,,,,,6150.015592575073,727.8788983821869,0.00032973289489746094,0.09078550338745117,1.4134113788604736,0.18014883995056152,4.463330030441284,0,41.6259107227418,26640.58286255475,0.2736691273737196,5703405.5,29549436.92042179,0.5,3003609062.2879376,100000000000.0,100000000000.0,1000000000.0,clip,False,0,345,0,345,,,,,,,,,
2026-05-18T19:46:41,0,4,4,1,346,74816,346,True,4.6256684491978613e-08,,,,,,6149.441480636597,727.8788983821869,0.000308990478515625,0.08922219276428223,1.4147098064422607,0.18704533576965332,4.456185817718506,0,41.629796918320885,26643.070027725364,0.2736691273737196,9421759.0,29146883.362013355,0.5,2954943692.042179,100000000000.0,100000000000.0,1000000000.0,clip,False,0,346,0,346,,,,,,,,,
2026-05-18T19:46:47,0,4,4,1,347,74816,347,True,4.63903743315508e-08,,,,,,6150.4809856414795,727.8788983821869,0.0003104209899902344,0.09120726585388184,1.4125893115997314,0.1791837215423584,4.465030908584595,0,41.622760983676116,26638.567029552716,0.2736691273737196,7534801.5,28714641.72477309,0.5,2914688336.2013354,100000000000.0,100000000000.0,1000000000.0,clip,False,0,347,0,347,,,,,,,,,
2026-05-18T19:46:53,0,4,4,1,348,74816,348,True,4.6524064171122997e-08,,,,,,6149.310827255249,727.8788983821869,0.0003235340118408203,0.09258341789245605,1.4114012718200684,0.17962861061096191,4.463221073150635,0,41.63068141967152,26643.636108589773,0.2736691273737196,6339982.5,28267148.540277626,0.5,2871464172.477309,100000000000.0,100000000000.0,1000000000.0,clip,False,0,348,0,348,,,,,,,,,
2026-05-18T19:47:00,0,4,4,1,349,74816,349,True,4.665775401069518e-08,,,,,,6150.962591171265,727.8788983821869,0.00031447410583496094,0.09064126014709473,1.413311243057251,0.18196606636047363,4.462654113769531,0,41.619502021918905,26636.4812940281,0.2736691273737196,7715086.0,27856107.289472073,0.5,2826714854.0277624,100000000000.0,100000000000.0,1000000000.0,clip,False,0,349,0,349,,,,,,,,,
2026-05-18T19:47:06,0,4,4,1,350,74816,350,True,4.679144385026738e-08,,,,,,6151.3824462890625,727.8788983821869,0.0003108978271484375,0.09562039375305176,1.4082181453704834,0.18099331855773926,4.464294672012329,0,41.61666133349209,26634.663253434937,0.2736691273737196,6443031.5,27427845.77368263,0.5,2785610728.9472075,100000000000.0,100000000000.0,1000000000.0,clip,False,0,350,0,350,,,,,,,,,
2026-05-18T19:47:12,0,4,4,1,351,74816,351,True,4.6925133689839565e-08,487.15692138671875,192.45968627929688,0.7183318138122559,292.03271484375,1.9461687803268433,6149.763107299805,727.8788983821869,0.0003108978271484375,0.091827392578125,1.4115092754364014,0.1805405616760254,4.46370267868042,0,41.62761972020134,26641.676620928854,0.2736691273737196,6354207.5,27006373.008208975,0.5,2742784577.3682632,100000000000.0,100000000000.0,1000000000.0,clip,False,0,351,0,351,491.3892008463542,395.34490966796875,559.47998046875,6149.962239583333,6151.74462890625,768.8004150390625,0.0,999.030517578125,639379.5
2026-05-18T19:47:18,0,4,4,1,352,74816,352,True,4.705882352941176e-08,,,,,,6156.433820724487,727.8788983821869,0.00028133392333984375,0.09167289733886719,1.3927998542785645,0.18103933334350586,4.462328195571899,0,41.58251472438861,26612.80942360871,0.2736691273737196,4672576.5,26559697.0780448,0.5,2700637300.8208976,100000000000.0,100000000000.0,1000000000.0,clip,False,0,352,0,352,,,,,,,,,
2026-05-18T19:47:24,0,4,4,1,353,74816,353,True,4.7192513368983955e-08,,,,,,6149.9388217926025,727.8788983821869,0.0003151893615722656,0.09603738784790039,1.4083757400512695,0.1818087100982666,4.461424827575684,0,41.62643034640471,26640.915421699014,0.2736691273737196,6263533.0,26153773.7964839,0.5,2655969707.8044796,100000000000.0,100000000000.0,1000000000.0,clip,False,0,353,0,353,,,,,,,,,
2026-05-18T19:47:30,0,4,4,1,354,74816,354,True,4.7326203208556146e-08,,,,,,6149.364233016968,727.8788983821869,0.0003228187561035156,0.09122633934020996,1.4121932983398438,0.1873185634613037,4.456335067749023,0,41.63031986713246,26643.40471496477,0.2736691273737196,4934951.5,25729397.350554224,0.5,2615377379.64839,100000000000.0,100000000000.0,1000000000.0,clip,False,0,354,0,354,,,,,,,,,
2026-05-18T19:47:36,0,4,4,1,355,74816,355,True,4.7459893048128344e-08,,,,,,6150.480270385742,727.8788983821869,0.00030541419982910156,0.09555649757385254,1.408750057220459,0.18425869941711426,4.459740877151489,0,41.62276582409789,26638.57012742265,0.2736691273737196,3949054.5,25293790.49354314,0.5,2572939735.0554223,100000000000.0,100000000000.0,1000000000.0,clip,False,0,355,0,355,,,,,,,,,
2026-05-18T19:47:43,0,4,4,1,356,74816,356,True,4.759358288770053e-08,,,,,,6149.255990982056,727.8788983821869,0.00031757354736328125,0.0910186767578125,1.4123964309692383,0.18137645721435547,4.462152004241943,0,41.63105266318828,26643.8737044405,0.2736691273737196,2888567.0,24845686.02367228,0.5,2529379049.354314,100000000000.0,100000000000.0,1000000000.0,clip,False,0,356,0,356,,,,,,,,,
2026-05-18T19:47:49,0,4,4,1,357,74816,357,True,4.772727272727273e-08,,,,,,6158.372402191162,727.8788983821869,0.00030803680419921875,0.0901789665222168,1.4134294986724854,0.18163776397705078,4.470764875411987,0,41.56942504953332,26604.432031701326,0.2736691273737196,3880360.5,24426379.513198834,0.5,2484568602.367228,100000000000.0,100000000000.0,1000000000.0,clip,False,0,357,0,357,,,,,,,,,
2026-05-18T19:47:55,0,4,4,1,358,74816,358,True,4.786096256684492e-08,,,,,,6143.407106399536,727.8788983821869,0.0002989768981933594,0.09254741668701172,1.4106969833374023,0.1816270351409912,4.456340551376343,0,41.670687871771825,26669.24023793397,0.2736691273737196,3423797.25,24006327.867934857,0.5,2442637951.3198833,100000000000.0,100000000000.0,1000000000.0,clip,False,0,358,0,358,,,,,,,,,
2026-05-18T19:48:01,0,4,4,1,359,74816,359,True,4.799465240641711e-08,,,,,,6158.609390258789,727.8788983821869,0.00033783912658691406,0.09195685386657715,1.411712646484375,0.18393611907958984,4.468284368515015,0,41.567825425804884,26603.408272515124,0.2736691273737196,2049862.0,23567198.550576158,0.5,2400632786.7934856,100000000000.0,100000000000.0,1000000000.0,clip,False,0,359,0,359,,,,,,,,,
2026-05-18T19:48:07,0,4,4,1,360,74816,360,True,4.81283422459893e-08,,,,,,6143.771171569824,727.8788983821869,0.00037360191345214844,0.09502625465393066,1.4034364223480225,0.18316102027893066,4.458069086074829,0,41.66821856657598,26667.659882608627,0.2736691273737196,2342583.5,23142706.249564636,0.5,2356719855.0576158,100000000000.0,100000000000.0,1000000000.0,clip,False,0,360,0,360,,,,,,,,,
2026-05-18T19:48:13,0,4,4,1,361,74816,361,True,4.8262032085561494e-08,496.029541015625,196.7892608642578,0.7202309370040894,296.530029296875,1.9900248050689697,6150.369167327881,727.8788983821869,0.00031876564025878906,0.09280681610107422,1.4112608432769775,0.17771148681640625,4.466176509857178,0,41.623517716615865,26639.05133863415,0.2736691273737196,2009171.25,22720035.549573343,0.5,2314270624.956464,100000000000.0,100000000000.0,1000000000.0,clip,False,0,361,0,361,488.7589111328125,407.0879821777344,569.8740234375,6149.388671875,6152.240234375,768.8004150390625,0.0,999.123779296875,639439.1875
2026-05-18T19:48:19,0,4,4,1,362,74816,362,True,4.8395721925133685e-08,,,,,,6156.695127487183,727.8788983821869,0.0003020763397216797,0.09210038185119629,1.3927690982818604,0.17930221557617188,4.464153289794922,0,41.58074985020167,26611.679904129065,0.2736691273737196,2445125.0,22314537.338581875,0.5,2272003554.9573345,100000000000.0,100000000000.0,1000000000.0,clip,False,0,362,0,362,,,,,,,,,
2026-05-18T19:48:26,0,4,4,1,363,74816,363,True,4.8529411764705884e-08,,,,,,6149.680137634277,727.8788983821869,0.0003216266632080078,0.09507107734680176,1.408548355102539,0.18225622177124023,4.46139121055603,0,41.62818134773441,26642.03606255002,0.2736691273737196,1805772.0,21904362.03181024,0.5,2231453733.8581877,100000000000.0,100000000000.0,1000000000.0,clip,False,0,363,0,363,,,,,,,,,
2026-05-18T19:48:32,0,4,4,1,364,74816,364,True,4.866310160427807e-08,,,,,,6150.426864624023,727.8788983821869,0.00033736228942871094,0.09061288833618164,1.4128437042236328,0.17866849899291992,4.465840816497803,0,41.623127245437026,26638.801437079695,0.2736691273737196,1874630.0,21503767.391174037,0.5,2190436203.181024,100000000000.0,100000000000.0,1000000000.0,clip,False,0,364,0,364,,,,,,,,,
2026-05-18T19:48:38,0,4,4,1,365,74816,365,True,4.879679144385027e-08,,,,,,6150.243759155273,727.8788983821869,0.00031638145446777344,0.09241580963134766,1.4116275310516357,0.18727588653564453,4.456465482711792,0,41.624366451966644,26639.594529258655,0.2736691273737196,1813063.25,21109953.308350556,0.5,2150376739.1174035,100000000000.0,100000000000.0,1000000000.0,clip,False,0,365,0,365,,,,,,,,,
2026-05-18T19:48:44,0,4,4,1,366,74816,366,True,4.893048128342246e-08,,,,,,6150.279760360718,727.8788983821869,0.00028777122497558594,0.08986449241638184,1.4139904975891113,0.18001937866210938,4.46382212638855,0,41.62412280006356,26639.43859204068,0.2736691273737196,2727165.0,20742297.542183544,0.5,2110995330.8350556,100000000000.0,100000000000.0,1000000000.0,clip,False,0,366,0,366,,,,,,,,,
2026-05-18T19:48:50,0,4,4,1,367,74816,367,True,4.906417112299465e-08,,,,,,6149.209976196289,727.8788983821869,0.0003056526184082031,0.09282636642456055,1.4102013111114502,0.18036103248596191,4.463339567184448,0,41.63136419003107,26644.073081619885,0.2736691273737196,1911258.375,20365676.758839875,0.5,2074229754.2183545,100000000000.0,100000000000.0,1000000000.0,clip,False,0,367,0,367,,,,,,,,,
2026-05-18T19:48:56,0,4,4,1,368,74816,368,True,4.919786096256685e-08,,,,,,6149.025440216064,727.8788983821869,0.00031375885009765625,0.09120821952819824,1.4129319190979004,0.17839813232421875,4.4642980098724365,0,41.632613572502095,26644.87268640134,0.2736691273737196,1772896.125,19993821.146163076,0.5,2036567675.8839874,100000000000.0,100000000000.0,1000000000.0,clip,False,0,368,0,368,,,,,,,,,
2026-05-18T19:49:03,0,4,4,1,369,74816,369,True,4.933155080213903e-08,,,,,,6152.533292770386,727.8788983821869,0.00030732154846191406,0.09185099601745605,1.4120869636535645,0.18044233322143555,4.465989351272583,0,41.60887683465543,26629.681174179477,0.2736691273737196,1950284.5,19632950.413239814,0.5,1999382114.6163077,100000000000.0,100000000000.0,1000000000.0,clip,False,0,369,0,369,,,,,,,,,
2026-05-18T19:49:09,0,4,4,1,370,74816,370,True,4.946524064171123e-08,,,,,,6148.334741592407,727.8788983821869,0.00031375885009765625,0.09160852432250977,1.4094743728637695,0.18476009368896484,4.460236549377441,0,41.637290544414384,26647.865948425206,0.2736691273737196,2128330.75,19282858.019975018,0.5,1963295041.3239815,100000000000.0,100000000000.0,1000000000.0,clip,False,0,370,0,370,,,,,,,,,
2026-05-18T19:49:15,0,4,4,1,371,74816,371,True,4.9598930481283416e-08,524.1751098632812,217.41836547851562,0.7202011346817017,304.07080078125,1.9657756090164185,6150.041818618774,727.8788983821869,0.0003230571746826172,0.0924375057220459,1.4101686477661133,0.1797044277191162,4.4650139808654785,0,41.62573321452545,26640.469257296285,0.2736691273737196,1772807.375,18932657.00707552,0.5,1928285801.9975019,100000000000.0,100000000000.0,1000000000.0,clip,False,0,371,0,371,475.6385091145833,414.7314147949219,530.9563598632812,6149.959635416667,6152.31787109375,768.8004150390625,0.0,999.031005859375,639379.875
2026-05-18T19:49:21,0,4,4,1,372,74816,372,True,4.9732620320855615e-08,,,,,,6156.903505325317,727.8788983821869,0.0002887248992919922,0.09078693389892578,1.3939895629882812,0.18231678009033203,4.460851430892944,0,41.57934256701876,26610.779242892007,0.2736691273737196,1918538.5,18592374.63693401,0.5,1893265700.707552,100000000000.0,100000000000.0,1000000000.0,clip,False,0,372,0,372,,,,,,,,,
2026-05-18T19:49:27,0,4,4,1,373,74816,373,True,4.98663101604278e-08,,,,,,6150.233745574951,727.8788983821869,0.0003085136413574219,0.09563374519348145,1.4079627990722656,0.19003510475158691,4.454429388046265,0,41.6244342232017,26639.637902849092,0.2736691273737196,1834358.75,18257214.31919533,0.5,1859237463.6934009,100000000000.0,100000000000.0,1000000000.0,clip,False,0,373,0,373,,,,,,,,,
2026-05-18T19:49:33,0,4,4,1,374,74816,374,True,5e-08,,,,,,6150.743722915649,727.8788983821869,0.0003237724304199219,0.09101986885070801,1.4116480350494385,0.1809539794921875,4.464785099029541,0,41.62098301157113,26637.42912740552,0.2736691273737196,1869805.25,17929466.137811422,0.5,1825721431.919533,100000000000.0,100000000000.0,1000000000.0,clip,False,0,374,0,374,,,,,,,,,
2026-05-18T19:49:39,0,4,4,1,375,74816,375,True,5.0133689839572196e-08,,,,,,6151.4763832092285,727.8788983821869,0.00035881996154785156,0.09326815605163574,1.409487009048462,0.18280243873596191,4.463158369064331,0,41.61602582085256,26634.25652534564,0.2736691273737196,1841016.0,17607697.135055196,0.5,1792946613.7811422,100000000000.0,100000000000.0,1000000000.0,clip,False,0,375,0,375,,,,,,,,,
2026-05-18T19:49:46,0,4,4,1,376,74816,376,True,5.026737967914438e-08,,,,,,6146.377086639404,727.8788983821869,0.00032329559326171875,0.09401845932006836,1.4084086418151855,0.1856691837310791,4.455821752548218,0,41.65055225076837,26656.35344049176,0.2736691273737196,1851669.125,17292576.57485409,0.5,1760769713.5055196,100000000000.0,100000000000.0,1000000000.0,clip,False,0,376,0,376,,,,,,,,,
2026-05-18T19:49:52,0,4,4,1,377,74816,377,True,5.040106951871658e-08,,,,,,6150.2366065979,727.8788983821869,0.0003228187561035156,0.0907282829284668,1.4122343063354492,0.18170166015625,4.463181495666504,0,41.62441485996917,26639.62551038027,0.2736691273737196,1790081.0,16982526.66335701,0.5,1729257657.485409,100000000000.0,100000000000.0,1000000000.0,clip,False,0,377,0,377,,,,,,,,,
2026-05-18T19:49:58,0,4,4,1,378,74816,378,True,5.0534759358288764e-08,,,,,,6531.916379928589,727.8788983821869,0.00031375885009765625,0.09262275695800781,1.410813808441162,0.18216204643249512,4.843909978866577,0,39.192173492398375,25082.99103513496,0.2736691273737196,2009985.75,16683075.845089868,0.5,1698252666.3357008,100000000000.0,100000000000.0,1000000000.0,clip,False,0,378,0,378,,,,,,,,,
2026-05-18T19:50:04,0,4,4,1,379,74816,379,True,5.066844919786096e-08,,,,,,6149.637699127197,727.8788983821869,0.0002675056457519531,0.09009408950805664,1.4135525226593018,0.18220949172973633,4.461461305618286,0,41.62846862284805,26642.21991862275,0.2736691273737196,2065843.25,16390731.19318807,0.5,1668307584.5089867,100000000000.0,100000000000.0,1000000000.0,clip,False,0,379,0,379,,,,,,,,,
2026-05-18T19:50:11,0,4,4,1,380,74816,380,True,5.0802139037433154e-08,,,,,,6149.8706340789795,727.8788983821869,0.0002741813659667969,0.09081697463989258,1.4119846820831299,0.1831510066986084,4.461636066436768,0,41.626891886375304,26641.210807280193,0.2736691273737196,1937581.375,16101668.196824307,0.5,1639073119.318807,100000000000.0,100000000000.0,1000000000.0,clip,False,0,380,0,380,,,,,,,,,
2026-05-18T19:50:17,0,4,4,1,381,74816,381,True,5.0935828877005345e-08,514.5036010742188,208.85891723632812,0.719700038433075,302.9535217285156,1.9714713096618652,6149.574279785156,727.8788983821869,0.0003173351287841797,0.09458446502685547,1.40950608253479,0.18352270126342773,4.459634780883789,0,41.62889792900326,26642.494674562087,0.2736691273737196,2251707.5,15824668.982887821,0.5,1610166819.6824307,100000000000.0,100000000000.0,1000000000.0,clip,False,0,381,0,381,480.5680338541667,412.36761474609375,515.8884887695312,6149.529947916667,6154.765625,768.8004150390625,0.0,999.1007690429688,639424.5
2026-05-18T19:50:23,0,4,4,1,382,74816,382,True,5.106951871657754e-08,,,,,,6158.38098526001,727.8788983821869,0.0002779960632324219,0.08983588218688965,1.3951995372772217,0.18138360977172852,4.462038040161133,0,41.56936711332606,26604.39495252868,0.2736691273737196,2410926.5,15556394.133230064,0.5,1582466898.2887821,100000000000.0,100000000000.0,1000000000.0,clip,False,0,382,0,382,,,,,,,,,
2026-05-18T19:50:29,0,4,4,1,383,74816,383,True,5.120320855614973e-08,,,,,,6150.039911270142,727.8788983821869,0.00032258033752441406,0.09077930450439453,1.4127442836761475,0.1852555274963379,4.458885192871094,0,41.62574612416286,26640.47751946423,0.2736691273737196,1958415.25,15284434.555565462,0.5,1555639413.3230064,100000000000.0,100000000000.0,1000000000.0,clip,False,0,383,0,383,,,,,,,,,
2026-05-18T19:50:35,0,4,4,1,384,74816,384,True,5.133689839572193e-08,,,,,,6150.025129318237,727.8788983821869,0.00031065940856933594,0.08973145484924316,1.414158821105957,0.18425226211547852,4.459549188613892,0,41.62584617412433,26640.541551439568,0.2736691273737196,1840009.75,15015546.059454152,0.5,1528443455.5565462,100000000000.0,100000000000.0,1000000000.0,clip,False,0,384,0,384,,,,,,,,,
2026-05-18T19:50:41,0,4,4,1,385,74816,385,True,5.147058823529411e-08,,,,,,6150.458574295044,727.8788983821869,0.0003123283386230469,0.08976912498474121,1.4135122299194336,0.18274211883544922,4.462169170379639,0,41.62291265075992,26638.664096486347,0.2736691273737196,2005012.625,14755335.390765069,0.5,1501554605.9454153,100000000000.0,100000000000.0,1000000000.0,clip,False,0,385,0,385,,,,,,,,,
2026-05-18T19:50:47,0,4,4,1,386,74816,386,True,5.160427807486631e-08,,,,,,6156.000137329102,727.8788983821869,0.00030732154846191406,0.09533452987670898,1.4081449508666992,0.1834092140197754,4.466845512390137,0,41.58544416652182,26614.684266573964,0.2736691273737196,1907956.5,14498387.812949767,0.5,1475533539.0765069,100000000000.0,100000000000.0,1000000000.0,clip,False,0,386,0,386,,,,,,,,,
2026-05-18T19:50:54,0,4,4,1,387,74816,387,True,5.17379679144385e-08,,,,,,6149.793863296509,727.8788983821869,0.0003426074981689453,0.09028005599975586,1.4067397117614746,0.18059682846069336,4.46972131729126,0,41.62741153453473,26641.543382102227,0.2736691273737196,1945667.375,14247333.404190771,0.5,1449838781.2949767,100000000000.0,100000000000.0,1000000000.0,clip,False,0,387,0,387,,,,,,,,,
2026-05-18T19:51:00,0,4,4,1,388,74816,388,True,5.187165775401069e-08,,,,,,6149.062633514404,727.8788983821869,0.00031375885009765625,0.08867168426513672,1.4091756343841553,0.1811199188232422,4.467750072479248,0,41.6323617529469,26644.711521886013,0.2736691273737196,1761006.75,13997606.871106956,0.5,1424733340.4190772,100000000000.0,100000000000.0,1000000000.0,clip,False,0,388,0,388,,,,,,,,,
2026-05-18T19:51:06,0,4,4,1,389,74816,389,True,5.2005347593582885e-08,,,,,,6150.635480880737,727.8788983821869,0.0003178119659423828,0.09385991096496582,1.4045829772949219,0.18250370025634766,4.4672863483428955,0,41.62171547895766,26637.897906532904,0.2736691273737196,1715063.875,13751956.011184817,0.5,1399760687.1106956,100000000000.0,100000000000.0,1000000000.0,clip,False,0,389,0,389,,,,,,,,,
2026-05-18T19:51:12,0,4,4,1,390,74816,390,True,5.2139037433155076e-08,,,,,,6150.755405426025,727.8788983821869,0.0003094673156738281,0.08933019638061523,1.4084227085113525,0.1880052089691162,4.462734937667847,0,41.62090395826242,26637.378533287945,0.2736691273737196,2466424.0,13526245.37096112,0.5,1375195601.1184816,100000000000.0,100000000000.0,1000000000.0,clip,False,0,390,0,390,,,,,,,,,
2026-05-18T19:51:18,0,4,4,1,391,74816,391,True,5.227272727272727e-08,396.6743469238281,154.26797485351562,0.7196571826934814,239.68374633789062,2.0029683113098145,6155.8802127838135,727.8788983821869,0.0003361701965332031,0.0914299488067627,1.4066743850708008,0.18358206748962402,4.471861362457275,0,41.58625430500891,26615.2027552057,0.2736691273737196,2134575.75,13298411.978541898,0.5,1352624537.096112,100000000000.0,100000000000.0,1000000000.0,clip,False,0,391,0,391,476.1582845052083,396.6743469238281,557.782470703125,6150.966145833333,6158.52685546875,768.8004150390625,0.0,998.86767578125,639275.25
2026-05-18T19:51:24,0,4,4,1,392,74816,392,True,5.2406417112299466e-08,,,,,,6157.922744750977,727.8788983821869,0.0003421306610107422,0.09007740020751953,1.3947794437408447,0.18420147895812988,4.465751886367798,0,41.57246048892296,26606.374712910696,0.2736691273737196,2262237.75,13077688.493971061,0.5,1329841197.8541899,100000000000.0,100000000000.0,1000000000.0,clip,False,0,392,0,392,,,,,,,,,
2026-05-18T19:51:31,0,4,4,1,393,74816,393,True,5.254010695187165e-08,,,,,,6149.653434753418,727.8788983821869,0.0002989768981933594,0.09305834770202637,1.4043893814086914,0.18737483024597168,4.4622228145599365,0,41.62836210464676,26642.15174697393,0.2736691273737196,2868942.0,12873513.56409164,0.5,1307768849.3971062,100000000000.0,100000000000.0,1000000000.0,clip,False,0,393,0,393,,,,,,,,,
2026-05-18T19:51:37,0,4,4,1,394,74816,394,True,5.267379679144385e-08,,,,,,6147.866249084473,727.8788983821869,0.00033783912658691406,0.09105610847473145,1.4055101871490479,0.18193984031677246,4.467015266418457,0,41.640463475945495,26649.896624605117,0.2736691273737196,1815598.875,12652355.270309806,0.5,1287351356.409164,100000000000.0,100000000000.0,1000000000.0,clip,False,0,394,0,394,,,,,,,,,
2026-05-18T19:51:43,0,4,4,1,395,74816,395,True,5.280748663101604e-08,,,,,,6150.312185287476,727.8788983821869,0.0002899169921875,0.09136080741882324,1.406334400177002,0.1725926399230957,4.477635145187378,0,41.6239033544334,26639.29814683738,0.2736691273737196,1940925.125,12438126.667403609,0.5,1265235527.0309806,100000000000.0,100000000000.0,1000000000.0,clip,False,0,395,0,395,,,,,,,,,
2026-05-18T19:51:49,0,4,4,1,396,74816,396,True,5.294117647058823e-08,,,,,,6149.1498947143555,727.8788983821869,0.0002892017364501953,0.08978962898254395,1.4079525470733643,0.17629432678222656,4.4728193283081055,0,41.63177095748645,26644.333412791333,0.2736691273737196,1931296.5,12227990.064055536,0.5,1243812666.7403607,100000000000.0,100000000000.0,1000000000.0,clip,False,0,396,0,396,,,,,,,,,
2026-05-18T19:51:55,0,4,4,1,397,74816,397,True,5.307486631016043e-08,,,,,,6153.475999832153,727.8788983821869,0.00031280517578125,0.08906340599060059,1.4094445705413818,0.17700767517089844,4.475401163101196,0,41.60250239165357,26625.601530658285,0.2736691273737196,1913020.5,12021690.672774425,0.5,1222799006.4055536,100000000000.0,100000000000.0,1000000000.0,clip,False,0,397,0,397,,,,,,,,,
2026-05-18T19:52:01,0,4,4,1,398,74816,398,True,5.3208556149732616e-08,,,,,,6152.588605880737,727.8788983821869,0.00029778480529785156,0.08970522880554199,1.406421184539795,0.17967796325683594,4.474599838256836,0,41.60850276179872,26629.441767551183,0.2736691273737196,2313800.75,11827532.874318937,0.5,1202169067.2774425,100000000000.0,100000000000.0,1000000000.0,clip,False,0,398,0,398,,,,,,,,,
2026-05-18T19:52:07,0,4,4,1,399,74816,399,True,5.3342245989304814e-08,,,,,,6147.088289260864,727.8788983821869,0.000286102294921875,0.09001302719116211,1.4021093845367432,0.17483305931091309,4.4778594970703125,0,41.64573338685231,26653.269367585475,0.2736691273737196,2123673.0,11633455.676832559,0.5,1182753287.4318936,100000000000.0,100000000000.0,1000000000.0,clip,False,0,399,0,399,,,,,,,,,
2026-05-18T19:52:14,0,4,4,1,400,74816,400,True,5.3475935828877e-08,,,,,,6150.831937789917,727.8788983821869,0.0002887248992919922,0.09062314033508301,1.4063465595245361,0.1779947280883789,4.473700284957886,0,41.620386085851095,26637.0470949447,0.2736691273737196,1876730.375,11438321.170795906,0.5,1163345567.683256,100000000000.0,100000000000.0,1000000000.0,clip,False,0,400,0,400,,,,,,,,,
2026-05-18T19:52:20,0,4,4,1,401,74816,401,True,5.36096256684492e-08,470.2113037109375,183.37860107421875,0.7194399237632751,284.1106872558594,2.0025734901428223,6154.982328414917,727.8788983821869,0.00029087066650390625,0.09164547920227051,1.4048924446105957,0.1795189380645752,4.476812839508057,0,41.592320877698974,26619.085361727342,0.27363508275576975,1859300.25,11246740.75237999,0.5,1143832117.0795906,100000000000.0,100000000000.0,1000000000.0,clip,False,0,401,0,401,477.1020100911458,420.2447204589844,534.6539306640625,6150.674479166667,6156.46875,768.8004150390625,0.0,998.9152221679688,639305.75
2026-05-18T19:52:26,0,4,4,1,402,74816,402,True,5.374331550802138e-08,,,,,,6158.19239616394,727.8788983821869,0.00030493736267089844,0.09372353553771973,1.3912315368652344,0.17894983291625977,4.474335432052612,0,41.57064013775657,26605.209688164203,0.27363508275576975,2196421.5,11065734.36733239,0.5,1124674075.237999,100000000000.0,100000000000.0,1000000000.0,clip,False,0,402,0,402,,,,,,,,,
2026-05-18T19:52:32,0,4,4,1,403,74816,403,True,5.387700534759358e-08,,,,,,6146.283864974976,727.8788983821869,0.00027108192443847656,0.09405159950256348,1.3994524478912354,0.18099331855773926,4.469563007354736,0,41.65118397131537,26656.75774164184,0.27363508275576975,2220988.75,10888839.454985742,0.5,1106573436.733239,100000000000.0,100000000000.0,1000000000.0,clip,False,0,403,0,403,,,,,,,,,
2026-05-18T19:52:38,0,4,4,1,404,74816,404,True,5.401069518716578e-08,,,,,,6150.466680526733,727.8788983821869,0.0002918243408203125,0.0920107364654541,1.4045205116271973,0.18107199668884277,4.4706079959869385,0,41.62285779232542,26638.62898708827,0.27363508275576975,2163798.75,10714338.640886026,0.5,1088883945.4985743,100000000000.0,100000000000.0,1000000000.0,clip,False,0,404,0,404,,,,,,,,,
2026-05-18T19:52:44,0,4,4,1,405,74816,405,True,5.4144385026737963e-08,,,,,,6149.932622909546,727.8788983821869,0.00031876564025878906,0.09059643745422363,1.4057350158691406,0.17671775817871094,4.4745094776153564,0,41.62647230416093,26640.942274662997,0.27363508275576975,2988044.75,10559812.763068303,0.5,1071433864.0886025,100000000000.0,100000000000.0,1000000000.0,clip,False,0,405,0,405,,,,,,,,,
2026-05-18T19:52:51,0,4,4,1,406,74816,406,True,5.427807486631016e-08,,,,,,6149.902105331421,727.8788983821869,0.0002846717834472656,0.08868813514709473,1.4083425998687744,0.17519307136535645,4.475529670715332,0,41.62667886665556,26641.07447465956,0.27363508275576975,2198951.75,10392595.542806936,0.5,1055981276.3068304,100000000000.0,100000000000.0,1000000000.0,clip,False,0,406,0,406,,,,,,,,,
2026-05-18T19:52:57,0,4,4,1,407,74816,407,True,5.4411764705882347e-08,,,,,,6148.286819458008,727.8788983821869,0.0002999305725097656,0.08937287330627441,1.407651424407959,0.1758720874786377,4.473069190979004,0,41.63761508162159,26648.07365223782,0.27363508275576975,2086925.75,10226482.146950798,0.5,1039259554.2806937,100000000000.0,100000000000.0,1000000000.0,clip,False,0,407,0,407,,,,,,,,,
2026-05-18T19:53:03,0,4,4,1,408,74816,408,True,5.4545454545454545e-08,,,,,,6158.922910690308,727.8788983821869,0.00031185150146484375,0.08780837059020996,1.4098846912384033,0.1753368377685547,4.483619451522827,0,41.565709412541885,26602.05402402681,0.27363508275576975,2181916.75,10065590.839011783,0.5,1022648214.6950798,100000000000.0,100000000000.0,1000000000.0,clip,False,0,408,0,408,,,,,,,,,
2026-05-18T19:53:09,0,4,4,1,409,74816,409,True,5.4679144385026736e-08,,,,,,6142.781972885132,727.8788983821869,0.000255584716796875,0.09375262260437012,1.3997676372528076,0.19126582145690918,4.455856561660767,0,41.67492857959312,26671.954290939597,0.27363508275576975,2115110.5,9906581.232231548,0.5,1006559083.9011782,100000000000.0,100000000000.0,1000000000.0,clip,False,0,409,0,409,,,,,,,,,
2026-05-18T19:53:15,0,4,4,1,410,74816,410,True,5.481283422459893e-08,,,,,,6148.605823516846,727.8788983821869,0.0003628730773925781,0.0937347412109375,1.4026625156402588,0.17934656143188477,4.470381021499634,0,41.635454824712525,26646.69108781602,0.27363508275576975,2018638.75,9748822.382586917,0.5,990658123.2231548,100000000000.0,100000000000.0,1000000000.0,clip,False,0,410,0,410,,,,,,,,,
2026-05-18T19:53:21,0,4,4,1,411,74816,411,True,5.494652406417112e-08,446.90777587890625,167.9874725341797,0.7194569706916809,276.2039489746094,1.996893048286438,6152.078866958618,727.8788983821869,0.00032591819763183594,0.5310630798339844,0.9657573699951172,0.1800217628479004,4.472544193267822,0,41.611950291293624,26631.648186427916,0.27363508275576975,1983252.625,9593510.987435179,0.5,974882238.2586917,100000000000.0,100000000000.0,1000000000.0,clip,False,0,411,0,411,482.2058919270833,400.1653747558594,572.1884765625,6150.05078125,6153.1416015625,768.8004150390625,0.0,999.0162353515625,639370.375
2026-05-18T19:53:27,0,4,4,1,412,74816,412,True,5.508021390374331e-08,,,,,,6157.487392425537,727.8788983821869,0.0003116130828857422,0.09391236305236816,1.390937328338623,0.17838096618652344,4.471292972564697,0,41.57539978318288,26608.255861237045,0.27363508275576975,1900208.0,9439644.927686475,0.5,959351098.7435179,100000000000.0,100000000000.0,1000000000.0,clip,False,0,412,0,412,,,,,,,,,
2026-05-18T19:53:34,0,4,4,1,413,74816,413,True,5.52139037433155e-08,,,,,,6150.522947311401,727.8788983821869,0.0003082752227783203,0.09181976318359375,1.4053781032562256,0.18044662475585938,4.470587968826294,0,41.622477014236026,26638.385289111055,0.27363508275576975,2434302.5,9299538.079132747,0.5,943964492.7686476,100000000000.0,100000000000.0,1000000000.0,clip,False,0,413,0,413,,,,,,,,,
2026-05-18T19:53:40,0,4,4,1,414,74816,414,True,5.53475935828877e-08,,,,,,6149.8894691467285,727.8788983821869,0.0003101825714111328,0.09229063987731934,1.4046096801757812,0.17873525619506836,4.472028493881226,0,41.626764397038656,26641.12921410474,0.27363508275576975,2386713.5,9161281.58755009,0.5,929953807.9132746,100000000000.0,100000000000.0,1000000000.0,clip,False,0,414,0,414,,,,,,,,,
2026-05-18T19:53:46,0,4,4,1,415,74816,415,True,5.548128342245989e-08,,,,,,6150.651931762695,727.8788983821869,0.0002841949462890625,0.09187579154968262,1.406299352645874,0.17668437957763672,4.47350287437439,0,41.621604155160476,26637.826659302704,0.27363508275576975,2126020.25,9020576.360799087,0.5,916128158.755009,100000000000.0,100000000000.0,1000000000.0,clip,False,0,415,0,415,,,,,,,,,
2026-05-18T19:53:52,0,4,4,1,416,74816,416,True,5.5614973262032084e-08,,,,,,6153.192758560181,727.8788983821869,0.0003142356872558594,0.09025907516479492,1.407942533493042,0.17693758010864258,4.4758830070495605,0,41.60441742116053,26626.82714954274,0.27363508275576975,3130588.0,8902776.593583105,0.5,902057636.0799087,100000000000.0,100000000000.0,1000000000.0,clip,False,0,416,0,416,,,,,,,,,
2026-05-18T19:53:58,0,4,4,1,417,74816,417,True,5.5748663101604276e-08,,,,,,6148.948192596436,727.8788983821869,0.0003097057342529297,0.09144783020019531,1.4059455394744873,0.17620611190795898,4.473102331161499,0,41.63313659208149,26645.207418932154,0.27363508275576975,2087920.375,8766479.469211444,0.5,890277659.3583105,100000000000.0,100000000000.0,1000000000.0,clip,False,0,417,0,417,,,,,,,,,
2026-05-18T19:54:04,0,4,4,1,418,74816,418,True,5.588235294117647e-08,,,,,,6151.960849761963,727.8788983821869,0.0002853870391845703,0.09080624580383301,1.4067888259887695,0.1817338466644287,4.4704859256744385,0,41.612748561282764,26632.159079220968,0.27363508275576975,1865511.0,8628460.099827215,0.5,876647946.9211445,100000000000.0,100000000000.0,1000000000.0,clip,False,0,418,0,418,,,,,,,,,
2026-05-18T19:54:10,0,4,4,1,419,74816,419,True,5.6016042780748665e-08,,,,,,6149.454593658447,727.8788983821869,0.0002541542053222656,0.0908360481262207,1.4052150249481201,0.17695212364196777,4.474279165267944,0,41.62970814745051,26643.013214368322,0.27363508275576975,1987126.25,8495633.422830671,0.5,862846009.9827216,100000000000.0,100000000000.0,1000000000.0,clip,False,0,419,0,419,,,,,,,,,
2026-05-18T19:54:17,0,4,4,1,420,74816,420,True,5.614973262032085e-08,,,,,,6149.766445159912,727.8788983821869,0.0003151893615722656,0.08992433547973633,1.4077317714691162,0.1776752471923828,4.472184658050537,0,41.62759712630733,26641.66216083669,0.27363508275576975,2355707.75,8372834.909374057,0.5,849563342.2830671,100000000000.0,100000000000.0,1000000000.0,clip,False,0,420,0,420,,,,,,,,,
2026-05-18T19:54:23,0,4,4,1,421,74816,421,True,5.628342245989305e-08,470.2368469238281,187.25706481933594,0.7188584208488464,280.2541809082031,2.0067555904388428,6150.897264480591,727.8788983821869,0.0003142356872558594,0.08965826034545898,1.4083335399627686,0.18580985069274902,4.464644193649292,0,41.61994404919032,26636.764191481805,0.27363508275576975,1847503.75,8242328.286186576,0.5,837283490.9374057,100000000000.0,100000000000.0,1000000000.0,clip,False,0,421,0,421,480.3531087239583,400.7298583984375,543.6072998046875,6150.263020833333,6155.4560546875,768.8004150390625,0.0,998.98193359375,639348.4375
2026-05-18T19:54:29,0,4,4,1,422,74816,422,True,5.6417112299465234e-08,,,,,,6164.375066757202,727.8788983821869,0.0002865791320800781,0.09071564674377441,1.3952279090881348,0.17798638343811035,4.471479892730713,0,41.52894611824293,26578.525515675476,0.27363508275576975,2683304.75,8131147.8154628435,0.5,824232828.6186576,100000000000.0,100000000000.0,1000000000.0,clip,False,0,422,0,422,,,,,,,,,
2026-05-18T19:54:35,0,4,4,1,423,74816,423,True,5.655080213903743e-08,,,,,,6152.783632278442,727.8788983821869,0.0003249645233154297,0.09145116806030273,1.405921459197998,0.17909932136535645,4.47400975227356,0,41.60718388616575,26628.59768714608,0.27363508275576975,2413682.0,8016798.499153586,0.5,813114781.5462843,100000000000.0,100000000000.0,1000000000.0,clip,False,0,423,0,423,,,,,,,,,
2026-05-18T19:54:41,0,4,4,1,424,74816,424,True,5.6684491978609623e-08,,,,,,6149.4951248168945,727.8788983821869,0.00025391578674316406,0.08890438079833984,1.4040889739990234,0.18491888046264648,4.46947979927063,0,41.629433767153785,26642.837610978422,0.27363508275576975,1801998.5,7892502.499170514,0.5,801679849.9153587,100000000000.0,100000000000.0,1000000000.0,clip,False,0,424,0,424,,,,,,,,,
2026-05-18T19:54:47,0,4,4,1,425,74816,425,True,5.6818181818181815e-08,,,,,,6149.806261062622,727.8788983821869,0.0002536773681640625,0.09118127822875977,1.403498888015747,0.18040704727172852,4.472607851028442,0,41.62732761532001,26641.48967380481,0.27363508275576975,2461779.25,7783888.034187104,0.5,789250249.9170514,100000000000.0,100000000000.0,1000000000.0,clip,False,0,425,0,425,,,,,,,,,
2026-05-18T19:54:54,0,4,4,1,426,74816,426,True,5.695187165775401e-08,,,,,,6150.891065597534,727.8788983821869,0.0002598762512207031,0.09146308898925781,1.4021313190460205,0.17805027961730957,4.477131605148315,0,41.61998599387171,26636.791036077895,0.27363508275576975,3038065.75,7688971.588503362,0.5,778388803.4187104,100000000000.0,100000000000.0,1000000000.0,clip,False,0,426,0,426,,,,,,,,,
2026-05-18T19:55:00,0,4,4,1,427,74816,427,True,5.70855614973262e-08,,,,,,6146.450519561768,727.8788983821869,0.00025272369384765625,0.09157705307006836,1.4017655849456787,0.18837904930114746,4.462451696395874,0,41.650054642960406,26656.03497149466,0.27363508275576975,2156152.0,7578315.196733294,0.5,768897158.8503362,100000000000.0,100000000000.0,1000000000.0,clip,False,0,427,0,427,,,,,,,,,
2026-05-18T19:55:06,0,4,4,1,428,74816,428,True,5.7219251336898396e-08,,,,,,6148.297309875488,727.8788983821869,0.0002884864807128906,0.09550595283508301,1.4010546207427979,0.18063974380493164,4.468786716461182,0,41.637544038218344,26648.028184459738,0.27363508275576975,1872495.375,7464198.8002986275,0.5,757831519.6733294,100000000000.0,100000000000.0,1000000000.0,clip,False,0,428,0,428,,,,,,,,,
2026-05-18T19:55:12,0,4,4,1,429,74816,429,True,5.735294117647058e-08,,,,,,6152.100563049316,727.8788983821869,0.00032711029052734375,0.09209537506103516,1.4050419330596924,0.1799933910369873,4.4721999168396,0,41.611803541961685,26631.554266855477,0.27363508275576975,1762996.875,7350174.761792655,0.5,746419880.0298628,100000000000.0,100000000000.0,1000000000.0,clip,False,0,429,0,429,,,,,,,,,
2026-05-18T19:55:18,0,4,4,1,430,74816,430,True,5.748663101604278e-08,,,,,,6147.554159164429,727.8788983821869,0.0003314018249511719,0.09650397300720215,1.3993761539459229,0.18166208267211914,4.467668056488037,0,41.642577417291974,26651.249547066865,0.27363508275576975,2250054.75,7248172.361556802,0.5,735017476.1792655,100000000000.0,100000000000.0,1000000000.0,clip,False,0,430,0,430,,,,,,,,,
2026-05-18T19:55:24,0,4,4,1,431,74816,431,True,5.762032085561497e-08,529.0086669921875,217.1663818359375,0.7192896008491516,309.17669677734375,1.946280598640442,6151.104688644409,727.8788983821869,0.0002758502960205078,0.08960247039794922,1.4077441692352295,0.17756414413452148,4.473822832107544,0,41.6185405643645,26635.865961193278,0.27363508275576975,2344780.5,7150104.524325666,0.5,724817236.1556802,100000000000.0,100000000000.0,1000000000.0,clip,False,0,431,0,431,470.4340006510417,415.120361328125,539.5479736328125,6150.759114583333,6155.64111328125,768.8004150390625,0.0,998.9012451171875,639296.75
2026-05-18T19:55:30,0,4,4,1,432,74816,432,True,5.775401069518716e-08,,,,,,6160.207033157349,727.8788983821869,0.00028824806213378906,0.08930373191833496,1.3951468467712402,0.17880487442016602,4.474640130996704,0,41.557044856135285,26596.508707926583,0.27363508275576975,1830411.125,7043710.656339153,0.5,715010452.4325666,100000000000.0,100000000000.0,1000000000.0,clip,False,0,432,0,432,,,,,,,,,
2026-05-18T19:55:37,0,4,4,1,433,74816,433,True,5.7887700534759354e-08,,,,,,6145.443439483643,727.8788983821869,0.0002567768096923828,0.09139323234558105,1.4019396305084229,0.18022966384887695,4.46978497505188,0,41.65688001540046,26660.403209856293,0.27363508275576975,2080738.5,6944451.21321237,0.5,704371065.6339153,100000000000.0,100000000000.0,1000000000.0,clip,False,0,433,0,433,,,,,,,,,
2026-05-18T19:55:43,0,4,4,1,434,74816,434,True,5.8021390374331546e-08,,,,,,6148.765087127686,727.8788983821869,0.0003292560577392578,0.09096145629882812,1.4068169593811035,0.1796407699584961,4.469134569168091,0,41.634376394689525,26646.000892601296,0.27363508275576975,2744293.25,6860448.053948123,0.5,694445121.321237,100000000000.0,100000000000.0,1000000000.0,clip,False,0,434,0,434,,,,,,,,,
2026-05-18T19:55:49,0,4,4,1,435,74816,435,True,5.8155080213903744e-08,,,,,,6150.411367416382,727.8788983821869,0.0003180503845214844,0.09732389450073242,1.4004592895507812,0.18180537223815918,4.468502759933472,0,41.62323212333983,26638.86855893749,0.27363508275576975,1794814.0,6759135.372869161,0.5,686044805.3948123,100000000000.0,100000000000.0,1000000000.0,clip,False,0,435,0,435,,,,,,,,,
2026-05-18T19:55:55,0,4,4,1,436,74816,436,True,5.828877005347593e-08,,,,,,6154.109477996826,727.8788983821869,0.0003063678741455078,0.08930802345275879,1.4092183113098145,0.1795637607574463,4.473721504211426,0,41.59822000490776,26622.860803140964,0.27363508275576975,2562083.25,6675194.330411778,0.5,675913537.2869161,100000000000.0,100000000000.0,1000000000.0,clip,False,0,436,0,436,,,,,,,,,
2026-05-18T19:56:01,0,4,4,1,437,74816,437,True,5.842245989304813e-08,,,,,,6150.641441345215,727.8788983821869,0.0003292560577392578,0.09037065505981445,1.4068593978881836,0.18354082107543945,4.467456102371216,0,41.62167514417974,26637.872092275036,0.27363508275576975,1689606.875,6575482.5813035425,0.5,667519433.0411777,100000000000.0,100000000000.0,1000000000.0,clip,False,0,437,0,437,,,,,,,,,
2026-05-18T19:56:07,0,4,4,1,438,74816,438,True,5.855614973262032e-08,,,,,,6149.264097213745,727.8788983821869,0.00032520294189453125,0.0897214412689209,1.407468318939209,0.18106842041015625,4.468716621398926,0,41.630997783294845,26643.8385813087,0.27363508275576975,1998851.0,6483949.949677472,0.5,657548258.1303543,100000000000.0,100000000000.0,1000000000.0,clip,False,0,438,0,438,,,,,,,,,
2026-05-18T19:56:13,0,4,4,1,439,74816,439,True,5.868983957219251e-08,,,,,,6150.555610656738,727.8788983821869,0.00031638145446777344,0.09111428260803223,1.4062309265136719,0.1819005012512207,4.468966245651245,0,41.62225597252426,26638.243822415523,0.27363508275576975,1962764.875,6393526.248183923,0.5,648394994.9677472,100000000000.0,100000000000.0,1000000000.0,clip,False,0,439,0,439,,,,,,,,,
2026-05-18T19:56:20,0,4,4,1,440,74816,440,True,5.88235294117647e-08,,,,,,6149.353265762329,727.8788983821869,0.00032210350036621094,0.09591507911682129,1.401484489440918,0.18331146240234375,4.466135501861572,0,41.63039411401647,26643.45223297054,0.27363508275576975,2023556.625,6306126.855720244,0.5,639352624.8183923,100000000000.0,100000000000.0,1000000000.0,clip,False,0,440,0,440,,,,,,,,,
2026-05-18T19:56:26,0,4,4,1,441,74816,441,True,5.8957219251336894e-08,478.1485900878906,196.4266357421875,0.7192462682723999,279.0305480957031,1.9721276760101318,6149.083375930786,727.8788983821869,0.0003113746643066406,0.09140610694885254,1.4059109687805176,0.1819171905517578,4.4675452709198,0,41.63222131644122,26644.62164252238,0.27363508275576975,1749378.625,6214991.891105839,0.5,630612685.5720245,100000000000.0,100000000000.0,1000000000.0,clip,False,0,441,0,441,475.6282552083333,405.1033935546875,528.9489135742188,6149.444661458333,6153.85107421875,768.8004150390625,0.0,999.11474609375,639433.4375
2026-05-18T19:56:32,0,4,4,1,442,74816,442,True,5.9090909090909085e-08,,,,,,6155.431509017944,727.8788983821869,0.0002987384796142578,0.09010171890258789,1.3951122760772705,0.1817781925201416,4.466703414916992,0,41.58928575924371,26617.14288591597,0.27363508275576975,2161814.25,6133928.338283722,0.5,621499189.1105839,100000000000.0,100000000000.0,1000000000.0,clip,False,0,442,0,442,,,,,,,,,
2026-05-18T19:56:38,0,4,4,1,443,74816,443,True,5.9224598930481283e-08,,,,,,6149.4715213775635,727.8788983821869,0.0003230571746826172,0.09490728378295898,1.4020745754241943,0.18202805519104004,4.468219757080078,0,41.62959355288673,26642.93987384751,0.27363508275576975,2051816.75,6052286.106518048,0.5,613392833.8283722,100000000000.0,100000000000.0,1000000000.0,clip,False,0,443,0,443,,,,,,,,,
2026-05-18T19:56:44,0,4,4,1,444,74816,444,True,5.9358288770053475e-08,,,,,,6150.701522827148,727.8788983821869,0.00032258033752441406,0.09058022499084473,1.4065203666687012,0.18252992630004883,4.468626499176025,0,41.62126857398382,26637.61188734964,0.27363508275576975,1959095.875,5970422.301887687,0.5,605228610.6518048,100000000000.0,100000000000.0,1000000000.0,clip,False,0,444,0,444,,,,,,,,,
2026-05-18T19:56:50,0,4,4,1,445,74816,445,True,5.9491978609625667e-08,,,,,,6150.73823928833,727.8788983821869,0.0003514289855957031,0.09339570999145508,1.4023630619049072,0.18164348602294922,4.4699015617370605,0,41.6210201183298,26637.452875731073,0.27363508275576975,1746197.0,5885937.795849934,0.5,597042230.1887687,100000000000.0,100000000000.0,1000000000.0,clip,False,0,445,0,445,,,,,,,,,
2026-05-18T19:56:57,0,4,4,1,446,74816,446,True,5.962566844919786e-08,,,,,,6149.264097213745,727.8788983821869,0.00029850006103515625,0.09331965446472168,1.4024763107299805,0.1888415813446045,4.462415933609009,0,41.630997783294845,26643.8385813087,0.27363508275576975,2337456.0,5814968.159932936,0.5,588593779.5849934,100000000000.0,100000000000.0,1000000000.0,clip,False,0,446,0,446,,,,,,,,,
2026-05-18T19:57:03,0,4,4,1,447,74816,447,True,5.975935828877005e-08,,,,,,6149.836778640747,727.8788983821869,0.0003299713134765625,0.09078669548034668,1.406317949295044,0.18338274955749512,4.4668049812316895,0,41.627121046386826,26641.35746968757,0.27363508275576975,1950798.875,5737684.774234277,0.5,581496815.9932935,100000000000.0,100000000000.0,1000000000.0,clip,False,0,447,0,447,,,,,,,,,
2026-05-18T19:57:09,0,4,4,1,448,74816,448,True,5.989304812834224e-08,,,,,,6149.35040473938,727.8788983821869,0.00031256675720214844,0.0907590389251709,1.4060990810394287,0.18198442459106445,4.468238353729248,0,41.63041348281237,26643.46462899992,0.27363508275576975,1874119.25,5660413.463749591,0.5,573768477.4234277,100000000000.0,100000000000.0,1000000000.0,clip,False,0,448,0,448,,,,,,,,,
2026-05-18T19:57:15,0,4,4,1,449,74816,449,True,6.002673796791443e-08,,,,,,6150.247573852539,727.8788983821869,0.0003170967102050781,0.09340047836303711,1.404179334640503,0.18387508392333984,4.466520547866821,0,41.62434063441134,26639.578006023257,0.27363508275576975,2161422.5,5590433.6444745995,0.5,566041346.3749591,100000000000.0,100000000000.0,1000000000.0,clip,False,0,449,0,449,,,,,,,,,
2026-05-18T19:57:21,0,4,4,1,450,74816,450,True,6.016042780748662e-08,,,,,,6150.755167007446,727.8788983821869,0.0003180503845214844,0.09063553810119629,1.4067058563232422,0.18352150917053223,4.4675445556640625,0,41.620905571592246,26637.379565819036,0.27363508275576975,1892383.875,5516472.649085107,0.5,559043364.4474599,100000000000.0,100000000000.0,1000000000.0,clip,False,0,450,0,450,,,,,,,,,
2026-05-18T19:57:27,0,4,4,1,451,74816,451,True,6.029411764705882e-08,505.0353088378906,208.22206115722656,0.7187200784683228,294.0903625488281,2.004192590713501,6149.785041809082,727.8788983821869,0.0003261566162109375,0.09529566764831543,1.4017045497894287,0.18829107284545898,4.462262392044067,0,41.6274712464897,26641.581597753408,0.27363508275576975,2395271.75,5454048.631103405,0.5,551647264.9085107,100000000000.0,100000000000.0,1000000000.0,clip,False,0,451,0,451,470.497802734375,413.9529113769531,524.5675048828125,6149.251302083333,6154.44580078125,768.8004150390625,0.0,999.1461791992188,639453.5625
2026-05-18T19:57:33,0,4,4,1,452,74816,452,True,6.042780748663101e-08,,,,,,6161.960601806641,727.8788983821869,0.00030112266540527344,0.09036731719970703,1.394742727279663,0.1828749179840088,4.466005802154541,0,41.5452185664645,26588.939882537277,0.27363508275576975,1967840.75,5384324.473481337,0.5,545404863.1103405,100000000000.0,100000000000.0,1000000000.0,clip,False,0,452,0,452,,,,,,,,,
2026-05-18T19:57:40,0,4,4,1,453,74816,453,True,6.056149732620321e-08,,,,,,6150.202035903931,727.8788983821869,0.00032639503479003906,0.08983659744262695,1.407731533050537,0.18361306190490723,4.4666829109191895,0,41.624648833568635,26639.775253483927,0.27363508275576975,2427014.25,5325178.26901171,0.5,538432447.3481337,100000000000.0,100000000000.0,1000000000.0,clip,False,0,453,0,453,,,,,,,,,
2026-05-18T19:57:46,0,4,4,1,454,74816,454,True,6.06951871657754e-08,,,,,,6149.917125701904,727.8788983821869,0.00032329559326171875,0.0901944637298584,1.406604528427124,0.18073058128356934,4.4699883460998535,0,41.626577198921545,26641.009407309786,0.27363508275576975,1849451.75,5255663.738631476,0.5,532517826.90117097,100000000000.0,100000000000.0,1000000000.0,clip,False,0,454,0,454,,,,,,,,,
2026-05-18T19:57:52,0,4,4,1,455,74816,455,True,6.08288770053476e-08,,,,,,6150.087833404541,727.8788983821869,0.0002942085266113281,0.0908365249633789,1.4067738056182861,0.18068861961364746,4.469483375549316,0,41.62542177194965,26640.269934047774,0.27363508275576975,1882167.75,5188193.818858846,0.5,525566373.86314756,100000000000.0,100000000000.0,1000000000.0,clip,False,0,455,0,455,,,,,,,,,
2026-05-18T19:57:58,0,4,4,1,456,74816,456,True,6.096256684491979e-08,,,,,,6149.072885513306,727.8788983821869,0.0003230571746826172,0.09362125396728516,1.4038877487182617,0.18191981315612793,4.467384338378906,0,41.632292341681996,26644.667098676477,0.27363508275576975,2146545.25,5127360.847481669,0.5,518819381.8858846,100000000000.0,100000000000.0,1000000000.0,clip,False,0,456,0,456,,,,,,,,,
2026-05-18T19:58:04,0,4,4,1,457,74816,457,True,6.109625668449198e-08,,,,,,6150.926828384399,727.8788983821869,0.0003037452697753906,0.08929944038391113,1.4082114696502686,0.1849207878112793,4.466166019439697,0,41.61974400648835,26636.636164152544,0.27363508275576975,1960050.875,5064014.648032036,0.5,512736084.7481669,100000000000.0,100000000000.0,1000000000.0,clip,False,0,457,0,457,,,,,,,,,
2026-05-18T19:58:10,0,4,4,1,458,74816,458,True,6.122994652406417e-08,,,,,,6149.772882461548,727.8788983821869,0.00028014183044433594,0.08992481231689453,1.4062769412994385,0.176743745803833,4.474685192108154,0,41.62755355243815,26641.634273560416,0.27363508275576975,2798537.75,5018705.110071395,0.5,506401464.8032036,100000000000.0,100000000000.0,1000000000.0,clip,False,0,458,0,458,,,,,,,,,
2026-05-18T19:58:17,0,4,4,1,459,74816,459,True,6.136363636363636e-08,,,,,,6150.544166564941,727.8788983821869,0.00027561187744140625,0.08964371681213379,1.4075977802276611,0.17698359489440918,4.474041938781738,0,41.622333417528345,26638.293387218142,0.27363508275576975,1891452.75,4956160.062869966,0.5,501870511.00713944,100000000000.0,100000000000.0,1000000000.0,clip,False,0,459,0,459,,,,,,,,,
2026-05-18T19:58:23,0,4,4,1,460,74816,460,True,6.149732620320855e-08,,,,,,6148.720264434814,727.8788983821869,0.0003199577331542969,0.09001612663269043,1.408022165298462,0.18394184112548828,4.464370965957642,0,41.63467989928654,26646.19513554339,0.27363508275576975,2362625.0,4904289.361612567,0.5,495616006.2869966,100000000000.0,100000000000.0,1000000000.0,clip,False,0,460,0,460,,,,,,,,,
2026-05-18T19:58:29,0,4,4,1,461,74816,461,True,6.163101604278075e-08,455.62750244140625,184.43287658691406,0.7181783318519592,268.4646911621094,2.0117475986480713,6150.717973709106,727.8788983821869,0.00028967857360839844,0.09421491622924805,1.4039161205291748,0.18110084533691406,4.469210863113403,0,41.62115725257725,26637.540641649437,0.27363508275576975,2082781.875,4847859.211880315,0.5,490428936.1612567,100000000000.0,100000000000.0,1000000000.0,clip,False,0,461,0,461,466.1287434895833,409.7030944824219,520.039306640625,6151.572916666667,6157.67431640625,768.8004150390625,0.0,998.7691650390625,639212.3125
2026-05-18T19:58:35,0,4,4,1,462,74816,462,True,6.176470588235294e-08,,,,,,6158.293008804321,727.8788983821869,0.0002963542938232422,0.09142208099365234,1.3937652111053467,0.1834397315979004,4.465786457061768,0,41.569960967106425,26604.77501894811,0.27363508275576975,1668274.75,4784267.522642708,0.5,484785921.1880315,100000000000.0,100000000000.0,1000000000.0,clip,False,0,462,0,462,,,,,,,,,
2026-05-18T19:58:41,0,4,4,1,463,74816,463,True,6.189839572192513e-08,,,,,,6151.334524154663,727.8788983821869,0.0003247261047363281,0.0928189754486084,1.4042704105377197,0.18154406547546387,4.470070123672485,0,41.61698554919355,26634.87075148387,0.27363508275576975,2035278.25,4729287.7371898545,0.5,478426752.26427084,100000000000.0,100000000000.0,1000000000.0,clip,False,0,463,0,463,,,,,,,,,
2026-05-18T19:58:47,0,4,4,1,464,74816,464,True,6.203208556149732e-08,,,,,,6146.493196487427,727.8788983821869,0.0003006458282470703,0.10082530975341797,1.396136999130249,0.18334627151489258,4.463951826095581,0,41.64976545427527,26655.84989073617,0.27363508275576975,1877672.0,4672255.422446058,0.5,472928773.71898544,100000000000.0,100000000000.0,1000000000.0,clip,False,0,464,0,464,,,,,,,,,
2026-05-18T19:58:53,0,4,4,1,465,74816,465,True,6.216577540106951e-08,,,,,,6149.379253387451,727.8788983821869,0.0003216266632080078,0.09055495262145996,1.4079804420471191,0.1796398162841797,4.468939781188965,0,41.63021818161234,26643.3396362319,0.27363508275576975,1950801.625,4617826.346497136,0.5,467225542.24460584,100000000000.0,100000000000.0,1000000000.0,clip,False,0,465,0,465,,,,,,,,,
2026-05-18T19:59:00,0,4,4,1,466,74816,466,True,6.229946524064172e-08,,,,,,6149.396181106567,727.8788983821869,0.0003199577331542969,0.0901179313659668,1.4084017276763916,0.18162298202514648,4.467034816741943,0,41.63010358424061,26643.26629391399,0.27363508275576975,1928506.25,4564039.944567193,0.5,461782634.64971364,100000000000.0,100000000000.0,1000000000.0,clip,False,0,466,0,466,,,,,,,,,
2026-05-18T19:59:06,0,4,4,1,467,74816,467,True,6.24331550802139e-08,,,,,,6150.153398513794,727.8788983821869,0.0003151893615722656,0.09113335609436035,1.4062211513519287,0.18042206764221191,4.470006227493286,0,41.62497801467249,26639.985929390397,0.27363508275576975,1791577.375,4508590.6931758495,0.5,456403994.45671934,100000000000.0,100000000000.0,1000000000.0,clip,False,0,467,0,467,,,,,,,,,
2026-05-18T19:59:12,0,4,4,1,468,74816,468,True,6.25668449197861e-08,,,,,,6273.205995559692,727.8788983821869,0.0003132820129394531,0.08913779258728027,1.4074981212615967,0.1888422966003418,4.585372686386108,0,40.80847977592354,26117.427056591067,0.27363508275576975,1982100.875,4458060.896812333,0.5,450859069.31758493,100000000000.0,100000000000.0,1000000000.0,clip,False,0,468,0,468,,,,,,,,,
2026-05-18T19:59:18,0,4,4,1,469,74816,469,True,6.270053475935828e-08,,,,,,6150.36940574646,727.8788983821869,0.0003142356872558594,0.08921337127685547,1.4078824520111084,0.18027377128601074,4.4707252979278564,0,41.62351610308352,26639.050305973455,0.27363508275576975,1676478.75,4402429.253876086,0.5,445806089.6812333,100000000000.0,100000000000.0,1000000000.0,clip,False,0,469,0,469,,,,,,,,,
2026-05-18T19:59:24,0,4,4,1,470,74816,470,True,6.283422459893048e-08,,,,,,6148.006439208984,727.8788983821869,0.000324249267578125,0.09263849258422852,1.4033172130584717,0.17901372909545898,4.470734357833862,0,41.63951396787046,26649.28893943709,0.27363508275576975,1904254.875,4352465.766298565,0.5,440242925.38760865,100000000000.0,100000000000.0,1000000000.0,clip,False,0,470,0,470,,,,,,,,,
2026-05-18T19:59:31,0,4,4,1,471,74816,471,True,6.296791443850267e-08,429.0927734375,164.89112854003906,0.7187538146972656,261.49481201171875,1.9880985021591187,6445.262670516968,727.8788983821869,0.00030612945556640625,0.09008932113647461,1.4072365760803223,0.18265271186828613,4.7630250453948975,0,39.71909495186897,25420.22076919614,0.27363508275576975,1738705.125,4300190.553472593,0.5,435246576.6298565,100000000000.0,100000000000.0,1000000000.0,clip,False,0,471,0,471,476.6305338541667,412.51495361328125,527.1090698242188,6442.095052083333,6447.3916015625,768.8004150390625,0.0,953.7271728515625,610385.375
2026-05-18T19:59:37,0,4,4,1,472,74816,472,True,6.310160427807487e-08,,,,,,6154.15358543396,727.8788983821869,0.0002796649932861328,0.09010863304138184,1.3951449394226074,0.1809694766998291,4.467962265014648,0,41.59792186628507,26622.669994422446,0.27363508275576975,1920161.875,4252589.979903141,0.5,430019055.34725934,100000000000.0,100000000000.0,1000000000.0,clip,False,0,472,0,472,,,,,,,,,
2026-05-18T19:59:43,0,4,4,1,473,74816,473,True,6.323529411764706e-08,,,,,,6149.553537368774,727.8788983821869,0.00032401084899902344,0.08979392051696777,1.4080891609191895,0.17912554740905762,4.470326662063599,0,41.62903834308846,26642.584539576615,0.27363508275576975,2173855.0,4211015.280305078,0.5,425258997.9903141,100000000000.0,100000000000.0,1000000000.0,clip,False,0,473,0,473,,,,,,,,,
2026-05-18T19:59:49,0,4,4,1,474,74816,474,True,6.336898395721925e-08,,,,,,6151.302337646484,727.8788983821869,0.0003120899200439453,0.08960318565368652,1.4075429439544678,0.18512582778930664,4.466893196105957,0,41.61720330884382,26635.010117660044,0.27363508275576975,1859817.0,4163991.3146989765,0.5,421101528.0305078,100000000000.0,100000000000.0,1000000000.0,clip,False,0,474,0,474,,,,,,,,,
2026-05-18T19:59:55,0,4,4,1,475,74816,475,True,6.350267379679144e-08,,,,,,6150.917768478394,727.8788983821869,0.0002815723419189453,0.09527397155761719,1.401496171951294,0.1807398796081543,4.471190929412842,0,41.619805309692666,26636.675398203304,0.27363508275576975,1623745.25,4113186.393404997,0.5,416399131.4698976,100000000000.0,100000000000.0,1000000000.0,clip,False,0,475,0,475,,,,,,,,,
2026-05-18T20:00:01,0,4,4,1,476,74816,476,True,6.363636363636363e-08,,,,,,6154.68430519104,727.8788983821869,0.0002799034118652344,0.08897209167480469,1.4080209732055664,0.17980384826660156,4.4757161140441895,0,41.59433486849718,26620.374315838195,0.27363508275576975,1740267.25,4065728.010536897,0.5,411318639.3404997,100000000000.0,100000000000.0,1000000000.0,clip,False,0,476,0,476,,,,,,,,,
2026-05-18T20:00:08,0,4,4,1,477,74816,477,True,6.377005347593582e-08,,,,,,6146.6474533081055,727.8788983821869,0.0002579689025878906,0.09097933769226074,1.4019896984100342,0.17988181114196777,4.471630334854126,0,41.648720207992675,26655.180933115313,0.27363508275576975,2192220.75,4028257.865326159,0.5,406572801.0536897,100000000000.0,100000000000.0,1000000000.0,clip,False,0,477,0,477,,,,,,,,,
2026-05-18T20:00:14,0,4,4,1,478,74816,478,True,6.390374331550802e-08,,,,,,6149.706125259399,727.8788983821869,0.0003273487091064453,0.09871530532836914,1.397679090499878,0.18008971214294434,4.470769643783569,0,41.6280054340323,26641.92347778067,0.27363508275576975,1855989.25,3984812.4930196363,0.5,402825786.5326159,100000000000.0,100000000000.0,1000000000.0,clip,False,0,478,0,478,,,,,,,,,
2026-05-18T20:00:20,0,4,4,1,479,74816,479,True,6.403743315508021e-08,,,,,,6151.456832885742,727.8788983821869,0.0003066062927246094,0.09285426139831543,1.4040815830230713,0.18270444869995117,4.4691996574401855,0,41.61615808330504,26634.341173315224,0.27363508275576975,1819307.125,3941502.3856592434,0.5,398481249.3019636,100000000000.0,100000000000.0,1000000000.0,clip,False,0,479,0,479,,,,,,,,,
2026-05-18T20:00:26,0,4,4,1,480,74816,480,True,6.41711229946524e-08,,,,,,6147.858381271362,727.8788983821869,0.00030541419982910156,0.10076689720153809,1.3952090740203857,0.18120074272155762,4.468421459197998,0,41.64051676594733,26649.930730206295,0.27363508275576975,2775959.25,3918191.522946059,0.5,394150238.56592435,100000000000.0,100000000000.0,1000000000.0,clip,False,0,480,0,480,,,,,,,,,
2026-05-18T20:00:32,0,4,4,1,481,74816,481,True,6.430481283422459e-08,496.2733459472656,212.58328247070312,0.7173764109611511,280.9786682128906,1.9940193891525269,6149.649858474731,727.8788983821869,0.00027632713317871094,0.09053993225097656,1.4070568084716797,0.17871952056884766,4.470994710922241,0,41.628386313281005,26642.167240499846,0.27363508275576975,1832886.875,3876485.429987137,0.5,391819152.29460585,100000000000.0,100000000000.0,1000000000.0,clip,False,0,481,0,481,466.62646484375,398.2541198730469,540.8550415039062,6149.142578125,6152.6943359375,768.8004150390625,0.0,999.163818359375,639464.875
2026-05-18T20:00:38,0,4,4,1,482,74816,482,True,6.443850267379678e-08,,,,,,6156.591892242432,727.8788983821869,0.00026345252990722656,0.08910703659057617,1.3953564167022705,0.17795515060424805,4.470161437988281,0,41.58144708642632,26612.12613531285,0.27363508275576975,2126098.0,3841477.681387394,0.5,387648542.99871373,100000000000.0,100000000000.0,1000000000.0,clip,False,0,482,0,482,,,,,,,,,
2026-05-18T20:00:45,0,4,4,1,483,74816,483,True,6.457219251336899e-08,,,,,,6150.750637054443,727.8788983821869,0.0003275871276855469,0.09195446968078613,1.4055991172790527,0.17883658409118652,4.471962928771973,0,41.62093622488276,26637.39918392497,0.27363508275576975,2208220.25,3808812.5327596464,0.5,384147768.1387394,100000000000.0,100000000000.0,1000000000.0,clip,False,0,483,0,483,,,,,,,,,
2026-05-18T20:00:51,0,4,4,1,484,74816,484,True,6.470588235294118e-08,,,,,,6148.514986038208,727.8788983821869,0.000316619873046875,0.09070730209350586,1.4058191776275635,0.17802953720092773,4.471595287322998,0,41.63606994230544,26647.084763075483,0.27363508275576975,1982956.875,3772295.4196044537,0.5,380881253.2759646,100000000000.0,100000000000.0,1000000000.0,clip,False,0,484,0,484,,,,,,,,,
2026-05-18T20:00:57,0,4,4,1,485,74816,485,True,6.483957219251337e-08,,,,,,6151.976108551025,727.8788983821869,0.0002694129943847656,0.09058880805969238,1.4061143398284912,0.18320059776306152,4.469610929489136,0,41.61264534889354,26632.093023291865,0.27363508275576975,1918317.75,3735215.8662123648,0.5,377229541.96044534,100000000000.0,100000000000.0,1000000000.0,clip,False,0,485,0,485,,,,,,,,,
2026-05-18T20:01:03,0,4,4,1,486,74816,486,True,6.497326203208556e-08,,,,,,6148.167371749878,727.8788983821869,0.0002999305725097656,0.08931827545166016,1.4068958759307861,0.17907214164733887,4.470638751983643,0,41.638424024741184,26648.59137583436,0.27363508275576975,1750189.5,3695515.3388881176,0.5,373521586.6212365,100000000000.0,100000000000.0,1000000000.0,clip,False,0,486,0,486,,,,,,,,,
2026-05-18T20:01:09,0,4,4,1,487,74816,487,True,6.510695187165775e-08,,,,,,6150.150299072266,727.8788983821869,0.0002741813659667969,0.09084534645080566,1.4060320854187012,0.17890548706054688,4.471910715103149,0,41.624998992076165,26639.999354928746,0.27363508275576975,1940920.625,3660423.4446103554,0.5,369551533.88881177,100000000000.0,100000000000.0,1000000000.0,clip,False,0,487,0,487,,,,,,,,,
2026-05-18T20:01:15,0,4,4,1,488,74816,488,True,6.524064171122994e-08,,,,,,6152.825832366943,727.8788983821869,0.0002758502960205078,0.09275364875793457,1.404482126235962,0.1774914264678955,4.475928068161011,0,41.606898516989034,26628.415050872984,0.27363508275576975,2142666.5,3630068.305718148,0.5,366042344.46103555,100000000000.0,100000000000.0,1000000000.0,clip,False,0,488,0,488,,,,,,,,,
2026-05-18T20:01:21,0,4,4,1,489,74816,489,True,6.537433155080214e-08,,,,,,6149.142026901245,727.8788983821869,0.00025653839111328125,0.09022784233093262,1.4034144878387451,0.18024182319641113,4.473104953765869,0,41.63182422524184,26644.36750415478,0.27363508275576975,1873451.5,3594935.9696037853,0.5,363006830.57181484,100000000000.0,100000000000.0,1000000000.0,clip,False,0,489,0,489,,,,,,,,,
2026-05-18T20:01:28,0,4,4,1,490,74816,490,True,6.550802139037433e-08,,,,,,6412.9533767700195,727.8788983821869,0.00028324127197265625,0.08976483345031738,1.4067695140838623,0.18530750274658203,4.728974103927612,0,39.919204921607935,25548.291149829078,0.27363508275576975,1937712.375,3561791.4977117097,0.5,359493596.9603785,100000000000.0,100000000000.0,1000000000.0,clip,False,0,490,0,490,,,,,,,,,
2026-05-18T20:01:34,0,4,4,1,491,74816,491,True,6.564171122994652e-08,466.7127685546875,183.8379669189453,0.7176846265792847,280.1598205566406,1.9973183870315552,6149.247407913208,727.8788983821869,0.00028896331787109375,0.08984947204589844,1.4070258140563965,0.1802687644958496,4.469857215881348,0,41.63111077146845,26643.91089373981,0.27363508275576975,2167973.75,3533915.1427574754,0.5,356179149.771171,100000000000.0,100000000000.0,1000000000.0,clip,False,0,491,0,491,479.71728515625,446.21881103515625,551.65234375,6149.236328125,6151.59912109375,768.8004150390625,0.0,999.1484375,639455.0
2026-05-18T20:01:40,0,4,4,1,492,74816,492,True,6.577540106951871e-08,,,,,,6158.014297485352,727.8788983821869,0.0005466938018798828,0.09032940864562988,1.3945660591125488,0.1799626350402832,4.469567537307739,0,41.57184242078466,26605.979149302184,0.27363508275576975,2042119.0,3504079.219902326,0.5,353391514.27574754,100000000000.0,100000000000.0,1000000000.0,clip,False,0,492,0,492,,,,,,,,,
2026-05-18T20:01:46,0,4,4,1,493,74816,493,True,6.59090909090909e-08,,,,,,6151.636362075806,727.8788983821869,0.0002830028533935547,0.09244704246520996,1.4051036834716797,0.18398714065551758,4.468011379241943,0,41.61494355846734,26633.563877419096,0.27363508275576975,1871036.5,3471418.3655042793,0.5,350407921.9902326,100000000000.0,100000000000.0,1000000000.0,clip,False,0,493,0,493,,,,,,,,,
2026-05-18T20:01:52,0,4,4,1,494,74816,494,True,6.60427807486631e-08,,,,,,6147.863388061523,727.8788983821869,0.000286102294921875,0.08909368515014648,1.406324863433838,0.17895770072937012,4.471333980560303,0,41.6404828541122,26649.90902663181,0.27363508275576975,2346169.5,3448913.3881941936,0.5,347141836.5504279,100000000000.0,100000000000.0,1000000000.0,clip,False,0,494,0,494,,,,,,,,,
2026-05-18T20:01:59,0,4,4,1,495,74816,495,True,6.61764705882353e-08,,,,,,6149.354696273804,727.8788983821869,0.00033974647521972656,0.08956313133239746,1.4064209461212158,0.17910337448120117,4.471880912780762,0,41.63038442962527,26643.446034960172,0.27363508275576975,2643373.0,3432802.5804303098,0.5,344891338.8194194,100000000000.0,100000000000.0,1000000000.0,clip,False,0,495,0,495,,,,,,,,,
2026-05-18T20:02:05,0,4,4,1,496,74816,496,True,6.631016042780749e-08,,,,,,6151.9927978515625,727.8788983821869,0.0003218650817871094,0.09109902381896973,1.4059069156646729,0.17758631706237793,4.474935054779053,0,41.612532460929074,26632.020774994606,0.27363508275576975,1914014.5,3402426.8188217035,0.5,343280258.043031,100000000000.0,100000000000.0,1000000000.0,clip,False,0,496,0,496,,,,,,,,,
2026-05-18T20:02:11,0,4,4,1,497,74816,497,True,6.644385026737967e-08,,,,,,6146.788120269775,727.8788983821869,0.00030350685119628906,0.0913398265838623,1.4054396152496338,0.1794872283935547,4.468150854110718,0,41.64776709250952,26654.570939206093,0.27363508275576975,1730129.5,3368980.8724452695,0.5,340242681.8821704,100000000000.0,100000000000.0,1000000000.0,clip,False,0,497,0,497,,,,,,,,,
2026-05-18T20:02:17,0,4,4,1,498,74816,498,True,6.657754010695186e-08,,,,,,6150.263786315918,727.8788983821869,0.00031256675720214844,0.08988308906555176,1.4072012901306152,0.1770632266998291,4.473870038986206,0,41.62423091015858,26639.507782501492,0.27363508275576975,2142847.75,3344458.209996364,0.5,336898087.2445269,100000000000.0,100000000000.0,1000000000.0,clip,False,0,498,0,498,,,,,,,,,
2026-05-18T20:02:23,0,4,4,1,499,74816,499,True,6.671122994652407e-08,,,,,,6153.694868087769,727.8788983821869,0.00032901763916015625,0.08951735496520996,1.4078898429870605,0.17841815948486328,4.475278854370117,0,41.60102271686909,26624.654538796218,0.27363508275576975,2524051.0,3328050.0657964367,0.5,334445820.9996364,100000000000.0,100000000000.0,1000000000.0,clip,False,0,499,0,499,,,,,,,,,
2026-05-18T20:02:29,0,4,4,1,500,74816,500,True,6.684491978609626e-08,,,,,,6147.855758666992,727.8788983821869,0.0002772808074951172,0.08883023262023926,1.4038002490997314,0.1761777400970459,4.4767906665802,0,41.640534529311594,26649.94209875942,0.27363508275576975,1811987.5,3297728.8144805077,0.5,332805006.57964367,100000000000.0,100000000000.0,1000000000.0,clip,False,0,500,0,500,,,,,,,,,
